record_id,company,ticker,cik,claim,assumption.text,assumption.metric,assumption.target_low,assumption.target_high,assumption.unit,assumption.target_period,assumption.stated_at,assumption.evidence.source_url,assumption.evidence.accession_number,assumption.evidence.filing_type,assumption.evidence.filed_at,assumption.evidence.fetched_at,assumption.evidence.content_sha256,assumption.evidence.excerpt,outcome.reported_value,outcome.reported_at,outcome.evidence.source_url,outcome.evidence.accession_number,outcome.evidence.filing_type,outcome.evidence.filed_at,outcome.evidence.fetched_at,outcome.evidence.content_sha256,outcome.evidence.excerpt,invalidation_condition,status,acknowledged_at,acknowledgement_evidence.source_url,acknowledgement_evidence.accession_number,acknowledgement_evidence.filing_type,acknowledgement_evidence.filed_at,acknowledgement_evidence.fetched_at,acknowledgement_evidence.content_sha256,acknowledgement_evidence.excerpt,days_to_falsifiable,days_to_acknowledged,last_reviewed_at,reviewer,approved,hand_verified,reviewer_note,conflict,empty_block,ack_pending_review,change_pending_review,aid_proposed_status,aid_capture_method,aid_heading,aid_lead_in,aid_table_header,aid_value_column,aid_outcome_note,aid_flag_note,aid_withdrawal_note,aid_verify,aid_verify_reason,aid_verify_class,aid_suggested_note,aid_ack_proposed_at,aid_ack_proposed_excerpt,aid_ack_proposed_url,aid_ack_proposed_evidence,aid_proposed_change,aid_derived_snapshot
01D2BEFK00GPFA3MTZZDC5SZD3,"Advanced Micro Devices, Inc.",AMD,0000002488,"Advanced Micro Devices, Inc. expects operating income of $60 million for Q1 FY2019.","In addition, the Company expects to record a $60 million IP licensing gain which will be a benefit to operating income and recorded on the licensing gain line of the P&L.",operating income,60.0,60.0,USD millions,Q1 FY2019,2019-01-29,https://www.sec.gov/Archives/edgar/data/2488/000000248819000004/q418991.htm,0000002488-19-000004,8-K,2019-01-29,2026-10-01T12:38:47Z,19fa2d1ee00b41861359a9db6d77b7dc33d9ba1daab72aad22ce49e13dbd8461,"In addition, the Company expects to record a $60 million IP licensing gain which will be a benefit to operating income and recorded on the licensing gain line of the P&L.",,,,,,,,,,reported value differs from 60 by more than 0.5%,open,,,,,,,,,,,2026-10-02,navneet,false,false,,false,false,false,,unresolved,sentence,Current Outlook,AMD provided gamers and creators with powerful new graphics and software solutions:,,,"multi-column, unconfirmed",,,no,"The excerpt describes a one-time IP licensing gain that will benefit operating income, not a forward guidance statement for operating income itself. The $60 million is a specific gain item, not a stat",not_guidance,CHECK: guidance,,,,,,"{""aid_flag_note"": """", ""assumption.metric"": ""operating income"", ""assumption.stated_at"": ""2019-01-29"", ""assumption.target_high"": ""60.0"", ""assumption.target_low"": ""60.0"", ""assumption.target_period"": ""Q1 FY2019"", ""assumption.text"": ""In addition, the Company expects to record a $60 million IP licensing gain which will be a benefit to operating income and recorded on the licensing gain line of the P&L."", ""assumption.unit"": ""USD millions"", ""claim"": ""Advanced Micro Devices, Inc. expects operating income of $60 million for Q1 FY2019."", ""conflict"": ""false"", ""invalidation_condition"": ""reported value differs from 60 by more than 0.5%""}"
01ENKNNE00H2SAKESE2MG1G2RG,"Advanced Micro Devices, Inc.",AMD,0000002488,"Advanced Micro Devices, Inc. expects gross margin non-GAAP of 45% for FY2020.","AMD now expects 2020 revenue to grow by approximately 41 percent compared to 2019, up from prior guidance of 32 percent. Non-GAAP gross margin is expected to be approximately 45 percent, consistent with prior guidance.",gross margin non-GAAP,45.0,45.0,percent,FY2020,2020-10-27,https://www.sec.gov/Archives/edgar/data/2488/000000248820000161/q32020991.htm,0000002488-20-000161,8-K,2020-10-27,2026-10-01T12:39:04Z,ddb5d1356daef9ad06212bb93ad1dc8528453b66bdcf9cbe350caaefb07fe6c6,"AMD now expects 2020 revenue to grow by approximately 41 percent compared to 2019, up from prior guidance of 32 percent. Non-GAAP gross margin is expected to be approximately 45 percent, consistent with prior guidance.",,,,,,,,,,reported value differs from 45 by more than 0.5%,open,,,,,,,,,,,2026-10-02,navneet,false,false,,false,false,false,,unresolved,section,Current Outlook,,,,"multi-column, unconfirmed",,,yes,"Excerpt states 'Non-GAAP gross margin is expected to be approximately 45 percent' for 2020, which matches the metric, value, and period claimed.",,,,,,,,"{""aid_flag_note"": """", ""assumption.metric"": ""gross margin non-GAAP"", ""assumption.stated_at"": ""2020-10-27"", ""assumption.target_high"": ""45.0"", ""assumption.target_low"": ""45.0"", ""assumption.target_period"": ""FY2020"", ""assumption.text"": ""AMD now expects 2020 revenue to grow by approximately 41 percent compared to 2019, up from prior guidance of 32 percent. Non-GAAP gross margin is expected to be approximately 45 percent, consistent with prior guidance."", ""assumption.unit"": ""percent"", ""claim"": ""Advanced Micro Devices, Inc. expects gross margin non-GAAP of 45% for FY2020."", ""conflict"": ""false"", ""invalidation_condition"": ""reported value differs from 45 by more than 0.5%""}"
01D9NRN0009MX07SE79SXK8VP8,"Advanced Micro Devices, Inc.",AMD,0000002488,,,,,,,,2019-04-30,https://www.sec.gov/Archives/edgar/data/2488/000000248819000043/q119991.htm,0000002488-19-000043,8-K,2019-04-30,2026-10-01T12:38:50Z,86c504d3451e780805cba797b6ec6407c2bfda0520e72d76b6142484eb16ea3a,"AMD’s outlook statements are based on current expectations. The following statements are forward-looking, and actual results could differ materially depending on market conditions and the factors set forth under “Cautionary Statement” below.
For the second quarter of 2019, AMD expects revenue to be approximately $1.52 billion, plus or minus $50 million, an increase of approximately 19 percent sequ",,,,,,,,,,,open,,,,,,,,,,,,,false,false,,false,true,false,,,section,Current Outlook,OEMs announced new systems based on the expanded lineup of consumer and commercial mobile processors from AMD:,,,,"2 item(s) returned, all rejected: the evidence is 572 chars, over the 400 char excerpt limit",,,,,,,,,,,
01DRACZT00Z7T3XRJ7E0S6VYK0,"Advanced Micro Devices, Inc.",AMD,0000002488,,,,,,,,2019-10-29,https://www.sec.gov/Archives/edgar/data/2488/000000248819000157/q319991.htm,0000002488-19-000157,8-K,2019-10-29,2026-10-01T12:38:55Z,827ab8e40de9390ec81b43a60e9f4257ae0f3bea3c04b2977b0436faa64e0f9f,"AMD’s outlook statements are based on current expectations. The following statements are forward-looking, and actual results could differ materially depending on market conditions and the factors set forth under “Cautionary Statement” below.
For the fourth quarter of 2019, AMD expects revenue to be approximately $2.1 billion, plus or minus $50 million, an increase of approximately 48 percent year-",,,,,,,,,,,open,,,,,,,,,,,,,false,false,,false,true,false,,,section,Current Outlook,AMD Radeon™ graphics products based on the groundbreaking new RDNA gaming architecture bring powerful performance and advanced features:,,,,"2 item(s) returned, all rejected: the evidence is 432 chars, over the 400 char excerpt limit",,,,,,,,,,,
01DZMQ5700JM0PHF7H4PRFJ6JC,"Advanced Micro Devices, Inc.",AMD,0000002488,,,,,,,,2020-01-28,https://www.sec.gov/Archives/edgar/data/2488/000000248820000006/q419991.htm,0000002488-20-000006,8-K,2020-01-28,2026-10-01T12:38:58Z,7202aeac4898cc022747b5de30886fb7c50b49b830221a396e3d0bd111b6d1ee,"AMD’s outlook statements are based on current expectations. The following statements are forward-looking and actual results could differ materially depending on market conditions and the factors set forth under “Cautionary Statement” below.
For the first quarter of 2020, AMD expects revenue to be approximately $1.8 billion, plus or minus $50 million, an increase of approximately 42 percent year-ov",,,,,,,,,,,open,,,,,,,,,,,,,false,false,,false,true,false,,,section,Current Outlook,AMD expanded its gaming and professional graphics card offerings:,,,,"2 item(s) returned, all rejected: the evidence is 505 chars, over the 400 char excerpt limit; the excerpt is a bare value: a number and a unit, with nothing saying what it is, and the ",,,,,,,,,,,
01E6Z1AM00X5AY3TT43MEGDK5H,"Advanced Micro Devices, Inc.",AMD,0000002488,,,,,,,,2020-04-28,https://www.sec.gov/Archives/edgar/data/2488/000000248820000048/q12020991.htm,0000002488-20-000048,8-K,2020-04-28,2026-10-01T12:39:00Z,f2240bab750678354ad581ad18ac74b4deebb1786ecf837b4e6e046993f8c536,"AMD’s outlook statements are based on current expectations and contemplate the current COVID-19 environment, global economic backdrop and customer demand signals. The following statements are forward-looking, and actual results could differ materially depending on market conditions, COVID-19 factors and the factors set forth under “Cautionary Statement” below.
For the second quarter of 2020, AMD e",,,,,,,,,,,open,,,,,,,,,,,,,false,false,,false,true,false,,,section,Current Outlook,,,,,"4 item(s) returned, all rejected: target_period 'FY2020' is a full year, but the evidence is about a half-year; the evidence is 618 chars, over the 400 char excerpt limit",,,,,,,,,,,
01F48A0800P9WZFCXDE01Q1YMF,"Advanced Micro Devices, Inc.",AMD,0000002488,,,,,,,,2021-04-27,https://www.sec.gov/Archives/edgar/data/2488/000000248821000054/q12021991.htm,0000002488-21-000054,8-K,2021-04-27,2026-10-01T12:39:10Z,30d29108a895a9ef0869b0bef7263ab646f2099a4c0347b7418988257e75ab9a,"AMD’s outlook statements are based on current expectations. The following statements are forward-looking and actual results could differ materially depending on market conditions and the factors set forth under “Cautionary Statement” below.
For the second quarter of 2021, AMD expects revenue to be approximately $3.6 billion, plus or minus $100 million, an increase of approximately 86 percent year-",,,,,,,,,,,open,,,,,,,,,,,,,false,false,,false,true,false,,,section,Current Outlook,,,,,"2 item(s) returned, all rejected: the evidence is 488 chars, over the 400 char excerpt limit",,,,,,,,,,,
01G23KEX00FZ118EDH27XYXK68,"Advanced Micro Devices, Inc.",AMD,0000002488,,,,,,,,2022-05-03,https://www.sec.gov/Archives/edgar/data/2488/000000248822000074/q12022991.htm,0000002488-22-000074,8-K,2022-05-03,2026-10-01T12:39:19Z,6b9bed28446b55ca73bc748acf1484d673feeda1f691d94b13ef03984af0eda9,"AMD’s outlook statements are based on current expectations. The following statements are forward-looking and actual results could differ materially depending on market conditions and the factors set forth under “Cautionary Statement” below.
For the second quarter of 2022, AMD expects revenue to be approximately $6.5 billion, plus or minus $200 million, an increase of approximately 69% year-over-ye",,,,,,,,,,,open,,,,,,,,,,,,,false,false,,false,true,false,,,section,Current Outlook,,,,,"2 item(s) returned, all rejected: the evidence is 530 chars, over the 400 char excerpt limit",,,,,,,,,,,
01HNBTMR00ZFSBFNRAR5AFX3NN,"Advanced Micro Devices, Inc.",AMD,0000002488,,,,,,,,2024-01-30,https://www.sec.gov/Archives/edgar/data/2488/000000248824000009/q42023991final.htm,0000002488-24-000009,8-K,2024-01-30,2026-10-01T12:39:34Z,4a257cc3af98476c221f1bb5556674862df620239481cd660bf9c44e2c6cb7e9,"AMD’s outlook statements are based on current expectations. The following statements are forward-looking and actual results could differ materially depending on market conditions and the factors set forth under “Cautionary Statement” below.
For the first quarter of 2024, AMD expects revenue to be approximately $5.4 billion, plus or minus $300 million. Sequentially, AMD expects Data Center segment ",,,,,,,,,,,open,,,,,,,,,,,,,false,false,,false,true,false,,,section,Current Outlook,•AMD showcased continued leadership in supercomputing:,,,,"2 item(s) returned, all rejected: plus_minus needs one centre value in both value_low and value_high, and a spread; the excerpt is a bare value: a number and a unit, with nothing saying what it is, and the ",,,,,,,,,,,
01JTHE8T00V694M6GBBGFPB329,"Advanced Micro Devices, Inc.",AMD,0000002488,,,,,,,,2025-05-06,https://www.sec.gov/Archives/edgar/data/2488/000000248825000045/q12025991.htm,0000002488-25-000045,8-K,2025-05-06,2026-10-01T12:39:45Z,31887d05e3d8ce7b387a2ff92321b7538ec48e58d5c110b911e7eddb7f668504,"AMD’s outlook statements are based on current expectations. The following statements are forward-looking and actual results could differ materially depending on market conditions and the factors set forth under “Cautionary Statement” below.
For the second quarter of 2025, AMD expects revenue to be approximately $7.4 billion, plus or minus $300 million. Non-GAAP gross margin is estimated to be 43% ",,,,,,,,,,,open,,,,,,,,,,,,,false,false,,false,true,false,,,section,Current Outlook,•AMD expanded its portfolio for embedded markets:,,,,"2 item(s) returned, all rejected: the evidence is 433 chars, over the 400 char excerpt limit",,,,,,,,,,,
01K1VRE700K24C3KY9VZKX0D6S,"Advanced Micro Devices, Inc.",AMD,0000002488,,,,,,,,2025-08-05,https://www.sec.gov/Archives/edgar/data/2488/000000248825000106/q22025991.htm,0000002488-25-000106,8-K,2025-08-05,2026-10-01T12:39:47Z,be9bda856f70af920bfcf10c7168ef5563b32d70e9aab09751923f7ed7e4a7db,"AMD’s outlook statements are based on current expectations. The following statements are forward-looking and actual results could differ materially depending on market conditions and the factors set forth under “Cautionary Statement” below.
For the third quarter of 2025, AMD expects revenue to be approximately $8.7 billion, plus or minus $300 million. At the mid-point of the revenue range, this re",,,,,,,,,,,open,,,,,,,,,,,,,false,false,,false,true,false,,,section,Current Outlook,•AMD is continuing to expand its portfolio of leadership embedded solutions for a broad set of markets:,,,,"2 item(s) returned, all rejected: the evidence is 484 chars, over the 400 char excerpt limit",,,,,,,,,,,
01K962KM00NSGJHDV1M2GJKH2S,"Advanced Micro Devices, Inc.",AMD,0000002488,,,,,,,,2025-11-04,https://www.sec.gov/Archives/edgar/data/2488/000000248825000163/q32025991.htm,0000002488-25-000163,8-K,2025-11-04,2026-10-01T12:39:50Z,a6db4509f87e8c4779c15e2ecb23a7486d214b557e283b1b87eca52d362d67a7,"AMD’s outlook statements are based on current expectations. The following statements are forward-looking and actual results could differ materially depending on market conditions and the factors set forth under “Cautionary Statement” below.
For the fourth quarter of 2025, AMD expects revenue to be approximately $9.6 billion, plus or minus $300 million. At the mid-point of the revenue range, this r",,,,,,,,,,,open,,,,,,,,,,,,,false,false,,false,true,false,,,section,Current Outlook,"•AMD expanded its x86 embedded processor portfolio, including:",,,,"2 item(s) returned, all rejected: the evidence is 408 chars, over the 400 char excerpt limit",,,,,,,,,,,
01D2BEFK009N9713CS7XM9X0HR,"Advanced Micro Devices, Inc.",AMD,0000002488,"Advanced Micro Devices, Inc. expects gross margin non-GAAP of 41% for Q1 FY2019.",AMD expects non-GAAP gross margin to be approximately 41 percent in the first quarter of 2019.,gross margin non-GAAP,41.0,41.0,percent,Q1 FY2019,2019-01-29,https://www.sec.gov/Archives/edgar/data/2488/000000248819000004/q418991.htm,0000002488-19-000004,8-K,2019-01-29,2026-10-01T12:38:47Z,19fa2d1ee00b41861359a9db6d77b7dc33d9ba1daab72aad22ce49e13dbd8461,AMD expects non-GAAP gross margin to be approximately 41 percent in the first quarter of 2019.,41.0,2019-04-30,https://www.sec.gov/Archives/edgar/data/2488/000000248819000043/q119991.htm,0000002488-19-000043,8-K,2019-04-30,2026-10-01T12:38:50Z,86c504d3451e780805cba797b6ec6407c2bfda0520e72d76b6142484eb16ea3a,"Gross margin was 41 percent, up 5 percentage points year-over-year, primarily driven by the ramp of RyzenTM and EPYCTM processor and datacenter GPU sales.",reported value differs from 41 by more than 0.5%,open,,,,,,,,,91,,2026-10-02,navneet,false,false,,false,false,false,,met,sentence,Current Outlook,AMD provided gamers and creators with powerful new graphics and software solutions:,,,,,,yes,"Excerpt states 'non-GAAP gross margin to be approximately 41 percent in the first quarter of 2019', which matches the metric (gross margin non-GAAP), value (41%), and period (Q1 FY2019, since AMD's fi",,,,,,,,"{""aid_flag_note"": """", ""assumption.metric"": ""gross margin non-GAAP"", ""assumption.stated_at"": ""2019-01-29"", ""assumption.target_high"": ""41.0"", ""assumption.target_low"": ""41.0"", ""assumption.target_period"": ""Q1 FY2019"", ""assumption.text"": ""AMD expects non-GAAP gross margin to be approximately 41 percent in the first quarter of 2019."", ""assumption.unit"": ""percent"", ""claim"": ""Advanced Micro Devices, Inc. expects gross margin non-GAAP of 41% for Q1 FY2019."", ""conflict"": ""false"", ""invalidation_condition"": ""reported value differs from 41 by more than 0.5%""}"
01D2BEFK00HMWZVKK8MDVNHD1C,"Advanced Micro Devices, Inc.",AMD,0000002488,"Advanced Micro Devices, Inc. expects gross margin non-GAAP of at least 41% for FY2019.",AMD expects non-GAAP gross margin to be greater than 41 percent for 2019.,gross margin non-GAAP,41.0,,percent,FY2019,2019-01-29,https://www.sec.gov/Archives/edgar/data/2488/000000248819000004/q418991.htm,0000002488-19-000004,8-K,2019-01-29,2026-10-01T12:38:47Z,19fa2d1ee00b41861359a9db6d77b7dc33d9ba1daab72aad22ce49e13dbd8461,AMD expects non-GAAP gross margin to be greater than 41 percent for 2019.,43.0,2020-01-28,https://www.sec.gov/Archives/edgar/data/2488/000000248820000006/q419991.htm,0000002488-20-000006,8-K,2020-01-28,2026-10-01T12:38:58Z,7202aeac4898cc022747b5de30886fb7c50b49b830221a396e3d0bd111b6d1ee,Gross margin was 43 percent compared to 38 percent and non-GAAP gross margin was 43 percent compared to 39 percent in the prior year.,reported value is below 41,open,,,,,,,,,364,,2026-10-02,navneet,false,false,,false,false,false,,met,sentence,Current Outlook,AMD provided gamers and creators with powerful new graphics and software solutions:,,,,,,yes,"Excerpt states 'non-GAAP gross margin to be greater than 41 percent for 2019', which matches the metric (gross margin non-GAAP), the threshold (at least 41%), and the period (FY2019, since AMD's fisca",,,,,,,,"{""aid_flag_note"": """", ""assumption.metric"": ""gross margin non-GAAP"", ""assumption.stated_at"": ""2019-01-29"", ""assumption.target_high"": """", ""assumption.target_low"": ""41.0"", ""assumption.target_period"": ""FY2019"", ""assumption.text"": ""AMD expects non-GAAP gross margin to be greater than 41 percent for 2019."", ""assumption.unit"": ""percent"", ""claim"": ""Advanced Micro Devices, Inc. expects gross margin non-GAAP of at least 41% for FY2019."", ""conflict"": ""false"", ""invalidation_condition"": ""reported value is below 41""}"
01D9NRN000PD3X85XC44M7K8XA,"Advanced Micro Devices, Inc.",AMD,0000002488,"Advanced Micro Devices, Inc. expects gross margin non-GAAP of 41% for Q2 FY2019.",AMD expects non-GAAP gross margin to be approximately 41 percent in the second quarter of 2019.,gross margin non-GAAP,41.0,41.0,percent,Q2 FY2019,2019-04-30,https://www.sec.gov/Archives/edgar/data/2488/000000248819000043/q119991.htm,0000002488-19-000043,8-K,2019-04-30,2026-10-01T12:38:50Z,86c504d3451e780805cba797b6ec6407c2bfda0520e72d76b6142484eb16ea3a,AMD expects non-GAAP gross margin to be approximately 41 percent in the second quarter of 2019.,41.0,2019-07-30,https://www.sec.gov/Archives/edgar/data/2488/000000248819000102/q219991.htm,0000002488-19-000102,8-K,2019-07-30,2026-10-01T12:38:53Z,2d3fec21873469d6ec2b337f8724311128fa9c4f25dd4d0270952bc3c8cd6b08,"Gross margin expanded to 41 percent, up 4 percentage points year-over-year -",reported value differs from 41 by more than 0.5%,open,,,,,,,,,91,,2026-10-02,navneet,false,false,,false,false,false,,met,sentence,Current Outlook,OEMs announced new systems based on the expanded lineup of consumer and commercial mobile processors from AMD:,,,,,,yes,"Excerpt states 'non-GAAP gross margin to be approximately 41 percent in the second quarter of 2019', which matches the metric (gross margin non-GAAP), value (41%), and period (Q2 FY2019, since AMD's f",,,,,,,,"{""aid_flag_note"": """", ""assumption.metric"": ""gross margin non-GAAP"", ""assumption.stated_at"": ""2019-04-30"", ""assumption.target_high"": ""41.0"", ""assumption.target_low"": ""41.0"", ""assumption.target_period"": ""Q2 FY2019"", ""assumption.text"": ""AMD expects non-GAAP gross margin to be approximately 41 percent in the second quarter of 2019."", ""assumption.unit"": ""percent"", ""claim"": ""Advanced Micro Devices, Inc. expects gross margin non-GAAP of 41% for Q2 FY2019."", ""conflict"": ""false"", ""invalidation_condition"": ""reported value differs from 41 by more than 0.5%""}"
01DH02TD00GSYSF3HF416P0MM2,"Advanced Micro Devices, Inc.",AMD,0000002488,"Advanced Micro Devices, Inc. expects gross margin non-GAAP of 43% for Q3 FY2019.",AMD expects non-GAAP gross margin to be approximately 43 percent in the third quarter of 2019.,gross margin non-GAAP,43.0,43.0,percent,Q3 FY2019,2019-07-30,https://www.sec.gov/Archives/edgar/data/2488/000000248819000102/q219991.htm,0000002488-19-000102,8-K,2019-07-30,2026-10-01T12:38:53Z,2d3fec21873469d6ec2b337f8724311128fa9c4f25dd4d0270952bc3c8cd6b08,AMD expects non-GAAP gross margin to be approximately 43 percent in the third quarter of 2019.,43.0,2019-10-29,https://www.sec.gov/Archives/edgar/data/2488/000000248819000157/q319991.htm,0000002488-19-000157,8-K,2019-10-29,2026-10-01T12:38:55Z,827ab8e40de9390ec81b43a60e9f4257ae0f3bea3c04b2977b0436faa64e0f9f,"Gross margin was 43 percent, up 3 percentage points year-over-year and 2 percentage points quarter-over-quarter, primarily driven by increased RyzenTM and EPYCTM processor sales.",reported value differs from 43 by more than 0.5%,open,,,,,,,,,91,,2026-10-02,navneet,false,false,,false,false,false,,met,sentence,Current Outlook,,,,,,,yes,"Excerpt states 'non-GAAP gross margin to be approximately 43 percent in the third quarter of 2019', which matches the Q3 FY2019 period and 43% non-GAAP gross margin guidance.",,,,,,,,"{""aid_flag_note"": """", ""assumption.metric"": ""gross margin non-GAAP"", ""assumption.stated_at"": ""2019-07-30"", ""assumption.target_high"": ""43.0"", ""assumption.target_low"": ""43.0"", ""assumption.target_period"": ""Q3 FY2019"", ""assumption.text"": ""AMD expects non-GAAP gross margin to be approximately 43 percent in the third quarter of 2019."", ""assumption.unit"": ""percent"", ""claim"": ""Advanced Micro Devices, Inc. expects gross margin non-GAAP of 43% for Q3 FY2019."", ""conflict"": ""false"", ""invalidation_condition"": ""reported value differs from 43 by more than 0.5%""}"
01DH02TD00ZDHS4C8GZ4W9DKWQ,"Advanced Micro Devices, Inc.",AMD,0000002488,"Advanced Micro Devices, Inc. expects gross margin non-GAAP of 42% for FY2019.",AMD expects non-GAAP gross margin to be approximately 42 percent for 2019.,gross margin non-GAAP,42.0,42.0,percent,FY2019,2019-07-30,https://www.sec.gov/Archives/edgar/data/2488/000000248819000102/q219991.htm,0000002488-19-000102,8-K,2019-07-30,2026-10-01T12:38:53Z,2d3fec21873469d6ec2b337f8724311128fa9c4f25dd4d0270952bc3c8cd6b08,AMD expects non-GAAP gross margin to be approximately 42 percent for 2019.,43.0,2020-01-28,https://www.sec.gov/Archives/edgar/data/2488/000000248820000006/q419991.htm,0000002488-20-000006,8-K,2020-01-28,2026-10-01T12:38:58Z,7202aeac4898cc022747b5de30886fb7c50b49b830221a396e3d0bd111b6d1ee,Gross margin was 43 percent compared to 38 percent and non-GAAP gross margin was 43 percent compared to 39 percent in the prior year.,reported value differs from 42 by more than 0.5%,open,,,,,,,,,182,,2026-10-02,navneet,false,false,,false,false,false,,missed,sentence,Current Outlook,,,,,,,yes,"Excerpt states 'non-GAAP gross margin to be approximately 42 percent for 2019', which matches the metric (non-GAAP gross margin), value (42%), and period (FY2019, since AMD's fiscal year ends in Decem",,,,,,,,"{""aid_flag_note"": """", ""assumption.metric"": ""gross margin non-GAAP"", ""assumption.stated_at"": ""2019-07-30"", ""assumption.target_high"": ""42.0"", ""assumption.target_low"": ""42.0"", ""assumption.target_period"": ""FY2019"", ""assumption.text"": ""AMD expects non-GAAP gross margin to be approximately 42 percent for 2019."", ""assumption.unit"": ""percent"", ""claim"": ""Advanced Micro Devices, Inc. expects gross margin non-GAAP of 42% for FY2019."", ""conflict"": ""false"", ""invalidation_condition"": ""reported value differs from 42 by more than 0.5%""}"
01DRACZT005AFZ3CCFCXKDRVHY,"Advanced Micro Devices, Inc.",AMD,0000002488,"Advanced Micro Devices, Inc. expects gross margin non-GAAP of 44% for Q4 FY2019.",AMD expects non-GAAP gross margin to be approximately 44 percent in the fourth quarter of 2019.,gross margin non-GAAP,44.0,44.0,percent,Q4 FY2019,2019-10-29,https://www.sec.gov/Archives/edgar/data/2488/000000248819000157/q319991.htm,0000002488-19-000157,8-K,2019-10-29,2026-10-01T12:38:55Z,827ab8e40de9390ec81b43a60e9f4257ae0f3bea3c04b2977b0436faa64e0f9f,AMD expects non-GAAP gross margin to be approximately 44 percent in the fourth quarter of 2019.,45.0,2020-01-28,https://www.sec.gov/Archives/edgar/data/2488/000000248820000006/q419991.htm,0000002488-20-000006,8-K,2020-01-28,2026-10-01T12:38:58Z,7202aeac4898cc022747b5de30886fb7c50b49b830221a396e3d0bd111b6d1ee,Non-GAAP gross margin was 45 percent compared to 41 percent a year ago and 43 percent in the prior quarter.,reported value differs from 44 by more than 0.5%,open,,,,,,,,,91,,2026-10-02,navneet,false,false,,false,false,false,,missed,sentence,Current Outlook,AMD Radeon™ graphics products based on the groundbreaking new RDNA gaming architecture bring powerful performance and advanced features:,,,,,,yes,"Excerpt states 'non-GAAP gross margin to be approximately 44 percent in the fourth quarter of 2019', which matches the metric (gross margin non-GAAP), value (44%), and period (Q4 FY2019, since AMD's f",,,,,,,,"{""aid_flag_note"": """", ""assumption.metric"": ""gross margin non-GAAP"", ""assumption.stated_at"": ""2019-10-29"", ""assumption.target_high"": ""44.0"", ""assumption.target_low"": ""44.0"", ""assumption.target_period"": ""Q4 FY2019"", ""assumption.text"": ""AMD expects non-GAAP gross margin to be approximately 44 percent in the fourth quarter of 2019."", ""assumption.unit"": ""percent"", ""claim"": ""Advanced Micro Devices, Inc. expects gross margin non-GAAP of 44% for Q4 FY2019."", ""conflict"": ""false"", ""invalidation_condition"": ""reported value differs from 44 by more than 0.5%""}"
01DZMQ5700VXRCQHEN0FHHWHHP,"Advanced Micro Devices, Inc.",AMD,0000002488,"Advanced Micro Devices, Inc. expects gross margin non-GAAP of 46% for Q1 FY2020.",AMD expects non-GAAP gross margin to be approximately 46 percent in the first quarter of 2020.,gross margin non-GAAP,46.0,46.0,percent,Q1 FY2020,2020-01-28,https://www.sec.gov/Archives/edgar/data/2488/000000248820000006/q419991.htm,0000002488-20-000006,8-K,2020-01-28,2026-10-01T12:38:58Z,7202aeac4898cc022747b5de30886fb7c50b49b830221a396e3d0bd111b6d1ee,AMD expects non-GAAP gross margin to be approximately 46 percent in the first quarter of 2020.,46.0,2020-04-28,https://www.sec.gov/Archives/edgar/data/2488/000000248820000048/q12020991.htm,0000002488-20-000048,8-K,2020-04-28,2026-10-01T12:39:00Z,f2240bab750678354ad581ad18ac74b4deebb1786ecf837b4e6e046993f8c536,"Gross margin was 46 percent, up 5 percentage points year-over-year and 1 percentage point quarter-over-quarter, primarily driven by Ryzen™ and EPYC™ processor sales.",reported value differs from 46 by more than 0.5%,open,,,,,,,,,91,,2026-10-02,navneet,false,false,,false,false,false,,met,sentence,,,,,,,,yes,"Excerpt states 'non-GAAP gross margin to be approximately 46 percent in the first quarter of 2020', which matches the metric (gross margin non-GAAP), value (46%), and period (Q1 FY2020, since fiscal y",,,,,,,,"{""aid_flag_note"": """", ""assumption.metric"": ""gross margin non-GAAP"", ""assumption.stated_at"": ""2020-01-28"", ""assumption.target_high"": ""46.0"", ""assumption.target_low"": ""46.0"", ""assumption.target_period"": ""Q1 FY2020"", ""assumption.text"": ""AMD expects non-GAAP gross margin to be approximately 46 percent in the first quarter of 2020."", ""assumption.unit"": ""percent"", ""claim"": ""Advanced Micro Devices, Inc. expects gross margin non-GAAP of 46% for Q1 FY2020."", ""conflict"": ""false"", ""invalidation_condition"": ""reported value differs from 46 by more than 0.5%""}"
01DZMQ57009BEGMXK79NX5RW7X,"Advanced Micro Devices, Inc.",AMD,0000002488,"Advanced Micro Devices, Inc. expects gross margin non-GAAP of 45% for FY2020.",AMD expects non-GAAP gross margin to be approximately 45 percent for 2020.,gross margin non-GAAP,45.0,45.0,percent,FY2020,2020-01-28,https://www.sec.gov/Archives/edgar/data/2488/000000248820000006/q419991.htm,0000002488-20-000006,8-K,2020-01-28,2026-10-01T12:38:58Z,7202aeac4898cc022747b5de30886fb7c50b49b830221a396e3d0bd111b6d1ee,AMD expects non-GAAP gross margin to be approximately 45 percent for 2020.,,,,,,,,,,reported value differs from 45 by more than 0.5%,open,,,,,,,,,,,2026-10-02,navneet,false,false,,false,false,false,,unresolved,sentence,,,,,"multi-column, unconfirmed",,,yes,"Excerpt states 'non-GAAP gross margin to be approximately 45 percent for 2020', which matches the metric (non-GAAP gross margin), value (45%), and period (FY2020, since AMD's fiscal year ends in Decem",,,,,,,,"{""aid_flag_note"": """", ""assumption.metric"": ""gross margin non-GAAP"", ""assumption.stated_at"": ""2020-01-28"", ""assumption.target_high"": ""45.0"", ""assumption.target_low"": ""45.0"", ""assumption.target_period"": ""FY2020"", ""assumption.text"": ""AMD expects non-GAAP gross margin to be approximately 45 percent for 2020."", ""assumption.unit"": ""percent"", ""claim"": ""Advanced Micro Devices, Inc. expects gross margin non-GAAP of 45% for FY2020."", ""conflict"": ""false"", ""invalidation_condition"": ""reported value differs from 45 by more than 0.5%""}"
01E6Z1AM00YS49D9ZYTA03W676,"Advanced Micro Devices, Inc.",AMD,0000002488,"Advanced Micro Devices, Inc. expects gross margin non-GAAP of 44% for Q2 FY2020.",AMD expects non-GAAP gross margin to be approximately 44 percent in the second quarter of 2020.,gross margin non-GAAP,44.0,44.0,percent,Q2 FY2020,2020-04-28,https://www.sec.gov/Archives/edgar/data/2488/000000248820000048/q12020991.htm,0000002488-20-000048,8-K,2020-04-28,2026-10-01T12:39:00Z,f2240bab750678354ad581ad18ac74b4deebb1786ecf837b4e6e046993f8c536,AMD expects non-GAAP gross margin to be approximately 44 percent in the second quarter of 2020.,44.0,2020-07-28,https://www.sec.gov/Archives/edgar/data/2488/000000248820000101/q22020991.htm,0000002488-20-000101,8-K,2020-07-28,2026-10-01T12:39:02Z,45057629069726c909aa922e421c23a21c93cd8ba165bdeb4cd495d3488e9f63,Gross margin 44% 41% Up 3pp 46% Down 2pp,reported value differs from 44 by more than 0.5%,open,,,,,,,,,91,,2026-10-02,navneet,false,false,,false,false,false,,met,sentence,Current Outlook,,,,,,,yes,"Excerpt states 'non-GAAP gross margin to be approximately 44 percent in the second quarter of 2020', which matches the metric (gross margin non-GAAP), value (44%), and period (Q2 FY2020, since AMD's f",,,,,,,,"{""aid_flag_note"": """", ""assumption.metric"": ""gross margin non-GAAP"", ""assumption.stated_at"": ""2020-04-28"", ""assumption.target_high"": ""44.0"", ""assumption.target_low"": ""44.0"", ""assumption.target_period"": ""Q2 FY2020"", ""assumption.text"": ""AMD expects non-GAAP gross margin to be approximately 44 percent in the second quarter of 2020."", ""assumption.unit"": ""percent"", ""claim"": ""Advanced Micro Devices, Inc. expects gross margin non-GAAP of 44% for Q2 FY2020."", ""conflict"": ""false"", ""invalidation_condition"": ""reported value differs from 44 by more than 0.5%""}"
01E6Z1AM00WQJ30B2MBB9ZWA34,"Advanced Micro Devices, Inc.",AMD,0000002488,"Advanced Micro Devices, Inc. expects tax rate of 3% for FY2020.","For fiscal 2020, the projected non-GAAP tax rate is 3%.",tax rate,3.0,3.0,percent,FY2020,2020-04-28,https://www.sec.gov/Archives/edgar/data/2488/000000248820000048/q12020991.htm,0000002488-20-000048,8-K,2020-04-28,2026-10-01T12:39:00Z,f2240bab750678354ad581ad18ac74b4deebb1786ecf837b4e6e046993f8c536,"For fiscal 2020, the projected non-GAAP tax rate is 3%.",3.0,2021-01-26,https://www.sec.gov/Archives/edgar/data/2488/000000248821000009/q420991.htm,0000002488-21-000009,8-K,2021-01-26,2026-10-01T12:39:07Z,e6122800d3708f209b71ce9e5474e77c6a90f1251e758b67aadf4ed5cad4dd50,"For full year 2020, AMD uses a non-GAAP tax rate of 3%, which excludes the direct tax impacts of pre-tax non-GAAP adjustments.",reported value differs from 3 by more than 0.5%,open,,,,,,,,,273,,2026-10-02,navneet,false,false,,false,false,false,,met,sentence,,,,,,,,yes,"Excerpt states 'For fiscal 2020, the projected non-GAAP tax rate is 3%' which matches the metric (tax rate), number (3%), unit (percent), and period (FY2020) exactly.",,,,,,,,"{""aid_flag_note"": """", ""assumption.metric"": ""tax rate"", ""assumption.stated_at"": ""2020-04-28"", ""assumption.target_high"": ""3.0"", ""assumption.target_low"": ""3.0"", ""assumption.target_period"": ""FY2020"", ""assumption.text"": ""For fiscal 2020, the projected non-GAAP tax rate is 3%."", ""assumption.unit"": ""percent"", ""claim"": ""Advanced Micro Devices, Inc. expects tax rate of 3% for FY2020."", ""conflict"": ""false"", ""invalidation_condition"": ""reported value differs from 3 by more than 0.5%""}"
01EE9BG100KYFGF7PBVG2ATXMC,"Advanced Micro Devices, Inc.",AMD,0000002488,"Advanced Micro Devices, Inc. expects gross margin non-GAAP of 44% for Q3 FY2020.",AMD expects non-GAAP gross margin to be approximately 44 percent in the third quarter of 2020.,gross margin non-GAAP,44.0,44.0,percent,Q3 FY2020,2020-07-28,https://www.sec.gov/Archives/edgar/data/2488/000000248820000101/q22020991.htm,0000002488-20-000101,8-K,2020-07-28,2026-10-01T12:39:02Z,45057629069726c909aa922e421c23a21c93cd8ba165bdeb4cd495d3488e9f63,AMD expects non-GAAP gross margin to be approximately 44 percent in the third quarter of 2020.,44.0,2020-10-27,https://www.sec.gov/Archives/edgar/data/2488/000000248820000161/q32020991.htm,0000002488-20-000161,8-K,2020-10-27,2026-10-01T12:39:04Z,ddb5d1356daef9ad06212bb93ad1dc8528453b66bdcf9cbe350caaefb07fe6c6,Gross margin 44% 43% Up 1pp 44% Flat,reported value differs from 44 by more than 0.5%,open,,,,,,,,,91,,2026-10-02,navneet,false,false,,false,false,false,,met,sentence,Current Outlook,,,,,,,yes,"Excerpt states 'non-GAAP gross margin to be approximately 44 percent in the third quarter of 2020', which matches the Q3 FY2020 period and 44% non-GAAP gross margin guidance.",,,,,,,,"{""aid_flag_note"": """", ""assumption.metric"": ""gross margin non-GAAP"", ""assumption.stated_at"": ""2020-07-28"", ""assumption.target_high"": ""44.0"", ""assumption.target_low"": ""44.0"", ""assumption.target_period"": ""Q3 FY2020"", ""assumption.text"": ""AMD expects non-GAAP gross margin to be approximately 44 percent in the third quarter of 2020."", ""assumption.unit"": ""percent"", ""claim"": ""Advanced Micro Devices, Inc. expects gross margin non-GAAP of 44% for Q3 FY2020."", ""conflict"": ""false"", ""invalidation_condition"": ""reported value differs from 44 by more than 0.5%""}"
01EE9BG100RF1G2YN9ZGDHC4QN,"Advanced Micro Devices, Inc.",AMD,0000002488,"Advanced Micro Devices, Inc. expects gross margin non-GAAP of 45% for FY2020.",Non-GAAP gross margin is expected to be approximately 45 percent.,gross margin non-GAAP,45.0,45.0,percent,FY2020,2020-07-28,https://www.sec.gov/Archives/edgar/data/2488/000000248820000101/q22020991.htm,0000002488-20-000101,8-K,2020-07-28,2026-10-01T12:39:02Z,45057629069726c909aa922e421c23a21c93cd8ba165bdeb4cd495d3488e9f63,Non-GAAP gross margin is expected to be approximately 45 percent.,,,,,,,,,,reported value differs from 45 by more than 0.5%,open,,,,,,,,,,,2026-10-02,navneet,false,false,,false,false,false,,unresolved,sentence,Current Outlook,,,,"multi-column, unconfirmed",,,yes,"Excerpt states 'Non-GAAP gross margin is expected to be approximately 45 percent' which matches the metric (gross margin non-GAAP), value (45%), and the forward-looking guidance nature. The period FY2",,,,,,,,"{""aid_flag_note"": """", ""assumption.metric"": ""gross margin non-GAAP"", ""assumption.stated_at"": ""2020-07-28"", ""assumption.target_high"": ""45.0"", ""assumption.target_low"": ""45.0"", ""assumption.target_period"": ""FY2020"", ""assumption.text"": ""Non-GAAP gross margin is expected to be approximately 45 percent."", ""assumption.unit"": ""percent"", ""claim"": ""Advanced Micro Devices, Inc. expects gross margin non-GAAP of 45% for FY2020."", ""conflict"": ""false"", ""invalidation_condition"": ""reported value differs from 45 by more than 0.5%""}"
01EE9BG10059HKDGVS4VMW87MH,"Advanced Micro Devices, Inc.",AMD,0000002488,"Advanced Micro Devices, Inc. expects tax rate of 3% for FY2020.","For fiscal 2020, AMD uses a projected non-GAAP tax rate, which excludes the direct tax impacts of pre-tax non-GAAP adjustments, of approximately 3%, reflecting currently available information.",tax rate,3.0,3.0,percent,FY2020,2020-07-28,https://www.sec.gov/Archives/edgar/data/2488/000000248820000101/q22020991.htm,0000002488-20-000101,8-K,2020-07-28,2026-10-01T12:39:02Z,45057629069726c909aa922e421c23a21c93cd8ba165bdeb4cd495d3488e9f63,"For fiscal 2020, AMD uses a projected non-GAAP tax rate, which excludes the direct tax impacts of pre-tax non-GAAP adjustments, of approximately 3%, reflecting currently available information.",,,,,,,,,,reported value differs from 3 by more than 0.5%,open,,,,,,,,,,,2026-10-02,navneet,false,false,,false,false,false,,unresolved,sentence,,,,,the model found no line reporting that metric for that period,,,yes,"Excerpt states 'For fiscal 2020, AMD uses a projected non-GAAP tax rate...of approximately 3%', which matches the guidance metric (tax rate), number (3%), and period (FY2020).",,,,,,,,"{""aid_flag_note"": """", ""assumption.metric"": ""tax rate"", ""assumption.stated_at"": ""2020-07-28"", ""assumption.target_high"": ""3.0"", ""assumption.target_low"": ""3.0"", ""assumption.target_period"": ""FY2020"", ""assumption.text"": ""For fiscal 2020, AMD uses a projected non-GAAP tax rate, which excludes the direct tax impacts of pre-tax non-GAAP adjustments, of approximately 3%, reflecting currently available information."", ""assumption.unit"": ""percent"", ""claim"": ""Advanced Micro Devices, Inc. expects tax rate of 3% for FY2020."", ""conflict"": ""false"", ""invalidation_condition"": ""reported value differs from 3 by more than 0.5%""}"
01ENKNNE00RT2P1CNG64K5CQNV,"Advanced Micro Devices, Inc.",AMD,0000002488,"Advanced Micro Devices, Inc. expects gross margin non-GAAP of 45% for Q4 FY2020.",AMD expects non-GAAP gross margin to be approximately 45 percent in the fourth quarter of 2020.,gross margin non-GAAP,45.0,45.0,percent,Q4 FY2020,2020-10-27,https://www.sec.gov/Archives/edgar/data/2488/000000248820000161/q32020991.htm,0000002488-20-000161,8-K,2020-10-27,2026-10-01T12:39:04Z,ddb5d1356daef9ad06212bb93ad1dc8528453b66bdcf9cbe350caaefb07fe6c6,AMD expects non-GAAP gross margin to be approximately 45 percent in the fourth quarter of 2020.,45.0,2021-01-26,https://www.sec.gov/Archives/edgar/data/2488/000000248821000009/q420991.htm,0000002488-21-000009,8-K,2021-01-26,2026-10-01T12:39:07Z,e6122800d3708f209b71ce9e5474e77c6a90f1251e758b67aadf4ed5cad4dd50,Gross margin 45% 45% Flat 44% Up 1pp,reported value differs from 45 by more than 0.5%,open,,,,,,,,,91,,2026-10-02,navneet,false,false,,false,false,false,,met,sentence,Current Outlook,,,,,,,yes,"Excerpt states 'non-GAAP gross margin to be approximately 45 percent in the fourth quarter of 2020', which matches the metric (gross margin non-GAAP), value (45%), and period (Q4 FY2020, since AMD's f",,,,,,,,"{""aid_flag_note"": """", ""assumption.metric"": ""gross margin non-GAAP"", ""assumption.stated_at"": ""2020-10-27"", ""assumption.target_high"": ""45.0"", ""assumption.target_low"": ""45.0"", ""assumption.target_period"": ""Q4 FY2020"", ""assumption.text"": ""AMD expects non-GAAP gross margin to be approximately 45 percent in the fourth quarter of 2020."", ""assumption.unit"": ""percent"", ""claim"": ""Advanced Micro Devices, Inc. expects gross margin non-GAAP of 45% for Q4 FY2020."", ""conflict"": ""false"", ""invalidation_condition"": ""reported value differs from 45 by more than 0.5%""}"
01ENKNNE00KGJDB5TYGFE7JCD4,"Advanced Micro Devices, Inc.",AMD,0000002488,"Advanced Micro Devices, Inc. expects tax rate of 3% for FY2020.","For fiscal 2020, AMD uses a projected non-GAAP tax rate, which excludes the direct tax impacts of pre-tax non-GAAP adjustments, of approximately 3%, reflecting currently available information.",tax rate,3.0,3.0,percent,FY2020,2020-10-27,https://www.sec.gov/Archives/edgar/data/2488/000000248820000161/q32020991.htm,0000002488-20-000161,8-K,2020-10-27,2026-10-01T12:39:04Z,ddb5d1356daef9ad06212bb93ad1dc8528453b66bdcf9cbe350caaefb07fe6c6,"For fiscal 2020, AMD uses a projected non-GAAP tax rate, which excludes the direct tax impacts of pre-tax non-GAAP adjustments, of approximately 3%, reflecting currently available information.",,,,,,,,,,reported value differs from 3 by more than 0.5%,open,,,,,,,,,,,2026-10-02,navneet,false,false,,false,false,false,,unresolved,sentence,,,,,the model found no line reporting that metric for that period,,,yes,"Excerpt states 'For fiscal 2020, AMD uses a projected non-GAAP tax rate...of approximately 3%', which matches the guidance of 3% tax rate for FY2020.",,,,,,,,"{""aid_flag_note"": """", ""assumption.metric"": ""tax rate"", ""assumption.stated_at"": ""2020-10-27"", ""assumption.target_high"": ""3.0"", ""assumption.target_low"": ""3.0"", ""assumption.target_period"": ""FY2020"", ""assumption.text"": ""For fiscal 2020, AMD uses a projected non-GAAP tax rate, which excludes the direct tax impacts of pre-tax non-GAAP adjustments, of approximately 3%, reflecting currently available information."", ""assumption.unit"": ""percent"", ""claim"": ""Advanced Micro Devices, Inc. expects tax rate of 3% for FY2020."", ""conflict"": ""false"", ""invalidation_condition"": ""reported value differs from 3 by more than 0.5%""}"
01EWXZTV004VNPHK44G7JAKSRF,"Advanced Micro Devices, Inc.",AMD,0000002488,"Advanced Micro Devices, Inc. expects gross margin non-GAAP of 46% for Q1 FY2021.",AMD expects non-GAAP gross margin to be approximately 46 percent in the first quarter of 2021.,gross margin non-GAAP,46.0,46.0,percent,Q1 FY2021,2021-01-26,https://www.sec.gov/Archives/edgar/data/2488/000000248821000009/q420991.htm,0000002488-21-000009,8-K,2021-01-26,2026-10-01T12:39:07Z,e6122800d3708f209b71ce9e5474e77c6a90f1251e758b67aadf4ed5cad4dd50,AMD expects non-GAAP gross margin to be approximately 46 percent in the first quarter of 2021.,46.0,2021-04-27,https://www.sec.gov/Archives/edgar/data/2488/000000248821000054/q12021991.htm,0000002488-21-000054,8-K,2021-04-27,2026-10-01T12:39:10Z,30d29108a895a9ef0869b0bef7263ab646f2099a4c0347b7418988257e75ab9a,Gross margin % 46% 46% Flat 45% Up 1pp,reported value differs from 46 by more than 0.5%,open,,,,,,,,,91,,2026-10-02,navneet,false,false,,false,false,false,,met,sentence,Current Outlook,,,,,,,yes,"Excerpt states 'non-GAAP gross margin to be approximately 46 percent in the first quarter of 2021', which matches the metric (gross margin non-GAAP), value (46%), and period (Q1 FY2021, since AMD's fi",,,,,,,,"{""aid_flag_note"": """", ""assumption.metric"": ""gross margin non-GAAP"", ""assumption.stated_at"": ""2021-01-26"", ""assumption.target_high"": ""46.0"", ""assumption.target_low"": ""46.0"", ""assumption.target_period"": ""Q1 FY2021"", ""assumption.text"": ""AMD expects non-GAAP gross margin to be approximately 46 percent in the first quarter of 2021."", ""assumption.unit"": ""percent"", ""claim"": ""Advanced Micro Devices, Inc. expects gross margin non-GAAP of 46% for Q1 FY2021."", ""conflict"": ""false"", ""invalidation_condition"": ""reported value differs from 46 by more than 0.5%""}"
01EWXZTV0054E4JGVP5H2Q35CY,"Advanced Micro Devices, Inc.",AMD,0000002488,"Advanced Micro Devices, Inc. expects gross margin non-GAAP of 47% for FY2021.",AMD expects non-GAAP gross margin to be approximately 47 percent for 2021.,gross margin non-GAAP,47.0,47.0,percent,FY2021,2021-01-26,https://www.sec.gov/Archives/edgar/data/2488/000000248821000009/q420991.htm,0000002488-21-000009,8-K,2021-01-26,2026-10-01T12:39:07Z,e6122800d3708f209b71ce9e5474e77c6a90f1251e758b67aadf4ed5cad4dd50,AMD expects non-GAAP gross margin to be approximately 47 percent for 2021.,48.0,2022-02-01,https://www.sec.gov/Archives/edgar/data/2488/000000248822000014/q421991amd.htm,0000002488-22-000014,8-K,2022-02-01,2026-10-01T12:39:16Z,0ace4b9674ea6727e7ce0e03c0fdcf882fdff17fdd519c13ae0ea05e53cc34fc,"Gross margin was 48 percent, an increase of more than 3 percentage points over 2020.",reported value differs from 47 by more than 0.5%,open,,,,,,,,,371,,2026-10-02,navneet,false,false,,false,false,false,,missed,sentence,Current Outlook,,,,,,,yes,"Excerpt states 'non-GAAP gross margin to be approximately 47 percent for 2021', which matches the metric (gross margin non-GAAP), value (47%), and period (FY2021, since AMD's fiscal year ends in Decem",,,,,,,,"{""aid_flag_note"": """", ""assumption.metric"": ""gross margin non-GAAP"", ""assumption.stated_at"": ""2021-01-26"", ""assumption.target_high"": ""47.0"", ""assumption.target_low"": ""47.0"", ""assumption.target_period"": ""FY2021"", ""assumption.text"": ""AMD expects non-GAAP gross margin to be approximately 47 percent for 2021."", ""assumption.unit"": ""percent"", ""claim"": ""Advanced Micro Devices, Inc. expects gross margin non-GAAP of 47% for FY2021."", ""conflict"": ""false"", ""invalidation_condition"": ""reported value differs from 47 by more than 0.5%""}"
01F48A0800XJD37F6M9TWFY0ZZ,"Advanced Micro Devices, Inc.",AMD,0000002488,"Advanced Micro Devices, Inc. expects gross margin non-GAAP of 47% for Q2 FY2021.",AMD expects non-GAAP gross margin to be approximately 47 percent in the second quarter of 2021.,gross margin non-GAAP,47.0,47.0,percent,Q2 FY2021,2021-04-27,https://www.sec.gov/Archives/edgar/data/2488/000000248821000054/q12021991.htm,0000002488-21-000054,8-K,2021-04-27,2026-10-01T12:39:10Z,30d29108a895a9ef0869b0bef7263ab646f2099a4c0347b7418988257e75ab9a,AMD expects non-GAAP gross margin to be approximately 47 percent in the second quarter of 2021.,48.0,2021-07-27,https://www.sec.gov/Archives/edgar/data/2488/000000248821000114/q22021991.htm,0000002488-21-000114,8-K,2021-07-27,2026-10-01T12:39:13Z,512086abef329c5393aaa65477b58458206ea68a96d67e33cb009c8acc12a83b,Gross margin % 48% 44% Up 4pp 46% Up 2pp,reported value differs from 47 by more than 0.5%,open,,,,,,,,,91,,2026-10-02,navneet,false,false,,false,false,false,,missed,sentence,Current Outlook,,,,,,,yes,"Excerpt states 'non-GAAP gross margin to be approximately 47 percent in the second quarter of 2021', which matches the metric (gross margin non-GAAP), value (47%), and period (Q2 FY2021, since AMD's f",,,,,,,,"{""aid_flag_note"": """", ""assumption.metric"": ""gross margin non-GAAP"", ""assumption.stated_at"": ""2021-04-27"", ""assumption.target_high"": ""47.0"", ""assumption.target_low"": ""47.0"", ""assumption.target_period"": ""Q2 FY2021"", ""assumption.text"": ""AMD expects non-GAAP gross margin to be approximately 47 percent in the second quarter of 2021."", ""assumption.unit"": ""percent"", ""claim"": ""Advanced Micro Devices, Inc. expects gross margin non-GAAP of 47% for Q2 FY2021."", ""conflict"": ""false"", ""invalidation_condition"": ""reported value differs from 47 by more than 0.5%""}"
01F48A08007EG753DGWCTTB1D1,"Advanced Micro Devices, Inc.",AMD,0000002488,"Advanced Micro Devices, Inc. expects tax rate of 15% for FY2021.","For fiscal 2021, AMD uses a projected non-GAAP tax rate of 15%, which excludes the tax impact of pre-tax non-GAAP adjustments, reflecting currently available information.",tax rate,15.0,15.0,percent,FY2021,2021-04-27,https://www.sec.gov/Archives/edgar/data/2488/000000248821000054/q12021991.htm,0000002488-21-000054,8-K,2021-04-27,2026-10-01T12:39:10Z,30d29108a895a9ef0869b0bef7263ab646f2099a4c0347b7418988257e75ab9a,"For fiscal 2021, AMD uses a projected non-GAAP tax rate of 15%, which excludes the tax impact of pre-tax non-GAAP adjustments, reflecting currently available information.",,,,,,,,,,reported value differs from 15 by more than 0.5%,open,,,,,,,,,,,2026-10-02,navneet,false,false,,false,false,false,,unresolved,sentence,,,,,the model found no line reporting that metric for that period,,,yes,"Excerpt states 'For fiscal 2021, AMD uses a projected non-GAAP tax rate of 15%' which matches the metric (tax rate), number (15%), and period (FY2021) exactly.",,,,,,,,"{""aid_flag_note"": """", ""assumption.metric"": ""tax rate"", ""assumption.stated_at"": ""2021-04-27"", ""assumption.target_high"": ""15.0"", ""assumption.target_low"": ""15.0"", ""assumption.target_period"": ""FY2021"", ""assumption.text"": ""For fiscal 2021, AMD uses a projected non-GAAP tax rate of 15%, which excludes the tax impact of pre-tax non-GAAP adjustments, reflecting currently available information."", ""assumption.unit"": ""percent"", ""claim"": ""Advanced Micro Devices, Inc. expects tax rate of 15% for FY2021."", ""conflict"": ""false"", ""invalidation_condition"": ""reported value differs from 15 by more than 0.5%""}"
01FBJM5N00M4JQ2NF55V0SJXHE,"Advanced Micro Devices, Inc.",AMD,0000002488,"Advanced Micro Devices, Inc. expects gross margin non-GAAP of 48% for Q3 FY2021.",AMD expects non-GAAP gross margin to be approximately 48 percent in the third quarter of 2021.,gross margin non-GAAP,48.0,48.0,percent,Q3 FY2021,2021-07-27,https://www.sec.gov/Archives/edgar/data/2488/000000248821000114/q22021991.htm,0000002488-21-000114,8-K,2021-07-27,2026-10-01T12:39:13Z,512086abef329c5393aaa65477b58458206ea68a96d67e33cb009c8acc12a83b,AMD expects non-GAAP gross margin to be approximately 48 percent in the third quarter of 2021.,48.0,2021-10-26,https://www.sec.gov/Archives/edgar/data/2488/000000248821000176/q32021991.htm,0000002488-21-000176,8-K,2021-10-26,2026-10-01T12:39:14Z,c14f78985d121647cc97265d4ad6c7fc3477510e726840efa392237b40dd1d57,Gross margin % 48% 44% Up 440 bps 48% Up 80 bps,reported value differs from 48 by more than 0.5%,open,,,,,,,,,91,,2026-10-02,navneet,false,false,,false,false,false,,met,sentence,Current Outlook,,,,,,,yes,"Excerpt states 'non-GAAP gross margin to be approximately 48 percent in the third quarter of 2021', which matches the metric (gross margin non-GAAP), value (48%), and period (Q3 FY2021, since AMD's fi",,,,,,,,"{""aid_flag_note"": """", ""assumption.metric"": ""gross margin non-GAAP"", ""assumption.stated_at"": ""2021-07-27"", ""assumption.target_high"": ""48.0"", ""assumption.target_low"": ""48.0"", ""assumption.target_period"": ""Q3 FY2021"", ""assumption.text"": ""AMD expects non-GAAP gross margin to be approximately 48 percent in the third quarter of 2021."", ""assumption.unit"": ""percent"", ""claim"": ""Advanced Micro Devices, Inc. expects gross margin non-GAAP of 48% for Q3 FY2021."", ""conflict"": ""false"", ""invalidation_condition"": ""reported value differs from 48 by more than 0.5%""}"
01FBJM5N00BQCNF03SE4SK61QK,"Advanced Micro Devices, Inc.",AMD,0000002488,"Advanced Micro Devices, Inc. expects gross margin non-GAAP of 48% for FY2021.","AMD now expects non-GAAP gross margin to be approximately 48 percent for the full year 2021, up from prior guidance of approximately 47 percent.",gross margin non-GAAP,48.0,48.0,percent,FY2021,2021-07-27,https://www.sec.gov/Archives/edgar/data/2488/000000248821000114/q22021991.htm,0000002488-21-000114,8-K,2021-07-27,2026-10-01T12:39:13Z,512086abef329c5393aaa65477b58458206ea68a96d67e33cb009c8acc12a83b,"AMD now expects non-GAAP gross margin to be approximately 48 percent for the full year 2021, up from prior guidance of approximately 47 percent.",,,,,,,,,,reported value differs from 48 by more than 0.5%,open,,,,,,,,,,,2026-10-02,navneet,false,false,,false,false,false,,unresolved,sentence,Current Outlook,,,,"multi-column, unconfirmed",,,yes,"Excerpt states 'non-GAAP gross margin to be approximately 48 percent for the full year 2021', which matches the metric, value, unit, and period exactly.",,,,,,,,"{""aid_flag_note"": """", ""assumption.metric"": ""gross margin non-GAAP"", ""assumption.stated_at"": ""2021-07-27"", ""assumption.target_high"": ""48.0"", ""assumption.target_low"": ""48.0"", ""assumption.target_period"": ""FY2021"", ""assumption.text"": ""AMD now expects non-GAAP gross margin to be approximately 48 percent for the full year 2021, up from prior guidance of approximately 47 percent."", ""assumption.unit"": ""percent"", ""claim"": ""Advanced Micro Devices, Inc. expects gross margin non-GAAP of 48% for FY2021."", ""conflict"": ""false"", ""invalidation_condition"": ""reported value differs from 48 by more than 0.5%""}"
01FBJM5N00YQ2399PEM71KQF47,"Advanced Micro Devices, Inc.",AMD,0000002488,"Advanced Micro Devices, Inc. expects tax rate of 15% for FY2021.","For fiscal 2021, AMD uses a projected non-GAAP tax rate of 15%, which excludes the tax impact of pre-tax non-GAAP adjustments, reflecting currently available information.",tax rate,15.0,15.0,percent,FY2021,2021-07-27,https://www.sec.gov/Archives/edgar/data/2488/000000248821000114/q22021991.htm,0000002488-21-000114,8-K,2021-07-27,2026-10-01T12:39:13Z,512086abef329c5393aaa65477b58458206ea68a96d67e33cb009c8acc12a83b,"For fiscal 2021, AMD uses a projected non-GAAP tax rate of 15%, which excludes the tax impact of pre-tax non-GAAP adjustments, reflecting currently available information.",,,,,,,,,,reported value differs from 15 by more than 0.5%,open,,,,,,,,,,,2026-10-02,navneet,false,false,,false,false,false,,unresolved,sentence,,,,,the model found no line reporting that metric for that period,,,yes,"Excerpt states 'For fiscal 2021, AMD uses a projected non-GAAP tax rate of 15%' which matches the metric (tax rate), number (15%), and period (FY2021) exactly.",,,,,,,,"{""aid_flag_note"": """", ""assumption.metric"": ""tax rate"", ""assumption.stated_at"": ""2021-07-27"", ""assumption.target_high"": ""15.0"", ""assumption.target_low"": ""15.0"", ""assumption.target_period"": ""FY2021"", ""assumption.text"": ""For fiscal 2021, AMD uses a projected non-GAAP tax rate of 15%, which excludes the tax impact of pre-tax non-GAAP adjustments, reflecting currently available information."", ""assumption.unit"": ""percent"", ""claim"": ""Advanced Micro Devices, Inc. expects tax rate of 15% for FY2021."", ""conflict"": ""false"", ""invalidation_condition"": ""reported value differs from 15 by more than 0.5%""}"
01FJWYB200QK9AQ0RP9CZKBVZB,"Advanced Micro Devices, Inc.",AMD,0000002488,"Advanced Micro Devices, Inc. expects gross margin non-GAAP of 49.5% for Q4 FY2021.",AMD expects non-GAAP gross margin to be approximately 49.5 percent in the fourth quarter 2021.,gross margin non-GAAP,49.5,49.5,percent,Q4 FY2021,2021-10-26,https://www.sec.gov/Archives/edgar/data/2488/000000248821000176/q32021991.htm,0000002488-21-000176,8-K,2021-10-26,2026-10-01T12:39:14Z,c14f78985d121647cc97265d4ad6c7fc3477510e726840efa392237b40dd1d57,AMD expects non-GAAP gross margin to be approximately 49.5 percent in the fourth quarter 2021.,50.0,2022-02-01,https://www.sec.gov/Archives/edgar/data/2488/000000248822000014/q421991amd.htm,0000002488-22-000014,8-K,2022-02-01,2026-10-01T12:39:16Z,0ace4b9674ea6727e7ce0e03c0fdcf882fdff17fdd519c13ae0ea05e53cc34fc,Gross margin % 50% 45% Up 560 bps 48% Up 190 bps,reported value differs from 49.5 by more than 0.5%,open,,,,,,,,,98,,2026-10-02,navneet,false,false,,false,false,false,,missed,sentence,Current Outlook,,,,,,,yes,"Excerpt states 'AMD expects non-GAAP gross margin to be approximately 49.5 percent in the fourth quarter 2021,' which matches the metric (non-GAAP gross margin), value (49.5%), and period (Q4 FY2021, ",,,,,,,,"{""aid_flag_note"": """", ""assumption.metric"": ""gross margin non-GAAP"", ""assumption.stated_at"": ""2021-10-26"", ""assumption.target_high"": ""49.5"", ""assumption.target_low"": ""49.5"", ""assumption.target_period"": ""Q4 FY2021"", ""assumption.text"": ""AMD expects non-GAAP gross margin to be approximately 49.5 percent in the fourth quarter 2021."", ""assumption.unit"": ""percent"", ""claim"": ""Advanced Micro Devices, Inc. expects gross margin non-GAAP of 49.5% for Q4 FY2021."", ""conflict"": ""false"", ""invalidation_condition"": ""reported value differs from 49.5 by more than 0.5%""}"
01FJWYB2000E4KNPYFPV7Z4A0J,"Advanced Micro Devices, Inc.",AMD,0000002488,"Advanced Micro Devices, Inc. expects gross margin non-GAAP of 48% for FY2021.",AMD expects non-GAAP gross margin to be approximately 48 percent for the full year 2021.,gross margin non-GAAP,48.0,48.0,percent,FY2021,2021-10-26,https://www.sec.gov/Archives/edgar/data/2488/000000248821000176/q32021991.htm,0000002488-21-000176,8-K,2021-10-26,2026-10-01T12:39:14Z,c14f78985d121647cc97265d4ad6c7fc3477510e726840efa392237b40dd1d57,AMD expects non-GAAP gross margin to be approximately 48 percent for the full year 2021.,,,,,,,,,,reported value differs from 48 by more than 0.5%,open,,,,,,,,,,,2026-10-02,navneet,false,false,,false,false,false,,unresolved,sentence,Current Outlook,,,,"multi-column, unconfirmed",,,yes,"Excerpt states 'non-GAAP gross margin to be approximately 48 percent for the full year 2021', matching the metric, value, and period exactly.",,,,,,,,"{""aid_flag_note"": """", ""assumption.metric"": ""gross margin non-GAAP"", ""assumption.stated_at"": ""2021-10-26"", ""assumption.target_high"": ""48.0"", ""assumption.target_low"": ""48.0"", ""assumption.target_period"": ""FY2021"", ""assumption.text"": ""AMD expects non-GAAP gross margin to be approximately 48 percent for the full year 2021."", ""assumption.unit"": ""percent"", ""claim"": ""Advanced Micro Devices, Inc. expects gross margin non-GAAP of 48% for FY2021."", ""conflict"": ""false"", ""invalidation_condition"": ""reported value differs from 48 by more than 0.5%""}"
01FJWYB2000CNAKS274S2BX5SN,"Advanced Micro Devices, Inc.",AMD,0000002488,"Advanced Micro Devices, Inc. expects tax rate of 15% for FY2021.","For fiscal 2021, AMD uses a projected non-GAAP tax rate of 15%, which excludes the tax impact of pre-tax non-GAAP adjustments, reflecting currently available information.",tax rate,15.0,15.0,percent,FY2021,2021-10-26,https://www.sec.gov/Archives/edgar/data/2488/000000248821000176/q32021991.htm,0000002488-21-000176,8-K,2021-10-26,2026-10-01T12:39:14Z,c14f78985d121647cc97265d4ad6c7fc3477510e726840efa392237b40dd1d57,"For fiscal 2021, AMD uses a projected non-GAAP tax rate of 15%, which excludes the tax impact of pre-tax non-GAAP adjustments, reflecting currently available information.",,,,,,,,,,reported value differs from 15 by more than 0.5%,open,,,,,,,,,,,2026-10-02,navneet,false,false,,false,false,false,,unresolved,sentence,,,,,the model found no line reporting that metric for that period,,,yes,"Excerpt states 'For fiscal 2021, AMD uses a projected non-GAAP tax rate of 15%' which matches the metric (tax rate), number (15%), and period (FY2021) exactly.",,,,,,,,"{""aid_flag_note"": """", ""assumption.metric"": ""tax rate"", ""assumption.stated_at"": ""2021-10-26"", ""assumption.target_high"": ""15.0"", ""assumption.target_low"": ""15.0"", ""assumption.target_period"": ""FY2021"", ""assumption.text"": ""For fiscal 2021, AMD uses a projected non-GAAP tax rate of 15%, which excludes the tax impact of pre-tax non-GAAP adjustments, reflecting currently available information."", ""assumption.unit"": ""percent"", ""claim"": ""Advanced Micro Devices, Inc. expects tax rate of 15% for FY2021."", ""conflict"": ""false"", ""invalidation_condition"": ""reported value differs from 15 by more than 0.5%""}"
01FTS99G00VMBH88VGFHDWCMP5,"Advanced Micro Devices, Inc.",AMD,0000002488,"Advanced Micro Devices, Inc. expects gross margin non-GAAP of 50.5% for Q1 FY2022.",AMD expects non-GAAP gross margin to be approximately 50.5 percent in the first quarter of 2022.,gross margin non-GAAP,50.5,50.5,percent,Q1 FY2022,2022-02-01,https://www.sec.gov/Archives/edgar/data/2488/000000248822000014/q421991amd.htm,0000002488-22-000014,8-K,2022-02-01,2026-10-01T12:39:16Z,0ace4b9674ea6727e7ce0e03c0fdcf882fdff17fdd519c13ae0ea05e53cc34fc,AMD expects non-GAAP gross margin to be approximately 50.5 percent in the first quarter of 2022.,53.0,2022-05-03,https://www.sec.gov/Archives/edgar/data/2488/000000248822000074/q12022991.htm,0000002488-22-000074,8-K,2022-05-03,2026-10-01T12:39:19Z,6b9bed28446b55ca73bc748acf1484d673feeda1f691d94b13ef03984af0eda9,"On a non-GAAP(*) basis, gross margin was 53%, operating income was $1.8 billion, net income was $1.6 billion and diluted earnings per share was $1.13.",reported value differs from 50.5 by more than 0.5%,open,,,,,,,,,91,,2026-10-02,navneet,false,false,,false,false,false,,missed,sentence,Current Outlook,,,,,,,yes,"Excerpt states 'non-GAAP gross margin to be approximately 50.5 percent in the first quarter of 2022', which matches the metric (gross margin non-GAAP), value (50.5%), and period (Q1 FY2022, since AMD'",,,,,,,,"{""aid_flag_note"": """", ""assumption.metric"": ""gross margin non-GAAP"", ""assumption.stated_at"": ""2022-02-01"", ""assumption.target_high"": ""50.5"", ""assumption.target_low"": ""50.5"", ""assumption.target_period"": ""Q1 FY2022"", ""assumption.text"": ""AMD expects non-GAAP gross margin to be approximately 50.5 percent in the first quarter of 2022."", ""assumption.unit"": ""percent"", ""claim"": ""Advanced Micro Devices, Inc. expects gross margin non-GAAP of 50.5% for Q1 FY2022."", ""conflict"": ""false"", ""invalidation_condition"": ""reported value differs from 50.5 by more than 0.5%""}"
01FTS99G008ZTQSA45ZF754P28,"Advanced Micro Devices, Inc.",AMD,0000002488,"Advanced Micro Devices, Inc. expects gross margin non-GAAP of 51% for FY2022.",AMD expects non-GAAP gross margin to be approximately 51 percent for 2022.,gross margin non-GAAP,51.0,51.0,percent,FY2022,2022-02-01,https://www.sec.gov/Archives/edgar/data/2488/000000248822000014/q421991amd.htm,0000002488-22-000014,8-K,2022-02-01,2026-10-01T12:39:16Z,0ace4b9674ea6727e7ce0e03c0fdcf882fdff17fdd519c13ae0ea05e53cc34fc,AMD expects non-GAAP gross margin to be approximately 51 percent for 2022.,52.0,2023-01-31,https://www.sec.gov/Archives/edgar/data/2488/000000248823000007/q42022991final.htm,0000002488-23-000007,8-K,2023-01-31,2026-10-01T12:39:27Z,803f6ac253f6d004458d35766f70704beda4c6df8849bb631389127cb4eab486,"On a non-GAAP(*) basis, gross margin was 52%, operating income was $6.3 billion, net income was $5.5 billion and diluted earnings per share was $3.50.",reported value differs from 51 by more than 0.5%,open,,,,,,,,,364,,2026-10-02,navneet,false,false,,false,false,false,,missed,sentence,Current Outlook,,,,,,,yes,"Excerpt states 'non-GAAP gross margin to be approximately 51 percent for 2022', which matches the metric (gross margin non-GAAP), value (51%), and period (FY2022, since AMD's fiscal year ends in Decem",,,,,,,,"{""aid_flag_note"": """", ""assumption.metric"": ""gross margin non-GAAP"", ""assumption.stated_at"": ""2022-02-01"", ""assumption.target_high"": ""51.0"", ""assumption.target_low"": ""51.0"", ""assumption.target_period"": ""FY2022"", ""assumption.text"": ""AMD expects non-GAAP gross margin to be approximately 51 percent for 2022."", ""assumption.unit"": ""percent"", ""claim"": ""Advanced Micro Devices, Inc. expects gross margin non-GAAP of 51% for FY2022."", ""conflict"": ""false"", ""invalidation_condition"": ""reported value differs from 51 by more than 0.5%""}"
01G23KEX00VJ8Y2E8WZV9AJXXH,"Advanced Micro Devices, Inc.",AMD,0000002488,"Advanced Micro Devices, Inc. expects gross margin non-GAAP of 54% for Q2 FY2022.",AMD expects non-GAAP gross margin to be approximately 54% in the second quarter of 2022.,gross margin non-GAAP,54.0,54.0,percent,Q2 FY2022,2022-05-03,https://www.sec.gov/Archives/edgar/data/2488/000000248822000074/q12022991.htm,0000002488-22-000074,8-K,2022-05-03,2026-10-01T12:39:19Z,6b9bed28446b55ca73bc748acf1484d673feeda1f691d94b13ef03984af0eda9,AMD expects non-GAAP gross margin to be approximately 54% in the second quarter of 2022.,54.0,2022-08-02,https://www.sec.gov/Archives/edgar/data/2488/000000248822000120/q22022991.htm,0000002488-22-000120,8-K,2022-08-02,2026-10-01T12:39:22Z,41926cdbda3679fbe07df1161ef54df140bf7e6d6812460598950d0a54bfab63,"On a non-GAAP(*) basis, gross margin was 54%, operating income was $2.0 billion, operating margin was 30%, net income was $1.7 billion and diluted earnings per share was $1.05.",reported value differs from 54 by more than 0.5%,open,,,,,,,,,91,,2026-10-02,navneet,false,false,,false,false,false,,met,sentence,Current Outlook,,,,,,,yes,"Excerpt states 'non-GAAP gross margin to be approximately 54% in the second quarter of 2022', which matches the metric (gross margin non-GAAP), value (54%), and period (Q2 FY2022, since AMD's fiscal y",,,,,,,,"{""aid_flag_note"": """", ""assumption.metric"": ""gross margin non-GAAP"", ""assumption.stated_at"": ""2022-05-03"", ""assumption.target_high"": ""54.0"", ""assumption.target_low"": ""54.0"", ""assumption.target_period"": ""Q2 FY2022"", ""assumption.text"": ""AMD expects non-GAAP gross margin to be approximately 54% in the second quarter of 2022."", ""assumption.unit"": ""percent"", ""claim"": ""Advanced Micro Devices, Inc. expects gross margin non-GAAP of 54% for Q2 FY2022."", ""conflict"": ""false"", ""invalidation_condition"": ""reported value differs from 54 by more than 0.5%""}"
01G23KEX00A03B06RHFY2N7C9G,"Advanced Micro Devices, Inc.",AMD,0000002488,"Advanced Micro Devices, Inc. expects gross margin non-GAAP of 54% for FY2022.","AMD expects non-GAAP gross margin to be approximately 54% for 2022, up from prior guidance of approximately 51%.",gross margin non-GAAP,54.0,54.0,percent,FY2022,2022-05-03,https://www.sec.gov/Archives/edgar/data/2488/000000248822000074/q12022991.htm,0000002488-22-000074,8-K,2022-05-03,2026-10-01T12:39:19Z,6b9bed28446b55ca73bc748acf1484d673feeda1f691d94b13ef03984af0eda9,"AMD expects non-GAAP gross margin to be approximately 54% for 2022, up from prior guidance of approximately 51%.",52.0,2023-01-31,https://www.sec.gov/Archives/edgar/data/2488/000000248823000007/q42022991final.htm,0000002488-23-000007,8-K,2023-01-31,2026-10-01T12:39:27Z,803f6ac253f6d004458d35766f70704beda4c6df8849bb631389127cb4eab486,"On a non-GAAP(*) basis, gross margin was 52%, operating income was $6.3 billion, net income was $5.5 billion and diluted earnings per share was $3.50.",reported value differs from 54 by more than 0.5%,open,,,,,,,,,273,,2026-10-02,navneet,false,false,,false,false,false,,missed,sentence,,,,,,,,yes,"Excerpt states 'AMD expects non-GAAP gross margin to be approximately 54% for 2022', which matches the metric (gross margin non-GAAP), number (54%), and period (FY2022, which ends in December of calen",,,,,,,,"{""aid_flag_note"": """", ""assumption.metric"": ""gross margin non-GAAP"", ""assumption.stated_at"": ""2022-05-03"", ""assumption.target_high"": ""54.0"", ""assumption.target_low"": ""54.0"", ""assumption.target_period"": ""FY2022"", ""assumption.text"": ""AMD expects non-GAAP gross margin to be approximately 54% for 2022, up from prior guidance of approximately 51%."", ""assumption.unit"": ""percent"", ""claim"": ""Advanced Micro Devices, Inc. expects gross margin non-GAAP of 54% for FY2022."", ""conflict"": ""false"", ""invalidation_condition"": ""reported value differs from 54 by more than 0.5%""}"
01G23KEX00JMD1ZC6E3PM13PFC,"Advanced Micro Devices, Inc.",AMD,0000002488,"Advanced Micro Devices, Inc. expects tax rate of 13% for FY2022.","For fiscal 2022, AMD uses a projected non-GAAP tax rate of 13%, which excludes the tax impact of pre-tax non-GAAP adjustments, reflecting currently available information.",tax rate,13.0,13.0,percent,FY2022,2022-05-03,https://www.sec.gov/Archives/edgar/data/2488/000000248822000074/q12022991.htm,0000002488-22-000074,8-K,2022-05-03,2026-10-01T12:39:19Z,6b9bed28446b55ca73bc748acf1484d673feeda1f691d94b13ef03984af0eda9,"For fiscal 2022, AMD uses a projected non-GAAP tax rate of 13%, which excludes the tax impact of pre-tax non-GAAP adjustments, reflecting currently available information.",,,,,,,,,,reported value differs from 13 by more than 0.5%,open,,,,,,,,,,,2026-10-02,navneet,false,false,,false,false,false,,unresolved,sentence,,,,,the model found no line reporting that metric for that period,,,yes,"Excerpt states 'For fiscal 2022, AMD uses a projected non-GAAP tax rate of 13%' which matches the metric (tax rate), number (13%), and period (FY2022) exactly.",,,,,,,,"{""aid_flag_note"": """", ""assumption.metric"": ""tax rate"", ""assumption.stated_at"": ""2022-05-03"", ""assumption.target_high"": ""13.0"", ""assumption.target_low"": ""13.0"", ""assumption.target_period"": ""FY2022"", ""assumption.text"": ""For fiscal 2022, AMD uses a projected non-GAAP tax rate of 13%, which excludes the tax impact of pre-tax non-GAAP adjustments, reflecting currently available information."", ""assumption.unit"": ""percent"", ""claim"": ""Advanced Micro Devices, Inc. expects tax rate of 13% for FY2022."", ""conflict"": ""false"", ""invalidation_condition"": ""reported value differs from 13 by more than 0.5%""}"
01G9DXMA00GXCQ428B0RQ3P0RG,"Advanced Micro Devices, Inc.",AMD,0000002488,"Advanced Micro Devices, Inc. expects gross margin non-GAAP of 54% for Q3 FY2022.",AMD expects non-GAAP gross margin to be approximately 54% in the third quarter of 2022.,gross margin non-GAAP,54.0,54.0,percent,Q3 FY2022,2022-08-02,https://www.sec.gov/Archives/edgar/data/2488/000000248822000120/q22022991.htm,0000002488-22-000120,8-K,2022-08-02,2026-10-01T12:39:22Z,41926cdbda3679fbe07df1161ef54df140bf7e6d6812460598950d0a54bfab63,AMD expects non-GAAP gross margin to be approximately 54% in the third quarter of 2022.,50.0,2022-11-01,https://www.sec.gov/Archives/edgar/data/2488/000000248822000168/q32022991.htm,0000002488-22-000168,8-K,2022-11-01,2026-10-01T12:39:24Z,33f2cbf88e25cf3b45aa938f6f3e7cdb165cbea6a6fb78539cf24c7bb6028049,"On a non-GAAP(*) basis, gross margin was 50%, operating income was $1.3 billion, net income was $1.1 billion and diluted earnings per share was $0.67.",reported value differs from 54 by more than 0.5%,open,,,,,,,,,91,,2026-10-02,navneet,false,false,,false,false,false,,missed,sentence,Current Outlook,,,,,,,yes,"Excerpt states 'non-GAAP gross margin to be approximately 54% in the third quarter of 2022', which matches the metric (gross margin non-GAAP), value (54%), and period (Q3 FY2022, since AMD's fiscal ye",,,,,,,,"{""aid_flag_note"": """", ""assumption.metric"": ""gross margin non-GAAP"", ""assumption.stated_at"": ""2022-08-02"", ""assumption.target_high"": ""54.0"", ""assumption.target_low"": ""54.0"", ""assumption.target_period"": ""Q3 FY2022"", ""assumption.text"": ""AMD expects non-GAAP gross margin to be approximately 54% in the third quarter of 2022."", ""assumption.unit"": ""percent"", ""claim"": ""Advanced Micro Devices, Inc. expects gross margin non-GAAP of 54% for Q3 FY2022."", ""conflict"": ""false"", ""invalidation_condition"": ""reported value differs from 54 by more than 0.5%""}"
01G9DXMA00Y4YR0GTSC4JHW256,"Advanced Micro Devices, Inc.",AMD,0000002488,"Advanced Micro Devices, Inc. expects gross margin non-GAAP of 54% for FY2022.",AMD continues to expect non-GAAP gross margin to be approximately 54% for 2022.,gross margin non-GAAP,54.0,54.0,percent,FY2022,2022-08-02,https://www.sec.gov/Archives/edgar/data/2488/000000248822000120/q22022991.htm,0000002488-22-000120,8-K,2022-08-02,2026-10-01T12:39:22Z,41926cdbda3679fbe07df1161ef54df140bf7e6d6812460598950d0a54bfab63,AMD continues to expect non-GAAP gross margin to be approximately 54% for 2022.,52.0,2023-01-31,https://www.sec.gov/Archives/edgar/data/2488/000000248823000007/q42022991final.htm,0000002488-23-000007,8-K,2023-01-31,2026-10-01T12:39:27Z,803f6ac253f6d004458d35766f70704beda4c6df8849bb631389127cb4eab486,"On a non-GAAP(*) basis, gross margin was 52%, operating income was $6.3 billion, net income was $5.5 billion and diluted earnings per share was $3.50.",reported value differs from 54 by more than 0.5%,open,,,,,,,,,182,,2026-10-02,navneet,false,false,,false,false,false,,missed,sentence,Current Outlook,,,,,,,yes,"Excerpt states 'non-GAAP gross margin to be approximately 54% for 2022', which matches the metric (gross margin non-GAAP), value (54%), and period (FY2022, since AMD's fiscal year ends in December and",,,,,,,,"{""aid_flag_note"": """", ""assumption.metric"": ""gross margin non-GAAP"", ""assumption.stated_at"": ""2022-08-02"", ""assumption.target_high"": ""54.0"", ""assumption.target_low"": ""54.0"", ""assumption.target_period"": ""FY2022"", ""assumption.text"": ""AMD continues to expect non-GAAP gross margin to be approximately 54% for 2022."", ""assumption.unit"": ""percent"", ""claim"": ""Advanced Micro Devices, Inc. expects gross margin non-GAAP of 54% for FY2022."", ""conflict"": ""false"", ""invalidation_condition"": ""reported value differs from 54 by more than 0.5%""}"
01G9DXMA00D8FTD0AF6HMA96YP,"Advanced Micro Devices, Inc.",AMD,0000002488,"Advanced Micro Devices, Inc. expects tax rate of 13% for FY2022.","For fiscal 2022, AMD uses a projected non-GAAP tax rate of 13%, which excludes the tax impact of pre-tax non-GAAP adjustments, reflecting currently available information.",tax rate,13.0,13.0,percent,FY2022,2022-08-02,https://www.sec.gov/Archives/edgar/data/2488/000000248822000120/q22022991.htm,0000002488-22-000120,8-K,2022-08-02,2026-10-01T12:39:22Z,41926cdbda3679fbe07df1161ef54df140bf7e6d6812460598950d0a54bfab63,"For fiscal 2022, AMD uses a projected non-GAAP tax rate of 13%, which excludes the tax impact of pre-tax non-GAAP adjustments, reflecting currently available information.",,,,,,,,,,reported value differs from 13 by more than 0.5%,open,,,,,,,,,,,2026-10-02,navneet,false,false,,false,false,false,,unresolved,sentence,,,,,the model found no line reporting that metric for that period,,,yes,"Excerpt states 'For fiscal 2022, AMD uses a projected non-GAAP tax rate of 13%' which matches the metric (tax rate), number (13%), and period (FY2022) exactly.",,,,,,,,"{""aid_flag_note"": """", ""assumption.metric"": ""tax rate"", ""assumption.stated_at"": ""2022-08-02"", ""assumption.target_high"": ""13.0"", ""assumption.target_low"": ""13.0"", ""assumption.target_period"": ""FY2022"", ""assumption.text"": ""For fiscal 2022, AMD uses a projected non-GAAP tax rate of 13%, which excludes the tax impact of pre-tax non-GAAP adjustments, reflecting currently available information."", ""assumption.unit"": ""percent"", ""claim"": ""Advanced Micro Devices, Inc. expects tax rate of 13% for FY2022."", ""conflict"": ""false"", ""invalidation_condition"": ""reported value differs from 13 by more than 0.5%""}"
01GEN9F100GZ7J9QYMS2DSY5A1,"Advanced Micro Devices, Inc.",AMD,0000002488,"Advanced Micro Devices, Inc. expects gross margin GAAP of 42% for Q3 FY2022.",Gross margin is expected to be approximately 42% and non-GAAP(*) gross margin is expected to be approximately 50%.,gross margin GAAP,42.0,42.0,percent,Q3 FY2022,2022-10-06,https://www.sec.gov/Archives/edgar/data/2488/000000248822000163/q322earnings_prelimxfina.htm,0000002488-22-000163,8-K,2022-10-06,2026-10-01T12:39:24Z,c71d7178784b20de6590a640e579a86a563a685658ec745088b39a721b88c4cd,Gross margin is expected to be approximately 42% and non-GAAP(*) gross margin is expected to be approximately 50%.,42.0,2022-11-01,https://www.sec.gov/Archives/edgar/data/2488/000000248822000168/q32022991.htm,0000002488-22-000168,8-K,2022-11-01,2026-10-01T12:39:24Z,33f2cbf88e25cf3b45aa938f6f3e7cdb165cbea6a6fb78539cf24c7bb6028049,"― Nov. 1, 2022 ― AMD (NASDAQ:AMD) today announced revenue for the third quarter of 2022 of $5.6 billion, gross margin of 42%, operating loss of $64 million, net income of $66 million and diluted earnings per share of $0.04.",reported value differs from 42 by more than 0.5%,open,,,,,,,,,26,,2026-10-02,navneet,false,false,,false,false,false,,met,sentence,,,,,,period closes before stated; likely next quarter,,yes,Excerpt states 'Gross margin is expected to be approximately 42%' which matches the GAAP gross margin guidance of 42% for the period.,,"CHECK: Q3 FY2022 closed before this was stated; likely Q4 FY2022, the next fiscal period. Check the filing, correct the period by hand if so",,,,,,"{""aid_flag_note"": ""period closes before stated; likely next quarter"", ""assumption.metric"": ""gross margin GAAP"", ""assumption.stated_at"": ""2022-10-06"", ""assumption.target_high"": ""42.0"", ""assumption.target_low"": ""42.0"", ""assumption.target_period"": ""Q3 FY2022"", ""assumption.text"": ""Gross margin is expected to be approximately 42% and non-GAAP(*) gross margin is expected to be approximately 50%."", ""assumption.unit"": ""percent"", ""claim"": ""Advanced Micro Devices, Inc. expects gross margin GAAP of 42% for Q3 FY2022."", ""conflict"": ""false"", ""invalidation_condition"": ""reported value differs from 42 by more than 0.5%""}"
01GEN9F100P8BYZPB0QKJTXNGF,"Advanced Micro Devices, Inc.",AMD,0000002488,"Advanced Micro Devices, Inc. expects gross margin non-GAAP of 50% for Q3 FY2022.",Gross margin is expected to be approximately 42% and non-GAAP(*) gross margin is expected to be approximately 50%.,gross margin non-GAAP,50.0,50.0,percent,Q3 FY2022,2022-10-06,https://www.sec.gov/Archives/edgar/data/2488/000000248822000163/q322earnings_prelimxfina.htm,0000002488-22-000163,8-K,2022-10-06,2026-10-01T12:39:24Z,c71d7178784b20de6590a640e579a86a563a685658ec745088b39a721b88c4cd,Gross margin is expected to be approximately 42% and non-GAAP(*) gross margin is expected to be approximately 50%.,50.0,2022-11-01,https://www.sec.gov/Archives/edgar/data/2488/000000248822000168/q32022991.htm,0000002488-22-000168,8-K,2022-11-01,2026-10-01T12:39:24Z,33f2cbf88e25cf3b45aa938f6f3e7cdb165cbea6a6fb78539cf24c7bb6028049,"On a non-GAAP(*) basis, gross margin was 50%, operating income was $1.3 billion, net income was $1.1 billion and diluted earnings per share was $0.67.",reported value differs from 50 by more than 0.5%,open,,,,,,,,,26,,2026-10-02,navneet,false,false,,false,false,false,,met,sentence,,,,,,period closes before stated; likely next quarter,,yes,"Excerpt states 'non-GAAP(*) gross margin is expected to be approximately 50%' which matches the claimed metric, value, and unit exactly.",,"CHECK: Q3 FY2022 closed before this was stated; likely Q4 FY2022, the next fiscal period. Check the filing, correct the period by hand if so",,,,,,"{""aid_flag_note"": ""period closes before stated; likely next quarter"", ""assumption.metric"": ""gross margin non-GAAP"", ""assumption.stated_at"": ""2022-10-06"", ""assumption.target_high"": ""50.0"", ""assumption.target_low"": ""50.0"", ""assumption.target_period"": ""Q3 FY2022"", ""assumption.text"": ""Gross margin is expected to be approximately 42% and non-GAAP(*) gross margin is expected to be approximately 50%."", ""assumption.unit"": ""percent"", ""claim"": ""Advanced Micro Devices, Inc. expects gross margin non-GAAP of 50% for Q3 FY2022."", ""conflict"": ""false"", ""invalidation_condition"": ""reported value differs from 50 by more than 0.5%""}"
01GEN9F1003H2187FB3TF96GWW,"Advanced Micro Devices, Inc.",AMD,0000002488,"Advanced Micro Devices, Inc. expects operating expenses GAAP of $2.4 billion for Q3 FY2022.",Third quarter operating expenses are expected to be approximately $2.4 billion and non- GAAP operating expenses are expected to be approximately $1.5 billion.,operating expenses GAAP,2.4,2.4,USD billions,Q3 FY2022,2022-10-06,https://www.sec.gov/Archives/edgar/data/2488/000000248822000163/q322earnings_prelimxfina.htm,0000002488-22-000163,8-K,2022-10-06,2026-10-01T12:39:24Z,c71d7178784b20de6590a640e579a86a563a685658ec745088b39a721b88c4cd,Third quarter operating expenses are expected to be approximately $2.4 billion and non- GAAP operating expenses are expected to be approximately $1.5 billion.,2.426,2022-11-01,https://www.sec.gov/Archives/edgar/data/2488/000000248822000168/q32022991.htm,0000002488-22-000168,8-K,2022-11-01,2026-10-01T12:39:24Z,33f2cbf88e25cf3b45aa938f6f3e7cdb165cbea6a6fb78539cf24c7bb6028049,"Operating expenses ($M) $2,426 $1,141 Up 113%",reported value differs from 2.4 by more than 0.5%,open,,,,,,,,,26,,2026-10-02,navneet,false,false,,false,false,false,,missed,sentence,,,,,,period closes before stated; likely next quarter,,yes,Excerpt states 'Third quarter operating expenses are expected to be approximately $2.4 billion' which matches the GAAP operating expenses guidance of $2.4 billion for Q3 FY2022.,,"CHECK: Q3 FY2022 closed before this was stated; likely Q4 FY2022, the next fiscal period. Check the filing, correct the period by hand if so",,,,,,"{""aid_flag_note"": ""period closes before stated; likely next quarter"", ""assumption.metric"": ""operating expenses GAAP"", ""assumption.stated_at"": ""2022-10-06"", ""assumption.target_high"": ""2.4"", ""assumption.target_low"": ""2.4"", ""assumption.target_period"": ""Q3 FY2022"", ""assumption.text"": ""Third quarter operating expenses are expected to be approximately $2.4 billion and non- GAAP operating expenses are expected to be approximately $1.5 billion."", ""assumption.unit"": ""USD billions"", ""claim"": ""Advanced Micro Devices, Inc. expects operating expenses GAAP of $2.4 billion for Q3 FY2022."", ""conflict"": ""false"", ""invalidation_condition"": ""reported value differs from 2.4 by more than 0.5%""}"
01GEN9F100Y7K8NKG7D3S4VET0,"Advanced Micro Devices, Inc.",AMD,0000002488,"Advanced Micro Devices, Inc. expects operating expenses non-GAAP of $1.5 billion for Q3 FY2022.",Third quarter operating expenses are expected to be approximately $2.4 billion and non- GAAP operating expenses are expected to be approximately $1.5 billion.,operating expenses non-GAAP,1.5,1.5,USD billions,Q3 FY2022,2022-10-06,https://www.sec.gov/Archives/edgar/data/2488/000000248822000163/q322earnings_prelimxfina.htm,0000002488-22-000163,8-K,2022-10-06,2026-10-01T12:39:24Z,c71d7178784b20de6590a640e579a86a563a685658ec745088b39a721b88c4cd,Third quarter operating expenses are expected to be approximately $2.4 billion and non- GAAP operating expenses are expected to be approximately $1.5 billion.,1.52,2022-11-01,https://www.sec.gov/Archives/edgar/data/2488/000000248822000168/q32022991.htm,0000002488-22-000168,8-K,2022-11-01,2026-10-01T12:39:24Z,33f2cbf88e25cf3b45aa938f6f3e7cdb165cbea6a6fb78539cf24c7bb6028049,"Operating expenses ($M) $1,520 $1,035 Up 47%",reported value differs from 1.5 by more than 0.5%,open,,,,,,,,,26,,2026-10-02,navneet,false,false,,false,false,false,,missed,sentence,,,,,,period closes before stated; likely next quarter,,yes,"Excerpt states 'non-GAAP operating expenses are expected to be approximately $1.5 billion' for third quarter, which matches the guidance claim exactly.",,"CHECK: Q3 FY2022 closed before this was stated; likely Q4 FY2022, the next fiscal period. Check the filing, correct the period by hand if so",,,,,,"{""aid_flag_note"": ""period closes before stated; likely next quarter"", ""assumption.metric"": ""operating expenses non-GAAP"", ""assumption.stated_at"": ""2022-10-06"", ""assumption.target_high"": ""1.5"", ""assumption.target_low"": ""1.5"", ""assumption.target_period"": ""Q3 FY2022"", ""assumption.text"": ""Third quarter operating expenses are expected to be approximately $2.4 billion and non- GAAP operating expenses are expected to be approximately $1.5 billion."", ""assumption.unit"": ""USD billions"", ""claim"": ""Advanced Micro Devices, Inc. expects operating expenses non-GAAP of $1.5 billion for Q3 FY2022."", ""conflict"": ""false"", ""invalidation_condition"": ""reported value differs from 1.5 by more than 0.5%""}"
01GEN9F1004EHR6TAN7FFTDK1Z,"Advanced Micro Devices, Inc.",AMD,0000002488,"Advanced Micro Devices, Inc. expects tax rate of 13% for FY2022.","For fiscal 2022, AMD uses a projected non-GAAP tax rate of 13%, which excludes the tax impact of pre-tax non-GAAP adjustments, reflecting currently available information.",tax rate,13.0,13.0,percent,FY2022,2022-10-06,https://www.sec.gov/Archives/edgar/data/2488/000000248822000163/q322earnings_prelimxfina.htm,0000002488-22-000163,8-K,2022-10-06,2026-10-01T12:39:24Z,c71d7178784b20de6590a640e579a86a563a685658ec745088b39a721b88c4cd,"For fiscal 2022, AMD uses a projected non-GAAP tax rate of 13%, which excludes the tax impact of pre-tax non-GAAP adjustments, reflecting currently available information.",,,,,,,,,,reported value differs from 13 by more than 0.5%,open,,,,,,,,,,,2026-10-02,navneet,false,false,,false,false,false,,unresolved,sentence,,,,,the model found no line reporting that metric for that period,,,yes,"Excerpt states 'For fiscal 2022, AMD uses a projected non-GAAP tax rate of 13%' which matches the metric (tax rate), number (13%), and period (FY2022) exactly.",,,,,,,,"{""aid_flag_note"": """", ""assumption.metric"": ""tax rate"", ""assumption.stated_at"": ""2022-10-06"", ""assumption.target_high"": ""13.0"", ""assumption.target_low"": ""13.0"", ""assumption.target_period"": ""FY2022"", ""assumption.text"": ""For fiscal 2022, AMD uses a projected non-GAAP tax rate of 13%, which excludes the tax impact of pre-tax non-GAAP adjustments, reflecting currently available information."", ""assumption.unit"": ""percent"", ""claim"": ""Advanced Micro Devices, Inc. expects tax rate of 13% for FY2022."", ""conflict"": ""false"", ""invalidation_condition"": ""reported value differs from 13 by more than 0.5%""}"
01GGR7SQ00SC5FV57HNRKYVCB8,"Advanced Micro Devices, Inc.",AMD,0000002488,"Advanced Micro Devices, Inc. expects gross margin non-GAAP of 51% for Q4 FY2022.",AMD expects non-GAAP gross margin to be approximately 51% in the fourth quarter of 2022.,gross margin non-GAAP,51.0,51.0,percent,Q4 FY2022,2022-11-01,https://www.sec.gov/Archives/edgar/data/2488/000000248822000168/q32022991.htm,0000002488-22-000168,8-K,2022-11-01,2026-10-01T12:39:24Z,33f2cbf88e25cf3b45aa938f6f3e7cdb165cbea6a6fb78539cf24c7bb6028049,AMD expects non-GAAP gross margin to be approximately 51% in the fourth quarter of 2022.,51.0,2023-01-31,https://www.sec.gov/Archives/edgar/data/2488/000000248823000007/q42022991final.htm,0000002488-23-000007,8-K,2023-01-31,2026-10-01T12:39:27Z,803f6ac253f6d004458d35766f70704beda4c6df8849bb631389127cb4eab486,"On a non-GAAP(*) basis, gross margin was 51%, operating income was $1.3 billion, net income was $1.1 billion and diluted earnings per share was $0.69.",reported value differs from 51 by more than 0.5%,open,,,,,,,,,91,,2026-10-02,navneet,false,false,,false,false,false,,met,sentence,Current Outlook,•Adoption of AMD data center solutions continues to grow among key customers and partners:,,,,,,yes,"Excerpt states 'non-GAAP gross margin to be approximately 51% in the fourth quarter of 2022', which matches the metric (gross margin non-GAAP), value (51%), and period (Q4 FY2022, since AMD's fiscal y",,,,,,,,"{""aid_flag_note"": """", ""assumption.metric"": ""gross margin non-GAAP"", ""assumption.stated_at"": ""2022-11-01"", ""assumption.target_high"": ""51.0"", ""assumption.target_low"": ""51.0"", ""assumption.target_period"": ""Q4 FY2022"", ""assumption.text"": ""AMD expects non-GAAP gross margin to be approximately 51% in the fourth quarter of 2022."", ""assumption.unit"": ""percent"", ""claim"": ""Advanced Micro Devices, Inc. expects gross margin non-GAAP of 51% for Q4 FY2022."", ""conflict"": ""false"", ""invalidation_condition"": ""reported value differs from 51 by more than 0.5%""}"
01GGR7SQ00VAFNBB61DWGZVBTA,"Advanced Micro Devices, Inc.",AMD,0000002488,"Advanced Micro Devices, Inc. expects gross margin non-GAAP of 52% for FY2022.",AMD expects non-GAAP gross margin to be approximately 52% for 2022.,gross margin non-GAAP,52.0,52.0,percent,FY2022,2022-11-01,https://www.sec.gov/Archives/edgar/data/2488/000000248822000168/q32022991.htm,0000002488-22-000168,8-K,2022-11-01,2026-10-01T12:39:24Z,33f2cbf88e25cf3b45aa938f6f3e7cdb165cbea6a6fb78539cf24c7bb6028049,AMD expects non-GAAP gross margin to be approximately 52% for 2022.,52.0,2023-01-31,https://www.sec.gov/Archives/edgar/data/2488/000000248823000007/q42022991final.htm,0000002488-23-000007,8-K,2023-01-31,2026-10-01T12:39:27Z,803f6ac253f6d004458d35766f70704beda4c6df8849bb631389127cb4eab486,"On a non-GAAP(*) basis, gross margin was 52%, operating income was $6.3 billion, net income was $5.5 billion and diluted earnings per share was $3.50.",reported value differs from 52 by more than 0.5%,open,,,,,,,,,91,,2026-10-02,navneet,false,false,,false,false,false,,met,sentence,Current Outlook,•Adoption of AMD data center solutions continues to grow among key customers and partners:,,,,,,yes,"Excerpt states 'AMD expects non-GAAP gross margin to be approximately 52% for 2022', which matches the metric (gross margin non-GAAP), value (52%), and period (FY2022, since AMD's fiscal year ends in ",,,,,,,,"{""aid_flag_note"": """", ""assumption.metric"": ""gross margin non-GAAP"", ""assumption.stated_at"": ""2022-11-01"", ""assumption.target_high"": ""52.0"", ""assumption.target_low"": ""52.0"", ""assumption.target_period"": ""FY2022"", ""assumption.text"": ""AMD expects non-GAAP gross margin to be approximately 52% for 2022."", ""assumption.unit"": ""percent"", ""claim"": ""Advanced Micro Devices, Inc. expects gross margin non-GAAP of 52% for FY2022."", ""conflict"": ""false"", ""invalidation_condition"": ""reported value differs from 52 by more than 0.5%""}"
01GGR7SQ005QQXNWMSR015X4RY,"Advanced Micro Devices, Inc.",AMD,0000002488,"Advanced Micro Devices, Inc. expects tax rate of 13% for FY2022.","For fiscal 2022, AMD uses a projected non-GAAP tax rate of 13%, which excludes the tax impact of pre-tax non-GAAP adjustments, reflecting currently available information.",tax rate,13.0,13.0,percent,FY2022,2022-11-01,https://www.sec.gov/Archives/edgar/data/2488/000000248822000168/q32022991.htm,0000002488-22-000168,8-K,2022-11-01,2026-10-01T12:39:24Z,33f2cbf88e25cf3b45aa938f6f3e7cdb165cbea6a6fb78539cf24c7bb6028049,"For fiscal 2022, AMD uses a projected non-GAAP tax rate of 13%, which excludes the tax impact of pre-tax non-GAAP adjustments, reflecting currently available information.",,,,,,,,,,reported value differs from 13 by more than 0.5%,open,,,,,,,,,,,2026-10-02,navneet,false,false,,false,false,false,,unresolved,sentence,,,,,the model found no line reporting that metric for that period,,,yes,"Excerpt states 'For fiscal 2022, AMD uses a projected non-GAAP tax rate of 13%' which matches the metric (tax rate), number (13%), and period (FY2022) exactly.",,,,,,,,"{""aid_flag_note"": """", ""assumption.metric"": ""tax rate"", ""assumption.stated_at"": ""2022-11-01"", ""assumption.target_high"": ""13.0"", ""assumption.target_low"": ""13.0"", ""assumption.target_period"": ""FY2022"", ""assumption.text"": ""For fiscal 2022, AMD uses a projected non-GAAP tax rate of 13%, which excludes the tax impact of pre-tax non-GAAP adjustments, reflecting currently available information."", ""assumption.unit"": ""percent"", ""claim"": ""Advanced Micro Devices, Inc. expects tax rate of 13% for FY2022."", ""conflict"": ""false"", ""invalidation_condition"": ""reported value differs from 13 by more than 0.5%""}"
01GR2HZ40095VWFZTY2MTS6KMD,"Advanced Micro Devices, Inc.",AMD,0000002488,"Advanced Micro Devices, Inc. expects gross margin non-GAAP of 50% for Q1 FY2023.",AMD expects non-GAAP gross margin to be approximately 50% in the first quarter of 2023.,gross margin non-GAAP,50.0,50.0,percent,Q1 FY2023,2023-01-31,https://www.sec.gov/Archives/edgar/data/2488/000000248823000007/q42022991final.htm,0000002488-23-000007,8-K,2023-01-31,2026-10-01T12:39:27Z,803f6ac253f6d004458d35766f70704beda4c6df8849bb631389127cb4eab486,AMD expects non-GAAP gross margin to be approximately 50% in the first quarter of 2023.,50.0,2023-05-02,https://www.sec.gov/Archives/edgar/data/2488/000000248823000074/q12023991.htm,0000002488-23-000074,8-K,2023-05-02,2026-10-01T12:39:29Z,1b0fc6140389515a03d5be4492950e576e4407418211148c96446423b32a9a91,"On a non-GAAP(*) basis, gross margin was 50%, operating income was $1.1 billion, net income was $970 million and diluted earnings per share was $0.60.",reported value differs from 50 by more than 0.5%,open,,,,,,,,,91,,2026-10-02,navneet,false,false,,false,false,false,,met,sentence,Current Outlook,,,,,,,yes,"Excerpt states 'non-GAAP gross margin to be approximately 50% in the first quarter of 2023', which matches the metric (gross margin non-GAAP), value (50%), and period (Q1 FY2023, since AMD's fiscal ye",,,,,,,,"{""aid_flag_note"": """", ""assumption.metric"": ""gross margin non-GAAP"", ""assumption.stated_at"": ""2023-01-31"", ""assumption.target_high"": ""50.0"", ""assumption.target_low"": ""50.0"", ""assumption.target_period"": ""Q1 FY2023"", ""assumption.text"": ""AMD expects non-GAAP gross margin to be approximately 50% in the first quarter of 2023."", ""assumption.unit"": ""percent"", ""claim"": ""Advanced Micro Devices, Inc. expects gross margin non-GAAP of 50% for Q1 FY2023."", ""conflict"": ""false"", ""invalidation_condition"": ""reported value differs from 50 by more than 0.5%""}"
01GZCW4H00ZV6JD9CA17HAK0EF,"Advanced Micro Devices, Inc.",AMD,0000002488,"Advanced Micro Devices, Inc. expects gross margin non-GAAP of 50% for Q2 FY2023.",AMD expects non-GAAP gross margin to be approximately 50%.,gross margin non-GAAP,50.0,50.0,percent,Q2 FY2023,2023-05-02,https://www.sec.gov/Archives/edgar/data/2488/000000248823000074/q12023991.htm,0000002488-23-000074,8-K,2023-05-02,2026-10-01T12:39:29Z,1b0fc6140389515a03d5be4492950e576e4407418211148c96446423b32a9a91,AMD expects non-GAAP gross margin to be approximately 50%.,50.0,2023-08-01,https://www.sec.gov/Archives/edgar/data/2488/000000248823000135/q22023991.htm,0000002488-23-000135,8-K,2023-08-01,2026-10-01T12:39:31Z,9292f893f3a6e03a6f7801d6be9f5f7f91171e884849e0f780d6532917f1c5fd,"On a non-GAAP(*) basis, gross margin was 50%, operating income was $1.1 billion, net income was $948 million and diluted earnings per share was $0.58.",reported value differs from 50 by more than 0.5%,open,,,,,,,,,91,,2026-10-02,navneet,false,false,,false,false,false,,met,sentence,Current Outlook,,,,,,,yes,"Excerpt states 'AMD expects non-GAAP gross margin to be approximately 50%' which matches the metric (gross margin non-GAAP), number (50%), and unit (percent) for the stated period.",,,,,,,,"{""aid_flag_note"": """", ""assumption.metric"": ""gross margin non-GAAP"", ""assumption.stated_at"": ""2023-05-02"", ""assumption.target_high"": ""50.0"", ""assumption.target_low"": ""50.0"", ""assumption.target_period"": ""Q2 FY2023"", ""assumption.text"": ""AMD expects non-GAAP gross margin to be approximately 50%."", ""assumption.unit"": ""percent"", ""claim"": ""Advanced Micro Devices, Inc. expects gross margin non-GAAP of 50% for Q2 FY2023."", ""conflict"": ""false"", ""invalidation_condition"": ""reported value differs from 50 by more than 0.5%""}"
01GZCW4H002KH207YMBNF6W23V,"Advanced Micro Devices, Inc.",AMD,0000002488,"Advanced Micro Devices, Inc. expects tax rate of 13% for FY2023.","For fiscal 2023, AMD uses a projected non-GAAP tax rate of 13%, which excludes the tax impact of pre-tax non-GAAP adjustments, reflecting currently available information.",tax rate,13.0,13.0,percent,FY2023,2023-05-02,https://www.sec.gov/Archives/edgar/data/2488/000000248823000074/q12023991.htm,0000002488-23-000074,8-K,2023-05-02,2026-10-01T12:39:29Z,1b0fc6140389515a03d5be4492950e576e4407418211148c96446423b32a9a91,"For fiscal 2023, AMD uses a projected non-GAAP tax rate of 13%, which excludes the tax impact of pre-tax non-GAAP adjustments, reflecting currently available information.",13.0,2024-01-30,https://www.sec.gov/Archives/edgar/data/2488/000000248824000009/q42023991final.htm,0000002488-24-000009,8-K,2024-01-30,2026-10-01T12:39:34Z,4a257cc3af98476c221f1bb5556674862df620239481cd660bf9c44e2c6cb7e9,"For fiscal 2023, AMD used a non-GAAP tax rate of 13%, which excludes the tax impact of pre-tax non-GAAP adjustments.",reported value differs from 13 by more than 0.5%,open,,,,,,,,,273,,2026-10-02,navneet,false,false,,false,false,false,,met,sentence,,,,,,,,yes,"Excerpt states 'For fiscal 2023, AMD uses a projected non-GAAP tax rate of 13%' which matches the metric (tax rate), number (13%), and period (FY2023) exactly.",,,,,,,,"{""aid_flag_note"": """", ""assumption.metric"": ""tax rate"", ""assumption.stated_at"": ""2023-05-02"", ""assumption.target_high"": ""13.0"", ""assumption.target_low"": ""13.0"", ""assumption.target_period"": ""FY2023"", ""assumption.text"": ""For fiscal 2023, AMD uses a projected non-GAAP tax rate of 13%, which excludes the tax impact of pre-tax non-GAAP adjustments, reflecting currently available information."", ""assumption.unit"": ""percent"", ""claim"": ""Advanced Micro Devices, Inc. expects tax rate of 13% for FY2023."", ""conflict"": ""false"", ""invalidation_condition"": ""reported value differs from 13 by more than 0.5%""}"
01H6Q69Y008ERAAFR34V1YY1QJ,"Advanced Micro Devices, Inc.",AMD,0000002488,"Advanced Micro Devices, Inc. expects gross margin non-GAAP of 51% for Q3 FY2023.","For the third quarter of 2023, AMD expects revenue to be approximately $5.7 billion, plus or minus $300 million, and expects non-GAAP gross margin to be approximately 51%.",gross margin non-GAAP,51.0,51.0,percent,Q3 FY2023,2023-08-01,https://www.sec.gov/Archives/edgar/data/2488/000000248823000135/q22023991.htm,0000002488-23-000135,8-K,2023-08-01,2026-10-01T12:39:31Z,9292f893f3a6e03a6f7801d6be9f5f7f91171e884849e0f780d6532917f1c5fd,"For the third quarter of 2023, AMD expects revenue to be approximately $5.7 billion, plus or minus $300 million, and expects non-GAAP gross margin to be approximately 51%.",51.0,2023-10-31,https://www.sec.gov/Archives/edgar/data/2488/000000248823000192/q32023991.htm,0000002488-23-000192,8-K,2023-10-31,2026-10-01T12:39:32Z,e90a8354ab8dca3615befd0fae41ac56ee9cb089e252e83f302d65b21bf5505a,"On a non-GAAP(*) basis, gross margin was 51%, operating income was $1.3 billion, net income was $1.1 billion and diluted earnings per share was $0.70.",reported value differs from 51 by more than 0.5%,open,,,,,,,,,91,,2026-10-02,navneet,false,false,,false,false,false,,met,sentence,Current Outlook,•New AMD gaming products deliver incredible experiences on the desktop or on the go:,,,,,,yes,"Excerpt states 'expects non-GAAP gross margin to be approximately 51%' for 'the third quarter of 2023', which is Q3 FY2023 under AMD's December fiscal year end.",,,,,,,,"{""aid_flag_note"": """", ""assumption.metric"": ""gross margin non-GAAP"", ""assumption.stated_at"": ""2023-08-01"", ""assumption.target_high"": ""51.0"", ""assumption.target_low"": ""51.0"", ""assumption.target_period"": ""Q3 FY2023"", ""assumption.text"": ""For the third quarter of 2023, AMD expects revenue to be approximately $5.7 billion, plus or minus $300 million, and expects non-GAAP gross margin to be approximately 51%."", ""assumption.unit"": ""percent"", ""claim"": ""Advanced Micro Devices, Inc. expects gross margin non-GAAP of 51% for Q3 FY2023."", ""conflict"": ""false"", ""invalidation_condition"": ""reported value differs from 51 by more than 0.5%""}"
01H6Q69Y00A8TQ51GNAE2STSGK,"Advanced Micro Devices, Inc.",AMD,0000002488,"Advanced Micro Devices, Inc. expects tax rate of 13% for FY2023.","For fiscal 2023, AMD uses a projected non-GAAP tax rate of 13%, which excludes the tax impact of pre-tax non-GAAP adjustments, reflecting currently available information.",tax rate,13.0,13.0,percent,FY2023,2023-08-01,https://www.sec.gov/Archives/edgar/data/2488/000000248823000135/q22023991.htm,0000002488-23-000135,8-K,2023-08-01,2026-10-01T12:39:31Z,9292f893f3a6e03a6f7801d6be9f5f7f91171e884849e0f780d6532917f1c5fd,"For fiscal 2023, AMD uses a projected non-GAAP tax rate of 13%, which excludes the tax impact of pre-tax non-GAAP adjustments, reflecting currently available information.",13.0,2024-01-30,https://www.sec.gov/Archives/edgar/data/2488/000000248824000009/q42023991final.htm,0000002488-24-000009,8-K,2024-01-30,2026-10-01T12:39:34Z,4a257cc3af98476c221f1bb5556674862df620239481cd660bf9c44e2c6cb7e9,"For fiscal 2023, AMD used a non-GAAP tax rate of 13%, which excludes the tax impact of pre-tax non-GAAP adjustments.",reported value differs from 13 by more than 0.5%,open,,,,,,,,,182,,2026-10-02,navneet,false,false,,false,false,false,,met,sentence,,,,,,,,yes,"Excerpt states 'For fiscal 2023, AMD uses a projected non-GAAP tax rate of 13%' which matches the metric (tax rate), number (13%), and period (FY2023) exactly.",,,,,,,,"{""aid_flag_note"": """", ""assumption.metric"": ""tax rate"", ""assumption.stated_at"": ""2023-08-01"", ""assumption.target_high"": ""13.0"", ""assumption.target_low"": ""13.0"", ""assumption.target_period"": ""FY2023"", ""assumption.text"": ""For fiscal 2023, AMD uses a projected non-GAAP tax rate of 13%, which excludes the tax impact of pre-tax non-GAAP adjustments, reflecting currently available information."", ""assumption.unit"": ""percent"", ""claim"": ""Advanced Micro Devices, Inc. expects tax rate of 13% for FY2023."", ""conflict"": ""false"", ""invalidation_condition"": ""reported value differs from 13 by more than 0.5%""}"
01HE1GFB00H1YC9CQ2XE0NQKX0,"Advanced Micro Devices, Inc.",AMD,0000002488,"Advanced Micro Devices, Inc. expects gross margin non-GAAP of 51.5% for Q4 FY2023.",Non-GAAP gross margin is expected to be approximately 51.5%.,gross margin non-GAAP,51.5,51.5,percent,Q4 FY2023,2023-10-31,https://www.sec.gov/Archives/edgar/data/2488/000000248823000192/q32023991.htm,0000002488-23-000192,8-K,2023-10-31,2026-10-01T12:39:32Z,e90a8354ab8dca3615befd0fae41ac56ee9cb089e252e83f302d65b21bf5505a,Non-GAAP gross margin is expected to be approximately 51.5%.,51.0,2024-01-30,https://www.sec.gov/Archives/edgar/data/2488/000000248824000009/q42023991final.htm,0000002488-24-000009,8-K,2024-01-30,2026-10-01T12:39:34Z,4a257cc3af98476c221f1bb5556674862df620239481cd660bf9c44e2c6cb7e9,"On a non-GAAP(*) basis, gross margin was 51%, operating income was $1.4 billion, net income was $1.2 billion and diluted earnings per share was $0.77.",reported value differs from 51.5 by more than 0.5%,open,,,,,,,,,91,,2026-10-02,navneet,false,false,,false,false,false,,missed,sentence,,•New AMD graphics processors and software features are enabling incredible experiences for gamers and professionals:,,,,,,yes,"Excerpt states 'Non-GAAP gross margin is expected to be approximately 51.5%' which matches the claimed metric (gross margin non-GAAP), value (51.5%), and is forward guidance for the period.",,,,,,,,"{""aid_flag_note"": """", ""assumption.metric"": ""gross margin non-GAAP"", ""assumption.stated_at"": ""2023-10-31"", ""assumption.target_high"": ""51.5"", ""assumption.target_low"": ""51.5"", ""assumption.target_period"": ""Q4 FY2023"", ""assumption.text"": ""Non-GAAP gross margin is expected to be approximately 51.5%."", ""assumption.unit"": ""percent"", ""claim"": ""Advanced Micro Devices, Inc. expects gross margin non-GAAP of 51.5% for Q4 FY2023."", ""conflict"": ""false"", ""invalidation_condition"": ""reported value differs from 51.5 by more than 0.5%""}"
01HE1GFB00AP42RFGWBYQ3K8MJ,"Advanced Micro Devices, Inc.",AMD,0000002488,"Advanced Micro Devices, Inc. expects tax rate of 13% for FY2023.","For fiscal 2023, AMD uses a projected non-GAAP tax rate of 13%, which excludes the tax impact of pre-tax non-GAAP adjustments, reflecting currently available information.",tax rate,13.0,13.0,percent,FY2023,2023-10-31,https://www.sec.gov/Archives/edgar/data/2488/000000248823000192/q32023991.htm,0000002488-23-000192,8-K,2023-10-31,2026-10-01T12:39:32Z,e90a8354ab8dca3615befd0fae41ac56ee9cb089e252e83f302d65b21bf5505a,"For fiscal 2023, AMD uses a projected non-GAAP tax rate of 13%, which excludes the tax impact of pre-tax non-GAAP adjustments, reflecting currently available information.",13.0,2024-01-30,https://www.sec.gov/Archives/edgar/data/2488/000000248824000009/q42023991final.htm,0000002488-24-000009,8-K,2024-01-30,2026-10-01T12:39:34Z,4a257cc3af98476c221f1bb5556674862df620239481cd660bf9c44e2c6cb7e9,"For fiscal 2023, AMD used a non-GAAP tax rate of 13%, which excludes the tax impact of pre-tax non-GAAP adjustments.",reported value differs from 13 by more than 0.5%,open,,,,,,,,,91,,2026-10-02,navneet,false,false,,false,false,false,,met,sentence,,,,,,,,yes,"Excerpt states 'For fiscal 2023, AMD uses a projected non-GAAP tax rate of 13%' which matches the metric (tax rate), number (13%), and period (FY2023) exactly.",,,,,,,,"{""aid_flag_note"": """", ""assumption.metric"": ""tax rate"", ""assumption.stated_at"": ""2023-10-31"", ""assumption.target_high"": ""13.0"", ""assumption.target_low"": ""13.0"", ""assumption.target_period"": ""FY2023"", ""assumption.text"": ""For fiscal 2023, AMD uses a projected non-GAAP tax rate of 13%, which excludes the tax impact of pre-tax non-GAAP adjustments, reflecting currently available information."", ""assumption.unit"": ""percent"", ""claim"": ""Advanced Micro Devices, Inc. expects tax rate of 13% for FY2023."", ""conflict"": ""false"", ""invalidation_condition"": ""reported value differs from 13 by more than 0.5%""}"
01HNBTMR002S0ZJ92Q85D7KYCG,"Advanced Micro Devices, Inc.",AMD,0000002488,"Advanced Micro Devices, Inc. expects gross margin non-GAAP of 52% for Q1 FY2024.",Non-GAAP gross margin is expected to be approximately 52%.,gross margin non-GAAP,52.0,52.0,percent,Q1 FY2024,2024-01-30,https://www.sec.gov/Archives/edgar/data/2488/000000248824000009/q42023991final.htm,0000002488-24-000009,8-K,2024-01-30,2026-10-01T12:39:34Z,4a257cc3af98476c221f1bb5556674862df620239481cd660bf9c44e2c6cb7e9,Non-GAAP gross margin is expected to be approximately 52%.,52.0,2024-04-30,https://www.sec.gov/Archives/edgar/data/2488/000000248824000054/q12024991.htm,0000002488-24-000054,8-K,2024-04-30,2026-10-01T12:39:35Z,686fefcbc5eeec0daa0cf64b7eb026e8dcd6af187a16174bd3d47f23167eafbb,"On a non-GAAP(*) basis, gross margin was 52%, operating income was $1.1 billion, net income was $1.0 billion and diluted earnings per share was $0.62.",reported value differs from 52 by more than 0.5%,open,,,,,,,,,91,,2026-10-02,navneet,false,false,,false,false,false,,met,sentence,,•AMD showcased continued leadership in supercomputing:,,,,,,yes,"Excerpt states 'Non-GAAP gross margin is expected to be approximately 52%' which matches the guidance metric, value, and unit provided.",,,,,,,,"{""aid_flag_note"": """", ""assumption.metric"": ""gross margin non-GAAP"", ""assumption.stated_at"": ""2024-01-30"", ""assumption.target_high"": ""52.0"", ""assumption.target_low"": ""52.0"", ""assumption.target_period"": ""Q1 FY2024"", ""assumption.text"": ""Non-GAAP gross margin is expected to be approximately 52%."", ""assumption.unit"": ""percent"", ""claim"": ""Advanced Micro Devices, Inc. expects gross margin non-GAAP of 52% for Q1 FY2024."", ""conflict"": ""false"", ""invalidation_condition"": ""reported value differs from 52 by more than 0.5%""}"
01HWP4T500EP0XKSBT1RQ92V03,"Advanced Micro Devices, Inc.",AMD,0000002488,"Advanced Micro Devices, Inc. expects gross margin non-GAAP of 53% for Q2 FY2024.",Non-GAAP gross margin is expected to be approximately 53%.,gross margin non-GAAP,53.0,53.0,percent,Q2 FY2024,2024-04-30,https://www.sec.gov/Archives/edgar/data/2488/000000248824000054/q12024991.htm,0000002488-24-000054,8-K,2024-04-30,2026-10-01T12:39:35Z,686fefcbc5eeec0daa0cf64b7eb026e8dcd6af187a16174bd3d47f23167eafbb,Non-GAAP gross margin is expected to be approximately 53%.,53.0,2024-07-30,https://www.sec.gov/Archives/edgar/data/2488/000000248824000121/q22024991.htm,0000002488-24-000121,8-K,2024-07-30,2026-10-01T12:39:38Z,0ab61c8574ab96ea5bd66adc61fe7798a3128f7a81e02229466bbf0b0d4d2224,"On a non-GAAP(*) basis, gross margin was 53%, operating income was $1.3 billion, net income was $1.1 billion and diluted earnings per share was $0.69.",reported value differs from 53 by more than 0.5%,open,,,,,,,,,91,,2026-10-02,navneet,false,false,,false,false,false,,met,sentence,Current Outlook,•Leading partners expanded their application-optimized solutions powered by AMD EPYC processors:,,,,,,yes,"Excerpt states 'Non-GAAP gross margin is expected to be approximately 53%' which matches the guidance metric, value, and unit; the period Q2 FY2024 (calendar Q2 2024, April-June) is established by the",,,,,,,,"{""aid_flag_note"": """", ""assumption.metric"": ""gross margin non-GAAP"", ""assumption.stated_at"": ""2024-04-30"", ""assumption.target_high"": ""53.0"", ""assumption.target_low"": ""53.0"", ""assumption.target_period"": ""Q2 FY2024"", ""assumption.text"": ""Non-GAAP gross margin is expected to be approximately 53%."", ""assumption.unit"": ""percent"", ""claim"": ""Advanced Micro Devices, Inc. expects gross margin non-GAAP of 53% for Q2 FY2024."", ""conflict"": ""false"", ""invalidation_condition"": ""reported value differs from 53 by more than 0.5%""}"
01HWP4T500FM1DQV5B6KR3DE0T,"Advanced Micro Devices, Inc.",AMD,0000002488,"Advanced Micro Devices, Inc. expects tax rate of 13% for FY2024.","For fiscal 2024, AMD uses a projected non-GAAP tax rate of 13%, which excludes the tax impact of pre-tax non-GAAP adjustments, reflecting currently available information.",tax rate,13.0,13.0,percent,FY2024,2024-04-30,https://www.sec.gov/Archives/edgar/data/2488/000000248824000054/q12024991.htm,0000002488-24-000054,8-K,2024-04-30,2026-10-01T12:39:35Z,686fefcbc5eeec0daa0cf64b7eb026e8dcd6af187a16174bd3d47f23167eafbb,"For fiscal 2024, AMD uses a projected non-GAAP tax rate of 13%, which excludes the tax impact of pre-tax non-GAAP adjustments, reflecting currently available information.",13.0,2025-02-04,https://www.sec.gov/Archives/edgar/data/2488/000000248825000009/q42024991.htm,0000002488-25-000009,8-K,2025-02-04,2026-10-01T12:39:41Z,07e6cb7c236333010edd17aae4aea3adc2eb85dc9e527735d2ae255671831072,"For fiscal 2024, AMD used a non-GAAP tax rate of 13%, which excludes the tax impact of pre-tax non-GAAP adjustments.",reported value differs from 13 by more than 0.5%,open,,,,,,,,,280,,2026-10-02,navneet,false,false,,false,false,false,,met,sentence,,,,,,,,yes,"Excerpt states 'For fiscal 2024, AMD uses a projected non-GAAP tax rate of 13%' which matches the metric (tax rate), number (13%), and period (FY2024) exactly.",,,,,,,,"{""aid_flag_note"": """", ""assumption.metric"": ""tax rate"", ""assumption.stated_at"": ""2024-04-30"", ""assumption.target_high"": ""13.0"", ""assumption.target_low"": ""13.0"", ""assumption.target_period"": ""FY2024"", ""assumption.text"": ""For fiscal 2024, AMD uses a projected non-GAAP tax rate of 13%, which excludes the tax impact of pre-tax non-GAAP adjustments, reflecting currently available information."", ""assumption.unit"": ""percent"", ""claim"": ""Advanced Micro Devices, Inc. expects tax rate of 13% for FY2024."", ""conflict"": ""false"", ""invalidation_condition"": ""reported value differs from 13 by more than 0.5%""}"
01J40EZJ0010AHCXWJ0RY3Q4R6,"Advanced Micro Devices, Inc.",AMD,0000002488,"Advanced Micro Devices, Inc. expects gross margin non-GAAP of 53.5% for Q3 FY2024.",Non-GAAP gross margin is expected to be approximately 53.5%.,gross margin non-GAAP,53.5,53.5,percent,Q3 FY2024,2024-07-30,https://www.sec.gov/Archives/edgar/data/2488/000000248824000121/q22024991.htm,0000002488-24-000121,8-K,2024-07-30,2026-10-01T12:39:38Z,0ab61c8574ab96ea5bd66adc61fe7798a3128f7a81e02229466bbf0b0d4d2224,Non-GAAP gross margin is expected to be approximately 53.5%.,54.0,2024-10-29,https://www.sec.gov/Archives/edgar/data/2488/000000248824000161/q32024991.htm,0000002488-24-000161,8-K,2024-10-29,2026-10-01T12:39:40Z,fcc8c2fc479ae80750a4f34aaee135063548f4d24d46cf0388946a4dda559f05,"On a non-GAAP(*) basis, gross margin was 54%, operating income was $1.7 billion, net income was $1.5 billion and diluted earnings per share was $0.92.",reported value differs from 53.5 by more than 0.5%,open,,,,,,,,,91,,2026-10-02,navneet,false,false,,false,false,false,,missed,sentence,Current Outlook,•Customers across a broad set of markets are leveraging AMD embedded solutions to power computing and AI at the edge:,,,,,,yes,"Excerpt states 'Non-GAAP gross margin is expected to be approximately 53.5%' which matches the claimed metric, value, and unit for forward guidance.",,,,,,,,"{""aid_flag_note"": """", ""assumption.metric"": ""gross margin non-GAAP"", ""assumption.stated_at"": ""2024-07-30"", ""assumption.target_high"": ""53.5"", ""assumption.target_low"": ""53.5"", ""assumption.target_period"": ""Q3 FY2024"", ""assumption.text"": ""Non-GAAP gross margin is expected to be approximately 53.5%."", ""assumption.unit"": ""percent"", ""claim"": ""Advanced Micro Devices, Inc. expects gross margin non-GAAP of 53.5% for Q3 FY2024."", ""conflict"": ""false"", ""invalidation_condition"": ""reported value differs from 53.5 by more than 0.5%""}"
01J40EZJ00SBHPT02175Q8GVNQ,"Advanced Micro Devices, Inc.",AMD,0000002488,"Advanced Micro Devices, Inc. expects tax rate of 13% for FY2024.","For fiscal 2024, AMD uses a projected non-GAAP tax rate of 13%, which excludes the tax impact of pre-tax non-GAAP adjustments, reflecting currently available information.",tax rate,13.0,13.0,percent,FY2024,2024-07-30,https://www.sec.gov/Archives/edgar/data/2488/000000248824000121/q22024991.htm,0000002488-24-000121,8-K,2024-07-30,2026-10-01T12:39:38Z,0ab61c8574ab96ea5bd66adc61fe7798a3128f7a81e02229466bbf0b0d4d2224,"For fiscal 2024, AMD uses a projected non-GAAP tax rate of 13%, which excludes the tax impact of pre-tax non-GAAP adjustments, reflecting currently available information.",13.0,2025-02-04,https://www.sec.gov/Archives/edgar/data/2488/000000248825000009/q42024991.htm,0000002488-25-000009,8-K,2025-02-04,2026-10-01T12:39:41Z,07e6cb7c236333010edd17aae4aea3adc2eb85dc9e527735d2ae255671831072,"For fiscal 2024, AMD used a non-GAAP tax rate of 13%, which excludes the tax impact of pre-tax non-GAAP adjustments.",reported value differs from 13 by more than 0.5%,open,,,,,,,,,189,,2026-10-02,navneet,false,false,,false,false,false,,met,sentence,,,,,,,,yes,"Excerpt states 'For fiscal 2024, AMD uses a projected non-GAAP tax rate of 13%' which matches the metric (tax rate), number (13%), and period (FY2024) exactly.",,,,,,,,"{""aid_flag_note"": """", ""assumption.metric"": ""tax rate"", ""assumption.stated_at"": ""2024-07-30"", ""assumption.target_high"": ""13.0"", ""assumption.target_low"": ""13.0"", ""assumption.target_period"": ""FY2024"", ""assumption.text"": ""For fiscal 2024, AMD uses a projected non-GAAP tax rate of 13%, which excludes the tax impact of pre-tax non-GAAP adjustments, reflecting currently available information."", ""assumption.unit"": ""percent"", ""claim"": ""Advanced Micro Devices, Inc. expects tax rate of 13% for FY2024."", ""conflict"": ""false"", ""invalidation_condition"": ""reported value differs from 13 by more than 0.5%""}"
01JBAS4Z00E20ZABDJYE8KCNB9,"Advanced Micro Devices, Inc.",AMD,0000002488,"Advanced Micro Devices, Inc. expects gross margin non-GAAP of 54% for Q4 FY2024.",Non-GAAP gross margin is expected to be approximately 54%.,gross margin non-GAAP,54.0,54.0,percent,Q4 FY2024,2024-10-29,https://www.sec.gov/Archives/edgar/data/2488/000000248824000161/q32024991.htm,0000002488-24-000161,8-K,2024-10-29,2026-10-01T12:39:40Z,fcc8c2fc479ae80750a4f34aaee135063548f4d24d46cf0388946a4dda559f05,Non-GAAP gross margin is expected to be approximately 54%.,54.0,2025-02-04,https://www.sec.gov/Archives/edgar/data/2488/000000248825000009/q42024991.htm,0000002488-25-000009,8-K,2025-02-04,2026-10-01T12:39:41Z,07e6cb7c236333010edd17aae4aea3adc2eb85dc9e527735d2ae255671831072,"On a non-GAAP(*) basis, gross margin was 54%, operating income was a record $2.0 billion, net income was a record $1.8 billion and diluted earnings per share was $1.09.",reported value differs from 54 by more than 0.5%,open,,,,,,,,,98,,2026-10-02,navneet,false,false,,false,false,false,,met,sentence,Current Outlook,"•AMD expanded its embedded portfolio for a range of applications, including:",,,,,,yes,"Excerpt states 'Non-GAAP gross margin is expected to be approximately 54%' which matches the guidance metric, value, and basis (non-GAAP). The period Q4 FY2024 is established by the 'Current Outlook' ",,,,,,,,"{""aid_flag_note"": """", ""assumption.metric"": ""gross margin non-GAAP"", ""assumption.stated_at"": ""2024-10-29"", ""assumption.target_high"": ""54.0"", ""assumption.target_low"": ""54.0"", ""assumption.target_period"": ""Q4 FY2024"", ""assumption.text"": ""Non-GAAP gross margin is expected to be approximately 54%."", ""assumption.unit"": ""percent"", ""claim"": ""Advanced Micro Devices, Inc. expects gross margin non-GAAP of 54% for Q4 FY2024."", ""conflict"": ""false"", ""invalidation_condition"": ""reported value differs from 54 by more than 0.5%""}"
01JBAS4Z006AMT087AFTKP79J0,"Advanced Micro Devices, Inc.",AMD,0000002488,"Advanced Micro Devices, Inc. expects tax rate of 13% for FY2024.","For fiscal 2024, AMD uses a projected non-GAAP tax rate of 13%, which excludes the tax impact of pre-tax non-GAAP adjustments, reflecting currently available information.",tax rate,13.0,13.0,percent,FY2024,2024-10-29,https://www.sec.gov/Archives/edgar/data/2488/000000248824000161/q32024991.htm,0000002488-24-000161,8-K,2024-10-29,2026-10-01T12:39:40Z,fcc8c2fc479ae80750a4f34aaee135063548f4d24d46cf0388946a4dda559f05,"For fiscal 2024, AMD uses a projected non-GAAP tax rate of 13%, which excludes the tax impact of pre-tax non-GAAP adjustments, reflecting currently available information.",13.0,2025-02-04,https://www.sec.gov/Archives/edgar/data/2488/000000248825000009/q42024991.htm,0000002488-25-000009,8-K,2025-02-04,2026-10-01T12:39:41Z,07e6cb7c236333010edd17aae4aea3adc2eb85dc9e527735d2ae255671831072,"For fiscal 2024, AMD used a non-GAAP tax rate of 13%, which excludes the tax impact of pre-tax non-GAAP adjustments.",reported value differs from 13 by more than 0.5%,open,,,,,,,,,98,,2026-10-02,navneet,false,false,,false,false,false,,met,sentence,,,,,,,,yes,"Excerpt states 'For fiscal 2024, AMD uses a projected non-GAAP tax rate of 13%' which matches the metric (tax rate), number (13%), and period (FY2024) exactly.",,,,,,,,"{""aid_flag_note"": """", ""assumption.metric"": ""tax rate"", ""assumption.stated_at"": ""2024-10-29"", ""assumption.target_high"": ""13.0"", ""assumption.target_low"": ""13.0"", ""assumption.target_period"": ""FY2024"", ""assumption.text"": ""For fiscal 2024, AMD uses a projected non-GAAP tax rate of 13%, which excludes the tax impact of pre-tax non-GAAP adjustments, reflecting currently available information."", ""assumption.unit"": ""percent"", ""claim"": ""Advanced Micro Devices, Inc. expects tax rate of 13% for FY2024."", ""conflict"": ""false"", ""invalidation_condition"": ""reported value differs from 13 by more than 0.5%""}"
01JK743D00E292TM1KP4RATQ7W,"Advanced Micro Devices, Inc.",AMD,0000002488,"Advanced Micro Devices, Inc. expects gross margin non-GAAP of 54% for Q1 FY2025.",Non-GAAP gross margin is expected to be approximately 54%.,gross margin non-GAAP,54.0,54.0,percent,Q1 FY2025,2025-02-04,https://www.sec.gov/Archives/edgar/data/2488/000000248825000009/q42024991.htm,0000002488-25-000009,8-K,2025-02-04,2026-10-01T12:39:41Z,07e6cb7c236333010edd17aae4aea3adc2eb85dc9e527735d2ae255671831072,Non-GAAP gross margin is expected to be approximately 54%.,54.0,2025-05-06,https://www.sec.gov/Archives/edgar/data/2488/000000248825000045/q12025991.htm,0000002488-25-000045,8-K,2025-05-06,2026-10-01T12:39:45Z,31887d05e3d8ce7b387a2ff92321b7538ec48e58d5c110b911e7eddb7f668504,"On a non-GAAP(*) basis, gross margin was 54%, operating income was $1.8 billion, net income was $1.6 billion and diluted earnings per share was $0.96.",reported value differs from 54 by more than 0.5%,open,,,,,,,,,91,,2026-10-02,navneet,false,false,,false,false,false,,met,sentence,Current Outlook,•AMD continues to deliver leadership compute performance and capabilities at the edge with an expanded portfolio of solutions:,,,,,,yes,"Excerpt states 'Non-GAAP gross margin is expected to be approximately 54%' which matches the guidance metric, value, and unit; the Current Outlook section heading indicates forward guidance; fiscal ye",,,,,,,,"{""aid_flag_note"": """", ""assumption.metric"": ""gross margin non-GAAP"", ""assumption.stated_at"": ""2025-02-04"", ""assumption.target_high"": ""54.0"", ""assumption.target_low"": ""54.0"", ""assumption.target_period"": ""Q1 FY2025"", ""assumption.text"": ""Non-GAAP gross margin is expected to be approximately 54%."", ""assumption.unit"": ""percent"", ""claim"": ""Advanced Micro Devices, Inc. expects gross margin non-GAAP of 54% for Q1 FY2025."", ""conflict"": ""false"", ""invalidation_condition"": ""reported value differs from 54 by more than 0.5%""}"
01K1VRE7005Z09TCZZCNPPK2SM,"Advanced Micro Devices, Inc.",AMD,0000002488,"Advanced Micro Devices, Inc. expects gross margin non-GAAP of 54% for Q3 FY2025.",Non-GAAP gross margin is expected to be approximately 54%.,gross margin non-GAAP,54.0,54.0,percent,Q3 FY2025,2025-08-05,https://www.sec.gov/Archives/edgar/data/2488/000000248825000106/q22025991.htm,0000002488-25-000106,8-K,2025-08-05,2026-10-01T12:39:47Z,be9bda856f70af920bfcf10c7168ef5563b32d70e9aab09751923f7ed7e4a7db,Non-GAAP gross margin is expected to be approximately 54%.,54.0,2025-11-04,https://www.sec.gov/Archives/edgar/data/2488/000000248825000163/q32025991.htm,0000002488-25-000163,8-K,2025-11-04,2026-10-01T12:39:50Z,a6db4509f87e8c4779c15e2ecb23a7486d214b557e283b1b87eca52d362d67a7,"On a non-GAAP(*) basis, gross margin was 54%, operating income was $2.2 billion, net income was $2 billion and diluted earnings per share was $1.20.",reported value differs from 54 by more than 0.5%,open,,,,,,,,,91,,2026-10-02,navneet,false,false,,false,false,false,,met,sentence,Current Outlook,•AMD is continuing to expand its portfolio of leadership embedded solutions for a broad set of markets:,,,,,,yes,"Excerpt states 'Non-GAAP gross margin is expected to be approximately 54%' which matches the guidance metric, value, and unit. The section heading 'Current Outlook' indicates forward guidance. For AMD",,,,,,,,"{""aid_flag_note"": """", ""assumption.metric"": ""gross margin non-GAAP"", ""assumption.stated_at"": ""2025-08-05"", ""assumption.target_high"": ""54.0"", ""assumption.target_low"": ""54.0"", ""assumption.target_period"": ""Q3 FY2025"", ""assumption.text"": ""Non-GAAP gross margin is expected to be approximately 54%."", ""assumption.unit"": ""percent"", ""claim"": ""Advanced Micro Devices, Inc. expects gross margin non-GAAP of 54% for Q3 FY2025."", ""conflict"": ""false"", ""invalidation_condition"": ""reported value differs from 54 by more than 0.5%""}"
01K962KM009GM8MJ5K7QGX0ZJH,"Advanced Micro Devices, Inc.",AMD,0000002488,"Advanced Micro Devices, Inc. expects gross margin non-GAAP of 54.5% for Q4 FY2025.",Non-GAAP gross margin is expected to be approximately 54.5%.,gross margin non-GAAP,54.5,54.5,percent,Q4 FY2025,2025-11-04,https://www.sec.gov/Archives/edgar/data/2488/000000248825000163/q32025991.htm,0000002488-25-000163,8-K,2025-11-04,2026-10-01T12:39:50Z,a6db4509f87e8c4779c15e2ecb23a7486d214b557e283b1b87eca52d362d67a7,Non-GAAP gross margin is expected to be approximately 54.5%.,57.0,2026-02-03,https://www.sec.gov/Archives/edgar/data/2488/000000248826000014/q42025991.htm,0000002488-26-000014,8-K,2026-02-03,2026-10-01T12:39:53Z,4416b3138ceab3149ca25ffbcead1c18bb1270163d3c0cd0aadb433f9eca96ee,"On a non-GAAP(*) basis, gross margin was 57%, operating income was a record $2.9 billion, net income was a record $2.5 billion and diluted earnings per share was a record $1.53.",reported value differs from 54.5 by more than 0.5%,open,,,,,,,,,91,,2026-10-02,navneet,false,false,,false,false,false,,missed,sentence,Current Outlook,"•AMD expanded its x86 embedded processor portfolio, including:",,,,,,yes,"Excerpt states 'Non-GAAP gross margin is expected to be approximately 54.5%' which matches the claimed metric, value, and forward guidance nature.",,,,,,,,"{""aid_flag_note"": """", ""assumption.metric"": ""gross margin non-GAAP"", ""assumption.stated_at"": ""2025-11-04"", ""assumption.target_high"": ""54.5"", ""assumption.target_low"": ""54.5"", ""assumption.target_period"": ""Q4 FY2025"", ""assumption.text"": ""Non-GAAP gross margin is expected to be approximately 54.5%."", ""assumption.unit"": ""percent"", ""claim"": ""Advanced Micro Devices, Inc. expects gross margin non-GAAP of 54.5% for Q4 FY2025."", ""conflict"": ""false"", ""invalidation_condition"": ""reported value differs from 54.5 by more than 0.5%""}"
01KGGCS100GKND8C8HMKB550QC,"Advanced Micro Devices, Inc.",AMD,0000002488,"Advanced Micro Devices, Inc. expects gross margin non-GAAP of 55% for Q1 FY2026.",Non-GAAP gross margin is expected to be approximately 55%.,gross margin non-GAAP,55.0,55.0,percent,Q1 FY2026,2026-02-03,https://www.sec.gov/Archives/edgar/data/2488/000000248826000014/q42025991.htm,0000002488-26-000014,8-K,2026-02-03,2026-10-01T12:39:53Z,4416b3138ceab3149ca25ffbcead1c18bb1270163d3c0cd0aadb433f9eca96ee,Non-GAAP gross margin is expected to be approximately 55%.,55.0,2026-05-05,https://www.sec.gov/Archives/edgar/data/2488/000000248826000072/q12026991.htm,0000002488-26-000072,8-K,2026-05-05,2026-10-01T12:39:55Z,dc1f0542b602d5bbbe700f953a862d3731fca7d29868633e09dbec97e56b9de5,"On a non-GAAP(*) basis, gross margin was 55%, operating income was $2.5 billion, net income was $2.3 billion and diluted earnings per share was $1.37.",reported value differs from 55 by more than 0.5%,open,,,,,,,,,91,,2026-10-02,navneet,false,false,,false,false,false,,met,sentence,Current Outlook,"•AMD expanded its embedded processor portfolio, including:",,,,,,yes,"Excerpt states 'Non-GAAP gross margin is expected to be approximately 55%' which matches the guidance metric, value, and unit provided.",,,,,,,,"{""aid_flag_note"": """", ""assumption.metric"": ""gross margin non-GAAP"", ""assumption.stated_at"": ""2026-02-03"", ""assumption.target_high"": ""55.0"", ""assumption.target_low"": ""55.0"", ""assumption.target_period"": ""Q1 FY2026"", ""assumption.text"": ""Non-GAAP gross margin is expected to be approximately 55%."", ""assumption.unit"": ""percent"", ""claim"": ""Advanced Micro Devices, Inc. expects gross margin non-GAAP of 55% for Q1 FY2026."", ""conflict"": ""false"", ""invalidation_condition"": ""reported value differs from 55 by more than 0.5%""}"
01KQTPYE0056BCZGK0KE9W394A,"Advanced Micro Devices, Inc.",AMD,0000002488,"Advanced Micro Devices, Inc. expects gross margin non-GAAP of 56% for Q2 FY2026.",Non-GAAP gross margin is expected to be approximately 56%.,gross margin non-GAAP,56.0,56.0,percent,Q2 FY2026,2026-05-05,https://www.sec.gov/Archives/edgar/data/2488/000000248826000072/q12026991.htm,0000002488-26-000072,8-K,2026-05-05,2026-10-01T12:39:55Z,dc1f0542b602d5bbbe700f953a862d3731fca7d29868633e09dbec97e56b9de5,Non-GAAP gross margin is expected to be approximately 56%.,56.0,2026-08-04,https://www.sec.gov/Archives/edgar/data/2488/000000248826000121/q22026991.htm,0000002488-26-000121,8-K,2026-08-04,2026-10-01T12:39:57Z,6d30f78792780425298cf6588165a46d13f98850965fafa06c59b99dc92d5e2f,"On a non-GAAP(*) basis, gross margin was 56%, operating income was $3.1 billion, net income was $2.8 billion and diluted earnings per share was $1.66.",reported value differs from 56 by more than 0.5%,open,,,,,,,,,91,,2026-10-02,navneet,false,false,,false,false,false,,met,sentence,Current Outlook,"•AMD announced new adaptive and embedded AI processors, including:",,,,,,yes,"Excerpt states 'Non-GAAP gross margin is expected to be approximately 56%' which matches the guidance metric, value, and basis (non-GAAP). The period Q2 FY2026 is established by the section heading 'C",,,,,,,,"{""aid_flag_note"": """", ""assumption.metric"": ""gross margin non-GAAP"", ""assumption.stated_at"": ""2026-05-05"", ""assumption.target_high"": ""56.0"", ""assumption.target_low"": ""56.0"", ""assumption.target_period"": ""Q2 FY2026"", ""assumption.text"": ""Non-GAAP gross margin is expected to be approximately 56%."", ""assumption.unit"": ""percent"", ""claim"": ""Advanced Micro Devices, Inc. expects gross margin non-GAAP of 56% for Q2 FY2026."", ""conflict"": ""false"", ""invalidation_condition"": ""reported value differs from 56 by more than 0.5%""}"
01KZ513V0038D21QKTZQ9W1G8P,"Advanced Micro Devices, Inc.",AMD,0000002488,"Advanced Micro Devices, Inc. expects gross margin non-GAAP of 56% for Q3 FY2026.",Non-GAAP gross margin is expected to be approximately 56%.,gross margin non-GAAP,56.0,56.0,percent,Q3 FY2026,2026-08-04,https://www.sec.gov/Archives/edgar/data/2488/000000248826000121/q22026991.htm,0000002488-26-000121,8-K,2026-08-04,2026-10-01T12:39:57Z,6d30f78792780425298cf6588165a46d13f98850965fafa06c59b99dc92d5e2f,Non-GAAP gross margin is expected to be approximately 56%.,,,,,,,,,,reported value differs from 56 by more than 0.5%,open,,,,,,,,,,,2026-10-02,navneet,false,false,,false,false,false,,unresolved,sentence,Current Outlook,•AMD expanded its adaptive and embedded AI portfolio:,,,period not closed,,,yes,"Excerpt states 'Non-GAAP gross margin is expected to be approximately 56%' which matches the guidance metric, value, and unit provided.",,,,,,,,"{""aid_flag_note"": """", ""assumption.metric"": ""gross margin non-GAAP"", ""assumption.stated_at"": ""2026-08-04"", ""assumption.target_high"": ""56.0"", ""assumption.target_low"": ""56.0"", ""assumption.target_period"": ""Q3 FY2026"", ""assumption.text"": ""Non-GAAP gross margin is expected to be approximately 56%."", ""assumption.unit"": ""percent"", ""claim"": ""Advanced Micro Devices, Inc. expects gross margin non-GAAP of 56% for Q3 FY2026."", ""conflict"": ""false"", ""invalidation_condition"": ""reported value differs from 56 by more than 0.5%""}"
