record_id,company,ticker,cik,claim,assumption.text,assumption.metric,assumption.target_low,assumption.target_high,assumption.unit,assumption.target_period,assumption.stated_at,assumption.evidence.source_url,assumption.evidence.accession_number,assumption.evidence.filing_type,assumption.evidence.filed_at,assumption.evidence.fetched_at,assumption.evidence.content_sha256,assumption.evidence.excerpt,outcome.reported_value,outcome.reported_at,outcome.evidence.source_url,outcome.evidence.accession_number,outcome.evidence.filing_type,outcome.evidence.filed_at,outcome.evidence.fetched_at,outcome.evidence.content_sha256,outcome.evidence.excerpt,invalidation_condition,status,acknowledged_at,acknowledgement_evidence.source_url,acknowledgement_evidence.accession_number,acknowledgement_evidence.filing_type,acknowledgement_evidence.filed_at,acknowledgement_evidence.fetched_at,acknowledgement_evidence.content_sha256,acknowledgement_evidence.excerpt,days_to_falsifiable,days_to_acknowledged,last_reviewed_at,reviewer,approved,hand_verified,reviewer_note,conflict,empty_block,ack_pending_review,change_pending_review,aid_proposed_status,aid_capture_method,aid_heading,aid_lead_in,aid_table_header,aid_value_column,aid_outcome_note,aid_flag_note,aid_withdrawal_note,aid_verify,aid_verify_reason,aid_verify_class,aid_suggested_note,aid_ack_proposed_at,aid_ack_proposed_excerpt,aid_ack_proposed_url,aid_ack_proposed_evidence,aid_proposed_change,aid_derived_snapshot
01DJRQJ7002W2AFVY51G47ZYKT,Target Corporation,TGT,0000027419,Target Corporation expects comparable sales of 3.4% for Q3 FY2019.,"For both the third quarter and second half of 2019, Target expects comparable sales growth in line with the 3.4 percent comparable sales growth the company delivered in the second quarter of 2019.",comparable sales,3.4,3.4,percent,Q3 FY2019,2019-08-21,https://www.sec.gov/Archives/edgar/data/27419/000002741919000018/a2019q2ex-99_20190803.htm,0000027419-19-000018,8-K,2019-08-21,2026-09-20T06:43:14Z,4ecd75e5283ee448a2f9c4c43bd0e26ce8280b07e4bf9f467fbf4ee6a0376b4f,"For both the third quarter and second half of 2019, Target expects comparable sales growth in line with the 3.4 percent comparable sales growth the company delivered in the second quarter of 2019.",4.5,2019-11-20,https://www.sec.gov/Archives/edgar/data/27419/000002741919000024/a2019q3ex-99_20191102.htm,0000027419-19-000024,8-K,2019-11-20,2026-09-20T06:43:16Z,2ee32d071778f4cc8c8e9f41a36775f103de10d4c3f924b87c882a43876956c9,Comparable Sales Increase 4.5 Percent,reported value differs from 3.4 by more than 0.5%,open,,,,,,,,,91,,2026-09-22,navneet,true,true,"false alarm: forward verb, named quarter, number present; soft language kept as point",false,false,,,missed,sentence,Third Quarter and Full-Year 2019 Guidance,"For additional media materials, please visit:",,,,,,no,"The excerpt reports a past result ('the company delivered in the second quarter of 2019') rather than stating forward guidance for Q3 FY2019. The 3.4% figure is what Target achieved in Q2, not guidanc",not_guidance,,,,,,,"{""aid_flag_note"": """", ""assumption.metric"": ""comparable sales"", ""assumption.stated_at"": ""2019-08-21"", ""assumption.target_high"": ""3.4"", ""assumption.target_low"": ""3.4"", ""assumption.target_period"": ""Q3 FY2019"", ""assumption.text"": ""For both the third quarter and second half of 2019, Target expects comparable sales growth in line with the 3.4 percent comparable sales growth the company delivered in the second quarter of 2019."", ""assumption.unit"": ""percent"", ""claim"": ""Target Corporation expects comparable sales of 3.4% for Q3 FY2019."", ""conflict"": ""false"", ""invalidation_condition"": ""reported value differs from 3.4 by more than 0.5%""}"
01E2EV2C00WYTZ3G7AT61BK3DT,Target Corporation,TGT,0000027419,Target Corporation expects EPS GAAP of $1.55 per share to $1.75 per share for Q1 FY2020.,The Company expects both GAAP EPS from continuing operations and Adjusted EPS of $1.55 to $1.75.,EPS GAAP,1.55,1.75,USD per share,Q1 FY2020,2020-03-03,https://www.sec.gov/Archives/edgar/data/27419/000002741920000004/a2019q4ex-99.htm,0000027419-20-000004,8-K,2020-03-03,2026-09-20T06:43:18Z,293aaf6312a34494db7f144eb8c2eba9c67b8177dce34b9854a8891de1d337b4,The Company expects both GAAP EPS from continuing operations and Adjusted EPS of $1.55 to $1.75.,0.56,2020-05-20,https://www.sec.gov/Archives/edgar/data/27419/000002741920000011/a2020q1ex-99.htm,0000027419-20-000011,8-K,2020-05-20,2026-09-20T06:43:20Z,9087f3e78344e1cc49af3a64b6aad1551705ed6b8152913bc54d18bc51d50dc3,"First quarter GAAP EPS from continuing operations were $0.56, and Adjusted EPS1 were $0.59.","reported value falls outside [1.55, 1.75]",open,,,,,,,,,78,,2026-09-22,navneet,true,false,false alarm: excerpt says first quarter; FY heading covers both FY and Q1 guidance; value size is a quarter,false,false,,,missed,sentence,Fiscal 2020 Guidance,"•For additional media materials, please visit:",,,,,,no,"The excerpt provides guidance for full-year Fiscal 2020 ('The Company expects'), not specifically for Q1 FY2020. The period is wrong.",wrong_period,,,,,,,"{""aid_flag_note"": """", ""assumption.metric"": ""EPS GAAP"", ""assumption.stated_at"": ""2020-03-03"", ""assumption.target_high"": ""1.75"", ""assumption.target_low"": ""1.55"", ""assumption.target_period"": ""Q1 FY2020"", ""assumption.text"": ""The Company expects both GAAP EPS from continuing operations and Adjusted EPS of $1.55 to $1.75."", ""assumption.unit"": ""USD per share"", ""claim"": ""Target Corporation expects EPS GAAP of $1.55 per share to $1.75 per share for Q1 FY2020."", ""conflict"": ""false"", ""invalidation_condition"": ""reported value falls outside [1.55, 1.75]""}"
01E2EV2C00X1RXGX41HDVQ47ZQ,Target Corporation,TGT,0000027419,Target Corporation expects EPS non-GAAP of $1.55 per share to $1.75 per share for Q1 FY2020.,The Company expects both GAAP EPS from continuing operations and Adjusted EPS of $1.55 to $1.75.,EPS non-GAAP,1.55,1.75,USD per share,Q1 FY2020,2020-03-03,https://www.sec.gov/Archives/edgar/data/27419/000002741920000004/a2019q4ex-99.htm,0000027419-20-000004,8-K,2020-03-03,2026-09-20T06:43:18Z,293aaf6312a34494db7f144eb8c2eba9c67b8177dce34b9854a8891de1d337b4,The Company expects both GAAP EPS from continuing operations and Adjusted EPS of $1.55 to $1.75.,0.59,2020-05-20,https://www.sec.gov/Archives/edgar/data/27419/000002741920000011/a2020q1ex-99.htm,0000027419-20-000011,8-K,2020-05-20,2026-09-20T06:43:20Z,9087f3e78344e1cc49af3a64b6aad1551705ed6b8152913bc54d18bc51d50dc3,"First quarter GAAP EPS from continuing operations were $0.56, and Adjusted EPS1 were $0.59.","reported value falls outside [1.55, 1.75]",open,,,,,,,,,78,,2026-09-22,navneet,true,false,false alarm: period from lead-in (first quarter); value size is a quarter; outcome matched Q1,false,false,,,missed,sentence,Fiscal 2020 Guidance,"•For additional media materials, please visit:",,,,,,no,"The excerpt provides guidance for the full fiscal year 2020 ('Fiscal 2020 Guidance' heading), not specifically for Q1 FY2020. The period is wrong.",wrong_period,,,,,,,"{""aid_flag_note"": """", ""assumption.metric"": ""EPS non-GAAP"", ""assumption.stated_at"": ""2020-03-03"", ""assumption.target_high"": ""1.75"", ""assumption.target_low"": ""1.55"", ""assumption.target_period"": ""Q1 FY2020"", ""assumption.text"": ""The Company expects both GAAP EPS from continuing operations and Adjusted EPS of $1.55 to $1.75."", ""assumption.unit"": ""USD per share"", ""claim"": ""Target Corporation expects EPS non-GAAP of $1.55 per share to $1.75 per share for Q1 FY2020."", ""conflict"": ""false"", ""invalidation_condition"": ""reported value falls outside [1.55, 1.75]""}"
01GAMHK300HZSHX7542M97T27R,Target Corporation,TGT,0000027419,Target Corporation expects operating margin GAAP of 6% for FY2022.,"While the Company is planning cautiously for the remainder of the year, current trends support the company’s prior guidance for full-year revenue growth in the low- to mid-single digit range, and an operating margin rate in a range around 6% in the back half of the year.",operating margin GAAP,6.0,6.0,percent,FY2022,2022-08-17,https://www.sec.gov/Archives/edgar/data/27419/000002741922000023/a2022q2ex-99.htm,0000027419-22-000023,8-K,2022-08-17,2026-09-20T06:43:38Z,6f9e3cc994a2cd2521fad563d59eb0b27ba901e5a8ba839588576b2c70635e55,"While the Company is planning cautiously for the remainder of the year, current trends support the company’s prior guidance for full-year revenue growth in the low- to mid-single digit range, and an operating margin rate in a range around 6% in the back half of the year.",,,,,,,,,,reported value differs from 6 by more than 0.5%,open,,,,,,,,,,,2026-09-22,navneet,true,false,false alarm: period from lead-in (first quarter); value size is a quarter; outcome matched Q1,false,false,,,unresolved,sentence,Fiscal 2022 Guidance,"For additional media materials, please visit:",,,the model found no line reporting that metric for that period,,,no,"The excerpt states operating margin 'in the back half of the year' (H2 FY2022), not for the full fiscal year (FY2022) as claimed.",wrong_period,,,,,,,"{""aid_flag_note"": """", ""assumption.metric"": ""operating margin GAAP"", ""assumption.stated_at"": ""2022-08-17"", ""assumption.target_high"": ""6.0"", ""assumption.target_low"": ""6.0"", ""assumption.target_period"": ""FY2022"", ""assumption.text"": ""While the Company is planning cautiously for the remainder of the year, current trends support the company\u2019s prior guidance for full-year revenue growth in the low- to mid-single digit range, and an operating margin rate in a range around 6% in the back half of the year."", ""assumption.unit"": ""percent"", ""claim"": ""Target Corporation expects operating margin GAAP of 6% for FY2022."", ""conflict"": ""false"", ""invalidation_condition"": ""reported value differs from 6 by more than 0.5%""}"
01KJRFX5008DCDMG7XQPQ9TNYG,Target Corporation,TGT,0000027419,Target Corporation expects EPS GAAP of $7.5 per share to $8.5 per share for FY2026.,"•GAAP and Adjusted EPS of $7.50 to $8.50. Based on the expected timing of certain costs, the company expects Q1 GAAP and Adjusted EPS will be flat to up slightly from last year’s Adjusted EPS of $1.30, with stronger year-over-year EPS growth expected through the balance of the year.",EPS GAAP,7.5,8.5,USD per share,FY2026,2026-03-03,https://www.sec.gov/Archives/edgar/data/27419/000002741926000012/a2025q4ex-99.htm,0000027419-26-000012,8-K,2026-03-03,2026-09-20T07:25:35Z,a8f82324870165eef291ea254af9cd547b6eb85f2a9760ad08e78de722ef3c1b,"•GAAP and Adjusted EPS of $7.50 to $8.50. Based on the expected timing of certain costs, the company expects Q1 GAAP and Adjusted EPS will be flat to up slightly from last year’s Adjusted EPS of $1.30, with stronger year-over-year EPS growth expected through the balance of the year.",,,,,,,,,,"reported value falls outside [7.5, 8.5]",open,,,,,,,,,,,2026-09-22,navneet,true,false,false alarm: period from lead-in (first quarter); value size is a quarter; outcome matched Q1,false,false,,,unresolved,section,Guidance,,,,no later 8-K release for that period found,,,no,"The excerpt provides guidance for full-year GAAP EPS of $7.50 to $8.50, but does not specify which fiscal year this guidance applies to. Without explicit confirmation that this is FY2026 guidance (rat",wrong_period,,,,,,,"{""aid_flag_note"": """", ""assumption.metric"": ""EPS GAAP"", ""assumption.stated_at"": ""2026-03-03"", ""assumption.target_high"": ""8.5"", ""assumption.target_low"": ""7.5"", ""assumption.target_period"": ""FY2026"", ""assumption.text"": ""\u2022GAAP and Adjusted EPS of $7.50 to $8.50. Based on the expected timing of certain costs, the company expects Q1 GAAP and Adjusted EPS will be flat to up slightly from last year\u2019s Adjusted EPS of $1.30, with stronger year-over-year EPS growth expected through the balance of the year."", ""assumption.unit"": ""USD per share"", ""claim"": ""Target Corporation expects EPS GAAP of $7.5 per share to $8.5 per share for FY2026."", ""conflict"": ""false"", ""invalidation_condition"": ""reported value falls outside [7.5, 8.5]""}"
01KJRFX500Y9PTAM58ZD8PR6H3,Target Corporation,TGT,0000027419,Target Corporation expects EPS non-GAAP of $7.5 per share to $8.5 per share for FY2026.,"•GAAP and Adjusted EPS of $7.50 to $8.50. Based on the expected timing of certain costs, the company expects Q1 GAAP and Adjusted EPS will be flat to up slightly from last year’s Adjusted EPS of $1.30, with stronger year-over-year EPS growth expected through the balance of the year.",EPS non-GAAP,7.5,8.5,USD per share,FY2026,2026-03-03,https://www.sec.gov/Archives/edgar/data/27419/000002741926000012/a2025q4ex-99.htm,0000027419-26-000012,8-K,2026-03-03,2026-09-20T07:25:35Z,a8f82324870165eef291ea254af9cd547b6eb85f2a9760ad08e78de722ef3c1b,"•GAAP and Adjusted EPS of $7.50 to $8.50. Based on the expected timing of certain costs, the company expects Q1 GAAP and Adjusted EPS will be flat to up slightly from last year’s Adjusted EPS of $1.30, with stronger year-over-year EPS growth expected through the balance of the year.",,,,,,,,,,"reported value falls outside [7.5, 8.5]",open,,,,,,,,,,,2026-09-22,navneet,true,false,false alarm: period from lead-in (first quarter); value size is a quarter; outcome matched Q1,false,false,,,unresolved,section,Guidance,,,,no later 8-K release for that period found,,,no,"The excerpt provides guidance for full-year GAAP and Adjusted EPS of $7.50 to $8.50, but does not specify which fiscal year this guidance applies to. Without explicit confirmation that this is FY2026 ",wrong_period,,,,,,,"{""aid_flag_note"": """", ""assumption.metric"": ""EPS non-GAAP"", ""assumption.stated_at"": ""2026-03-03"", ""assumption.target_high"": ""8.5"", ""assumption.target_low"": ""7.5"", ""assumption.target_period"": ""FY2026"", ""assumption.text"": ""\u2022GAAP and Adjusted EPS of $7.50 to $8.50. Based on the expected timing of certain costs, the company expects Q1 GAAP and Adjusted EPS will be flat to up slightly from last year\u2019s Adjusted EPS of $1.30, with stronger year-over-year EPS growth expected through the balance of the year."", ""assumption.unit"": ""USD per share"", ""claim"": ""Target Corporation expects EPS non-GAAP of $7.5 per share to $8.5 per share for FY2026."", ""conflict"": ""false"", ""invalidation_condition"": ""reported value falls outside [7.5, 8.5]""}"
01KJRFX5007YK8T76SN4Q59E66,Target Corporation,TGT,0000027419,Target Corporation expects EPS GAAP of at least $1.3 per share for Q1 FY2026.,"Based on the expected timing of certain costs, the company expects Q1 GAAP and Adjusted EPS will be flat to up slightly from last year’s Adjusted EPS of $1.30, with stronger year-over-year EPS growth expected through the balance of the year.",EPS GAAP,1.3,,USD per share,Q1 FY2026,2026-03-03,https://www.sec.gov/Archives/edgar/data/27419/000002741926000012/a2025q4ex-99.htm,0000027419-26-000012,8-K,2026-03-03,2026-09-20T07:25:35Z,a8f82324870165eef291ea254af9cd547b6eb85f2a9760ad08e78de722ef3c1b,"Based on the expected timing of certain costs, the company expects Q1 GAAP and Adjusted EPS will be flat to up slightly from last year’s Adjusted EPS of $1.30, with stronger year-over-year EPS growth expected through the balance of the year.",1.71,2026-05-20,https://www.sec.gov/Archives/edgar/data/27419/000002741926000020/a2026q1ex-99.htm,0000027419-26-000020,8-K,2026-05-20,2026-09-20T07:25:37Z,748543a7d981041fcdff582290a050481a258554e3d642c5ca7f867212f95f89,"The Company reported first quarter GAAP and Adjusted earnings per share (EPS) of $1.71, compared with prior-year GAAP EPS2 of $2.27 and Adjusted EPS of $1.30.",reported value is below 1.3,open,,,,,,,,,78,,2026-09-22,navneet,true,false,false alarm: floor per company's own table ($1.30+); prose says flat to up slightly; kept low-only,false,false,,,met,sentence,Guidance,The Company has the following expectations for 2026:,,,,,,no,"The excerpt states Q1 GAAP EPS will be 'flat to up slightly from last year's Adjusted EPS of $1.30,' which describes a range starting at approximately $1.30 but does not explicitly state 'at least $1.",wrong_value,,,,,,,"{""aid_flag_note"": """", ""assumption.metric"": ""EPS GAAP"", ""assumption.stated_at"": ""2026-03-03"", ""assumption.target_high"": """", ""assumption.target_low"": ""1.3"", ""assumption.target_period"": ""Q1 FY2026"", ""assumption.text"": ""Based on the expected timing of certain costs, the company expects Q1 GAAP and Adjusted EPS will be flat to up slightly from last year\u2019s Adjusted EPS of $1.30, with stronger year-over-year EPS growth expected through the balance of the year."", ""assumption.unit"": ""USD per share"", ""claim"": ""Target Corporation expects EPS GAAP of at least $1.3 per share for Q1 FY2026."", ""conflict"": ""false"", ""invalidation_condition"": ""reported value is below 1.3""}"
01KJRFX500Z03EQNDGYPXEN3PC,Target Corporation,TGT,0000027419,Target Corporation expects EPS non-GAAP of at least $1.3 per share for Q1 FY2026.,(a)The company expects Q1 2026 GAAP and Adjusted EPS will be flat to up slightly from last year’s Adjusted EPS of $1.30.,EPS non-GAAP,1.3,,USD per share,Q1 FY2026,2026-03-03,https://www.sec.gov/Archives/edgar/data/27419/000002741926000012/a2025q4ex-99.htm,0000027419-26-000012,8-K,2026-03-03,2026-09-20T07:25:35Z,a8f82324870165eef291ea254af9cd547b6eb85f2a9760ad08e78de722ef3c1b,(a)The company expects Q1 2026 GAAP and Adjusted EPS will be flat to up slightly from last year’s Adjusted EPS of $1.30.,1.71,2026-05-20,https://www.sec.gov/Archives/edgar/data/27419/000002741926000020/a2026q1ex-99.htm,0000027419-26-000020,8-K,2026-05-20,2026-09-20T07:25:37Z,748543a7d981041fcdff582290a050481a258554e3d642c5ca7f867212f95f89,"The Company reported first quarter GAAP and Adjusted earnings per share (EPS) of $1.71, compared with prior-year GAAP EPS2 of $2.27 and Adjusted EPS of $1.30.",reported value is below 1.3,open,,,,,,,,,78,,2026-09-22,navneet,true,false,false alarm: floor per company's table ($1.30+); footnote (a) restates it; kept low-only,false,false,,,met,sentence,Adjusted diluted earnings per share guidance,,,,,,,no,"The excerpt states Adjusted EPS will be 'flat to up slightly from last year's Adjusted EPS of $1.30', which describes a range starting at approximately $1.30 but does not explicitly state a minimum of",wrong_value,,,,,,,"{""aid_flag_note"": """", ""assumption.metric"": ""EPS non-GAAP"", ""assumption.stated_at"": ""2026-03-03"", ""assumption.target_high"": """", ""assumption.target_low"": ""1.3"", ""assumption.target_period"": ""Q1 FY2026"", ""assumption.text"": ""(a)The company expects Q1 2026 GAAP and Adjusted EPS will be flat to up slightly from last year\u2019s Adjusted EPS of $1.30."", ""assumption.unit"": ""USD per share"", ""claim"": ""Target Corporation expects EPS non-GAAP of at least $1.3 per share for Q1 FY2026."", ""conflict"": ""false"", ""invalidation_condition"": ""reported value is below 1.3""}"
01F60YR200NWN0T9F5S6S966DG,Target Corporation,TGT,0000027419,Target Corporation expects operating margin GAAP of at least 7% for FY2021.,"The Company expects positive single-digit comparable sales growth in the last two quarters of the year, and expects its full-year operating margin rate will be well above the 2020 rate of 7.0 percent, with the potential to reach 8 percent or somewhat higher.",operating margin GAAP,7.0,,percent,FY2021,2021-05-19,https://www.sec.gov/Archives/edgar/data/27419/000002741921000013/a2021q1ex-99.htm,0000027419-21-000013,8-K,2021-05-19,2026-09-20T06:43:29Z,e1d75614dd2b941a0ec9e942857214ce274c75d358dc04c9f58bcb5970c897bb,"The Company expects positive single-digit comparable sales growth in the last two quarters of the year, and expects its full-year operating margin rate will be well above the 2020 rate of 7.0 percent, with the potential to reach 8 percent or somewhat higher.",8.4,2022-03-01,https://www.sec.gov/Archives/edgar/data/27419/000002741922000002/a2021q4ex-99.htm,0000027419-22-000002,8-K,2022-03-01,2026-09-20T06:43:35Z,74d2f276af7627ac520e6531bbac9488324a5ba998883ac01c1aa8a7f4a04adb,Operating income margin rate of 8.4 percent expanded nearly 150 basis points from 2020.,reported value is below 7,open,,,,,,,,,286,,2026-09-22,navneet,true,false,,false,false,,,met,sentence,Fiscal 2021 Guidance,"•For additional media materials, please visit:",,,,,,no,"The excerpt states operating margin 'will be well above the 2020 rate of 7.0 percent, with the potential to reach 8 percent or somewhat higher,' which describes a range above 7.0% but does not commit ",wrong_value,CHECK: value,,,,,,"{""aid_flag_note"": """", ""assumption.metric"": ""operating margin GAAP"", ""assumption.stated_at"": ""2021-05-19"", ""assumption.target_high"": """", ""assumption.target_low"": ""7.0"", ""assumption.target_period"": ""FY2021"", ""assumption.text"": ""The Company expects positive single-digit comparable sales growth in the last two quarters of the year, and expects its full-year operating margin rate will be well above the 2020 rate of 7.0 percent, with the potential to reach 8 percent or somewhat higher."", ""assumption.unit"": ""percent"", ""claim"": ""Target Corporation expects operating margin GAAP of at least 7% for FY2021."", ""conflict"": ""false"", ""invalidation_condition"": ""reported value is below 7""}"
01HR5YHX00JDYH5MWS9HVS0BB9,Target Corporation,TGT,0000027419,Target Corporation expects EPS GAAP of $8.6 per share to $9.6 per share for FY2024.,"For the full year, the Company expects a modest increase in comparable sales in a range from flat to two percent. GAAP EPS and Adjusted EPS are both expected to range from $8.60 to $9.60.",EPS GAAP,8.6,9.6,USD per share,FY2024,2024-03-05,https://www.sec.gov/Archives/edgar/data/27419/000002741924000008/a2023q4ex-99.htm,0000027419-24-000008,8-K,2024-03-05,2026-09-20T06:43:50Z,579220ba1059d91f7a1a0f962342c8d13b665f1164667bc70d73a855497c6880,"For the full year, the Company expects a modest increase in comparable sales in a range from flat to two percent. GAAP EPS and Adjusted EPS are both expected to range from $8.60 to $9.60.",8.86,2025-03-04,https://www.sec.gov/Archives/edgar/data/27419/000002741925000008/a2024q4ex-99.htm,0000027419-25-000008,8-K,2025-03-04,2026-09-20T06:43:56Z,c1a47ba3ba7da4f94f48c33718ba764f2bb938af83b933ffb958c21963329775,"GAAP and Adjusted EPS were $8.86 for full-year 2024, compared with $8.94 in the prior year.","reported value falls outside [8.6, 9.6]",open,,,,,,,,,364,,2026-09-22,navneet,true,false,,false,false,,,met,section,Guidance,"For additional media materials, please visit:",,,,,,yes,"Excerpt states 'GAAP EPS...expected to range from $8.60 to $9.60' for the full year, which matches the claim of $8.6 to $9.6 per share for FY2024 (Target's fiscal year ends in January, so full year gu",,,,,,,,"{""aid_flag_note"": """", ""assumption.metric"": ""EPS GAAP"", ""assumption.stated_at"": ""2024-03-05"", ""assumption.target_high"": ""9.6"", ""assumption.target_low"": ""8.6"", ""assumption.target_period"": ""FY2024"", ""assumption.text"": ""For the full year, the Company expects a modest increase in comparable sales in a range from flat to two percent. GAAP EPS and Adjusted EPS are both expected to range from $8.60 to $9.60."", ""assumption.unit"": ""USD per share"", ""claim"": ""Target Corporation expects EPS GAAP of $8.6 per share to $9.6 per share for FY2024."", ""conflict"": ""false"", ""invalidation_condition"": ""reported value falls outside [8.6, 9.6]""}"
01HR5YHX00486241HPDE2TE3DF,Target Corporation,TGT,0000027419,Target Corporation expects EPS non-GAAP of $8.6 per share to $9.6 per share for FY2024.,"For the full year, the Company expects a modest increase in comparable sales in a range from flat to two percent. GAAP EPS and Adjusted EPS are both expected to range from $8.60 to $9.60.",EPS non-GAAP,8.6,9.6,USD per share,FY2024,2024-03-05,https://www.sec.gov/Archives/edgar/data/27419/000002741924000008/a2023q4ex-99.htm,0000027419-24-000008,8-K,2024-03-05,2026-09-20T06:43:50Z,579220ba1059d91f7a1a0f962342c8d13b665f1164667bc70d73a855497c6880,"For the full year, the Company expects a modest increase in comparable sales in a range from flat to two percent. GAAP EPS and Adjusted EPS are both expected to range from $8.60 to $9.60.",8.86,2025-03-04,https://www.sec.gov/Archives/edgar/data/27419/000002741925000008/a2024q4ex-99.htm,0000027419-25-000008,8-K,2025-03-04,2026-09-20T06:43:56Z,c1a47ba3ba7da4f94f48c33718ba764f2bb938af83b933ffb958c21963329775,"GAAP and Adjusted EPS were $8.86 for full-year 2024, compared with $8.94 in the prior year.","reported value falls outside [8.6, 9.6]",open,,,,,,,,,364,,2026-09-22,navneet,true,true,,false,false,,,met,section,Guidance,"For additional media materials, please visit:",,,,,,yes,"Excerpt states 'Adjusted EPS are both expected to range from $8.60 to $9.60' for the full year, which matches the non-GAAP EPS guidance of $8.6 to $9.6 per share for FY2024.",,,,,,,,"{""aid_flag_note"": """", ""assumption.metric"": ""EPS non-GAAP"", ""assumption.stated_at"": ""2024-03-05"", ""assumption.target_high"": ""9.6"", ""assumption.target_low"": ""8.6"", ""assumption.target_period"": ""FY2024"", ""assumption.text"": ""For the full year, the Company expects a modest increase in comparable sales in a range from flat to two percent. GAAP EPS and Adjusted EPS are both expected to range from $8.60 to $9.60."", ""assumption.unit"": ""USD per share"", ""claim"": ""Target Corporation expects EPS non-GAAP of $8.6 per share to $9.6 per share for FY2024."", ""conflict"": ""false"", ""invalidation_condition"": ""reported value falls outside [8.6, 9.6]""}"
01J5S3QC00ACBBKA09S4V2WVA6,Target Corporation,TGT,0000027419,Target Corporation expects EPS GAAP of $9 per share to $9.7 per share for FY2024.,$2.10 - $2.40 $9.00 - $9.70,EPS GAAP,9.0,9.7,USD per share,FY2024,2024-08-21,https://www.sec.gov/Archives/edgar/data/27419/000002741924000142/a2024q2ex-99.htm,0000027419-24-000142,8-K,2024-08-21,2026-09-20T06:43:53Z,e444b4693ac0d6d50cd7540c9163751687d6a972dcb06f53a3970f357db05a3b,$2.10 - $2.40 $9.00 - $9.70,8.86,2025-03-04,https://www.sec.gov/Archives/edgar/data/27419/000002741925000008/a2024q4ex-99.htm,0000027419-25-000008,8-K,2025-03-04,2026-09-20T06:43:56Z,c1a47ba3ba7da4f94f48c33718ba764f2bb938af83b933ffb958c21963329775,"GAAP and Adjusted EPS were $8.86 for full-year 2024, compared with $8.94 in the prior year.","reported value falls outside [9, 9.7]",open,,,,,,,,,195,,2026-09-22,navneet,true,false,,false,false,,,missed,section,GAAP diluted earnings per share guidance,,Q3 2024 Full Year 2024,,,,,yes,"Excerpt states GAAP diluted earnings per share guidance for Full Year 2024 as '$9.00 - $9.70', which matches the claim of $9 to $9.7 per share for FY2024.",,,,,,,,"{""aid_flag_note"": """", ""assumption.metric"": ""EPS GAAP"", ""assumption.stated_at"": ""2024-08-21"", ""assumption.target_high"": ""9.7"", ""assumption.target_low"": ""9.0"", ""assumption.target_period"": ""FY2024"", ""assumption.text"": ""$2.10 - $2.40 $9.00 - $9.70"", ""assumption.unit"": ""USD per share"", ""claim"": ""Target Corporation expects EPS GAAP of $9 per share to $9.7 per share for FY2024."", ""conflict"": ""false"", ""invalidation_condition"": ""reported value falls outside [9, 9.7]""}"
01J5S3QC009CEHP78E5MGXR38P,Target Corporation,TGT,0000027419,Target Corporation expects EPS non-GAAP of $9 per share to $9.7 per share for FY2024.,$2.10 - $2.40 $9.00 - $9.70,EPS non-GAAP,9.0,9.7,USD per share,FY2024,2024-08-21,https://www.sec.gov/Archives/edgar/data/27419/000002741924000142/a2024q2ex-99.htm,0000027419-24-000142,8-K,2024-08-21,2026-09-20T06:43:53Z,e444b4693ac0d6d50cd7540c9163751687d6a972dcb06f53a3970f357db05a3b,$2.10 - $2.40 $9.00 - $9.70,8.86,2025-03-04,https://www.sec.gov/Archives/edgar/data/27419/000002741925000008/a2024q4ex-99.htm,0000027419-25-000008,8-K,2025-03-04,2026-09-20T06:43:56Z,c1a47ba3ba7da4f94f48c33718ba764f2bb938af83b933ffb958c21963329775,"GAAP and Adjusted EPS were $8.86 for full-year 2024, compared with $8.94 in the prior year.","reported value falls outside [9, 9.7]",open,,,,,,,,,195,,2026-09-22,navneet,true,false,,false,false,,,missed,section,Adjusted diluted earnings per share guidance,,Q3 2024 Full Year 2024,,,,,yes,"Excerpt states adjusted diluted EPS guidance of $9.00 - $9.70 for Full Year 2024, matching the claim exactly",,,,,,,,"{""aid_flag_note"": """", ""assumption.metric"": ""EPS non-GAAP"", ""assumption.stated_at"": ""2024-08-21"", ""assumption.target_high"": ""9.7"", ""assumption.target_low"": ""9.0"", ""assumption.target_period"": ""FY2024"", ""assumption.text"": ""$2.10 - $2.40 $9.00 - $9.70"", ""assumption.unit"": ""USD per share"", ""claim"": ""Target Corporation expects EPS non-GAAP of $9 per share to $9.7 per share for FY2024."", ""conflict"": ""false"", ""invalidation_condition"": ""reported value falls outside [9, 9.7]""}"
01JD3DWS00WPNHE2FE732WAENK,Target Corporation,TGT,0000027419,Target Corporation expects EPS non-GAAP of $1.85 per share to $2.45 per share for Q4 FY2024.,"For the fourth quarter, the Company expects approximately flat comparable sales and GAAP and Adjusted EPS of $1.85 to $2.45, translating to a full year expected GAAP and Adjusted EPS range of $8.30 to $8.90.",EPS non-GAAP,1.85,2.45,USD per share,Q4 FY2024,2024-11-20,https://www.sec.gov/Archives/edgar/data/27419/000002741924000177/a2024q3ex-99.htm,0000027419-24-000177,8-K,2024-11-20,2026-09-20T06:43:55Z,3528c3d18c6963def09c32f47833fe184a0859a98fcec08fdacd2b738240d569,"For the fourth quarter, the Company expects approximately flat comparable sales and GAAP and Adjusted EPS of $1.85 to $2.45, translating to a full year expected GAAP and Adjusted EPS range of $8.30 to $8.90.",2.41,2025-03-04,https://www.sec.gov/Archives/edgar/data/27419/000002741925000008/a2024q4ex-99.htm,0000027419-25-000008,8-K,2025-03-04,2026-09-20T06:43:56Z,c1a47ba3ba7da4f94f48c33718ba764f2bb938af83b933ffb958c21963329775,"GAAP and Adjusted EPS of $2.41 was near the high end of the Company's guidance range, driven by stronger-than-expected topline performance, particularly in Toys, Electronics, and Apparel.","reported value falls outside [1.85, 2.45]",open,,,,,,,,,104,,2026-09-22,navneet,true,false,,false,false,,,met,section,Guidance,"For additional media materials, please visit:",,,,,,yes,"Excerpt states 'Adjusted EPS of $1.85 to $2.45' for 'the fourth quarter', which matches the non-GAAP EPS guidance range for Q4 FY2024.",,,,,,,,"{""aid_flag_note"": """", ""assumption.metric"": ""EPS non-GAAP"", ""assumption.stated_at"": ""2024-11-20"", ""assumption.target_high"": ""2.45"", ""assumption.target_low"": ""1.85"", ""assumption.target_period"": ""Q4 FY2024"", ""assumption.text"": ""For the fourth quarter, the Company expects approximately flat comparable sales and GAAP and Adjusted EPS of $1.85 to $2.45, translating to a full year expected GAAP and Adjusted EPS range of $8.30 to $8.90."", ""assumption.unit"": ""USD per share"", ""claim"": ""Target Corporation expects EPS non-GAAP of $1.85 per share to $2.45 per share for Q4 FY2024."", ""conflict"": ""false"", ""invalidation_condition"": ""reported value falls outside [1.85, 2.45]""}"
01JD3DWS007X2D0944ZYJA6SQY,Target Corporation,TGT,0000027419,Target Corporation expects EPS non-GAAP of $8.3 per share to $8.9 per share for FY2024.,"For the fourth quarter, the Company expects approximately flat comparable sales and GAAP and Adjusted EPS of $1.85 to $2.45, translating to a full year expected GAAP and Adjusted EPS range of $8.30 to $8.90.",EPS non-GAAP,8.3,8.9,USD per share,FY2024,2024-11-20,https://www.sec.gov/Archives/edgar/data/27419/000002741924000177/a2024q3ex-99.htm,0000027419-24-000177,8-K,2024-11-20,2026-09-20T06:43:55Z,3528c3d18c6963def09c32f47833fe184a0859a98fcec08fdacd2b738240d569,"For the fourth quarter, the Company expects approximately flat comparable sales and GAAP and Adjusted EPS of $1.85 to $2.45, translating to a full year expected GAAP and Adjusted EPS range of $8.30 to $8.90.",8.86,2025-03-04,https://www.sec.gov/Archives/edgar/data/27419/000002741925000008/a2024q4ex-99.htm,0000027419-25-000008,8-K,2025-03-04,2026-09-20T06:43:56Z,c1a47ba3ba7da4f94f48c33718ba764f2bb938af83b933ffb958c21963329775,"GAAP and Adjusted EPS were $8.86 for full-year 2024, compared with $8.94 in the prior year.","reported value falls outside [8.3, 8.9]",open,,,,,,,,,104,,2026-09-22,navneet,false,false,,false,false,,,met,section,Guidance,"For additional media materials, please visit:",,,,,,yes,"Excerpt states 'full year expected GAAP and Adjusted EPS range of $8.30 to $8.90', which matches the claimed non-GAAP EPS range of $8.3 to $8.9 per share for FY2024.",,,,,,,,"{""aid_flag_note"": """", ""assumption.metric"": ""EPS non-GAAP"", ""assumption.stated_at"": ""2024-11-20"", ""assumption.target_high"": ""8.9"", ""assumption.target_low"": ""8.3"", ""assumption.target_period"": ""FY2024"", ""assumption.text"": ""For the fourth quarter, the Company expects approximately flat comparable sales and GAAP and Adjusted EPS of $1.85 to $2.45, translating to a full year expected GAAP and Adjusted EPS range of $8.30 to $8.90."", ""assumption.unit"": ""USD per share"", ""claim"": ""Target Corporation expects EPS non-GAAP of $8.3 per share to $8.9 per share for FY2024."", ""conflict"": ""false"", ""invalidation_condition"": ""reported value falls outside [8.3, 8.9]""}"
01JNF77H00M61RW4QYYRJEDTWV,Target Corporation,TGT,0000027419,Target Corporation expects tax rate of 23% to 24% for FY2025.,•An effective tax rate of 23 to 24 percent,tax rate,23.0,24.0,percent,FY2025,2025-03-04,https://www.sec.gov/Archives/edgar/data/27419/000002741925000008/a2024q4ex-99.htm,0000027419-25-000008,8-K,2025-03-04,2026-09-20T06:43:56Z,c1a47ba3ba7da4f94f48c33718ba764f2bb938af83b933ffb958c21963329775,•An effective tax rate of 23 to 24 percent,22.3,2026-03-03,https://www.sec.gov/Archives/edgar/data/27419/000002741926000012/a2025q4ex-99.htm,0000027419-26-000012,8-K,2026-03-03,2026-09-20T07:25:35Z,a8f82324870165eef291ea254af9cd547b6eb85f2a9760ad08e78de722ef3c1b,"The Company’s full-year 2025 effective income tax rate was 22.3 percent compared with 22.2 percent in 2024, reflecting higher discrete tax expenses and higher global tax minimums, primarily offset by the benefit of additional tax credits in the current year.","reported value falls outside [23, 24]",open,,,,,,,,,364,,2026-09-22,navneet,true,false,,false,false,,,missed,section,Guidance,"For additional media materials, please visit:",,,,,,yes,"Excerpt states 'An effective tax rate of 23 to 24 percent' which matches the metric (effective tax rate), the range (23% to 24%), and the period (FY2025 guidance)",,,,,,,,"{""aid_flag_note"": """", ""assumption.metric"": ""tax rate"", ""assumption.stated_at"": ""2025-03-04"", ""assumption.target_high"": ""24.0"", ""assumption.target_low"": ""23.0"", ""assumption.target_period"": ""FY2025"", ""assumption.text"": ""\u2022An effective tax rate of 23 to 24 percent"", ""assumption.unit"": ""percent"", ""claim"": ""Target Corporation expects tax rate of 23% to 24% for FY2025."", ""conflict"": ""false"", ""invalidation_condition"": ""reported value falls outside [23, 24]""}"
01JNF77H00CZF3V68NVJCXZRJR,Target Corporation,TGT,0000027419,Target Corporation expects EPS GAAP of $8.8 per share to $9.8 per share for FY2025.,•GAAP and Adjusted EPS of $8.80 to $9.80,EPS GAAP,8.8,9.8,USD per share,FY2025,2025-03-04,https://www.sec.gov/Archives/edgar/data/27419/000002741925000008/a2024q4ex-99.htm,0000027419-25-000008,8-K,2025-03-04,2026-09-20T06:43:56Z,c1a47ba3ba7da4f94f48c33718ba764f2bb938af83b933ffb958c21963329775,•GAAP and Adjusted EPS of $8.80 to $9.80,8.13,2026-03-03,https://www.sec.gov/Archives/edgar/data/27419/000002741926000012/a2025q4ex-99.htm,0000027419-26-000012,8-K,2026-03-03,2026-09-20T07:25:35Z,a8f82324870165eef291ea254af9cd547b6eb85f2a9760ad08e78de722ef3c1b,Full-year GAAP EPS was $8.13 compared with $8.86 last year.,"reported value falls outside [8.8, 9.8]",open,,,,,,,,,364,,2026-09-22,navneet,true,false,,false,false,,,missed,section,Guidance,"For additional media materials, please visit:",,,,,,yes,"Excerpt states 'GAAP and Adjusted EPS of $8.80 to $9.80' which matches the claimed GAAP EPS range of $8.8 to $9.8 per share for FY2025 (Target's fiscal year ends in January, so FY2025 runs from Februa",,,,,,,,"{""aid_flag_note"": """", ""assumption.metric"": ""EPS GAAP"", ""assumption.stated_at"": ""2025-03-04"", ""assumption.target_high"": ""9.8"", ""assumption.target_low"": ""8.8"", ""assumption.target_period"": ""FY2025"", ""assumption.text"": ""\u2022GAAP and Adjusted EPS of $8.80 to $9.80"", ""assumption.unit"": ""USD per share"", ""claim"": ""Target Corporation expects EPS GAAP of $8.8 per share to $9.8 per share for FY2025."", ""conflict"": ""false"", ""invalidation_condition"": ""reported value falls outside [8.8, 9.8]""}"
01JNF77H0027ZEZ6EM8WQR1NQ7,Target Corporation,TGT,0000027419,Target Corporation expects EPS non-GAAP of $8.8 per share to $9.8 per share for FY2025.,•GAAP and Adjusted EPS of $8.80 to $9.80,EPS non-GAAP,8.8,9.8,USD per share,FY2025,2025-03-04,https://www.sec.gov/Archives/edgar/data/27419/000002741925000008/a2024q4ex-99.htm,0000027419-25-000008,8-K,2025-03-04,2026-09-20T06:43:56Z,c1a47ba3ba7da4f94f48c33718ba764f2bb938af83b933ffb958c21963329775,•GAAP and Adjusted EPS of $8.80 to $9.80,7.57,2026-03-03,https://www.sec.gov/Archives/edgar/data/27419/000002741926000012/a2025q4ex-99.htm,0000027419-26-000012,8-K,2026-03-03,2026-09-20T07:25:35Z,a8f82324870165eef291ea254af9cd547b6eb85f2a9760ad08e78de722ef3c1b,"GAAP EPS was $8.13 and Adjusted EPS was $7.57 for full-year 2025, compared with GAAP and Adjusted EPS of $8.86 in the prior year.","reported value falls outside [8.8, 9.8]",open,,,,,,,,,364,,2026-09-22,navneet,false,false,,false,false,,,missed,section,Guidance,"For additional media materials, please visit:",,,,,,yes,"Excerpt states 'Adjusted EPS of $8.80 to $9.80', which matches the non-GAAP EPS range of $8.8 to $9.8 per share for FY2025 guidance.",,,,,,,,"{""aid_flag_note"": """", ""assumption.metric"": ""EPS non-GAAP"", ""assumption.stated_at"": ""2025-03-04"", ""assumption.target_high"": ""9.8"", ""assumption.target_low"": ""8.8"", ""assumption.target_period"": ""FY2025"", ""assumption.text"": ""\u2022GAAP and Adjusted EPS of $8.80 to $9.80"", ""assumption.unit"": ""USD per share"", ""claim"": ""Target Corporation expects EPS non-GAAP of $8.8 per share to $9.8 per share for FY2025."", ""conflict"": ""false"", ""invalidation_condition"": ""reported value falls outside [8.8, 9.8]""}"
01KS1AX7002XRT3PCJ08P48GZ2,Target Corporation,TGT,0000027419,Target Corporation expects EPS GAAP of $7.5 per share to $8.5 per share for FY2026.,•GAAP and Adjusted EPS near the high end of the prior guidance range of $7.50 to $8.50.,EPS GAAP,7.5,8.5,USD per share,FY2026,2026-05-20,https://www.sec.gov/Archives/edgar/data/27419/000002741926000020/a2026q1ex-99.htm,0000027419-26-000020,8-K,2026-05-20,2026-09-20T07:25:37Z,748543a7d981041fcdff582290a050481a258554e3d642c5ca7f867212f95f89,•GAAP and Adjusted EPS near the high end of the prior guidance range of $7.50 to $8.50.,,,,,,,,,,"reported value falls outside [7.5, 8.5]",open,,,,,,,,,,,2026-09-22,navneet,true,false,,false,false,,,unresolved,section,Guidance,"For additional media materials, please visit:",,,no later 8-K release for that period found,,,yes,"Excerpt states 'GAAP and Adjusted EPS near the high end of the prior guidance range of $7.50 to $8.50', which confirms the GAAP EPS guidance range of $7.50 to $8.50 per share matches the claim exactly",,,,,,,,"{""aid_flag_note"": """", ""assumption.metric"": ""EPS GAAP"", ""assumption.stated_at"": ""2026-05-20"", ""assumption.target_high"": ""8.5"", ""assumption.target_low"": ""7.5"", ""assumption.target_period"": ""FY2026"", ""assumption.text"": ""\u2022GAAP and Adjusted EPS near the high end of the prior guidance range of $7.50 to $8.50."", ""assumption.unit"": ""USD per share"", ""claim"": ""Target Corporation expects EPS GAAP of $7.5 per share to $8.5 per share for FY2026."", ""conflict"": ""false"", ""invalidation_condition"": ""reported value falls outside [7.5, 8.5]""}"
01KS1AX700E472QMJXES9PMGBB,Target Corporation,TGT,0000027419,Target Corporation expects EPS non-GAAP of $7.5 per share to $8.5 per share for FY2026.,•GAAP and Adjusted EPS near the high end of the prior guidance range of $7.50 to $8.50.,EPS non-GAAP,7.5,8.5,USD per share,FY2026,2026-05-20,https://www.sec.gov/Archives/edgar/data/27419/000002741926000020/a2026q1ex-99.htm,0000027419-26-000020,8-K,2026-05-20,2026-09-20T07:25:37Z,748543a7d981041fcdff582290a050481a258554e3d642c5ca7f867212f95f89,•GAAP and Adjusted EPS near the high end of the prior guidance range of $7.50 to $8.50.,,,,,,,,,,"reported value falls outside [7.5, 8.5]",open,,,,,,,,,,,2026-09-22,navneet,true,false,,false,false,,,unresolved,section,Guidance,"For additional media materials, please visit:",,,no later 8-K release for that period found,,,yes,"Excerpt states 'Adjusted EPS near the high end of the prior guidance range of $7.50 to $8.50,' which matches the non-GAAP EPS range of $7.5 to $8.5 per share for the guidance period.",,,,,,,,"{""aid_flag_note"": """", ""assumption.metric"": ""EPS non-GAAP"", ""assumption.stated_at"": ""2026-05-20"", ""assumption.target_high"": ""8.5"", ""assumption.target_low"": ""7.5"", ""assumption.target_period"": ""FY2026"", ""assumption.text"": ""\u2022GAAP and Adjusted EPS near the high end of the prior guidance range of $7.50 to $8.50."", ""assumption.unit"": ""USD per share"", ""claim"": ""Target Corporation expects EPS non-GAAP of $7.5 per share to $8.5 per share for FY2026."", ""conflict"": ""false"", ""invalidation_condition"": ""reported value falls outside [7.5, 8.5]""}"
01DT31QM003GTWA1K4G744ECHH,Target Corporation,TGT,0000027419,,,,,,,,2019-11-20,https://www.sec.gov/Archives/edgar/data/27419/000002741919000024/a2019q3ex-99_20191102.htm,0000027419-19-000024,8-K,2019-11-20,2026-09-20T06:43:16Z,2ee32d071778f4cc8c8e9f41a36775f103de10d4c3f924b87c882a43876956c9,"For the fourth quarter, Target expects comparable sales growth of 3 to 4 percent, and GAAP EPS from continuing operations of $1.55 to $1.75 and Adjusted EPS of $1.54 to $1.74. For the full year, the Company now expects GAAP EPS from continuing operations of $6.27 to $6.47 and Adjusted EPS of $6.25 to $6.45, compared with the prior range of $5.90 to $6.20. The difference between the GAAP and Adjust",,,,,,,,,,,open,,,,,,,,,,,,,false,false,"empty block, not a row",false,true,,,,section,Fourth Quarter and Full-Year 2019 Guidance,"For additional media materials, please visit:",,,,"5 item(s) returned, all rejected: the evidence is 548 chars, over the 400 char excerpt limit",,,,,,,,,,,
01F60YR200CMG0JN0FKBPV9DGC,Target Corporation,TGT,0000027419,,,,,,,,2021-05-19,https://www.sec.gov/Archives/edgar/data/27419/000002741921000013/a2021q1ex-99.htm,0000027419-21-000013,8-K,2021-05-19,2026-09-20T06:43:29Z,e1d75614dd2b941a0ec9e942857214ce274c75d358dc04c9f58bcb5970c897bb,"For the second quarter of 2021, the Company expects mid-to-high single digit growth in comparable sales. The Company expects its second-quarter operating margin rate will be well above the second quarter 2019 rate of 7.2 percent, but likely not as high as last year’s unprecedented 10.0 percent.
The Company expects positive single-digit comparable sales growth in the last two quarters of the year, ",,,,,,,,,,,open,,,,,,,,,,,,,false,false,"empty block, not a row",false,true,,,,section,Fiscal 2021 Guidance,"•For additional media materials, please visit:",,,,"4 item(s) returned, all rejected: a range, but the evidence has no 'to', 'between', dash or plus or minus; no number stated",,,,,,,,,,,
01G3A7DP0096ZZRJW6QXR44FCD,Target Corporation,TGT,0000027419,,,,,,,,2022-05-18,https://www.sec.gov/Archives/edgar/data/27419/000002741922000011/a2022q1ex-99.htm,0000027419-22-000011,8-K,2022-05-18,2026-09-20T06:43:37Z,69f9d72587783f480cc6f37de6d84058fa6dea409b48f168d33348b79fa707c1,"For second quarter 2022, the Company expects its operating income margin rate will be in a wide range centered around first quarter's operating margin rate of 5.3 percent.
For full-year 2022, the Company continues to expect low- to mid- single digit revenue growth. The Company now expects its full-year operating income margin rate will be in a range centered around 6 percent.",,,,,,,,,,,open,,,,,,,,,,,,,false,true,"empty block, not a row",false,true,,,,section,Fiscal 2022 Guidance,"For additional media materials, please visit:",,,,"2 item(s) returned, all rejected: plus_minus needs one centre value in both value_low and value_high, and a spread",,,,,,,,,,,
01GHYVRG00JGZG6JQGDCWQVY88,Target Corporation,TGT,0000027419,,,,,,,,2022-11-16,https://www.sec.gov/Archives/edgar/data/27419/000002741922000032/a2022q3ex-99.htm,0000027419-22-000032,8-K,2022-11-16,2026-09-20T06:43:40Z,d26c577a0cf5dce195cee0059c294bac77968cefabe1ff9e7ced7ac7d3f80a7b,"Based on softening sales and profit trends that emerged late in the third quarter and persisted into November, the Company believes it is prudent to plan for a wide range of sales outcomes in the fourth quarter, centered around a low-single digit decline in comparable sales, consistent with those recent trends. Similarly, the Company is now planning a wide range for its fourth quarter operating ma",,,,,,,,,,,open,,,,,,,,,,,,,false,false,"empty block, not a row",false,true,,,,section,Fiscal 2022 Guidance,"For additional media materials, please visit:",,,,"2 item(s) returned, all rejected: the evidence is 436 chars, over the 400 char excerpt limit",,,,,,,,,,,
01GHYVRG0002FC1A44VE9VJRGR,Target Corporation,TGT,0000027419,Target Corporation expects operating margin GAAP of 3% for Q4 FY2022.,"Similarly, the Company is now planning a wide range for its fourth quarter operating margin rate centered around 3 percent.",operating margin GAAP,3.0,3.0,percent,Q4 FY2022,2022-11-16,https://www.sec.gov/Archives/edgar/data/27419/000002741922000032/a2022q3ex-99.htm,0000027419-22-000032,8-K,2022-11-16,2026-09-20T06:43:40Z,d26c577a0cf5dce195cee0059c294bac77968cefabe1ff9e7ced7ac7d3f80a7b,"Similarly, the Company is now planning a wide range for its fourth quarter operating margin rate centered around 3 percent.",,,,,,,,,,reported value differs from 3 by more than 0.5%,open,,,,,,,,,,,2026-10-03,navneet,false,false,,false,false,false,false,unresolved,section,Fiscal 2022 Guidance,"For additional media materials, please visit:",,,outcome search not run,,,yes,"The excerpt states 'fourth quarter operating margin rate centered around 3 percent,' which matches the Q4 FY2022 operating margin GAAP guidance of 3%.",,,,,,,,"{""aid_flag_note"": """", ""assumption.metric"": ""operating margin GAAP"", ""assumption.stated_at"": ""2022-11-16"", ""assumption.target_high"": ""3.0"", ""assumption.target_low"": ""3.0"", ""assumption.target_period"": ""Q4 FY2022"", ""assumption.text"": ""Similarly, the Company is now planning a wide range for its fourth quarter operating margin rate centered around 3 percent."", ""assumption.unit"": ""percent"", ""claim"": ""Target Corporation expects operating margin GAAP of 3% for Q4 FY2022."", ""conflict"": ""false"", ""invalidation_condition"": ""reported value differs from 3 by more than 0.5%""}"
01J5S3QC00J62QW6KRHKC0G3JC,Target Corporation,TGT,0000027419,Target Corporation expects EPS GAAP of $9 per share to $9.7 per share for FY2024.,"However, based on strong profit performance in the front half of the year, the Company now expects full-year GAAP and Adjusted EPS of $9.00 to $9.70, up from the prior range of $8.60 to $9.60.",EPS GAAP,9.0,9.7,USD per share,FY2024,2024-08-21,https://www.sec.gov/Archives/edgar/data/27419/000002741924000142/a2024q2ex-99.htm,0000027419-24-000142,8-K,2024-08-21,2026-09-20T06:43:53Z,e444b4693ac0d6d50cd7540c9163751687d6a972dcb06f53a3970f357db05a3b,"However, based on strong profit performance in the front half of the year, the Company now expects full-year GAAP and Adjusted EPS of $9.00 to $9.70, up from the prior range of $8.60 to $9.60.",,,,,,,,,,"reported value falls outside [9, 9.7]",open,,,,,,,,,,,2026-10-03,navneet,false,false,,false,false,false,false,unresolved,section,Guidance,"For additional media materials, please visit:",,,outcome search not run,,,yes,"Excerpt states 'full-year GAAP and Adjusted EPS of $9.00 to $9.70' which matches the claimed range of $9 to $9.7 per share for full-year FY2024 (Target's fiscal year ends in January, so full-year refe",,,,,,,,"{""aid_flag_note"": """", ""assumption.metric"": ""EPS GAAP"", ""assumption.stated_at"": ""2024-08-21"", ""assumption.target_high"": ""9.7"", ""assumption.target_low"": ""9.0"", ""assumption.target_period"": ""FY2024"", ""assumption.text"": ""However, based on strong profit performance in the front half of the year, the Company now expects full-year GAAP and Adjusted EPS of $9.00 to $9.70, up from the prior range of $8.60 to $9.60."", ""assumption.unit"": ""USD per share"", ""claim"": ""Target Corporation expects EPS GAAP of $9 per share to $9.7 per share for FY2024."", ""conflict"": ""false"", ""invalidation_condition"": ""reported value falls outside [9, 9.7]""}"
01J5S3QC009G18Y36RDM357HCG,Target Corporation,TGT,0000027419,Target Corporation expects EPS non-GAAP of $9 per share to $9.7 per share for FY2024.,"However, based on strong profit performance in the front half of the year, the Company now expects full-year GAAP and Adjusted EPS of $9.00 to $9.70, up from the prior range of $8.60 to $9.60.",EPS non-GAAP,9.0,9.7,USD per share,FY2024,2024-08-21,https://www.sec.gov/Archives/edgar/data/27419/000002741924000142/a2024q2ex-99.htm,0000027419-24-000142,8-K,2024-08-21,2026-09-20T06:43:53Z,e444b4693ac0d6d50cd7540c9163751687d6a972dcb06f53a3970f357db05a3b,"However, based on strong profit performance in the front half of the year, the Company now expects full-year GAAP and Adjusted EPS of $9.00 to $9.70, up from the prior range of $8.60 to $9.60.",,,,,,,,,,"reported value falls outside [9, 9.7]",open,,,,,,,,,,,2026-10-03,navneet,false,false,,false,false,false,false,unresolved,section,Guidance,"For additional media materials, please visit:",,,outcome search not run,,,yes,"Excerpt states 'Adjusted EPS of $9.00 to $9.70' for full-year, which matches the non-GAAP EPS range of $9 to $9.7 per share for FY2024.",,,,,,,,"{""aid_flag_note"": """", ""assumption.metric"": ""EPS non-GAAP"", ""assumption.stated_at"": ""2024-08-21"", ""assumption.target_high"": ""9.7"", ""assumption.target_low"": ""9.0"", ""assumption.target_period"": ""FY2024"", ""assumption.text"": ""However, based on strong profit performance in the front half of the year, the Company now expects full-year GAAP and Adjusted EPS of $9.00 to $9.70, up from the prior range of $8.60 to $9.60."", ""assumption.unit"": ""USD per share"", ""claim"": ""Target Corporation expects EPS non-GAAP of $9 per share to $9.7 per share for FY2024."", ""conflict"": ""false"", ""invalidation_condition"": ""reported value falls outside [9, 9.7]""}"
01D55JCR0070Z8DG839NBE7773,Target Corporation,TGT,0000027419,Target Corporation expects EPS GAAP of $1.32 per share to $1.52 per share for Q1 FY2019.,"In first quarter 2019, Target expects a low- to mid-single digit increase in comparable sales, and both GAAP EPS from continuing operations and Adjusted EPS of $1.32 to $1.52.",EPS GAAP,1.32,1.52,USD per share,Q1 FY2019,2019-03-05,https://www.sec.gov/Archives/edgar/data/27419/000002741919000002/a2018q4ex-99.htm,0000027419-19-000002,8-K,2019-03-05,2026-09-20T06:43:11Z,5f20dd1774787f89db1a5082d9e9e31f89ef039fd0962000d2569f8b9477340c,"In first quarter 2019, Target expects a low- to mid-single digit increase in comparable sales, and both GAAP EPS from continuing operations and Adjusted EPS of $1.32 to $1.52.",1.53,2019-05-22,https://www.sec.gov/Archives/edgar/data/27419/000002741919000009/a2019q1ex-99_20190504.htm,0000027419-19-000009,8-K,2019-05-22,2026-09-20T06:43:13Z,bf2b5c03e5ebaaf45b8e960203f87ab7dfbd3c82e4cf694035dd7b1627b008c5,"GAAP EPS from continuing operations were $1.53, up 15.1 percent from last year.","reported value falls outside [1.32, 1.52]",open,,,,,,,,,78,,2026-09-22,navneet,true,true,,false,false,,,missed,sentence,Fiscal 2019 Guidance,,,,,,,yes,"Excerpt states 'GAAP EPS from continuing operations...of $1.32 to $1.52' for 'first quarter 2019', which matches the Q1 FY2019 period and the given range.",,,,,,,,"{""aid_flag_note"": """", ""assumption.metric"": ""EPS GAAP"", ""assumption.stated_at"": ""2019-03-05"", ""assumption.target_high"": ""1.52"", ""assumption.target_low"": ""1.32"", ""assumption.target_period"": ""Q1 FY2019"", ""assumption.text"": ""In first quarter 2019, Target expects a low- to mid-single digit increase in comparable sales, and both GAAP EPS from continuing operations and Adjusted EPS of $1.32 to $1.52."", ""assumption.unit"": ""USD per share"", ""claim"": ""Target Corporation expects EPS GAAP of $1.32 per share to $1.52 per share for Q1 FY2019."", ""conflict"": ""false"", ""invalidation_condition"": ""reported value falls outside [1.32, 1.52]""}"
01D55JCR00JDN0CZVY9H15XKZZ,Target Corporation,TGT,0000027419,Target Corporation expects EPS non-GAAP of $1.32 per share to $1.52 per share for Q1 FY2019.,"In first quarter 2019, Target expects a low- to mid-single digit increase in comparable sales, and both GAAP EPS from continuing operations and Adjusted EPS of $1.32 to $1.52.",EPS non-GAAP,1.32,1.52,USD per share,Q1 FY2019,2019-03-05,https://www.sec.gov/Archives/edgar/data/27419/000002741919000002/a2018q4ex-99.htm,0000027419-19-000002,8-K,2019-03-05,2026-09-20T06:43:11Z,5f20dd1774787f89db1a5082d9e9e31f89ef039fd0962000d2569f8b9477340c,"In first quarter 2019, Target expects a low- to mid-single digit increase in comparable sales, and both GAAP EPS from continuing operations and Adjusted EPS of $1.32 to $1.52.",1.53,2019-05-22,https://www.sec.gov/Archives/edgar/data/27419/000002741919000009/a2019q1ex-99_20190504.htm,0000027419-19-000009,8-K,2019-05-22,2026-09-20T06:43:13Z,bf2b5c03e5ebaaf45b8e960203f87ab7dfbd3c82e4cf694035dd7b1627b008c5,"Adjusted EPS were $1.53, up 15.9 percent from last year.","reported value falls outside [1.32, 1.52]",open,,,,,,,,,78,,2026-09-22,navneet,true,false,,false,false,,,missed,sentence,Fiscal 2019 Guidance,,,,,,,yes,"Excerpt states 'Adjusted EPS of $1.32 to $1.52' for 'first quarter 2019', which is Q1 FY2019 under Target's fiscal calendar (year ends January, named for calendar year it starts in). Adjusted EPS is e",,,,,,,,"{""aid_flag_note"": """", ""assumption.metric"": ""EPS non-GAAP"", ""assumption.stated_at"": ""2019-03-05"", ""assumption.target_high"": ""1.52"", ""assumption.target_low"": ""1.32"", ""assumption.target_period"": ""Q1 FY2019"", ""assumption.text"": ""In first quarter 2019, Target expects a low- to mid-single digit increase in comparable sales, and both GAAP EPS from continuing operations and Adjusted EPS of $1.32 to $1.52."", ""assumption.unit"": ""USD per share"", ""claim"": ""Target Corporation expects EPS non-GAAP of $1.32 per share to $1.52 per share for Q1 FY2019."", ""conflict"": ""false"", ""invalidation_condition"": ""reported value falls outside [1.32, 1.52]""}"
01D55JCR00H5AW0DNNENFCGNJ8,Target Corporation,TGT,0000027419,Target Corporation expects EPS GAAP of $5.75 per share to $6.05 per share for FY2019.,The Company expects both GAAP EPS from continuing operations and Adjusted EPS of $5.75 to $6.05.,EPS GAAP,5.75,6.05,USD per share,FY2019,2019-03-05,https://www.sec.gov/Archives/edgar/data/27419/000002741919000002/a2018q4ex-99.htm,0000027419-19-000002,8-K,2019-03-05,2026-09-20T06:43:11Z,5f20dd1774787f89db1a5082d9e9e31f89ef039fd0962000d2569f8b9477340c,The Company expects both GAAP EPS from continuing operations and Adjusted EPS of $5.75 to $6.05.,6.34,2020-03-03,https://www.sec.gov/Archives/edgar/data/27419/000002741920000004/a2019q4ex-99.htm,0000027419-20-000004,8-K,2020-03-03,2026-09-20T06:43:18Z,293aaf6312a34494db7f144eb8c2eba9c67b8177dce34b9854a8891de1d337b4,"The Company reported GAAP earnings per share (EPS) from continuing operations of $1.63 in fourth quarter and $6.34 for full-year 2019, compared with $1.52 and $5.50 in 2018, respectively.","reported value falls outside [5.75, 6.05]",open,,,,,,,,,364,,2026-09-22,navneet,true,false,,false,false,,,missed,sentence,Fiscal 2019 Guidance,,,,,,,yes,"Excerpt states 'GAAP EPS from continuing operations' of '$5.75 to $6.05' for Fiscal 2019 guidance, matching the metric, range, and period exactly.",,,,,,,,"{""aid_flag_note"": """", ""assumption.metric"": ""EPS GAAP"", ""assumption.stated_at"": ""2019-03-05"", ""assumption.target_high"": ""6.05"", ""assumption.target_low"": ""5.75"", ""assumption.target_period"": ""FY2019"", ""assumption.text"": ""The Company expects both GAAP EPS from continuing operations and Adjusted EPS of $5.75 to $6.05."", ""assumption.unit"": ""USD per share"", ""claim"": ""Target Corporation expects EPS GAAP of $5.75 per share to $6.05 per share for FY2019."", ""conflict"": ""false"", ""invalidation_condition"": ""reported value falls outside [5.75, 6.05]""}"
01D55JCR00G7ND24HKS58TFRYV,Target Corporation,TGT,0000027419,Target Corporation expects EPS non-GAAP of $5.75 per share to $6.05 per share for FY2019.,The Company expects both GAAP EPS from continuing operations and Adjusted EPS of $5.75 to $6.05.,EPS non-GAAP,5.75,6.05,USD per share,FY2019,2019-03-05,https://www.sec.gov/Archives/edgar/data/27419/000002741919000002/a2018q4ex-99.htm,0000027419-19-000002,8-K,2019-03-05,2026-09-20T06:43:11Z,5f20dd1774787f89db1a5082d9e9e31f89ef039fd0962000d2569f8b9477340c,The Company expects both GAAP EPS from continuing operations and Adjusted EPS of $5.75 to $6.05.,6.39,2020-03-03,https://www.sec.gov/Archives/edgar/data/27419/000002741920000004/a2019q4ex-99.htm,0000027419-20-000004,8-K,2020-03-03,2026-09-20T06:43:18Z,293aaf6312a34494db7f144eb8c2eba9c67b8177dce34b9854a8891de1d337b4,"Fourth quarter Adjusted EPS were $1.69 and full-year Adjusted EPS were $6.39, compared with $1.53 and $5.39 in 2018, respectively.","reported value falls outside [5.75, 6.05]",open,,,,,,,,,364,,2026-09-22,navneet,true,false,,false,false,,,missed,sentence,Fiscal 2019 Guidance,,,,,,,yes,"Excerpt states 'Adjusted EPS of $5.75 to $6.05' for Fiscal 2019 Guidance, which matches the non-GAAP EPS range and period given.",,,,,,,,"{""aid_flag_note"": """", ""assumption.metric"": ""EPS non-GAAP"", ""assumption.stated_at"": ""2019-03-05"", ""assumption.target_high"": ""6.05"", ""assumption.target_low"": ""5.75"", ""assumption.target_period"": ""FY2019"", ""assumption.text"": ""The Company expects both GAAP EPS from continuing operations and Adjusted EPS of $5.75 to $6.05."", ""assumption.unit"": ""USD per share"", ""claim"": ""Target Corporation expects EPS non-GAAP of $5.75 per share to $6.05 per share for FY2019."", ""conflict"": ""false"", ""invalidation_condition"": ""reported value falls outside [5.75, 6.05]""}"
01DBEDCT00297YNZV3V1GFRHWV,Target Corporation,TGT,0000027419,Target Corporation expects EPS GAAP of $1.52 per share to $1.72 per share for Q2 FY2019.,The midpoint of Target’s second quarter EPS guidance of $1.52 to $1.72 represents high single digit growth compared with prior year GAAP EPS from continuing operations and double-digit growth compared with prior year Adjusted EPS.,EPS GAAP,1.52,1.72,USD per share,Q2 FY2019,2019-05-22,https://www.sec.gov/Archives/edgar/data/27419/000002741919000009/a2019q1ex-99_20190504.htm,0000027419-19-000009,8-K,2019-05-22,2026-09-20T06:43:13Z,bf2b5c03e5ebaaf45b8e960203f87ab7dfbd3c82e4cf694035dd7b1627b008c5,The midpoint of Target’s second quarter EPS guidance of $1.52 to $1.72 represents high single digit growth compared with prior year GAAP EPS from continuing operations and double-digit growth compared with prior year Adjusted EPS.,1.82,2019-08-21,https://www.sec.gov/Archives/edgar/data/27419/000002741919000018/a2019q2ex-99_20190803.htm,0000027419-19-000018,8-K,2019-08-21,2026-09-20T06:43:14Z,4ecd75e5283ee448a2f9c4c43bd0e26ce8280b07e4bf9f467fbf4ee6a0376b4f,"The Company reported GAAP earnings per share (EPS) from continuing operations of $1.82 in second quarter 2019, up 22.0 percent from $1.49 in second quarter 2018.","reported value falls outside [1.52, 1.72]",open,,,,,,,,,91,,2026-09-22,navneet,true,false,,false,false,,,missed,sentence,,,,,,,,yes,Excerpt states 'second quarter EPS guidance of $1.52 to $1.72' which matches the Q2 FY2019 GAAP EPS range given.,,,,,,,,"{""aid_flag_note"": """", ""assumption.metric"": ""EPS GAAP"", ""assumption.stated_at"": ""2019-05-22"", ""assumption.target_high"": ""1.72"", ""assumption.target_low"": ""1.52"", ""assumption.target_period"": ""Q2 FY2019"", ""assumption.text"": ""The midpoint of Target\u2019s second quarter EPS guidance of $1.52 to $1.72 represents high single digit growth compared with prior year GAAP EPS from continuing operations and double-digit growth compared with prior year Adjusted EPS."", ""assumption.unit"": ""USD per share"", ""claim"": ""Target Corporation expects EPS GAAP of $1.52 per share to $1.72 per share for Q2 FY2019."", ""conflict"": ""false"", ""invalidation_condition"": ""reported value falls outside [1.52, 1.72]""}"
01DBEDCT00PPF1Q7A65T0CHY12,Target Corporation,TGT,0000027419,Target Corporation expects EPS GAAP of $5.75 per share to $6.05 per share for FY2019.,"For the fiscal year, Target continues to expect a low- to mid-single digit increase in comparable sales and both GAAP EPS and Adjusted EPS of $5.75 to $6.05.",EPS GAAP,5.75,6.05,USD per share,FY2019,2019-05-22,https://www.sec.gov/Archives/edgar/data/27419/000002741919000009/a2019q1ex-99_20190504.htm,0000027419-19-000009,8-K,2019-05-22,2026-09-20T06:43:13Z,bf2b5c03e5ebaaf45b8e960203f87ab7dfbd3c82e4cf694035dd7b1627b008c5,"For the fiscal year, Target continues to expect a low- to mid-single digit increase in comparable sales and both GAAP EPS and Adjusted EPS of $5.75 to $6.05.",6.34,2020-03-03,https://www.sec.gov/Archives/edgar/data/27419/000002741920000004/a2019q4ex-99.htm,0000027419-20-000004,8-K,2020-03-03,2026-09-20T06:43:18Z,293aaf6312a34494db7f144eb8c2eba9c67b8177dce34b9854a8891de1d337b4,"The Company reported GAAP earnings per share (EPS) from continuing operations of $1.63 in fourth quarter and $6.34 for full-year 2019, compared with $1.52 and $5.50 in 2018, respectively.","reported value falls outside [5.75, 6.05]",open,,,,,,,,,286,,2026-09-22,navneet,true,false,,false,false,,,missed,sentence,,,,,,,,yes,"Excerpt states 'GAAP EPS...of $5.75 to $6.05' for 'the fiscal year', which matches the FY2019 guidance range exactly.",,,,,,,,"{""aid_flag_note"": """", ""assumption.metric"": ""EPS GAAP"", ""assumption.stated_at"": ""2019-05-22"", ""assumption.target_high"": ""6.05"", ""assumption.target_low"": ""5.75"", ""assumption.target_period"": ""FY2019"", ""assumption.text"": ""For the fiscal year, Target continues to expect a low- to mid-single digit increase in comparable sales and both GAAP EPS and Adjusted EPS of $5.75 to $6.05."", ""assumption.unit"": ""USD per share"", ""claim"": ""Target Corporation expects EPS GAAP of $5.75 per share to $6.05 per share for FY2019."", ""conflict"": ""false"", ""invalidation_condition"": ""reported value falls outside [5.75, 6.05]""}"
01DBEDCT009ZHKDGPXT2JFH1HX,Target Corporation,TGT,0000027419,Target Corporation expects EPS non-GAAP of $5.75 per share to $6.05 per share for FY2019.,"For the fiscal year, Target continues to expect a low- to mid-single digit increase in comparable sales and both GAAP EPS and Adjusted EPS of $5.75 to $6.05.",EPS non-GAAP,5.75,6.05,USD per share,FY2019,2019-05-22,https://www.sec.gov/Archives/edgar/data/27419/000002741919000009/a2019q1ex-99_20190504.htm,0000027419-19-000009,8-K,2019-05-22,2026-09-20T06:43:13Z,bf2b5c03e5ebaaf45b8e960203f87ab7dfbd3c82e4cf694035dd7b1627b008c5,"For the fiscal year, Target continues to expect a low- to mid-single digit increase in comparable sales and both GAAP EPS and Adjusted EPS of $5.75 to $6.05.",6.39,2020-03-03,https://www.sec.gov/Archives/edgar/data/27419/000002741920000004/a2019q4ex-99.htm,0000027419-20-000004,8-K,2020-03-03,2026-09-20T06:43:18Z,293aaf6312a34494db7f144eb8c2eba9c67b8177dce34b9854a8891de1d337b4,"Fourth quarter Adjusted EPS were $1.69 and full-year Adjusted EPS were $6.39, compared with $1.53 and $5.39 in 2018, respectively.","reported value falls outside [5.75, 6.05]",open,,,,,,,,,286,,2026-09-22,navneet,true,false,,false,false,,,missed,sentence,,,,,,,,yes,"Excerpt states 'Adjusted EPS of $5.75 to $6.05' for 'the fiscal year', which matches the non-GAAP EPS range and FY2019 period.",,,,,,,,"{""aid_flag_note"": """", ""assumption.metric"": ""EPS non-GAAP"", ""assumption.stated_at"": ""2019-05-22"", ""assumption.target_high"": ""6.05"", ""assumption.target_low"": ""5.75"", ""assumption.target_period"": ""FY2019"", ""assumption.text"": ""For the fiscal year, Target continues to expect a low- to mid-single digit increase in comparable sales and both GAAP EPS and Adjusted EPS of $5.75 to $6.05."", ""assumption.unit"": ""USD per share"", ""claim"": ""Target Corporation expects EPS non-GAAP of $5.75 per share to $6.05 per share for FY2019."", ""conflict"": ""false"", ""invalidation_condition"": ""reported value falls outside [5.75, 6.05]""}"
01DBEDCT002T43KNBAMJGNJ4D1,Target Corporation,TGT,0000027419,Target Corporation expects EPS non-GAAP of $1.52 per share to $1.72 per share for Q2 FY2019.,"Target expects second quarter comparable sales growth in the low- to mid-single digit range, mid-single digit growth in operating income dollars and both GAAP EPS from continuing operations and Adjusted EPS of $1.52 to $1.72.",EPS non-GAAP,1.52,1.72,USD per share,Q2 FY2019,2019-05-22,https://www.sec.gov/Archives/edgar/data/27419/000002741919000009/a2019q1ex-99_20190504.htm,0000027419-19-000009,8-K,2019-05-22,2026-09-20T06:43:13Z,bf2b5c03e5ebaaf45b8e960203f87ab7dfbd3c82e4cf694035dd7b1627b008c5,"Target expects second quarter comparable sales growth in the low- to mid-single digit range, mid-single digit growth in operating income dollars and both GAAP EPS from continuing operations and Adjusted EPS of $1.52 to $1.72.",1.82,2019-08-21,https://www.sec.gov/Archives/edgar/data/27419/000002741919000018/a2019q2ex-99_20190803.htm,0000027419-19-000018,8-K,2019-08-21,2026-09-20T06:43:14Z,4ecd75e5283ee448a2f9c4c43bd0e26ce8280b07e4bf9f467fbf4ee6a0376b4f,GAAP EPS from continuing operations and Adjusted EPS of $1.82 were up over 20 percent from last year and established new all-time highs for the Company.,"reported value falls outside [1.52, 1.72]",open,,,,,,,,,91,,2026-09-22,navneet,true,false,,false,false,,,missed,sentence,Second Quarter and Full-Year 2019 Guidance,"For additional media materials, please visit:",,,,,,yes,"Excerpt states 'Adjusted EPS of $1.52 to $1.72' for second quarter, which matches the non-GAAP EPS guidance range provided for Q2 FY2019.",,,,,,,,"{""aid_flag_note"": """", ""assumption.metric"": ""EPS non-GAAP"", ""assumption.stated_at"": ""2019-05-22"", ""assumption.target_high"": ""1.72"", ""assumption.target_low"": ""1.52"", ""assumption.target_period"": ""Q2 FY2019"", ""assumption.text"": ""Target expects second quarter comparable sales growth in the low- to mid-single digit range, mid-single digit growth in operating income dollars and both GAAP EPS from continuing operations and Adjusted EPS of $1.52 to $1.72."", ""assumption.unit"": ""USD per share"", ""claim"": ""Target Corporation expects EPS non-GAAP of $1.52 per share to $1.72 per share for Q2 FY2019."", ""conflict"": ""false"", ""invalidation_condition"": ""reported value falls outside [1.52, 1.72]""}"
01DJRQJ7006M2HQKPFZVE6BCA9,Target Corporation,TGT,0000027419,Target Corporation expects EPS GAAP of $5.9 per share to $6.2 per share for FY2019.,"Target now expects full-year 2019 GAAP EPS from continuing operations and Adjusted EPS of $5.90 to $6.20, compared with the prior range of $5.75 to $6.05.",EPS GAAP,5.9,6.2,USD per share,FY2019,2019-08-21,https://www.sec.gov/Archives/edgar/data/27419/000002741919000018/a2019q2ex-99_20190803.htm,0000027419-19-000018,8-K,2019-08-21,2026-09-20T06:43:14Z,4ecd75e5283ee448a2f9c4c43bd0e26ce8280b07e4bf9f467fbf4ee6a0376b4f,"Target now expects full-year 2019 GAAP EPS from continuing operations and Adjusted EPS of $5.90 to $6.20, compared with the prior range of $5.75 to $6.05.",6.34,2020-03-03,https://www.sec.gov/Archives/edgar/data/27419/000002741920000004/a2019q4ex-99.htm,0000027419-20-000004,8-K,2020-03-03,2026-09-20T06:43:18Z,293aaf6312a34494db7f144eb8c2eba9c67b8177dce34b9854a8891de1d337b4,"The Company reported GAAP earnings per share (EPS) from continuing operations of $1.63 in fourth quarter and $6.34 for full-year 2019, compared with $1.52 and $5.50 in 2018, respectively.","reported value falls outside [5.9, 6.2]",open,,,,,,,,,195,,2026-09-22,navneet,true,true,,false,false,,,missed,sentence,,,,,,,,yes,"Excerpt states 'full-year 2019 GAAP EPS from continuing operations...of $5.90 to $6.20', which matches the claim's metric (GAAP EPS), period (FY2019), and range ($5.9 to $6.2 per share).",,,,,,,,"{""aid_flag_note"": """", ""assumption.metric"": ""EPS GAAP"", ""assumption.stated_at"": ""2019-08-21"", ""assumption.target_high"": ""6.2"", ""assumption.target_low"": ""5.9"", ""assumption.target_period"": ""FY2019"", ""assumption.text"": ""Target now expects full-year 2019 GAAP EPS from continuing operations and Adjusted EPS of $5.90 to $6.20, compared with the prior range of $5.75 to $6.05."", ""assumption.unit"": ""USD per share"", ""claim"": ""Target Corporation expects EPS GAAP of $5.9 per share to $6.2 per share for FY2019."", ""conflict"": ""false"", ""invalidation_condition"": ""reported value falls outside [5.9, 6.2]""}"
01DJRQJ700ZDTRC0EGMMTQWCAY,Target Corporation,TGT,0000027419,Target Corporation expects EPS non-GAAP of $5.9 per share to $6.2 per share for FY2019.,"Target now expects full-year 2019 GAAP EPS from continuing operations and Adjusted EPS of $5.90 to $6.20, compared with the prior range of $5.75 to $6.05.",EPS non-GAAP,5.9,6.2,USD per share,FY2019,2019-08-21,https://www.sec.gov/Archives/edgar/data/27419/000002741919000018/a2019q2ex-99_20190803.htm,0000027419-19-000018,8-K,2019-08-21,2026-09-20T06:43:14Z,4ecd75e5283ee448a2f9c4c43bd0e26ce8280b07e4bf9f467fbf4ee6a0376b4f,"Target now expects full-year 2019 GAAP EPS from continuing operations and Adjusted EPS of $5.90 to $6.20, compared with the prior range of $5.75 to $6.05.",6.39,2020-03-03,https://www.sec.gov/Archives/edgar/data/27419/000002741920000004/a2019q4ex-99.htm,0000027419-20-000004,8-K,2020-03-03,2026-09-20T06:43:18Z,293aaf6312a34494db7f144eb8c2eba9c67b8177dce34b9854a8891de1d337b4,"Fourth quarter Adjusted EPS were $1.69 and full-year Adjusted EPS were $6.39, compared with $1.53 and $5.39 in 2018, respectively.","reported value falls outside [5.9, 6.2]",open,,,,,,,,,195,,2026-09-22,navneet,true,false,,false,false,,,missed,sentence,,,,,,,,yes,"Excerpt states 'Adjusted EPS of $5.90 to $6.20' for 'full-year 2019', which matches the non-GAAP EPS range of $5.9 to $6.2 per share for FY2019.",,,,,,,,"{""aid_flag_note"": """", ""assumption.metric"": ""EPS non-GAAP"", ""assumption.stated_at"": ""2019-08-21"", ""assumption.target_high"": ""6.2"", ""assumption.target_low"": ""5.9"", ""assumption.target_period"": ""FY2019"", ""assumption.text"": ""Target now expects full-year 2019 GAAP EPS from continuing operations and Adjusted EPS of $5.90 to $6.20, compared with the prior range of $5.75 to $6.05."", ""assumption.unit"": ""USD per share"", ""claim"": ""Target Corporation expects EPS non-GAAP of $5.9 per share to $6.2 per share for FY2019."", ""conflict"": ""false"", ""invalidation_condition"": ""reported value falls outside [5.9, 6.2]""}"
01DJRQJ7008QB8AP3SKEVSFT9M,Target Corporation,TGT,0000027419,Target Corporation expects EPS GAAP of $1.04 per share to $1.24 per share for Q3 FY2019.,"For the third quarter, the Company expects both GAAP EPS from continuing operations and Adjusted EPS of $1.04 to $1.24.",EPS GAAP,1.04,1.24,USD per share,Q3 FY2019,2019-08-21,https://www.sec.gov/Archives/edgar/data/27419/000002741919000018/a2019q2ex-99_20190803.htm,0000027419-19-000018,8-K,2019-08-21,2026-09-20T06:43:14Z,4ecd75e5283ee448a2f9c4c43bd0e26ce8280b07e4bf9f467fbf4ee6a0376b4f,"For the third quarter, the Company expects both GAAP EPS from continuing operations and Adjusted EPS of $1.04 to $1.24.",,,,,,,,,,"reported value falls outside [1.04, 1.24]",open,,,,,,,,,,,2026-09-22,navneet,true,false,,false,false,,,unresolved,sentence,Third Quarter and Full-Year 2019 Guidance,"For additional media materials, please visit:",,,model output rejected,,,yes,"Excerpt states 'GAAP EPS from continuing operations...of $1.04 to $1.24' for the third quarter, matching the metric, range, and period.",,,,,,,,"{""aid_flag_note"": """", ""assumption.metric"": ""EPS GAAP"", ""assumption.stated_at"": ""2019-08-21"", ""assumption.target_high"": ""1.24"", ""assumption.target_low"": ""1.04"", ""assumption.target_period"": ""Q3 FY2019"", ""assumption.text"": ""For the third quarter, the Company expects both GAAP EPS from continuing operations and Adjusted EPS of $1.04 to $1.24."", ""assumption.unit"": ""USD per share"", ""claim"": ""Target Corporation expects EPS GAAP of $1.04 per share to $1.24 per share for Q3 FY2019."", ""conflict"": ""false"", ""invalidation_condition"": ""reported value falls outside [1.04, 1.24]""}"
01DJRQJ700FJH98DEKW277G9CC,Target Corporation,TGT,0000027419,Target Corporation expects EPS non-GAAP of $1.04 per share to $1.24 per share for Q3 FY2019.,"For the third quarter, the Company expects both GAAP EPS from continuing operations and Adjusted EPS of $1.04 to $1.24.",EPS non-GAAP,1.04,1.24,USD per share,Q3 FY2019,2019-08-21,https://www.sec.gov/Archives/edgar/data/27419/000002741919000018/a2019q2ex-99_20190803.htm,0000027419-19-000018,8-K,2019-08-21,2026-09-20T06:43:14Z,4ecd75e5283ee448a2f9c4c43bd0e26ce8280b07e4bf9f467fbf4ee6a0376b4f,"For the third quarter, the Company expects both GAAP EPS from continuing operations and Adjusted EPS of $1.04 to $1.24.",1.36,2019-11-20,https://www.sec.gov/Archives/edgar/data/27419/000002741919000024/a2019q3ex-99_20191102.htm,0000027419-19-000024,8-K,2019-11-20,2026-09-20T06:43:16Z,2ee32d071778f4cc8c8e9f41a36775f103de10d4c3f924b87c882a43876956c9,Adjusted EPS of $1.36 was 24.9 percent higher than last year.,"reported value falls outside [1.04, 1.24]",open,,,,,,,,,91,,2026-09-22,navneet,true,false,,false,false,,,missed,sentence,Third Quarter and Full-Year 2019 Guidance,"For additional media materials, please visit:",,,,,,yes,"Excerpt states 'Adjusted EPS of $1.04 to $1.24' for the third quarter, which matches the non-GAAP EPS range given for Q3 FY2019.",,,,,,,,"{""aid_flag_note"": """", ""assumption.metric"": ""EPS non-GAAP"", ""assumption.stated_at"": ""2019-08-21"", ""assumption.target_high"": ""1.24"", ""assumption.target_low"": ""1.04"", ""assumption.target_period"": ""Q3 FY2019"", ""assumption.text"": ""For the third quarter, the Company expects both GAAP EPS from continuing operations and Adjusted EPS of $1.04 to $1.24."", ""assumption.unit"": ""USD per share"", ""claim"": ""Target Corporation expects EPS non-GAAP of $1.04 per share to $1.24 per share for Q3 FY2019."", ""conflict"": ""false"", ""invalidation_condition"": ""reported value falls outside [1.04, 1.24]""}"
01DT31QM00KJQ8KCS9RMNH32ZD,Target Corporation,TGT,0000027419,Target Corporation expects EPS GAAP of $6.27 per share to $6.47 per share for FY2019.,"Target now expects full-year 2019 GAAP EPS from continuing operations of $6.27 to $6.47 and Adjusted EPS of $6.25 to $6.45, compared with the prior range of $5.90 to $6.20.",EPS GAAP,6.27,6.47,USD per share,FY2019,2019-11-20,https://www.sec.gov/Archives/edgar/data/27419/000002741919000024/a2019q3ex-99_20191102.htm,0000027419-19-000024,8-K,2019-11-20,2026-09-20T06:43:16Z,2ee32d071778f4cc8c8e9f41a36775f103de10d4c3f924b87c882a43876956c9,"Target now expects full-year 2019 GAAP EPS from continuing operations of $6.27 to $6.47 and Adjusted EPS of $6.25 to $6.45, compared with the prior range of $5.90 to $6.20.",6.34,2020-03-03,https://www.sec.gov/Archives/edgar/data/27419/000002741920000004/a2019q4ex-99.htm,0000027419-20-000004,8-K,2020-03-03,2026-09-20T06:43:18Z,293aaf6312a34494db7f144eb8c2eba9c67b8177dce34b9854a8891de1d337b4,"The Company reported GAAP earnings per share (EPS) from continuing operations of $1.63 in fourth quarter and $6.34 for full-year 2019, compared with $1.52 and $5.50 in 2018, respectively.","reported value falls outside [6.27, 6.47]",open,,,,,,,,,104,,2026-09-22,navneet,true,false,,false,false,,,met,sentence,,,,,,,,yes,"Excerpt states 'full-year 2019 GAAP EPS from continuing operations of $6.27 to $6.47', which matches the metric, range, and period exactly.",,,,,,,,"{""aid_flag_note"": """", ""assumption.metric"": ""EPS GAAP"", ""assumption.stated_at"": ""2019-11-20"", ""assumption.target_high"": ""6.47"", ""assumption.target_low"": ""6.27"", ""assumption.target_period"": ""FY2019"", ""assumption.text"": ""Target now expects full-year 2019 GAAP EPS from continuing operations of $6.27 to $6.47 and Adjusted EPS of $6.25 to $6.45, compared with the prior range of $5.90 to $6.20."", ""assumption.unit"": ""USD per share"", ""claim"": ""Target Corporation expects EPS GAAP of $6.27 per share to $6.47 per share for FY2019."", ""conflict"": ""false"", ""invalidation_condition"": ""reported value falls outside [6.27, 6.47]""}"
01DT31QM00SM7XWCQMT98JNTF0,Target Corporation,TGT,0000027419,Target Corporation expects EPS non-GAAP of $6.25 per share to $6.45 per share for FY2019.,"Target now expects full-year 2019 GAAP EPS from continuing operations of $6.27 to $6.47 and Adjusted EPS of $6.25 to $6.45, compared with the prior range of $5.90 to $6.20.",EPS non-GAAP,6.25,6.45,USD per share,FY2019,2019-11-20,https://www.sec.gov/Archives/edgar/data/27419/000002741919000024/a2019q3ex-99_20191102.htm,0000027419-19-000024,8-K,2019-11-20,2026-09-20T06:43:16Z,2ee32d071778f4cc8c8e9f41a36775f103de10d4c3f924b87c882a43876956c9,"Target now expects full-year 2019 GAAP EPS from continuing operations of $6.27 to $6.47 and Adjusted EPS of $6.25 to $6.45, compared with the prior range of $5.90 to $6.20.",6.39,2020-03-03,https://www.sec.gov/Archives/edgar/data/27419/000002741920000004/a2019q4ex-99.htm,0000027419-20-000004,8-K,2020-03-03,2026-09-20T06:43:18Z,293aaf6312a34494db7f144eb8c2eba9c67b8177dce34b9854a8891de1d337b4,"Fourth quarter Adjusted EPS were $1.69 and full-year Adjusted EPS were $6.39, compared with $1.53 and $5.39 in 2018, respectively.","reported value falls outside [6.25, 6.45]",open,,,,,,,,,104,,2026-09-22,navneet,true,false,,false,false,,,met,sentence,,,,,,,,yes,"Excerpt states 'Adjusted EPS of $6.25 to $6.45' for full-year 2019, which matches the non-GAAP EPS range and period exactly.",,,,,,,,"{""aid_flag_note"": """", ""assumption.metric"": ""EPS non-GAAP"", ""assumption.stated_at"": ""2019-11-20"", ""assumption.target_high"": ""6.45"", ""assumption.target_low"": ""6.25"", ""assumption.target_period"": ""FY2019"", ""assumption.text"": ""Target now expects full-year 2019 GAAP EPS from continuing operations of $6.27 to $6.47 and Adjusted EPS of $6.25 to $6.45, compared with the prior range of $5.90 to $6.20."", ""assumption.unit"": ""USD per share"", ""claim"": ""Target Corporation expects EPS non-GAAP of $6.25 per share to $6.45 per share for FY2019."", ""conflict"": ""false"", ""invalidation_condition"": ""reported value falls outside [6.25, 6.45]""}"
01DT31QM008TC24K1KDNENWFR3,Target Corporation,TGT,0000027419,Target Corporation expects comparable sales of 3% to 4% for Q4 FY2019.,"For the fourth quarter, Target expects comparable sales growth of 3 to 4 percent, and GAAP EPS from continuing operations of $1.55 to $1.75 and Adjusted EPS of $1.54 to $1.74.",comparable sales,3.0,4.0,percent,Q4 FY2019,2019-11-20,https://www.sec.gov/Archives/edgar/data/27419/000002741919000024/a2019q3ex-99_20191102.htm,0000027419-19-000024,8-K,2019-11-20,2026-09-20T06:43:16Z,2ee32d071778f4cc8c8e9f41a36775f103de10d4c3f924b87c882a43876956c9,"For the fourth quarter, Target expects comparable sales growth of 3 to 4 percent, and GAAP EPS from continuing operations of $1.55 to $1.75 and Adjusted EPS of $1.54 to $1.74.",1.5,2020-03-03,https://www.sec.gov/Archives/edgar/data/27419/000002741920000004/a2019q4ex-99.htm,0000027419-20-000004,8-K,2020-03-03,2026-09-20T06:43:18Z,293aaf6312a34494db7f144eb8c2eba9c67b8177dce34b9854a8891de1d337b4,"Fourth quarter comparable sales grew 1.5 percent, reflecting comparable digital sales growth of 20 percent.","reported value falls outside [3, 4]",open,,,,,,,,,104,,2026-09-22,navneet,true,false,,false,false,,,missed,sentence,Fourth Quarter and Full-Year 2019 Guidance,"For additional media materials, please visit:",,,,,,yes,"Excerpt states 'For the fourth quarter, Target expects comparable sales growth of 3 to 4 percent' which matches the guidance metric, range, and period.",,,,,,,,"{""aid_flag_note"": """", ""assumption.metric"": ""comparable sales"", ""assumption.stated_at"": ""2019-11-20"", ""assumption.target_high"": ""4.0"", ""assumption.target_low"": ""3.0"", ""assumption.target_period"": ""Q4 FY2019"", ""assumption.text"": ""For the fourth quarter, Target expects comparable sales growth of 3 to 4 percent, and GAAP EPS from continuing operations of $1.55 to $1.75 and Adjusted EPS of $1.54 to $1.74."", ""assumption.unit"": ""percent"", ""claim"": ""Target Corporation expects comparable sales of 3% to 4% for Q4 FY2019."", ""conflict"": ""false"", ""invalidation_condition"": ""reported value falls outside [3, 4]""}"
01DT31QM0026RGM5WXPCVCF0JD,Target Corporation,TGT,0000027419,Target Corporation expects EPS GAAP of $1.55 per share to $1.75 per share for Q4 FY2019.,"For the fourth quarter, Target expects comparable sales growth of 3 to 4 percent, and GAAP EPS from continuing operations of $1.55 to $1.75 and Adjusted EPS of $1.54 to $1.74.",EPS GAAP,1.55,1.75,USD per share,Q4 FY2019,2019-11-20,https://www.sec.gov/Archives/edgar/data/27419/000002741919000024/a2019q3ex-99_20191102.htm,0000027419-19-000024,8-K,2019-11-20,2026-09-20T06:43:16Z,2ee32d071778f4cc8c8e9f41a36775f103de10d4c3f924b87c882a43876956c9,"For the fourth quarter, Target expects comparable sales growth of 3 to 4 percent, and GAAP EPS from continuing operations of $1.55 to $1.75 and Adjusted EPS of $1.54 to $1.74.",1.63,2020-03-03,https://www.sec.gov/Archives/edgar/data/27419/000002741920000004/a2019q4ex-99.htm,0000027419-20-000004,8-K,2020-03-03,2026-09-20T06:43:18Z,293aaf6312a34494db7f144eb8c2eba9c67b8177dce34b9854a8891de1d337b4,Fourth quarter GAAP EPS from continuing operations of $1.63 was 6.9 percent higher than last year.,"reported value falls outside [1.55, 1.75]",open,,,,,,,,,104,,2026-09-22,navneet,true,false,,false,false,,,met,sentence,Fourth Quarter and Full-Year 2019 Guidance,"For additional media materials, please visit:",,,,,,yes,"Excerpt states 'GAAP EPS from continuing operations of $1.55 to $1.75' for the fourth quarter, matching the claimed range exactly.",,,,,,,,"{""aid_flag_note"": """", ""assumption.metric"": ""EPS GAAP"", ""assumption.stated_at"": ""2019-11-20"", ""assumption.target_high"": ""1.75"", ""assumption.target_low"": ""1.55"", ""assumption.target_period"": ""Q4 FY2019"", ""assumption.text"": ""For the fourth quarter, Target expects comparable sales growth of 3 to 4 percent, and GAAP EPS from continuing operations of $1.55 to $1.75 and Adjusted EPS of $1.54 to $1.74."", ""assumption.unit"": ""USD per share"", ""claim"": ""Target Corporation expects EPS GAAP of $1.55 per share to $1.75 per share for Q4 FY2019."", ""conflict"": ""false"", ""invalidation_condition"": ""reported value falls outside [1.55, 1.75]""}"
01DT31QM00JYR218YBWDNC9GD8,Target Corporation,TGT,0000027419,Target Corporation expects EPS non-GAAP of $1.54 per share to $1.74 per share for Q4 FY2019.,"For the fourth quarter, Target expects comparable sales growth of 3 to 4 percent, and GAAP EPS from continuing operations of $1.55 to $1.75 and Adjusted EPS of $1.54 to $1.74.",EPS non-GAAP,1.54,1.74,USD per share,Q4 FY2019,2019-11-20,https://www.sec.gov/Archives/edgar/data/27419/000002741919000024/a2019q3ex-99_20191102.htm,0000027419-19-000024,8-K,2019-11-20,2026-09-20T06:43:16Z,2ee32d071778f4cc8c8e9f41a36775f103de10d4c3f924b87c882a43876956c9,"For the fourth quarter, Target expects comparable sales growth of 3 to 4 percent, and GAAP EPS from continuing operations of $1.55 to $1.75 and Adjusted EPS of $1.54 to $1.74.",1.69,2020-03-03,https://www.sec.gov/Archives/edgar/data/27419/000002741920000004/a2019q4ex-99.htm,0000027419-20-000004,8-K,2020-03-03,2026-09-20T06:43:18Z,293aaf6312a34494db7f144eb8c2eba9c67b8177dce34b9854a8891de1d337b4,"Fourth quarter Adjusted EPS were $1.69 and full-year Adjusted EPS were $6.39, compared with $1.53 and $5.39 in 2018, respectively.","reported value falls outside [1.54, 1.74]",open,,,,,,,,,104,,2026-09-22,navneet,true,false,,false,false,,,met,sentence,Fourth Quarter and Full-Year 2019 Guidance,"For additional media materials, please visit:",,,,,,yes,"Excerpt states 'Adjusted EPS of $1.54 to $1.74' for the fourth quarter, which matches the non-GAAP EPS guidance range provided.",,,,,,,,"{""aid_flag_note"": """", ""assumption.metric"": ""EPS non-GAAP"", ""assumption.stated_at"": ""2019-11-20"", ""assumption.target_high"": ""1.74"", ""assumption.target_low"": ""1.54"", ""assumption.target_period"": ""Q4 FY2019"", ""assumption.text"": ""For the fourth quarter, Target expects comparable sales growth of 3 to 4 percent, and GAAP EPS from continuing operations of $1.55 to $1.75 and Adjusted EPS of $1.54 to $1.74."", ""assumption.unit"": ""USD per share"", ""claim"": ""Target Corporation expects EPS non-GAAP of $1.54 per share to $1.74 per share for Q4 FY2019."", ""conflict"": ""false"", ""invalidation_condition"": ""reported value falls outside [1.54, 1.74]""}"
01E2EV2C000MJ2JV2RXCDS6Z29,Target Corporation,TGT,0000027419,Target Corporation expects EPS GAAP of $6.7 per share to $7 per share for FY2020.,The Company expects both GAAP EPS from continuing operations and Adjusted EPS of $6.70 to $7.00.,EPS GAAP,6.7,7.0,USD per share,FY2020,2020-03-03,https://www.sec.gov/Archives/edgar/data/27419/000002741920000004/a2019q4ex-99.htm,0000027419-20-000004,8-K,2020-03-03,2026-09-20T06:43:18Z,293aaf6312a34494db7f144eb8c2eba9c67b8177dce34b9854a8891de1d337b4,The Company expects both GAAP EPS from continuing operations and Adjusted EPS of $6.70 to $7.00.,8.64,2021-03-02,https://www.sec.gov/Archives/edgar/data/27419/000002741921000007/a2020q4ex-99.htm,0000027419-21-000007,8-K,2021-03-02,2026-09-20T06:43:27Z,a734f29cc71c2c87eb90080159f822e1dff688fdd10c5bc8e2a36744bc8827f4,"GAAP EPS from continuing operations of $8.64 was 36.3 percent higher than last year, while Adjusted EPS of $9.42 grew 47.4 percent compared with last year.","reported value falls outside [6.7, 7]",open,,,,,,,,,364,,2026-09-22,navneet,true,false,,false,false,,,withdrawn,sentence,Fiscal 2020 Guidance,"•For additional media materials, please visit:",,,,,"filed 2020-05-20, before the period closed on 2021-01-31 (https://www.sec.gov/Archives/edgar/data/27419/000002741920000011/a2020q1ex-99.htm): On March 25th, the Company withdrew its first quarter and full-year guidance given the unusually wide range of potential outcomes as a result of the highly fluid and uncertain outlook for consumer shopping patterns and government policies related to COVID-19.",yes,Excerpt states 'GAAP EPS from continuing operations...of $6.70 to $7.00' which matches the claimed range of $6.7 to $7.0 per share for FY2020 GAAP EPS.,,,,,,,,"{""aid_flag_note"": """", ""assumption.metric"": ""EPS GAAP"", ""assumption.stated_at"": ""2020-03-03"", ""assumption.target_high"": ""7.0"", ""assumption.target_low"": ""6.7"", ""assumption.target_period"": ""FY2020"", ""assumption.text"": ""The Company expects both GAAP EPS from continuing operations and Adjusted EPS of $6.70 to $7.00."", ""assumption.unit"": ""USD per share"", ""claim"": ""Target Corporation expects EPS GAAP of $6.7 per share to $7 per share for FY2020."", ""conflict"": ""false"", ""invalidation_condition"": ""reported value falls outside [6.7, 7]""}"
01E2EV2C00BN25C0JJQB0HY53K,Target Corporation,TGT,0000027419,Target Corporation expects EPS non-GAAP of $6.7 per share to $7 per share for FY2020.,The Company expects both GAAP EPS from continuing operations and Adjusted EPS of $6.70 to $7.00.,EPS non-GAAP,6.7,7.0,USD per share,FY2020,2020-03-03,https://www.sec.gov/Archives/edgar/data/27419/000002741920000004/a2019q4ex-99.htm,0000027419-20-000004,8-K,2020-03-03,2026-09-20T06:43:18Z,293aaf6312a34494db7f144eb8c2eba9c67b8177dce34b9854a8891de1d337b4,The Company expects both GAAP EPS from continuing operations and Adjusted EPS of $6.70 to $7.00.,9.42,2021-03-02,https://www.sec.gov/Archives/edgar/data/27419/000002741921000007/a2020q4ex-99.htm,0000027419-21-000007,8-K,2021-03-02,2026-09-20T06:43:27Z,a734f29cc71c2c87eb90080159f822e1dff688fdd10c5bc8e2a36744bc8827f4,"Adjusted EPS was $2.67 for the fourth quarter and $9.42 for the full-year, compared with $1.69 and $6.39 in 2019, respectively.","reported value falls outside [6.7, 7]",open,,,,,,,,,364,,2026-09-22,navneet,true,true,,false,false,,,withdrawn,sentence,Fiscal 2020 Guidance,"•For additional media materials, please visit:",,,,,"filed 2020-05-20, before the period closed on 2021-01-31 (https://www.sec.gov/Archives/edgar/data/27419/000002741920000011/a2020q1ex-99.htm): On March 25th, the Company withdrew its first quarter and full-year guidance given the unusually wide range of potential outcomes as a result of the highly fluid and uncertain outlook for consumer shopping patterns and government policies related to COVID-19.",yes,Excerpt states 'Adjusted EPS of $6.70 to $7.00' which matches the non-GAAP EPS range of $6.7 to $7.0 per share for FY2020 under the 'Fiscal 2020 Guidance' heading.,,,,,,,,"{""aid_flag_note"": """", ""assumption.metric"": ""EPS non-GAAP"", ""assumption.stated_at"": ""2020-03-03"", ""assumption.target_high"": ""7.0"", ""assumption.target_low"": ""6.7"", ""assumption.target_period"": ""FY2020"", ""assumption.text"": ""The Company expects both GAAP EPS from continuing operations and Adjusted EPS of $6.70 to $7.00."", ""assumption.unit"": ""USD per share"", ""claim"": ""Target Corporation expects EPS non-GAAP of $6.7 per share to $7 per share for FY2020."", ""conflict"": ""false"", ""invalidation_condition"": ""reported value falls outside [6.7, 7]""}"
01FDB8XF00G04NEH0DXPR4Q7MM,Target Corporation,TGT,0000027419,Target Corporation expects operating margin GAAP of at least 8% for FY2021.,The Company now expects its full year operating income margin rate will be 8 percent or higher.,operating margin GAAP,8.0,,percent,FY2021,2021-08-18,https://www.sec.gov/Archives/edgar/data/27419/000002741921000023/a2021q2ex-99.htm,0000027419-21-000023,8-K,2021-08-18,2026-09-20T06:43:31Z,66cde3b2714b0734508748768f75f3519c6ebdcf960758b9d7c50185a831f20e,The Company now expects its full year operating income margin rate will be 8 percent or higher.,8.4,2022-03-01,https://www.sec.gov/Archives/edgar/data/27419/000002741922000002/a2021q4ex-99.htm,0000027419-22-000002,8-K,2022-03-01,2026-09-20T06:43:35Z,74d2f276af7627ac520e6531bbac9488324a5ba998883ac01c1aa8a7f4a04adb,Operating income margin rate of 8.4 percent expanded nearly 150 basis points from 2020.,reported value is below 8,open,,,,,,,,,195,,2026-09-22,navneet,true,false,,false,false,,,met,sentence,Fiscal 2021 Guidance,"•For additional media materials, please visit:",,,,,,yes,"Excerpt states 'operating income margin rate will be 8 percent or higher' for full year, which matches the guidance of at least 8% operating margin GAAP for FY2021.",,,,,,,,"{""aid_flag_note"": """", ""assumption.metric"": ""operating margin GAAP"", ""assumption.stated_at"": ""2021-08-18"", ""assumption.target_high"": """", ""assumption.target_low"": ""8.0"", ""assumption.target_period"": ""FY2021"", ""assumption.text"": ""The Company now expects its full year operating income margin rate will be 8 percent or higher."", ""assumption.unit"": ""percent"", ""claim"": ""Target Corporation expects operating margin GAAP of at least 8% for FY2021."", ""conflict"": ""false"", ""invalidation_condition"": ""reported value is below 8""}"
01FMNK2W00DSTN192EX0QCF6C3,Target Corporation,TGT,0000027419,Target Corporation expects operating margin GAAP of at least 8% for FY2021.,The Company continues to expect its full-year operating income margin rate will be 8 percent or higher.,operating margin GAAP,8.0,,percent,FY2021,2021-11-17,https://www.sec.gov/Archives/edgar/data/27419/000002741921000031/a2021q3ex-99.htm,0000027419-21-000031,8-K,2021-11-17,2026-09-20T06:43:33Z,c592ac4cfe7426a0bdc39221c93e1d1a98a54f56b7a3a40fc251e696497f51bc,The Company continues to expect its full-year operating income margin rate will be 8 percent or higher.,8.4,2022-03-01,https://www.sec.gov/Archives/edgar/data/27419/000002741922000002/a2021q4ex-99.htm,0000027419-22-000002,8-K,2022-03-01,2026-09-20T06:43:35Z,74d2f276af7627ac520e6531bbac9488324a5ba998883ac01c1aa8a7f4a04adb,Operating income margin rate of 8.4 percent expanded nearly 150 basis points from 2020.,reported value is below 8,open,,,,,,,,,104,,2026-09-22,navneet,true,false,,false,false,,,met,sentence,Fiscal 2021 Guidance,"•For additional media materials, please visit:",,,,,,yes,"Excerpt states 'operating income margin rate will be 8 percent or higher' for full-year, which matches the guidance of at least 8% operating margin GAAP for FY2021.",,,,,,,,"{""aid_flag_note"": """", ""assumption.metric"": ""operating margin GAAP"", ""assumption.stated_at"": ""2021-11-17"", ""assumption.target_high"": """", ""assumption.target_low"": ""8.0"", ""assumption.target_period"": ""FY2021"", ""assumption.text"": ""The Company continues to expect its full-year operating income margin rate will be 8 percent or higher."", ""assumption.unit"": ""percent"", ""claim"": ""Target Corporation expects operating margin GAAP of at least 8% for FY2021."", ""conflict"": ""false"", ""invalidation_condition"": ""reported value is below 8""}"
01FX1CDM007FCRA8ER59QY0114,Target Corporation,TGT,0000027419,Target Corporation expects operating margin GAAP of at least 8% for FY2022.,"For fiscal year 2022, the Company expects low- to mid-single digit revenue growth, an operating margin rate of 8 percent or higher, low-single digit growth in operating margin dollars, and high-single digit growth in Adjusted Earnings per Share.",operating margin GAAP,8.0,,percent,FY2022,2022-03-01,https://www.sec.gov/Archives/edgar/data/27419/000002741922000002/a2021q4ex-99.htm,0000027419-22-000002,8-K,2022-03-01,2026-09-20T06:43:35Z,74d2f276af7627ac520e6531bbac9488324a5ba998883ac01c1aa8a7f4a04adb,"For fiscal year 2022, the Company expects low- to mid-single digit revenue growth, an operating margin rate of 8 percent or higher, low-single digit growth in operating margin dollars, and high-single digit growth in Adjusted Earnings per Share.",3.7,2023-02-28,https://www.sec.gov/Archives/edgar/data/27419/000002741923000010/a2022q4ex-99.htm,0000027419-23-000010,8-K,2023-02-28,2026-09-20T06:43:43Z,c098048292126ec925dc3e4dad4cd35d42bfc8a2fef33b875cac48e8e8efe818,Fourth quarter operating income margin rate was 3.7 percent in 2022 compared with 6.8 percent in 2021.,reported value is below 8,open,,,,,,,,,364,,2026-09-22,navneet,true,false,,false,false,,,missed,sentence,Fiscal 2022 Guidance and Quarterly Commentary,"For additional media materials, please visit:",,,,,,yes,"Excerpt states 'an operating margin rate of 8 percent or higher' for fiscal year 2022, which matches the claim of at least 8% operating margin GAAP for FY2022.",,,,,,,,"{""aid_flag_note"": """", ""assumption.metric"": ""operating margin GAAP"", ""assumption.stated_at"": ""2022-03-01"", ""assumption.target_high"": """", ""assumption.target_low"": ""8.0"", ""assumption.target_period"": ""FY2022"", ""assumption.text"": ""For fiscal year 2022, the Company expects low- to mid-single digit revenue growth, an operating margin rate of 8 percent or higher, low-single digit growth in operating margin dollars, and high-single digit growth in Adjusted Earnings per Share."", ""assumption.unit"": ""percent"", ""claim"": ""Target Corporation expects operating margin GAAP of at least 8% for FY2022."", ""conflict"": ""false"", ""invalidation_condition"": ""reported value is below 8""}"
01GTAN3800J11PV4X345TVJTA4,Target Corporation,TGT,0000027419,Target Corporation expects operating margin GAAP of 4% to 5% for Q1 FY2023.,"For first quarter 2023, the Company expects comparable sales in a wide range, from a low-single digit decline to a low-single digit increase, and an operating income margin rate of 4 to 5 percent.",operating margin GAAP,4.0,5.0,percent,Q1 FY2023,2023-02-28,https://www.sec.gov/Archives/edgar/data/27419/000002741923000010/a2022q4ex-99.htm,0000027419-23-000010,8-K,2023-02-28,2026-09-20T06:43:43Z,c098048292126ec925dc3e4dad4cd35d42bfc8a2fef33b875cac48e8e8efe818,"For first quarter 2023, the Company expects comparable sales in a wide range, from a low-single digit decline to a low-single digit increase, and an operating income margin rate of 4 to 5 percent.",5.2,2023-05-17,https://www.sec.gov/Archives/edgar/data/27419/000002741923000023/a2023q1ex-99.htm,0000027419-23-000023,8-K,2023-05-17,2026-09-20T06:43:44Z,b593ac2c4c9b950a38811299b556102b55797abafcd694d75ef543701ba7e54a,"First quarter operating income margin rate was 5.2 percent in 2023, compared with 5.3 percent in 2022.","reported value falls outside [4, 5]",open,,,,,,,,,78,,2026-09-22,navneet,true,false,,false,false,,,missed,sentence,Guidance,"For additional media materials, please visit:",,,,,,yes,"Excerpt states 'operating income margin rate of 4 to 5 percent' for 'first quarter 2023', which matches the GAAP operating margin guidance of 4% to 5% for Q1 FY2023 (Target's fiscal year starts in Jan",,,,,,,,"{""aid_flag_note"": """", ""assumption.metric"": ""operating margin GAAP"", ""assumption.stated_at"": ""2023-02-28"", ""assumption.target_high"": ""5.0"", ""assumption.target_low"": ""4.0"", ""assumption.target_period"": ""Q1 FY2023"", ""assumption.text"": ""For first quarter 2023, the Company expects comparable sales in a wide range, from a low-single digit decline to a low-single digit increase, and an operating income margin rate of 4 to 5 percent."", ""assumption.unit"": ""percent"", ""claim"": ""Target Corporation expects operating margin GAAP of 4% to 5% for Q1 FY2023."", ""conflict"": ""false"", ""invalidation_condition"": ""reported value falls outside [4, 5]""}"
01GTAN3800PVN1BBVG283J98ZE,Target Corporation,TGT,0000027419,Target Corporation expects EPS GAAP of $1.5 per share to $1.9 per share for Q1 FY2023.,First quarter GAAP EPS and adjusted EPS are both expected to range from $1.50 to $1.90.,EPS GAAP,1.5,1.9,USD per share,Q1 FY2023,2023-02-28,https://www.sec.gov/Archives/edgar/data/27419/000002741923000010/a2022q4ex-99.htm,0000027419-23-000010,8-K,2023-02-28,2026-09-20T06:43:43Z,c098048292126ec925dc3e4dad4cd35d42bfc8a2fef33b875cac48e8e8efe818,First quarter GAAP EPS and adjusted EPS are both expected to range from $1.50 to $1.90.,2.05,2023-05-17,https://www.sec.gov/Archives/edgar/data/27419/000002741923000023/a2023q1ex-99.htm,0000027419-23-000023,8-K,2023-05-17,2026-09-20T06:43:44Z,b593ac2c4c9b950a38811299b556102b55797abafcd694d75ef543701ba7e54a,"The Company reported first quarter GAAP earnings per share (EPS) of $2.05, down 4.8 percent from $2.16 in 2022.","reported value falls outside [1.5, 1.9]",open,,,,,,,,,78,,2026-09-22,navneet,true,false,,false,false,,,missed,sentence,Guidance,"For additional media materials, please visit:",,,,,,yes,"Excerpt states 'First quarter GAAP EPS...expected to range from $1.50 to $1.90', which matches the Q1 FY2023 GAAP EPS guidance of $1.5 to $1.9 per share.",,,,,,,,"{""aid_flag_note"": """", ""assumption.metric"": ""EPS GAAP"", ""assumption.stated_at"": ""2023-02-28"", ""assumption.target_high"": ""1.9"", ""assumption.target_low"": ""1.5"", ""assumption.target_period"": ""Q1 FY2023"", ""assumption.text"": ""First quarter GAAP EPS and adjusted EPS are both expected to range from $1.50 to $1.90."", ""assumption.unit"": ""USD per share"", ""claim"": ""Target Corporation expects EPS GAAP of $1.5 per share to $1.9 per share for Q1 FY2023."", ""conflict"": ""false"", ""invalidation_condition"": ""reported value falls outside [1.5, 1.9]""}"
01GTAN3800BCH7A67TPM65N0AQ,Target Corporation,TGT,0000027419,Target Corporation expects EPS non-GAAP of $1.5 per share to $1.9 per share for Q1 FY2023.,First quarter GAAP EPS and adjusted EPS are both expected to range from $1.50 to $1.90.,EPS non-GAAP,1.5,1.9,USD per share,Q1 FY2023,2023-02-28,https://www.sec.gov/Archives/edgar/data/27419/000002741923000010/a2022q4ex-99.htm,0000027419-23-000010,8-K,2023-02-28,2026-09-20T06:43:43Z,c098048292126ec925dc3e4dad4cd35d42bfc8a2fef33b875cac48e8e8efe818,First quarter GAAP EPS and adjusted EPS are both expected to range from $1.50 to $1.90.,2.05,2023-05-17,https://www.sec.gov/Archives/edgar/data/27419/000002741923000023/a2023q1ex-99.htm,0000027419-23-000023,8-K,2023-05-17,2026-09-20T06:43:44Z,b593ac2c4c9b950a38811299b556102b55797abafcd694d75ef543701ba7e54a,First quarter Adjusted EPS1 of $2.05 decreased 6.2 percent compared with $2.19 in 2022.,"reported value falls outside [1.5, 1.9]",open,,,,,,,,,78,,2026-09-22,navneet,true,false,,false,false,,,missed,sentence,Guidance,"For additional media materials, please visit:",,,,,,yes,"Excerpt states adjusted EPS (non-GAAP equivalent) for first quarter expected to range from $1.50 to $1.90, matching the claim's $1.5 to $1.9 per share for Q1 FY2023.",,,,,,,,"{""aid_flag_note"": """", ""assumption.metric"": ""EPS non-GAAP"", ""assumption.stated_at"": ""2023-02-28"", ""assumption.target_high"": ""1.9"", ""assumption.target_low"": ""1.5"", ""assumption.target_period"": ""Q1 FY2023"", ""assumption.text"": ""First quarter GAAP EPS and adjusted EPS are both expected to range from $1.50 to $1.90."", ""assumption.unit"": ""USD per share"", ""claim"": ""Target Corporation expects EPS non-GAAP of $1.5 per share to $1.9 per share for Q1 FY2023."", ""conflict"": ""false"", ""invalidation_condition"": ""reported value falls outside [1.5, 1.9]""}"
01GTAN3800YY9212M3NM9A2TEP,Target Corporation,TGT,0000027419,Target Corporation expects EPS GAAP of $7.75 per share to $8.75 per share for FY2023.,"Operating income is expected to grow more than $1 billion, and GAAP EPS and adjusted EPS are both expected to range from $7.75 to $8.75.",EPS GAAP,7.75,8.75,USD per share,FY2023,2023-02-28,https://www.sec.gov/Archives/edgar/data/27419/000002741923000010/a2022q4ex-99.htm,0000027419-23-000010,8-K,2023-02-28,2026-09-20T06:43:43Z,c098048292126ec925dc3e4dad4cd35d42bfc8a2fef33b875cac48e8e8efe818,"Operating income is expected to grow more than $1 billion, and GAAP EPS and adjusted EPS are both expected to range from $7.75 to $8.75.",8.94,2024-03-05,https://www.sec.gov/Archives/edgar/data/27419/000002741924000008/a2023q4ex-99.htm,0000027419-24-000008,8-K,2024-03-05,2026-09-20T06:43:50Z,579220ba1059d91f7a1a0f962342c8d13b665f1164667bc70d73a855497c6880,"GAAP and Adjusted EPS were $8.94 for full-year 2023, compared with $5.98 in GAAP EPS and $6.02 in Adjusted EPS in the prior year.","reported value falls outside [7.75, 8.75]",open,2024-03-05,https://www.sec.gov/Archives/edgar/data/27419/000002741924000008/a2023q4ex-99.htm,0000027419-24-000008,8-K,2024-03-05,2026-09-20T06:43:50Z,579220ba1059d91f7a1a0f962342c8d13b665f1164667bc70d73a855497c6880,"GAAP and Adjusted EPS1 of $2.98 was 57.6 percent higher than last year, and well-above the high end of the expected range of $1.90 to $2.60.",371,0,2026-09-22,navneet,true,false,,false,false,,,missed,sentence,Guidance,"For additional media materials, please visit:",,,,,,yes,Excerpt states 'GAAP EPS...expected to range from $7.75 to $8.75' which matches the claimed range for GAAP EPS,,,,,,,,"{""aid_flag_note"": """", ""assumption.metric"": ""EPS GAAP"", ""assumption.stated_at"": ""2023-02-28"", ""assumption.target_high"": ""8.75"", ""assumption.target_low"": ""7.75"", ""assumption.target_period"": ""FY2023"", ""assumption.text"": ""Operating income is expected to grow more than $1 billion, and GAAP EPS and adjusted EPS are both expected to range from $7.75 to $8.75."", ""assumption.unit"": ""USD per share"", ""claim"": ""Target Corporation expects EPS GAAP of $7.75 per share to $8.75 per share for FY2023."", ""conflict"": ""false"", ""invalidation_condition"": ""reported value falls outside [7.75, 8.75]""}"
01GTAN3800B1Q8SBGHKJ268GCZ,Target Corporation,TGT,0000027419,Target Corporation expects EPS non-GAAP of $7.75 per share to $8.75 per share for FY2023.,"Operating income is expected to grow more than $1 billion, and GAAP EPS and adjusted EPS are both expected to range from $7.75 to $8.75.",EPS non-GAAP,7.75,8.75,USD per share,FY2023,2023-02-28,https://www.sec.gov/Archives/edgar/data/27419/000002741923000010/a2022q4ex-99.htm,0000027419-23-000010,8-K,2023-02-28,2026-09-20T06:43:43Z,c098048292126ec925dc3e4dad4cd35d42bfc8a2fef33b875cac48e8e8efe818,"Operating income is expected to grow more than $1 billion, and GAAP EPS and adjusted EPS are both expected to range from $7.75 to $8.75.",8.94,2024-03-05,https://www.sec.gov/Archives/edgar/data/27419/000002741924000008/a2023q4ex-99.htm,0000027419-24-000008,8-K,2024-03-05,2026-09-20T06:43:50Z,579220ba1059d91f7a1a0f962342c8d13b665f1164667bc70d73a855497c6880,Full-year GAAP and Adjusted EPS of $8.94 were both nearly 50 percent higher than in 2022.,"reported value falls outside [7.75, 8.75]",open,,,,,,,,,371,,2026-09-22,navneet,true,false,"acknowledgement proposal rejected (2024-03-05, https://www.sec.gov/Archives/edgar/data/27419/000002741924000008/a2023q4ex-99.htm): wrong period: Q4 acknowledgement, row is FY2023",false,false,false,,missed,sentence,Guidance,"For additional media materials, please visit:",,,,,,yes,"Excerpt states 'adjusted EPS are both expected to range from $7.75 to $8.75' which matches the non-GAAP EPS range given, and the guidance context indicates this is forward-looking for FY2023.",,,,,,,,"{""aid_flag_note"": """", ""assumption.metric"": ""EPS non-GAAP"", ""assumption.stated_at"": ""2023-02-28"", ""assumption.target_high"": ""8.75"", ""assumption.target_low"": ""7.75"", ""assumption.target_period"": ""FY2023"", ""assumption.text"": ""Operating income is expected to grow more than $1 billion, and GAAP EPS and adjusted EPS are both expected to range from $7.75 to $8.75."", ""assumption.unit"": ""USD per share"", ""claim"": ""Target Corporation expects EPS non-GAAP of $7.75 per share to $8.75 per share for FY2023."", ""conflict"": ""false"", ""invalidation_condition"": ""reported value falls outside [7.75, 8.75]""}"
01H0KG3A0009YTW3NZ8Q4YZRWP,Target Corporation,TGT,0000027419,Target Corporation expects EPS GAAP of $1.3 per share to $1.7 per share for Q2 FY2023.,GAAP EPS and Adjusted EPS are both expected to range from $1.30 to $1.70.,EPS GAAP,1.3,1.7,USD per share,Q2 FY2023,2023-05-17,https://www.sec.gov/Archives/edgar/data/27419/000002741923000023/a2023q1ex-99.htm,0000027419-23-000023,8-K,2023-05-17,2026-09-20T06:43:44Z,b593ac2c4c9b950a38811299b556102b55797abafcd694d75ef543701ba7e54a,GAAP EPS and Adjusted EPS are both expected to range from $1.30 to $1.70.,1.8,2023-08-16,https://www.sec.gov/Archives/edgar/data/27419/000002741923000032/a2023q2ex-99.htm,0000027419-23-000032,8-K,2023-08-16,2026-09-20T06:43:45Z,43d2596480bee3139bd845b7e1f7350fea0d1f8b3243fb5f2cf3f8a71b27b63b,"Second quarter GAAP and Adjusted EPS1 of $1.80 was more than 4 times higher than a year ago and above the high end of the Company's guidance range, reflecting a meaningful profit recovery from last year’s inventory actions.","reported value falls outside [1.3, 1.7]",open,2023-08-16,https://www.sec.gov/Archives/edgar/data/27419/000002741923000032/a2023q2ex-99.htm,0000027419-23-000032,8-K,2023-08-16,2026-09-20T06:43:45Z,43d2596480bee3139bd845b7e1f7350fea0d1f8b3243fb5f2cf3f8a71b27b63b,"Second quarter GAAP and Adjusted EPS1 of $1.80 was more than 4 times higher than a year ago and above the high end of the Company's guidance range, reflecting a meaningful profit recovery from last year’s inventory actions.",91,0,2026-09-22,navneet,true,true,,false,false,,,missed,sentence,Guidance,"For additional media materials, please visit:",,,,,,yes,"Excerpt states 'GAAP EPS...expected to range from $1.30 to $1.70', which matches the claimed range of $1.3 to $1.7 per share for GAAP EPS guidance.",,,,,,,,"{""aid_flag_note"": """", ""assumption.metric"": ""EPS GAAP"", ""assumption.stated_at"": ""2023-05-17"", ""assumption.target_high"": ""1.7"", ""assumption.target_low"": ""1.3"", ""assumption.target_period"": ""Q2 FY2023"", ""assumption.text"": ""GAAP EPS and Adjusted EPS are both expected to range from $1.30 to $1.70."", ""assumption.unit"": ""USD per share"", ""claim"": ""Target Corporation expects EPS GAAP of $1.3 per share to $1.7 per share for Q2 FY2023."", ""conflict"": ""false"", ""invalidation_condition"": ""reported value falls outside [1.3, 1.7]""}"
01H0KG3A00PBRP8MPDHY4J2NZ9,Target Corporation,TGT,0000027419,Target Corporation expects EPS non-GAAP of $1.3 per share to $1.7 per share for Q2 FY2023.,GAAP EPS and Adjusted EPS are both expected to range from $1.30 to $1.70.,EPS non-GAAP,1.3,1.7,USD per share,Q2 FY2023,2023-05-17,https://www.sec.gov/Archives/edgar/data/27419/000002741923000023/a2023q1ex-99.htm,0000027419-23-000023,8-K,2023-05-17,2026-09-20T06:43:44Z,b593ac2c4c9b950a38811299b556102b55797abafcd694d75ef543701ba7e54a,GAAP EPS and Adjusted EPS are both expected to range from $1.30 to $1.70.,1.8,2023-08-16,https://www.sec.gov/Archives/edgar/data/27419/000002741923000032/a2023q2ex-99.htm,0000027419-23-000032,8-K,2023-08-16,2026-09-20T06:43:45Z,43d2596480bee3139bd845b7e1f7350fea0d1f8b3243fb5f2cf3f8a71b27b63b,"Second quarter GAAP and Adjusted EPS1 of $1.80 was more than 4 times higher than a year ago and above the high end of the Company's guidance range, reflecting a meaningful profit recovery from last year’s inventory actions.","reported value falls outside [1.3, 1.7]",open,2023-08-16,https://www.sec.gov/Archives/edgar/data/27419/000002741923000032/a2023q2ex-99.htm,0000027419-23-000032,8-K,2023-08-16,2026-09-20T06:43:45Z,43d2596480bee3139bd845b7e1f7350fea0d1f8b3243fb5f2cf3f8a71b27b63b,"Second quarter GAAP and Adjusted EPS1 of $1.80 was more than 4 times higher than a year ago and above the high end of the Company's guidance range, reflecting a meaningful profit recovery from last year’s inventory actions.",91,0,2026-09-22,navneet,false,false,"false alarm, the excerpt matches",false,false,,,missed,sentence,Guidance,"For additional media materials, please visit:",,,,,,yes,"Excerpt states 'Adjusted EPS are both expected to range from $1.30 to $1.70', which matches the non-GAAP EPS guidance of $1.3 to $1.7 per share for the stated period.",,,,,,,,"{""aid_flag_note"": """", ""assumption.metric"": ""EPS non-GAAP"", ""assumption.stated_at"": ""2023-05-17"", ""assumption.target_high"": ""1.7"", ""assumption.target_low"": ""1.3"", ""assumption.target_period"": ""Q2 FY2023"", ""assumption.text"": ""GAAP EPS and Adjusted EPS are both expected to range from $1.30 to $1.70."", ""assumption.unit"": ""USD per share"", ""claim"": ""Target Corporation expects EPS non-GAAP of $1.3 per share to $1.7 per share for Q2 FY2023."", ""conflict"": ""false"", ""invalidation_condition"": ""reported value falls outside [1.3, 1.7]""}"
01H0KG3A00YGF3VA13QSV7GPK9,Target Corporation,TGT,0000027419,Target Corporation expects EPS GAAP of $7.75 per share to $8.75 per share for FY2023.,"For the full year, the Company is maintaining its prior guidance, which includes expected comparable sales in a wide range from a low-single digit decline to a low-single digit increase, operating income growth of more than $1 billion, and both GAAP EPS and Adjusted EPS of $7.75 to $8.75.",EPS GAAP,7.75,8.75,USD per share,FY2023,2023-05-17,https://www.sec.gov/Archives/edgar/data/27419/000002741923000023/a2023q1ex-99.htm,0000027419-23-000023,8-K,2023-05-17,2026-09-20T06:43:44Z,b593ac2c4c9b950a38811299b556102b55797abafcd694d75ef543701ba7e54a,"For the full year, the Company is maintaining its prior guidance, which includes expected comparable sales in a wide range from a low-single digit decline to a low-single digit increase, operating income growth of more than $1 billion, and both GAAP EPS and Adjusted EPS of $7.75 to $8.75.",8.94,2024-03-05,https://www.sec.gov/Archives/edgar/data/27419/000002741924000008/a2023q4ex-99.htm,0000027419-24-000008,8-K,2024-03-05,2026-09-20T06:43:50Z,579220ba1059d91f7a1a0f962342c8d13b665f1164667bc70d73a855497c6880,"GAAP and Adjusted EPS were $8.94 for full-year 2023, compared with $5.98 in GAAP EPS and $6.02 in Adjusted EPS in the prior year.","reported value falls outside [7.75, 8.75]",open,2024-03-05,https://www.sec.gov/Archives/edgar/data/27419/000002741924000008/a2023q4ex-99.htm,0000027419-24-000008,8-K,2024-03-05,2026-09-20T06:43:50Z,579220ba1059d91f7a1a0f962342c8d13b665f1164667bc70d73a855497c6880,"GAAP and Adjusted EPS1 of $2.98 was 57.6 percent higher than last year, and well-above the high end of the expected range of $1.90 to $2.60.",293,0,2026-09-22,navneet,true,false,,false,false,,,missed,sentence,Guidance,"For additional media materials, please visit:",,,,,,yes,"Excerpt states 'both GAAP EPS and Adjusted EPS of $7.75 to $8.75' for the full year, matching the claimed range exactly.",,,,,,,,"{""aid_flag_note"": """", ""assumption.metric"": ""EPS GAAP"", ""assumption.stated_at"": ""2023-05-17"", ""assumption.target_high"": ""8.75"", ""assumption.target_low"": ""7.75"", ""assumption.target_period"": ""FY2023"", ""assumption.text"": ""For the full year, the Company is maintaining its prior guidance, which includes expected comparable sales in a wide range from a low-single digit decline to a low-single digit increase, operating income growth of more than $1 billion, and both GAAP EPS and Adjusted EPS of $7.75 to $8.75."", ""assumption.unit"": ""USD per share"", ""claim"": ""Target Corporation expects EPS GAAP of $7.75 per share to $8.75 per share for FY2023."", ""conflict"": ""false"", ""invalidation_condition"": ""reported value falls outside [7.75, 8.75]""}"
01H0KG3A00EHYV77FQ30KXJNF2,Target Corporation,TGT,0000027419,Target Corporation expects EPS non-GAAP of $7.75 per share to $8.75 per share for FY2023.,"For the full year, the Company is maintaining its prior guidance, which includes expected comparable sales in a wide range from a low-single digit decline to a low-single digit increase, operating income growth of more than $1 billion, and both GAAP EPS and Adjusted EPS of $7.75 to $8.75.",EPS non-GAAP,7.75,8.75,USD per share,FY2023,2023-05-17,https://www.sec.gov/Archives/edgar/data/27419/000002741923000023/a2023q1ex-99.htm,0000027419-23-000023,8-K,2023-05-17,2026-09-20T06:43:44Z,b593ac2c4c9b950a38811299b556102b55797abafcd694d75ef543701ba7e54a,"For the full year, the Company is maintaining its prior guidance, which includes expected comparable sales in a wide range from a low-single digit decline to a low-single digit increase, operating income growth of more than $1 billion, and both GAAP EPS and Adjusted EPS of $7.75 to $8.75.",8.94,2024-03-05,https://www.sec.gov/Archives/edgar/data/27419/000002741924000008/a2023q4ex-99.htm,0000027419-24-000008,8-K,2024-03-05,2026-09-20T06:43:50Z,579220ba1059d91f7a1a0f962342c8d13b665f1164667bc70d73a855497c6880,"GAAP and Adjusted EPS were $8.94 for full-year 2023, compared with $5.98 in GAAP EPS and $6.02 in Adjusted EPS in the prior year.","reported value falls outside [7.75, 8.75]",open,,,,,,,,,293,,2026-09-22,navneet,true,false,,false,false,,,missed,sentence,Guidance,"For additional media materials, please visit:",,,,,,yes,"Excerpt states 'Adjusted EPS of $7.75 to $8.75' for 'the full year' which is FY2023 guidance, matching the non-GAAP EPS range and period claimed.",,,,,,,,"{""aid_flag_note"": """", ""assumption.metric"": ""EPS non-GAAP"", ""assumption.stated_at"": ""2023-05-17"", ""assumption.target_high"": ""8.75"", ""assumption.target_low"": ""7.75"", ""assumption.target_period"": ""FY2023"", ""assumption.text"": ""For the full year, the Company is maintaining its prior guidance, which includes expected comparable sales in a wide range from a low-single digit decline to a low-single digit increase, operating income growth of more than $1 billion, and both GAAP EPS and Adjusted EPS of $7.75 to $8.75."", ""assumption.unit"": ""USD per share"", ""claim"": ""Target Corporation expects EPS non-GAAP of $7.75 per share to $8.75 per share for FY2023."", ""conflict"": ""false"", ""invalidation_condition"": ""reported value falls outside [7.75, 8.75]""}"
01H7XT8Q007QZ4NYXCMMX2RJH6,Target Corporation,TGT,0000027419,Target Corporation expects EPS GAAP of $7 per share to $8 per share for FY2023.,"The Company now expects comparable sales in a wide range around a mid-single digit decline for the remainder of the year, and now expects full-year GAAP and Adjusted EPS of $7.00 to $8.00.",EPS GAAP,7.0,8.0,USD per share,FY2023,2023-08-16,https://www.sec.gov/Archives/edgar/data/27419/000002741923000032/a2023q2ex-99.htm,0000027419-23-000032,8-K,2023-08-16,2026-09-20T06:43:45Z,43d2596480bee3139bd845b7e1f7350fea0d1f8b3243fb5f2cf3f8a71b27b63b,"The Company now expects comparable sales in a wide range around a mid-single digit decline for the remainder of the year, and now expects full-year GAAP and Adjusted EPS of $7.00 to $8.00.",8.94,2024-03-05,https://www.sec.gov/Archives/edgar/data/27419/000002741924000008/a2023q4ex-99.htm,0000027419-24-000008,8-K,2024-03-05,2026-09-20T06:43:50Z,579220ba1059d91f7a1a0f962342c8d13b665f1164667bc70d73a855497c6880,Full-year GAAP and Adjusted EPS of $8.94 were both nearly 50 percent higher than in 2022.,"reported value falls outside [7, 8]",open,2024-03-05,https://www.sec.gov/Archives/edgar/data/27419/000002741924000008/a2023q4ex-99.htm,0000027419-24-000008,8-K,2024-03-05,2026-09-20T06:43:50Z,579220ba1059d91f7a1a0f962342c8d13b665f1164667bc70d73a855497c6880,"GAAP and Adjusted EPS1 of $2.98 was 57.6 percent higher than last year, and well-above the high end of the expected range of $1.90 to $2.60.",202,0,2026-09-22,navneet,true,false,,false,false,,,missed,sentence,,,,,,,,yes,"Excerpt states 'full-year GAAP and Adjusted EPS of $7.00 to $8.00', which matches the claimed GAAP EPS range of $7 to $8 per share for the full year.",,,,,,,,"{""aid_flag_note"": """", ""assumption.metric"": ""EPS GAAP"", ""assumption.stated_at"": ""2023-08-16"", ""assumption.target_high"": ""8.0"", ""assumption.target_low"": ""7.0"", ""assumption.target_period"": ""FY2023"", ""assumption.text"": ""The Company now expects comparable sales in a wide range around a mid-single digit decline for the remainder of the year, and now expects full-year GAAP and Adjusted EPS of $7.00 to $8.00."", ""assumption.unit"": ""USD per share"", ""claim"": ""Target Corporation expects EPS GAAP of $7 per share to $8 per share for FY2023."", ""conflict"": ""false"", ""invalidation_condition"": ""reported value falls outside [7, 8]""}"
01H7XT8Q00FHVJ4DDP84YZMC5H,Target Corporation,TGT,0000027419,Target Corporation expects EPS non-GAAP of $7 per share to $8 per share for FY2023.,"The Company now expects full-year GAAP and Adjusted EPS of $7.00 to $8.00, compared with the prior range of $7.75 to $8.75.",EPS non-GAAP,7.0,8.0,USD per share,FY2023,2023-08-16,https://www.sec.gov/Archives/edgar/data/27419/000002741923000032/a2023q2ex-99.htm,0000027419-23-000032,8-K,2023-08-16,2026-09-20T06:43:45Z,43d2596480bee3139bd845b7e1f7350fea0d1f8b3243fb5f2cf3f8a71b27b63b,"The Company now expects full-year GAAP and Adjusted EPS of $7.00 to $8.00, compared with the prior range of $7.75 to $8.75.",8.94,2024-03-05,https://www.sec.gov/Archives/edgar/data/27419/000002741924000008/a2023q4ex-99.htm,0000027419-24-000008,8-K,2024-03-05,2026-09-20T06:43:50Z,579220ba1059d91f7a1a0f962342c8d13b665f1164667bc70d73a855497c6880,Full-year GAAP and Adjusted EPS of $8.94 were both nearly 50 percent higher than in 2022.,"reported value falls outside [7, 8]",open,,,,,,,,,202,,2026-09-22,navneet,true,false,"acknowledgement proposal rejected (2024-03-05, https://www.sec.gov/Archives/edgar/data/27419/000002741924000008/a2023q4ex-99.htm): wrong period: Q4 acknowledgement, row is FY2023",false,false,false,,missed,sentence,Guidance,"For additional media materials, please visit:",,,,,,yes,"Excerpt states 'Adjusted EPS of $7.00 to $8.00' for full-year, which matches the non-GAAP EPS guidance of $7 to $8 per share for FY2023 (Target's fiscal year ends in January, so full-year refers to th",,,,,,,,"{""aid_flag_note"": """", ""assumption.metric"": ""EPS non-GAAP"", ""assumption.stated_at"": ""2023-08-16"", ""assumption.target_high"": ""8.0"", ""assumption.target_low"": ""7.0"", ""assumption.target_period"": ""FY2023"", ""assumption.text"": ""The Company now expects full-year GAAP and Adjusted EPS of $7.00 to $8.00, compared with the prior range of $7.75 to $8.75."", ""assumption.unit"": ""USD per share"", ""claim"": ""Target Corporation expects EPS non-GAAP of $7 per share to $8 per share for FY2023."", ""conflict"": ""false"", ""invalidation_condition"": ""reported value falls outside [7, 8]""}"
01H7XT8Q007EFX1VH8R0G8AVMG,Target Corporation,TGT,0000027419,Target Corporation expects EPS GAAP of $1.2 per share to $1.6 per share for Q3 FY2023.,"For the third quarter, the Company expects comparable sales in a wide range around a mid-single digit decline, and GAAP and Adjusted EPS of $1.20 to $1.60.",EPS GAAP,1.2,1.6,USD per share,Q3 FY2023,2023-08-16,https://www.sec.gov/Archives/edgar/data/27419/000002741923000032/a2023q2ex-99.htm,0000027419-23-000032,8-K,2023-08-16,2026-09-20T06:43:45Z,43d2596480bee3139bd845b7e1f7350fea0d1f8b3243fb5f2cf3f8a71b27b63b,"For the third quarter, the Company expects comparable sales in a wide range around a mid-single digit decline, and GAAP and Adjusted EPS of $1.20 to $1.60.",2.1,2023-11-15,https://www.sec.gov/Archives/edgar/data/27419/000002741923000048/a2023q3ex-99.htm,0000027419-23-000048,8-K,2023-11-15,2026-09-20T06:43:48Z,858c4053aaaaed2e65285ac6eb3996844da371a2ca2cb42437208b1dc16372df,"The Company reported third quarter GAAP and Adjusted earnings per share1 (EPS) of $2.10, up 36.3 percent from $1.54 in 2022.","reported value falls outside [1.2, 1.6]",open,2023-11-15,https://www.sec.gov/Archives/edgar/data/27419/000002741923000048/a2023q3ex-99.htm,0000027419-23-000048,8-K,2023-11-15,2026-09-20T06:43:48Z,858c4053aaaaed2e65285ac6eb3996844da371a2ca2cb42437208b1dc16372df,"Third quarter GAAP and Adjusted EPS1 of $2.10 was 36 percent higher than a year ago and above the high end of the Company's guidance range, reflecting disciplined inventory and expense management.",91,0,2026-09-22,navneet,true,false,,false,false,,,missed,sentence,Guidance,"For additional media materials, please visit:",,,,,,yes,"Excerpt states 'GAAP and Adjusted EPS of $1.20 to $1.60' for 'the third quarter', which matches the claimed GAAP EPS range of $1.2 to $1.6 per share for Q3 FY2023.",,,,,,,,"{""aid_flag_note"": """", ""assumption.metric"": ""EPS GAAP"", ""assumption.stated_at"": ""2023-08-16"", ""assumption.target_high"": ""1.6"", ""assumption.target_low"": ""1.2"", ""assumption.target_period"": ""Q3 FY2023"", ""assumption.text"": ""For the third quarter, the Company expects comparable sales in a wide range around a mid-single digit decline, and GAAP and Adjusted EPS of $1.20 to $1.60."", ""assumption.unit"": ""USD per share"", ""claim"": ""Target Corporation expects EPS GAAP of $1.2 per share to $1.6 per share for Q3 FY2023."", ""conflict"": ""false"", ""invalidation_condition"": ""reported value falls outside [1.2, 1.6]""}"
01H7XT8Q00N4BGFGJPD7H8V80T,Target Corporation,TGT,0000027419,Target Corporation expects EPS non-GAAP of $1.2 per share to $1.6 per share for Q3 FY2023.,"For the third quarter, the Company expects comparable sales in a wide range around a mid-single digit decline, and GAAP and Adjusted EPS of $1.20 to $1.60.",EPS non-GAAP,1.2,1.6,USD per share,Q3 FY2023,2023-08-16,https://www.sec.gov/Archives/edgar/data/27419/000002741923000032/a2023q2ex-99.htm,0000027419-23-000032,8-K,2023-08-16,2026-09-20T06:43:45Z,43d2596480bee3139bd845b7e1f7350fea0d1f8b3243fb5f2cf3f8a71b27b63b,"For the third quarter, the Company expects comparable sales in a wide range around a mid-single digit decline, and GAAP and Adjusted EPS of $1.20 to $1.60.",2.1,2023-11-15,https://www.sec.gov/Archives/edgar/data/27419/000002741923000048/a2023q3ex-99.htm,0000027419-23-000048,8-K,2023-11-15,2026-09-20T06:43:48Z,858c4053aaaaed2e65285ac6eb3996844da371a2ca2cb42437208b1dc16372df,"Third quarter GAAP and Adjusted EPS1 of $2.10 was 36 percent higher than a year ago and above the high end of the Company's guidance range, reflecting disciplined inventory and expense management.","reported value falls outside [1.2, 1.6]",open,2023-11-15,https://www.sec.gov/Archives/edgar/data/27419/000002741923000048/a2023q3ex-99.htm,0000027419-23-000048,8-K,2023-11-15,2026-09-20T06:43:48Z,858c4053aaaaed2e65285ac6eb3996844da371a2ca2cb42437208b1dc16372df,"Third quarter GAAP and Adjusted EPS1 of $2.10 was 36 percent higher than a year ago and above the high end of the Company's guidance range, reflecting disciplined inventory and expense management.",91,0,2026-09-22,navneet,true,false,,false,false,,,missed,sentence,Guidance,"For additional media materials, please visit:",,,,,,yes,"Excerpt states 'Adjusted EPS of $1.20 to $1.60' for 'the third quarter', which matches the non-GAAP EPS guidance of $1.2 to $1.6 per share for Q3 FY2023.",,,,,,,,"{""aid_flag_note"": """", ""assumption.metric"": ""EPS non-GAAP"", ""assumption.stated_at"": ""2023-08-16"", ""assumption.target_high"": ""1.6"", ""assumption.target_low"": ""1.2"", ""assumption.target_period"": ""Q3 FY2023"", ""assumption.text"": ""For the third quarter, the Company expects comparable sales in a wide range around a mid-single digit decline, and GAAP and Adjusted EPS of $1.20 to $1.60."", ""assumption.unit"": ""USD per share"", ""claim"": ""Target Corporation expects EPS non-GAAP of $1.2 per share to $1.6 per share for Q3 FY2023."", ""conflict"": ""false"", ""invalidation_condition"": ""reported value falls outside [1.2, 1.6]""}"
01HF84E4005RQZ9CE8YZH4J4D1,Target Corporation,TGT,0000027419,Target Corporation expects EPS GAAP of $1.9 per share to $2.6 per share for Q4 FY2023.,"For the fourth quarter, the Company expects comparable sales in a wide range around a mid-single digit decline, and GAAP and Adjusted EPS of $1.90 to $2.60.",EPS GAAP,1.9,2.6,USD per share,Q4 FY2023,2023-11-15,https://www.sec.gov/Archives/edgar/data/27419/000002741923000048/a2023q3ex-99.htm,0000027419-23-000048,8-K,2023-11-15,2026-09-20T06:43:48Z,858c4053aaaaed2e65285ac6eb3996844da371a2ca2cb42437208b1dc16372df,"For the fourth quarter, the Company expects comparable sales in a wide range around a mid-single digit decline, and GAAP and Adjusted EPS of $1.90 to $2.60.",2.98,2024-03-05,https://www.sec.gov/Archives/edgar/data/27419/000002741924000008/a2023q4ex-99.htm,0000027419-24-000008,8-K,2024-03-05,2026-09-20T06:43:50Z,579220ba1059d91f7a1a0f962342c8d13b665f1164667bc70d73a855497c6880,"The Company reported fourth-quarter GAAP and Adjusted earnings per share (EPS) of $2.98, compared with $1.89 in 2022.","reported value falls outside [1.9, 2.6]",open,2024-03-05,https://www.sec.gov/Archives/edgar/data/27419/000002741924000008/a2023q4ex-99.htm,0000027419-24-000008,8-K,2024-03-05,2026-09-20T06:43:50Z,579220ba1059d91f7a1a0f962342c8d13b665f1164667bc70d73a855497c6880,"GAAP and Adjusted EPS1 of $2.98 was 57.6 percent higher than last year, and well-above the high end of the expected range of $1.90 to $2.60.",111,0,2026-09-22,navneet,true,false,,false,false,,,missed,sentence,Guidance,"For additional media materials, please visit:",,,,,,yes,"Excerpt states 'GAAP and Adjusted EPS of $1.90 to $2.60' for the fourth quarter, which matches the claimed range of $1.9 to $2.6 per share for Q4 FY2023 GAAP EPS.",,,,,,,,"{""aid_flag_note"": """", ""assumption.metric"": ""EPS GAAP"", ""assumption.stated_at"": ""2023-11-15"", ""assumption.target_high"": ""2.6"", ""assumption.target_low"": ""1.9"", ""assumption.target_period"": ""Q4 FY2023"", ""assumption.text"": ""For the fourth quarter, the Company expects comparable sales in a wide range around a mid-single digit decline, and GAAP and Adjusted EPS of $1.90 to $2.60."", ""assumption.unit"": ""USD per share"", ""claim"": ""Target Corporation expects EPS GAAP of $1.9 per share to $2.6 per share for Q4 FY2023."", ""conflict"": ""false"", ""invalidation_condition"": ""reported value falls outside [1.9, 2.6]""}"
01HF84E400AY1D1C52KGXP2WVA,Target Corporation,TGT,0000027419,Target Corporation expects EPS non-GAAP of $1.9 per share to $2.6 per share for Q4 FY2023.,"For the fourth quarter, the Company expects comparable sales in a wide range around a mid-single digit decline, and GAAP and Adjusted EPS of $1.90 to $2.60.",EPS non-GAAP,1.9,2.6,USD per share,Q4 FY2023,2023-11-15,https://www.sec.gov/Archives/edgar/data/27419/000002741923000048/a2023q3ex-99.htm,0000027419-23-000048,8-K,2023-11-15,2026-09-20T06:43:48Z,858c4053aaaaed2e65285ac6eb3996844da371a2ca2cb42437208b1dc16372df,"For the fourth quarter, the Company expects comparable sales in a wide range around a mid-single digit decline, and GAAP and Adjusted EPS of $1.90 to $2.60.",2.98,2024-03-05,https://www.sec.gov/Archives/edgar/data/27419/000002741924000008/a2023q4ex-99.htm,0000027419-24-000008,8-K,2024-03-05,2026-09-20T06:43:50Z,579220ba1059d91f7a1a0f962342c8d13b665f1164667bc70d73a855497c6880,"The Company reported fourth-quarter GAAP and Adjusted earnings per share (EPS) of $2.98, compared with $1.89 in 2022.","reported value falls outside [1.9, 2.6]",open,2024-03-05,https://www.sec.gov/Archives/edgar/data/27419/000002741924000008/a2023q4ex-99.htm,0000027419-24-000008,8-K,2024-03-05,2026-09-20T06:43:50Z,579220ba1059d91f7a1a0f962342c8d13b665f1164667bc70d73a855497c6880,"GAAP and Adjusted EPS1 of $2.98 was 57.6 percent higher than last year, and well-above the high end of the expected range of $1.90 to $2.60.",111,0,2026-09-22,navneet,true,false,,false,false,,,missed,sentence,Guidance,"For additional media materials, please visit:",,,,,,yes,"Excerpt states 'Adjusted EPS of $1.90 to $2.60' for the fourth quarter, which matches the non-GAAP EPS guidance of $1.9 to $2.6 per share for Q4 FY2023 (Adjusted EPS is equivalent to non-GAAP EPS).",,,,,,,,"{""aid_flag_note"": """", ""assumption.metric"": ""EPS non-GAAP"", ""assumption.stated_at"": ""2023-11-15"", ""assumption.target_high"": ""2.6"", ""assumption.target_low"": ""1.9"", ""assumption.target_period"": ""Q4 FY2023"", ""assumption.text"": ""For the fourth quarter, the Company expects comparable sales in a wide range around a mid-single digit decline, and GAAP and Adjusted EPS of $1.90 to $2.60."", ""assumption.unit"": ""USD per share"", ""claim"": ""Target Corporation expects EPS non-GAAP of $1.9 per share to $2.6 per share for Q4 FY2023."", ""conflict"": ""false"", ""invalidation_condition"": ""reported value falls outside [1.9, 2.6]""}"
01HR5YHX004XWGY07MYQ6VJW26,Target Corporation,TGT,0000027419,Target Corporation expects comparable sales of -5% to -3% for Q1 FY2024.,"For first quarter 2024, the Company expects a comparable sales decline of 3 to 5 percent.",comparable sales,-5.0,-3.0,percent,Q1 FY2024,2024-03-05,https://www.sec.gov/Archives/edgar/data/27419/000002741924000008/a2023q4ex-99.htm,0000027419-24-000008,8-K,2024-03-05,2026-09-20T06:43:50Z,579220ba1059d91f7a1a0f962342c8d13b665f1164667bc70d73a855497c6880,"For first quarter 2024, the Company expects a comparable sales decline of 3 to 5 percent.",-3.7,2024-05-22,https://www.sec.gov/Archives/edgar/data/27419/000002741924000126/a2024q1ex-99.htm,0000027419-24-000126,8-K,2024-05-22,2026-09-20T06:43:51Z,b026466bc921a1373d388b88936562236a073e7b873835f1e16612b5d847403b,"First quarter comparable sales declined 3.7 percent, in line with expectations.","reported value falls outside [-5, -3]",open,,,,,,,,,78,,2026-09-22,navneet,true,false,,false,false,,,met,sentence,Guidance,"For additional media materials, please visit:",,,,,,yes,"Excerpt states 'comparable sales decline of 3 to 5 percent' for first quarter 2024, which matches the claim of -5% to -3% comparable sales for Q1 FY2024 (a decline of 3-5% expressed as negative range)",,,,,,,,"{""aid_flag_note"": """", ""assumption.metric"": ""comparable sales"", ""assumption.stated_at"": ""2024-03-05"", ""assumption.target_high"": ""-3.0"", ""assumption.target_low"": ""-5.0"", ""assumption.target_period"": ""Q1 FY2024"", ""assumption.text"": ""For first quarter 2024, the Company expects a comparable sales decline of 3 to 5 percent."", ""assumption.unit"": ""percent"", ""claim"": ""Target Corporation expects comparable sales of -5% to -3% for Q1 FY2024."", ""conflict"": ""false"", ""invalidation_condition"": ""reported value falls outside [-5, -3]""}"
01HR5YHX00Y2G595EQ0N7GGYKG,Target Corporation,TGT,0000027419,Target Corporation expects EPS GAAP of $1.7 per share to $2.1 per share for Q1 FY2024.,First quarter GAAP and Adjusted EPS are both expected to range from $1.70 to $2.10.,EPS GAAP,1.7,2.1,USD per share,Q1 FY2024,2024-03-05,https://www.sec.gov/Archives/edgar/data/27419/000002741924000008/a2023q4ex-99.htm,0000027419-24-000008,8-K,2024-03-05,2026-09-20T06:43:50Z,579220ba1059d91f7a1a0f962342c8d13b665f1164667bc70d73a855497c6880,First quarter GAAP and Adjusted EPS are both expected to range from $1.70 to $2.10.,2.03,2024-05-22,https://www.sec.gov/Archives/edgar/data/27419/000002741924000126/a2024q1ex-99.htm,0000027419-24-000126,8-K,2024-05-22,2026-09-20T06:43:51Z,b026466bc921a1373d388b88936562236a073e7b873835f1e16612b5d847403b,"The Company reported first quarter GAAP and Adjusted earnings per share1 (EPS) of $2.03, compared with $2.05 in 2023.","reported value falls outside [1.7, 2.1]",open,,,,,,,,,78,,2026-09-22,navneet,true,true,,false,false,,,met,sentence,Guidance,"For additional media materials, please visit:",,,,,,yes,"Excerpt states 'First quarter GAAP and Adjusted EPS are both expected to range from $1.70 to $2.10', which matches the Q1 FY2024 GAAP EPS guidance of $1.7 to $2.1 per share.",,,,,,,,"{""aid_flag_note"": """", ""assumption.metric"": ""EPS GAAP"", ""assumption.stated_at"": ""2024-03-05"", ""assumption.target_high"": ""2.1"", ""assumption.target_low"": ""1.7"", ""assumption.target_period"": ""Q1 FY2024"", ""assumption.text"": ""First quarter GAAP and Adjusted EPS are both expected to range from $1.70 to $2.10."", ""assumption.unit"": ""USD per share"", ""claim"": ""Target Corporation expects EPS GAAP of $1.7 per share to $2.1 per share for Q1 FY2024."", ""conflict"": ""false"", ""invalidation_condition"": ""reported value falls outside [1.7, 2.1]""}"
01HR5YHX00MEJ2JWPXBNNR6D9J,Target Corporation,TGT,0000027419,Target Corporation expects EPS non-GAAP of $1.7 per share to $2.1 per share for Q1 FY2024.,First quarter GAAP and Adjusted EPS are both expected to range from $1.70 to $2.10.,EPS non-GAAP,1.7,2.1,USD per share,Q1 FY2024,2024-03-05,https://www.sec.gov/Archives/edgar/data/27419/000002741924000008/a2023q4ex-99.htm,0000027419-24-000008,8-K,2024-03-05,2026-09-20T06:43:50Z,579220ba1059d91f7a1a0f962342c8d13b665f1164667bc70d73a855497c6880,First quarter GAAP and Adjusted EPS are both expected to range from $1.70 to $2.10.,2.03,2024-05-22,https://www.sec.gov/Archives/edgar/data/27419/000002741924000126/a2024q1ex-99.htm,0000027419-24-000126,8-K,2024-05-22,2026-09-20T06:43:51Z,b026466bc921a1373d388b88936562236a073e7b873835f1e16612b5d847403b,"The Company reported first quarter GAAP and Adjusted earnings per share1 (EPS) of $2.03, compared with $2.05 in 2023.","reported value falls outside [1.7, 2.1]",open,,,,,,,,,78,,2026-09-22,navneet,true,false,,false,false,,,met,sentence,Guidance,"For additional media materials, please visit:",,,,,,yes,"Excerpt states 'Adjusted EPS are both expected to range from $1.70 to $2.10' for first quarter, which matches the non-GAAP EPS guidance of $1.7 to $2.1 per share for Q1 FY2024 (Adjusted is equivalent ",,,,,,,,"{""aid_flag_note"": """", ""assumption.metric"": ""EPS non-GAAP"", ""assumption.stated_at"": ""2024-03-05"", ""assumption.target_high"": ""2.1"", ""assumption.target_low"": ""1.7"", ""assumption.target_period"": ""Q1 FY2024"", ""assumption.text"": ""First quarter GAAP and Adjusted EPS are both expected to range from $1.70 to $2.10."", ""assumption.unit"": ""USD per share"", ""claim"": ""Target Corporation expects EPS non-GAAP of $1.7 per share to $2.1 per share for Q1 FY2024."", ""conflict"": ""false"", ""invalidation_condition"": ""reported value falls outside [1.7, 2.1]""}"
01HR5YHX002Z0Q6W0QDF22ETZT,Target Corporation,TGT,0000027419,Target Corporation expects EPS GAAP of $8.6 per share to $9.6 per share for FY2023.,GAAP EPS and Adjusted EPS are both expected to range from $8.60 to $9.60.,EPS GAAP,8.6,9.6,USD per share,FY2023,2024-03-05,https://www.sec.gov/Archives/edgar/data/27419/000002741924000008/a2023q4ex-99.htm,0000027419-24-000008,8-K,2024-03-05,2026-09-20T06:43:50Z,579220ba1059d91f7a1a0f962342c8d13b665f1164667bc70d73a855497c6880,GAAP EPS and Adjusted EPS are both expected to range from $8.60 to $9.60.,,,,,,,,,,"reported value falls outside [8.6, 9.6]",open,,,,,,,,,,,2026-09-22,navneet,true,false,,false,false,,true,unresolved,sentence,Guidance,"For additional media materials, please visit:",,,no later 8-K release for that period found,,,yes,"Excerpt states 'GAAP EPS...expected to range from $8.60 to $9.60', which matches the guidance of $8.6 to $9.6 per share for GAAP EPS.",,,,,,,"{""aid_flag_note"": ""period closes before stated; likely next quarter""}","{""aid_flag_note"": ""period closes before stated; likely next quarter"", ""assumption.metric"": ""EPS GAAP"", ""assumption.stated_at"": ""2024-03-05"", ""assumption.target_high"": ""9.6"", ""assumption.target_low"": ""8.6"", ""assumption.target_period"": ""FY2023"", ""assumption.text"": ""GAAP EPS and Adjusted EPS are both expected to range from $8.60 to $9.60."", ""assumption.unit"": ""USD per share"", ""claim"": ""Target Corporation expects EPS GAAP of $8.6 per share to $9.6 per share for FY2023."", ""conflict"": ""false"", ""invalidation_condition"": ""reported value falls outside [8.6, 9.6]""}"
01HR5YHX00KAHNJNK81MRSVFFX,Target Corporation,TGT,0000027419,Target Corporation expects EPS non-GAAP of $8.6 per share to $9.6 per share for FY2023.,GAAP EPS and Adjusted EPS are both expected to range from $8.60 to $9.60.,EPS non-GAAP,8.6,9.6,USD per share,FY2023,2024-03-05,https://www.sec.gov/Archives/edgar/data/27419/000002741924000008/a2023q4ex-99.htm,0000027419-24-000008,8-K,2024-03-05,2026-09-20T06:43:50Z,579220ba1059d91f7a1a0f962342c8d13b665f1164667bc70d73a855497c6880,GAAP EPS and Adjusted EPS are both expected to range from $8.60 to $9.60.,,,,,,,,,,"reported value falls outside [8.6, 9.6]",open,,,,,,,,,,,2026-09-22,navneet,true,false,,false,false,,true,unresolved,sentence,Guidance,"For additional media materials, please visit:",,,no later 8-K release for that period found,,,yes,"Excerpt states 'Adjusted EPS are both expected to range from $8.60 to $9.60', which matches the non-GAAP EPS guidance of $8.6 to $9.6 per share for FY2023.",,,,,,,"{""aid_flag_note"": ""period closes before stated; likely next quarter""}","{""aid_flag_note"": ""period closes before stated; likely next quarter"", ""assumption.metric"": ""EPS non-GAAP"", ""assumption.stated_at"": ""2024-03-05"", ""assumption.target_high"": ""9.6"", ""assumption.target_low"": ""8.6"", ""assumption.target_period"": ""FY2023"", ""assumption.text"": ""GAAP EPS and Adjusted EPS are both expected to range from $8.60 to $9.60."", ""assumption.unit"": ""USD per share"", ""claim"": ""Target Corporation expects EPS non-GAAP of $8.6 per share to $9.6 per share for FY2023."", ""conflict"": ""false"", ""invalidation_condition"": ""reported value falls outside [8.6, 9.6]""}"
01HYESHZ00DXE23WDD6E98SQ7Y,Target Corporation,TGT,0000027419,Target Corporation expects comparable sales of 0% to 2% for Q2 FY2024.,"For the second quarter, the Company expects a 0 to 2 percent increase in its comparable sales, and GAAP and Adjusted EPS of $1.95 to $2.35.",comparable sales,0.0,2.0,percent,Q2 FY2024,2024-05-22,https://www.sec.gov/Archives/edgar/data/27419/000002741924000126/a2024q1ex-99.htm,0000027419-24-000126,8-K,2024-05-22,2026-09-20T06:43:51Z,b026466bc921a1373d388b88936562236a073e7b873835f1e16612b5d847403b,"For the second quarter, the Company expects a 0 to 2 percent increase in its comparable sales, and GAAP and Adjusted EPS of $1.95 to $2.35.",2.0,2024-08-21,https://www.sec.gov/Archives/edgar/data/27419/000002741924000142/a2024q2ex-99.htm,0000027419-24-000142,8-K,2024-08-21,2026-09-20T06:43:53Z,e444b4693ac0d6d50cd7540c9163751687d6a972dcb06f53a3970f357db05a3b,"Second quarter comparable sales increased 2.0 percent, at the high end of the Company's expectations.","reported value falls outside [0, 2]",open,,,,,,,,,91,,2026-09-22,navneet,true,false,,false,false,,,met,sentence,Guidance,"For additional media materials, please visit:",,,,,,yes,"Excerpt states 'expects a 0 to 2 percent increase in its comparable sales' for 'the second quarter', which matches the guidance of 0% to 2% comparable sales for Q2 FY2024.",,,,,,,,"{""aid_flag_note"": """", ""assumption.metric"": ""comparable sales"", ""assumption.stated_at"": ""2024-05-22"", ""assumption.target_high"": ""2.0"", ""assumption.target_low"": ""0.0"", ""assumption.target_period"": ""Q2 FY2024"", ""assumption.text"": ""For the second quarter, the Company expects a 0 to 2 percent increase in its comparable sales, and GAAP and Adjusted EPS of $1.95 to $2.35."", ""assumption.unit"": ""percent"", ""claim"": ""Target Corporation expects comparable sales of 0% to 2% for Q2 FY2024."", ""conflict"": ""false"", ""invalidation_condition"": ""reported value falls outside [0, 2]""}"
01HYESHZ00QVPJQ7GVEAYCJM74,Target Corporation,TGT,0000027419,Target Corporation expects EPS GAAP of $1.95 per share to $2.35 per share for Q2 FY2024.,"For the second quarter, the Company expects a 0 to 2 percent increase in its comparable sales, and GAAP and Adjusted EPS of $1.95 to $2.35.",EPS GAAP,1.95,2.35,USD per share,Q2 FY2024,2024-05-22,https://www.sec.gov/Archives/edgar/data/27419/000002741924000126/a2024q1ex-99.htm,0000027419-24-000126,8-K,2024-05-22,2026-09-20T06:43:51Z,b026466bc921a1373d388b88936562236a073e7b873835f1e16612b5d847403b,"For the second quarter, the Company expects a 0 to 2 percent increase in its comparable sales, and GAAP and Adjusted EPS of $1.95 to $2.35.",2.57,2024-08-21,https://www.sec.gov/Archives/edgar/data/27419/000002741924000142/a2024q2ex-99.htm,0000027419-24-000142,8-K,2024-08-21,2026-09-20T06:43:53Z,e444b4693ac0d6d50cd7540c9163751687d6a972dcb06f53a3970f357db05a3b,"The Company reported second quarter GAAP and Adjusted earnings per share1 (EPS) of $2.57, compared with $1.80 in 2023.","reported value falls outside [1.95, 2.35]",open,,,,,,,,,91,,2026-09-22,navneet,true,false,,false,false,,,missed,sentence,Guidance,"For additional media materials, please visit:",,,,,,yes,"Excerpt states 'GAAP and Adjusted EPS of $1.95 to $2.35' for the second quarter, matching the claimed GAAP EPS range exactly.",,,,,,,,"{""aid_flag_note"": """", ""assumption.metric"": ""EPS GAAP"", ""assumption.stated_at"": ""2024-05-22"", ""assumption.target_high"": ""2.35"", ""assumption.target_low"": ""1.95"", ""assumption.target_period"": ""Q2 FY2024"", ""assumption.text"": ""For the second quarter, the Company expects a 0 to 2 percent increase in its comparable sales, and GAAP and Adjusted EPS of $1.95 to $2.35."", ""assumption.unit"": ""USD per share"", ""claim"": ""Target Corporation expects EPS GAAP of $1.95 per share to $2.35 per share for Q2 FY2024."", ""conflict"": ""false"", ""invalidation_condition"": ""reported value falls outside [1.95, 2.35]""}"
01HYESHZ00WHAFA8PKMD4M6A08,Target Corporation,TGT,0000027419,Target Corporation expects EPS non-GAAP of $1.95 per share to $2.35 per share for Q2 FY2024.,"For the second quarter, the Company expects a 0 to 2 percent increase in its comparable sales, and GAAP and Adjusted EPS of $1.95 to $2.35.",EPS non-GAAP,1.95,2.35,USD per share,Q2 FY2024,2024-05-22,https://www.sec.gov/Archives/edgar/data/27419/000002741924000126/a2024q1ex-99.htm,0000027419-24-000126,8-K,2024-05-22,2026-09-20T06:43:51Z,b026466bc921a1373d388b88936562236a073e7b873835f1e16612b5d847403b,"For the second quarter, the Company expects a 0 to 2 percent increase in its comparable sales, and GAAP and Adjusted EPS of $1.95 to $2.35.",2.57,2024-08-21,https://www.sec.gov/Archives/edgar/data/27419/000002741924000142/a2024q2ex-99.htm,0000027419-24-000142,8-K,2024-08-21,2026-09-20T06:43:53Z,e444b4693ac0d6d50cd7540c9163751687d6a972dcb06f53a3970f357db05a3b,"The Company reported second quarter GAAP and Adjusted earnings per share1 (EPS) of $2.57, compared with $1.80 in 2023.","reported value falls outside [1.95, 2.35]",open,,,,,,,,,91,,2026-09-22,navneet,true,false,,false,false,,,missed,sentence,Guidance,"For additional media materials, please visit:",,,,,,yes,"Excerpt states 'Adjusted EPS of $1.95 to $2.35' for 'the second quarter', which matches the non-GAAP EPS guidance range for Q2 FY2024.",,,,,,,,"{""aid_flag_note"": """", ""assumption.metric"": ""EPS non-GAAP"", ""assumption.stated_at"": ""2024-05-22"", ""assumption.target_high"": ""2.35"", ""assumption.target_low"": ""1.95"", ""assumption.target_period"": ""Q2 FY2024"", ""assumption.text"": ""For the second quarter, the Company expects a 0 to 2 percent increase in its comparable sales, and GAAP and Adjusted EPS of $1.95 to $2.35."", ""assumption.unit"": ""USD per share"", ""claim"": ""Target Corporation expects EPS non-GAAP of $1.95 per share to $2.35 per share for Q2 FY2024."", ""conflict"": ""false"", ""invalidation_condition"": ""reported value falls outside [1.95, 2.35]""}"
01HYESHZ00RB2SABANV5AM3TR4,Target Corporation,TGT,0000027419,Target Corporation expects comparable sales of 0% to 2% for FY2024.,"For the full year, the Company continues to expect a 0 to 2 percent increase in its comparable sales, and GAAP and Adjusted EPS of $8.60 to $9.60.",comparable sales,0.0,2.0,percent,FY2024,2024-05-22,https://www.sec.gov/Archives/edgar/data/27419/000002741924000126/a2024q1ex-99.htm,0000027419-24-000126,8-K,2024-05-22,2026-09-20T06:43:51Z,b026466bc921a1373d388b88936562236a073e7b873835f1e16612b5d847403b,"For the full year, the Company continues to expect a 0 to 2 percent increase in its comparable sales, and GAAP and Adjusted EPS of $8.60 to $9.60.",,,,,,,,,,"reported value falls outside [0, 2]",open,,,,,,,,,,,2026-09-22,navneet,true,false,,false,false,,,unresolved,sentence,Guidance,"For additional media materials, please visit:",,,model output rejected,,,yes,"Excerpt states 'For the full year, the Company continues to expect a 0 to 2 percent increase in its comparable sales' which matches the guidance of 0% to 2% comparable sales for the full year (FY2024)",,,,,,,,"{""aid_flag_note"": """", ""assumption.metric"": ""comparable sales"", ""assumption.stated_at"": ""2024-05-22"", ""assumption.target_high"": ""2.0"", ""assumption.target_low"": ""0.0"", ""assumption.target_period"": ""FY2024"", ""assumption.text"": ""For the full year, the Company continues to expect a 0 to 2 percent increase in its comparable sales, and GAAP and Adjusted EPS of $8.60 to $9.60."", ""assumption.unit"": ""percent"", ""claim"": ""Target Corporation expects comparable sales of 0% to 2% for FY2024."", ""conflict"": ""false"", ""invalidation_condition"": ""reported value falls outside [0, 2]""}"
01HYESHZ004VZ2TRTY08J97DQN,Target Corporation,TGT,0000027419,Target Corporation expects EPS GAAP of $8.6 per share to $9.6 per share for FY2024.,"For the full year, the Company continues to expect a 0 to 2 percent increase in its comparable sales, and GAAP and Adjusted EPS of $8.60 to $9.60.",EPS GAAP,8.6,9.6,USD per share,FY2024,2024-05-22,https://www.sec.gov/Archives/edgar/data/27419/000002741924000126/a2024q1ex-99.htm,0000027419-24-000126,8-K,2024-05-22,2026-09-20T06:43:51Z,b026466bc921a1373d388b88936562236a073e7b873835f1e16612b5d847403b,"For the full year, the Company continues to expect a 0 to 2 percent increase in its comparable sales, and GAAP and Adjusted EPS of $8.60 to $9.60.",8.86,2025-03-04,https://www.sec.gov/Archives/edgar/data/27419/000002741925000008/a2024q4ex-99.htm,0000027419-25-000008,8-K,2025-03-04,2026-09-20T06:43:56Z,c1a47ba3ba7da4f94f48c33718ba764f2bb938af83b933ffb958c21963329775,"GAAP and Adjusted EPS were $8.86 for full-year 2024, compared with $8.94 in the prior year.","reported value falls outside [8.6, 9.6]",open,,,,,,,,,286,,2026-09-22,navneet,true,false,,false,false,,,met,sentence,Guidance,"For additional media materials, please visit:",,,,,,yes,"Excerpt states 'GAAP and Adjusted EPS of $8.60 to $9.60' for 'the full year', which matches the FY2024 guidance of $8.6 to $9.6 per share GAAP EPS.",,,,,,,,"{""aid_flag_note"": """", ""assumption.metric"": ""EPS GAAP"", ""assumption.stated_at"": ""2024-05-22"", ""assumption.target_high"": ""9.6"", ""assumption.target_low"": ""8.6"", ""assumption.target_period"": ""FY2024"", ""assumption.text"": ""For the full year, the Company continues to expect a 0 to 2 percent increase in its comparable sales, and GAAP and Adjusted EPS of $8.60 to $9.60."", ""assumption.unit"": ""USD per share"", ""claim"": ""Target Corporation expects EPS GAAP of $8.6 per share to $9.6 per share for FY2024."", ""conflict"": ""false"", ""invalidation_condition"": ""reported value falls outside [8.6, 9.6]""}"
01HYESHZ009V1Y9AD67YH00XH0,Target Corporation,TGT,0000027419,Target Corporation expects EPS non-GAAP of $8.6 per share to $9.6 per share for FY2024.,"For the full year, the Company continues to expect a 0 to 2 percent increase in its comparable sales, and GAAP and Adjusted EPS of $8.60 to $9.60.",EPS non-GAAP,8.6,9.6,USD per share,FY2024,2024-05-22,https://www.sec.gov/Archives/edgar/data/27419/000002741924000126/a2024q1ex-99.htm,0000027419-24-000126,8-K,2024-05-22,2026-09-20T06:43:51Z,b026466bc921a1373d388b88936562236a073e7b873835f1e16612b5d847403b,"For the full year, the Company continues to expect a 0 to 2 percent increase in its comparable sales, and GAAP and Adjusted EPS of $8.60 to $9.60.",8.86,2025-03-04,https://www.sec.gov/Archives/edgar/data/27419/000002741925000008/a2024q4ex-99.htm,0000027419-25-000008,8-K,2025-03-04,2026-09-20T06:43:56Z,c1a47ba3ba7da4f94f48c33718ba764f2bb938af83b933ffb958c21963329775,"GAAP and Adjusted EPS were $8.86 for full-year 2024, compared with $8.94 in the prior year.","reported value falls outside [8.6, 9.6]",open,,,,,,,,,286,,2026-09-22,navneet,true,false,,false,false,,,met,sentence,Guidance,"For additional media materials, please visit:",,,,,,yes,"Excerpt states 'Adjusted EPS of $8.60 to $9.60' for the full year, which matches the non-GAAP EPS range of $8.6 to $9.6 per share for FY2024 (Target's fiscal year ends in January, so full year guidanc",,,,,,,,"{""aid_flag_note"": """", ""assumption.metric"": ""EPS non-GAAP"", ""assumption.stated_at"": ""2024-05-22"", ""assumption.target_high"": ""9.6"", ""assumption.target_low"": ""8.6"", ""assumption.target_period"": ""FY2024"", ""assumption.text"": ""For the full year, the Company continues to expect a 0 to 2 percent increase in its comparable sales, and GAAP and Adjusted EPS of $8.60 to $9.60."", ""assumption.unit"": ""USD per share"", ""claim"": ""Target Corporation expects EPS non-GAAP of $8.6 per share to $9.6 per share for FY2024."", ""conflict"": ""false"", ""invalidation_condition"": ""reported value falls outside [8.6, 9.6]""}"
01J5S3QC00B72QG2NZK5V0P29N,Target Corporation,TGT,0000027419,Target Corporation expects comparable sales of 0% to 2% for Q3 FY2024.,"For the third quarter, the Company expects a 0 to 2 percent increase in its comparable sales, and GAAP and Adjusted EPS of $2.10 to $2.40.",comparable sales,0.0,2.0,percent,Q3 FY2024,2024-08-21,https://www.sec.gov/Archives/edgar/data/27419/000002741924000142/a2024q2ex-99.htm,0000027419-24-000142,8-K,2024-08-21,2026-09-20T06:43:53Z,e444b4693ac0d6d50cd7540c9163751687d6a972dcb06f53a3970f357db05a3b,"For the third quarter, the Company expects a 0 to 2 percent increase in its comparable sales, and GAAP and Adjusted EPS of $2.10 to $2.40.",0.3,2024-11-20,https://www.sec.gov/Archives/edgar/data/27419/000002741924000177/a2024q3ex-99.htm,0000027419-24-000177,8-K,2024-11-20,2026-09-20T06:43:55Z,3528c3d18c6963def09c32f47833fe184a0859a98fcec08fdacd2b738240d569,"Third quarter comparable sales increased 0.3 percent, driven by strong traffic and digital performance.","reported value falls outside [0, 2]",open,,,,,,,,,91,,2026-09-22,navneet,true,true,,false,false,,,met,sentence,Guidance,"For additional media materials, please visit:",,,,,,yes,"Excerpt states 'For the third quarter, the Company expects a 0 to 2 percent increase in its comparable sales' which matches the guidance of 0% to 2% comparable sales for Q3 FY2024.",,,,,,,,"{""aid_flag_note"": """", ""assumption.metric"": ""comparable sales"", ""assumption.stated_at"": ""2024-08-21"", ""assumption.target_high"": ""2.0"", ""assumption.target_low"": ""0.0"", ""assumption.target_period"": ""Q3 FY2024"", ""assumption.text"": ""For the third quarter, the Company expects a 0 to 2 percent increase in its comparable sales, and GAAP and Adjusted EPS of $2.10 to $2.40."", ""assumption.unit"": ""percent"", ""claim"": ""Target Corporation expects comparable sales of 0% to 2% for Q3 FY2024."", ""conflict"": ""false"", ""invalidation_condition"": ""reported value falls outside [0, 2]""}"
01J5S3QC00B006N4BNCY4KTXWH,Target Corporation,TGT,0000027419,Target Corporation expects EPS GAAP of $2.1 per share to $2.4 per share for Q3 FY2024.,"For the third quarter, the Company expects a 0 to 2 percent increase in its comparable sales, and GAAP and Adjusted EPS of $2.10 to $2.40.",EPS GAAP,2.1,2.4,USD per share,Q3 FY2024,2024-08-21,https://www.sec.gov/Archives/edgar/data/27419/000002741924000142/a2024q2ex-99.htm,0000027419-24-000142,8-K,2024-08-21,2026-09-20T06:43:53Z,e444b4693ac0d6d50cd7540c9163751687d6a972dcb06f53a3970f357db05a3b,"For the third quarter, the Company expects a 0 to 2 percent increase in its comparable sales, and GAAP and Adjusted EPS of $2.10 to $2.40.",1.85,2024-11-20,https://www.sec.gov/Archives/edgar/data/27419/000002741924000177/a2024q3ex-99.htm,0000027419-24-000177,8-K,2024-11-20,2026-09-20T06:43:55Z,3528c3d18c6963def09c32f47833fe184a0859a98fcec08fdacd2b738240d569,"The Company reported third quarter GAAP and Adjusted earnings per share1 (EPS) of $1.85, compared with $2.10 in 2023.","reported value falls outside [2.1, 2.4]",open,,,,,,,,,91,,2026-09-22,navneet,true,false,,false,false,,,missed,sentence,Guidance,"For additional media materials, please visit:",,,,,,yes,"Excerpt states 'GAAP and Adjusted EPS of $2.10 to $2.40' for the third quarter, matching the claimed range of $2.1 to $2.4 per share for Q3 FY2024.",,,,,,,,"{""aid_flag_note"": """", ""assumption.metric"": ""EPS GAAP"", ""assumption.stated_at"": ""2024-08-21"", ""assumption.target_high"": ""2.4"", ""assumption.target_low"": ""2.1"", ""assumption.target_period"": ""Q3 FY2024"", ""assumption.text"": ""For the third quarter, the Company expects a 0 to 2 percent increase in its comparable sales, and GAAP and Adjusted EPS of $2.10 to $2.40."", ""assumption.unit"": ""USD per share"", ""claim"": ""Target Corporation expects EPS GAAP of $2.1 per share to $2.4 per share for Q3 FY2024."", ""conflict"": ""false"", ""invalidation_condition"": ""reported value falls outside [2.1, 2.4]""}"
01J5S3QC008423D9NP2HBP1G3B,Target Corporation,TGT,0000027419,Target Corporation expects EPS non-GAAP of $2.1 per share to $2.4 per share for Q3 FY2024.,"For the third quarter, the Company expects a 0 to 2 percent increase in its comparable sales, and GAAP and Adjusted EPS of $2.10 to $2.40.",EPS non-GAAP,2.1,2.4,USD per share,Q3 FY2024,2024-08-21,https://www.sec.gov/Archives/edgar/data/27419/000002741924000142/a2024q2ex-99.htm,0000027419-24-000142,8-K,2024-08-21,2026-09-20T06:43:53Z,e444b4693ac0d6d50cd7540c9163751687d6a972dcb06f53a3970f357db05a3b,"For the third quarter, the Company expects a 0 to 2 percent increase in its comparable sales, and GAAP and Adjusted EPS of $2.10 to $2.40.",1.85,2024-11-20,https://www.sec.gov/Archives/edgar/data/27419/000002741924000177/a2024q3ex-99.htm,0000027419-24-000177,8-K,2024-11-20,2026-09-20T06:43:55Z,3528c3d18c6963def09c32f47833fe184a0859a98fcec08fdacd2b738240d569,"The Company reported third quarter GAAP and Adjusted earnings per share1 (EPS) of $1.85, compared with $2.10 in 2023.","reported value falls outside [2.1, 2.4]",open,,,,,,,,,91,,2026-09-22,navneet,true,false,,false,false,,,missed,sentence,Guidance,"For additional media materials, please visit:",,,,,,yes,"Excerpt states 'Adjusted EPS of $2.10 to $2.40' for 'the third quarter', which matches the non-GAAP EPS guidance of $2.1 to $2.4 per share for Q3 FY2024.",,,,,,,,"{""aid_flag_note"": """", ""assumption.metric"": ""EPS non-GAAP"", ""assumption.stated_at"": ""2024-08-21"", ""assumption.target_high"": ""2.4"", ""assumption.target_low"": ""2.1"", ""assumption.target_period"": ""Q3 FY2024"", ""assumption.text"": ""For the third quarter, the Company expects a 0 to 2 percent increase in its comparable sales, and GAAP and Adjusted EPS of $2.10 to $2.40."", ""assumption.unit"": ""USD per share"", ""claim"": ""Target Corporation expects EPS non-GAAP of $2.1 per share to $2.4 per share for Q3 FY2024."", ""conflict"": ""false"", ""invalidation_condition"": ""reported value falls outside [2.1, 2.4]""}"
01J5S3QC00KTMFWY56F53V585W,Target Corporation,TGT,0000027419,Target Corporation expects comparable sales of 0% to 2% for FY2024.,"While the Company believes its full-year guidance range of a 0 to 2 percent increase in its comparable sales remains appropriate, it now believes the increase will more likely be in the lower half of that range.",comparable sales,0.0,2.0,percent,FY2024,2024-08-21,https://www.sec.gov/Archives/edgar/data/27419/000002741924000142/a2024q2ex-99.htm,0000027419-24-000142,8-K,2024-08-21,2026-09-20T06:43:53Z,e444b4693ac0d6d50cd7540c9163751687d6a972dcb06f53a3970f357db05a3b,"While the Company believes its full-year guidance range of a 0 to 2 percent increase in its comparable sales remains appropriate, it now believes the increase will more likely be in the lower half of that range.",,,,,,,,,,"reported value falls outside [0, 2]",open,,,,,,,,,,,2026-09-22,navneet,true,false,,false,false,,,unresolved,sentence,Guidance,"For additional media materials, please visit:",,,model output rejected,,,yes,"Excerpt states 'full-year guidance range of a 0 to 2 percent increase in its comparable sales' which matches the metric (comparable sales), numbers (0% to 2%), and period (full-year, which for Target ",,,,,,,,"{""aid_flag_note"": """", ""assumption.metric"": ""comparable sales"", ""assumption.stated_at"": ""2024-08-21"", ""assumption.target_high"": ""2.0"", ""assumption.target_low"": ""0.0"", ""assumption.target_period"": ""FY2024"", ""assumption.text"": ""While the Company believes its full-year guidance range of a 0 to 2 percent increase in its comparable sales remains appropriate, it now believes the increase will more likely be in the lower half of that range."", ""assumption.unit"": ""percent"", ""claim"": ""Target Corporation expects comparable sales of 0% to 2% for FY2024."", ""conflict"": ""false"", ""invalidation_condition"": ""reported value falls outside [0, 2]""}"
01J5S3QC00MZTXHQ9G66851T2J,Target Corporation,TGT,0000027419,Target Corporation expects EPS GAAP of $9 per share to $9.7 per share for FY2025.,"However, based on strong profit performance in the front half of the year, the Company now expects full-year GAAP and Adjusted EPS of $9.00 to $9.70, up from the prior range of $8.60 to $9.60.",EPS GAAP,9.0,9.7,USD per share,FY2025,2024-08-21,https://www.sec.gov/Archives/edgar/data/27419/000002741924000142/a2024q2ex-99.htm,0000027419-24-000142,8-K,2024-08-21,2026-09-20T06:43:53Z,e444b4693ac0d6d50cd7540c9163751687d6a972dcb06f53a3970f357db05a3b,"However, based on strong profit performance in the front half of the year, the Company now expects full-year GAAP and Adjusted EPS of $9.00 to $9.70, up from the prior range of $8.60 to $9.60.",,,,,,,,,,"reported value falls outside [9, 9.7]",open,,,,,,,,,,,2026-09-22,navneet,true,false,,false,false,,,unresolved,sentence,Guidance,"For additional media materials, please visit:",,,no later 8-K release for that period found,,,yes,Excerpt states 'full-year GAAP and Adjusted EPS of $9.00 to $9.70' which matches the claimed range of $9 to $9.7 per share for full-year (FY2025),,,,,,,,"{""aid_flag_note"": """", ""assumption.metric"": ""EPS GAAP"", ""assumption.stated_at"": ""2024-08-21"", ""assumption.target_high"": ""9.7"", ""assumption.target_low"": ""9.0"", ""assumption.target_period"": ""FY2025"", ""assumption.text"": ""However, based on strong profit performance in the front half of the year, the Company now expects full-year GAAP and Adjusted EPS of $9.00 to $9.70, up from the prior range of $8.60 to $9.60."", ""assumption.unit"": ""USD per share"", ""claim"": ""Target Corporation expects EPS GAAP of $9 per share to $9.7 per share for FY2025."", ""conflict"": ""false"", ""invalidation_condition"": ""reported value falls outside [9, 9.7]""}"
01J5S3QC00WPS58RPR9RXC45TG,Target Corporation,TGT,0000027419,Target Corporation expects EPS non-GAAP of $9 per share to $9.7 per share for FY2025.,"However, based on strong profit performance in the front half of the year, the Company now expects full-year GAAP and Adjusted EPS of $9.00 to $9.70, up from the prior range of $8.60 to $9.60.",EPS non-GAAP,9.0,9.7,USD per share,FY2025,2024-08-21,https://www.sec.gov/Archives/edgar/data/27419/000002741924000142/a2024q2ex-99.htm,0000027419-24-000142,8-K,2024-08-21,2026-09-20T06:43:53Z,e444b4693ac0d6d50cd7540c9163751687d6a972dcb06f53a3970f357db05a3b,"However, based on strong profit performance in the front half of the year, the Company now expects full-year GAAP and Adjusted EPS of $9.00 to $9.70, up from the prior range of $8.60 to $9.60.",,,,,,,,,,"reported value falls outside [9, 9.7]",open,,,,,,,,,,,2026-09-22,navneet,true,false,,false,false,,,unresolved,sentence,Guidance,"For additional media materials, please visit:",,,no later 8-K release for that period found,,,yes,"Excerpt states 'Adjusted EPS of $9.00 to $9.70' for full-year, which matches the non-GAAP EPS range of $9 to $9.7 per share for FY2025 (Target's fiscal year ends in January, so full-year refers to the",,,,,,,,"{""aid_flag_note"": """", ""assumption.metric"": ""EPS non-GAAP"", ""assumption.stated_at"": ""2024-08-21"", ""assumption.target_high"": ""9.7"", ""assumption.target_low"": ""9.0"", ""assumption.target_period"": ""FY2025"", ""assumption.text"": ""However, based on strong profit performance in the front half of the year, the Company now expects full-year GAAP and Adjusted EPS of $9.00 to $9.70, up from the prior range of $8.60 to $9.60."", ""assumption.unit"": ""USD per share"", ""claim"": ""Target Corporation expects EPS non-GAAP of $9 per share to $9.7 per share for FY2025."", ""conflict"": ""false"", ""invalidation_condition"": ""reported value falls outside [9, 9.7]""}"
01JD3DWS007E3P9HNDS20W1QHH,Target Corporation,TGT,0000027419,Target Corporation expects EPS GAAP of $1.85 per share to $2.45 per share for Q4 FY2024.,"For the fourth quarter, the Company expects approximately flat comparable sales and GAAP and Adjusted EPS of $1.85 to $2.45, translating to a full year expected GAAP and Adjusted EPS range of $8.30 to $8.90.",EPS GAAP,1.85,2.45,USD per share,Q4 FY2024,2024-11-20,https://www.sec.gov/Archives/edgar/data/27419/000002741924000177/a2024q3ex-99.htm,0000027419-24-000177,8-K,2024-11-20,2026-09-20T06:43:55Z,3528c3d18c6963def09c32f47833fe184a0859a98fcec08fdacd2b738240d569,"For the fourth quarter, the Company expects approximately flat comparable sales and GAAP and Adjusted EPS of $1.85 to $2.45, translating to a full year expected GAAP and Adjusted EPS range of $8.30 to $8.90.",2.41,2025-03-04,https://www.sec.gov/Archives/edgar/data/27419/000002741925000008/a2024q4ex-99.htm,0000027419-25-000008,8-K,2025-03-04,2026-09-20T06:43:56Z,c1a47ba3ba7da4f94f48c33718ba764f2bb938af83b933ffb958c21963329775,"GAAP and Adjusted EPS of $2.41 was near the high end of the Company's guidance range, driven by stronger-than-expected topline performance, particularly in Toys, Electronics, and Apparel.","reported value falls outside [1.85, 2.45]",open,,,,,,,,,104,,2026-09-22,navneet,true,false,,false,false,,,met,sentence,Guidance,"For additional media materials, please visit:",,,,,,yes,"Excerpt states 'GAAP and Adjusted EPS of $1.85 to $2.45' for 'the fourth quarter', which matches the Q4 FY2024 guidance claim exactly.",,,,,,,,"{""aid_flag_note"": """", ""assumption.metric"": ""EPS GAAP"", ""assumption.stated_at"": ""2024-11-20"", ""assumption.target_high"": ""2.45"", ""assumption.target_low"": ""1.85"", ""assumption.target_period"": ""Q4 FY2024"", ""assumption.text"": ""For the fourth quarter, the Company expects approximately flat comparable sales and GAAP and Adjusted EPS of $1.85 to $2.45, translating to a full year expected GAAP and Adjusted EPS range of $8.30 to $8.90."", ""assumption.unit"": ""USD per share"", ""claim"": ""Target Corporation expects EPS GAAP of $1.85 per share to $2.45 per share for Q4 FY2024."", ""conflict"": ""false"", ""invalidation_condition"": ""reported value falls outside [1.85, 2.45]""}"
01JD3DWS004Q10TXQ6GQWZVS1R,Target Corporation,TGT,0000027419,Target Corporation expects EPS GAAP of $8.3 per share to $8.9 per share for FY2024.,"For the fourth quarter, the Company expects approximately flat comparable sales and GAAP and Adjusted EPS of $1.85 to $2.45, translating to a full year expected GAAP and Adjusted EPS range of $8.30 to $8.90.",EPS GAAP,8.3,8.9,USD per share,FY2024,2024-11-20,https://www.sec.gov/Archives/edgar/data/27419/000002741924000177/a2024q3ex-99.htm,0000027419-24-000177,8-K,2024-11-20,2026-09-20T06:43:55Z,3528c3d18c6963def09c32f47833fe184a0859a98fcec08fdacd2b738240d569,"For the fourth quarter, the Company expects approximately flat comparable sales and GAAP and Adjusted EPS of $1.85 to $2.45, translating to a full year expected GAAP and Adjusted EPS range of $8.30 to $8.90.",8.86,2025-03-04,https://www.sec.gov/Archives/edgar/data/27419/000002741925000008/a2024q4ex-99.htm,0000027419-25-000008,8-K,2025-03-04,2026-09-20T06:43:56Z,c1a47ba3ba7da4f94f48c33718ba764f2bb938af83b933ffb958c21963329775,"GAAP and Adjusted EPS were $8.86 for full-year 2024, compared with $8.94 in the prior year.","reported value falls outside [8.3, 8.9]",open,,,,,,,,,104,,2026-09-22,navneet,true,false,,false,false,,,met,sentence,Guidance,"For additional media materials, please visit:",,,,,,yes,"Excerpt states 'full year expected GAAP and Adjusted EPS range of $8.30 to $8.90', which matches the claimed FY2024 GAAP EPS guidance of $8.3 to $8.9 per share.",,,,,,,,"{""aid_flag_note"": """", ""assumption.metric"": ""EPS GAAP"", ""assumption.stated_at"": ""2024-11-20"", ""assumption.target_high"": ""8.9"", ""assumption.target_low"": ""8.3"", ""assumption.target_period"": ""FY2024"", ""assumption.text"": ""For the fourth quarter, the Company expects approximately flat comparable sales and GAAP and Adjusted EPS of $1.85 to $2.45, translating to a full year expected GAAP and Adjusted EPS range of $8.30 to $8.90."", ""assumption.unit"": ""USD per share"", ""claim"": ""Target Corporation expects EPS GAAP of $8.3 per share to $8.9 per share for FY2024."", ""conflict"": ""false"", ""invalidation_condition"": ""reported value falls outside [8.3, 8.9]""}"
01JVR27K00NZD7MR19EFCENE99,Target Corporation,TGT,0000027419,Target Corporation expects EPS GAAP of $8 per share to $10 per share for FY2025.,"For fiscal 2025, the Company now expects a low-single digit decline in sales, and GAAP EPS of $8.00 to $10.00.",EPS GAAP,8.0,10.0,USD per share,FY2025,2025-05-21,https://www.sec.gov/Archives/edgar/data/27419/000002741925000096/a2025q1ex-99.htm,0000027419-25-000096,8-K,2025-05-21,2026-09-20T06:43:58Z,ee43aa73aa3fa0e2ac213fc87d9e3b8d5e5429b75f9dc21201b61b18abb10d39,"For fiscal 2025, the Company now expects a low-single digit decline in sales, and GAAP EPS of $8.00 to $10.00.",8.13,2026-03-03,https://www.sec.gov/Archives/edgar/data/27419/000002741926000012/a2025q4ex-99.htm,0000027419-26-000012,8-K,2026-03-03,2026-09-20T07:25:35Z,a8f82324870165eef291ea254af9cd547b6eb85f2a9760ad08e78de722ef3c1b,Full-year GAAP EPS was $8.13 compared with $8.86 last year.,"reported value falls outside [8, 10]",open,,,,,,,,,286,,2026-09-22,navneet,true,false,,false,false,,,met,sentence,Guidance,"For additional media materials, please visit:",,,,,,yes,"Excerpt states 'GAAP EPS of $8.00 to $10.00' for 'fiscal 2025', matching the metric, range, and period exactly.",,,,,,,,"{""aid_flag_note"": """", ""assumption.metric"": ""EPS GAAP"", ""assumption.stated_at"": ""2025-05-21"", ""assumption.target_high"": ""10.0"", ""assumption.target_low"": ""8.0"", ""assumption.target_period"": ""FY2025"", ""assumption.text"": ""For fiscal 2025, the Company now expects a low-single digit decline in sales, and GAAP EPS of $8.00 to $10.00."", ""assumption.unit"": ""USD per share"", ""claim"": ""Target Corporation expects EPS GAAP of $8 per share to $10 per share for FY2025."", ""conflict"": ""false"", ""invalidation_condition"": ""reported value falls outside [8, 10]""}"
01JVR27K00J464G2AVX807JVA6,Target Corporation,TGT,0000027419,Target Corporation expects EPS non-GAAP of $7 per share to $9 per share for FY2025.,"Adjusted EPS, which excludes the gains from the litigation settlements in the first quarter, is expected to be approximately $7.00 to $9.00.",EPS non-GAAP,7.0,9.0,USD per share,FY2025,2025-05-21,https://www.sec.gov/Archives/edgar/data/27419/000002741925000096/a2025q1ex-99.htm,0000027419-25-000096,8-K,2025-05-21,2026-09-20T06:43:58Z,ee43aa73aa3fa0e2ac213fc87d9e3b8d5e5429b75f9dc21201b61b18abb10d39,"Adjusted EPS, which excludes the gains from the litigation settlements in the first quarter, is expected to be approximately $7.00 to $9.00.",7.57,2026-03-03,https://www.sec.gov/Archives/edgar/data/27419/000002741926000012/a2025q4ex-99.htm,0000027419-26-000012,8-K,2026-03-03,2026-09-20T07:25:35Z,a8f82324870165eef291ea254af9cd547b6eb85f2a9760ad08e78de722ef3c1b,"Adjusted EPS, which excludes non-recurring legal settlement gains and business transformation costs, was $7.57 and in line with company expectations.","reported value falls outside [7, 9]",open,,,,,,,,,286,,2026-09-22,navneet,true,false,,false,false,,,met,sentence,Guidance,"For additional media materials, please visit:",,,,,,yes,"Excerpt states 'Adjusted EPS...is expected to be approximately $7.00 to $9.00', which matches the non-GAAP EPS guidance of $7 to $9 per share for FY2025 (Target's fiscal year ending January 2025 is la",,,,,,,,"{""aid_flag_note"": """", ""assumption.metric"": ""EPS non-GAAP"", ""assumption.stated_at"": ""2025-05-21"", ""assumption.target_high"": ""9.0"", ""assumption.target_low"": ""7.0"", ""assumption.target_period"": ""FY2025"", ""assumption.text"": ""Adjusted EPS, which excludes the gains from the litigation settlements in the first quarter, is expected to be approximately $7.00 to $9.00."", ""assumption.unit"": ""USD per share"", ""claim"": ""Target Corporation expects EPS non-GAAP of $7 per share to $9 per share for FY2025."", ""conflict"": ""false"", ""invalidation_condition"": ""reported value falls outside [7, 9]""}"
01K32CD000C64P8EW4A6W9YJAA,Target Corporation,TGT,0000027419,Target Corporation expects EPS GAAP of $8 per share to $10 per share for FY2025.,"For fiscal 2025, the Company is maintaining its expectation of a low-single digit decline in sales, and GAAP EPS of $8.00 to $10.00.",EPS GAAP,8.0,10.0,USD per share,FY2025,2025-08-20,https://www.sec.gov/Archives/edgar/data/27419/000002741925000115/a2025q2ex-99.htm,0000027419-25-000115,8-K,2025-08-20,2026-09-20T06:44:00Z,2df10e7fbd15ca008b021903621e6b5d156ec2245f33386fa94811de4bc34dbf,"For fiscal 2025, the Company is maintaining its expectation of a low-single digit decline in sales, and GAAP EPS of $8.00 to $10.00.",8.13,2026-03-03,https://www.sec.gov/Archives/edgar/data/27419/000002741926000012/a2025q4ex-99.htm,0000027419-26-000012,8-K,2026-03-03,2026-09-20T07:25:35Z,a8f82324870165eef291ea254af9cd547b6eb85f2a9760ad08e78de722ef3c1b,Full-year GAAP EPS was $8.13 compared with $8.86 last year.,"reported value falls outside [8, 10]",open,,,,,,,,,195,,2026-09-22,navneet,true,true,,false,false,,,met,sentence,Guidance,"For additional media materials, please visit:",,,,,,yes,"Excerpt states 'GAAP EPS of $8.00 to $10.00' for 'fiscal 2025', matching the metric, range, and period exactly.",,,,,,,,"{""aid_flag_note"": """", ""assumption.metric"": ""EPS GAAP"", ""assumption.stated_at"": ""2025-08-20"", ""assumption.target_high"": ""10.0"", ""assumption.target_low"": ""8.0"", ""assumption.target_period"": ""FY2025"", ""assumption.text"": ""For fiscal 2025, the Company is maintaining its expectation of a low-single digit decline in sales, and GAAP EPS of $8.00 to $10.00."", ""assumption.unit"": ""USD per share"", ""claim"": ""Target Corporation expects EPS GAAP of $8 per share to $10 per share for FY2025."", ""conflict"": ""false"", ""invalidation_condition"": ""reported value falls outside [8, 10]""}"
01K32CD000NK2DAV1N2GTMXKAC,Target Corporation,TGT,0000027419,Target Corporation expects EPS non-GAAP of $7 per share to $9 per share for FY2025.,"Adjusted EPS, which excludes the gains from litigation settlements in the first quarter, is expected to be approximately $7.00 to $9.00.",EPS non-GAAP,7.0,9.0,USD per share,FY2025,2025-08-20,https://www.sec.gov/Archives/edgar/data/27419/000002741925000115/a2025q2ex-99.htm,0000027419-25-000115,8-K,2025-08-20,2026-09-20T06:44:00Z,2df10e7fbd15ca008b021903621e6b5d156ec2245f33386fa94811de4bc34dbf,"Adjusted EPS, which excludes the gains from litigation settlements in the first quarter, is expected to be approximately $7.00 to $9.00.",7.57,2026-03-03,https://www.sec.gov/Archives/edgar/data/27419/000002741926000012/a2025q4ex-99.htm,0000027419-26-000012,8-K,2026-03-03,2026-09-20T07:25:35Z,a8f82324870165eef291ea254af9cd547b6eb85f2a9760ad08e78de722ef3c1b,"Adjusted EPS, which excludes non-recurring legal settlement gains and business transformation costs, was $7.57 and in line with company expectations.","reported value falls outside [7, 9]",open,,,,,,,,,195,,2026-09-22,navneet,true,false,,false,false,,,met,sentence,Guidance,"For additional media materials, please visit:",,,,,,yes,Excerpt states 'Adjusted EPS...is expected to be approximately $7.00 to $9.00' which matches the non-GAAP EPS guidance of $7 to $9 per share for FY2025.,,,,,,,,"{""aid_flag_note"": """", ""assumption.metric"": ""EPS non-GAAP"", ""assumption.stated_at"": ""2025-08-20"", ""assumption.target_high"": ""9.0"", ""assumption.target_low"": ""7.0"", ""assumption.target_period"": ""FY2025"", ""assumption.text"": ""Adjusted EPS, which excludes the gains from litigation settlements in the first quarter, is expected to be approximately $7.00 to $9.00."", ""assumption.unit"": ""USD per share"", ""claim"": ""Target Corporation expects EPS non-GAAP of $7 per share to $9 per share for FY2025."", ""conflict"": ""false"", ""invalidation_condition"": ""reported value falls outside [7, 9]""}"
01KACPJD00QT987X25G12AQNX6,Target Corporation,TGT,0000027419,Target Corporation expects EPS GAAP of $7.7 per share to $8.7 per share for FY2025.,Full-year GAAP EPS is now expected to be approximately $7.70 to $8.70.,EPS GAAP,7.7,8.7,USD per share,FY2025,2025-11-19,https://www.sec.gov/Archives/edgar/data/27419/000002741925000123/a2025q3ex-99.htm,0000027419-25-000123,8-K,2025-11-19,2026-09-20T06:44:02Z,8420fba1ee5576ddeafc13b6acffed41bb59430882efae6b3dec43508dd9430a,Full-year GAAP EPS is now expected to be approximately $7.70 to $8.70.,8.13,2026-03-03,https://www.sec.gov/Archives/edgar/data/27419/000002741926000012/a2025q4ex-99.htm,0000027419-26-000012,8-K,2026-03-03,2026-09-20T07:25:35Z,a8f82324870165eef291ea254af9cd547b6eb85f2a9760ad08e78de722ef3c1b,Full-year GAAP EPS was $8.13 compared with $8.86 last year.,"reported value falls outside [7.7, 8.7]",open,,,,,,,,,104,,2026-09-22,navneet,true,false,,false,false,,,met,sentence,Guidance,"For additional media materials, please visit:",,,,,,yes,"Excerpt states 'Full-year GAAP EPS is now expected to be approximately $7.70 to $8.70', which matches the guidance range of $7.7 to $8.7 per share for the full fiscal year.",,,,,,,,"{""aid_flag_note"": """", ""assumption.metric"": ""EPS GAAP"", ""assumption.stated_at"": ""2025-11-19"", ""assumption.target_high"": ""8.7"", ""assumption.target_low"": ""7.7"", ""assumption.target_period"": ""FY2025"", ""assumption.text"": ""Full-year GAAP EPS is now expected to be approximately $7.70 to $8.70."", ""assumption.unit"": ""USD per share"", ""claim"": ""Target Corporation expects EPS GAAP of $7.7 per share to $8.7 per share for FY2025."", ""conflict"": ""false"", ""invalidation_condition"": ""reported value falls outside [7.7, 8.7]""}"
01KACPJD00RVM1GRGVX4AWZ8EY,Target Corporation,TGT,0000027419,Target Corporation expects EPS non-GAAP of $7 per share to $8 per share for FY2025.,"Full-year Adjusted EPS, which excludes the gains from the litigation settlements in the first quarter and severance and asset-related charges in the third quarter, is now expected to be approximately $7.00 to $8.00.",EPS non-GAAP,7.0,8.0,USD per share,FY2025,2025-11-19,https://www.sec.gov/Archives/edgar/data/27419/000002741925000123/a2025q3ex-99.htm,0000027419-25-000123,8-K,2025-11-19,2026-09-20T06:44:02Z,8420fba1ee5576ddeafc13b6acffed41bb59430882efae6b3dec43508dd9430a,"Full-year Adjusted EPS, which excludes the gains from the litigation settlements in the first quarter and severance and asset-related charges in the third quarter, is now expected to be approximately $7.00 to $8.00.",7.57,2026-03-03,https://www.sec.gov/Archives/edgar/data/27419/000002741926000012/a2025q4ex-99.htm,0000027419-26-000012,8-K,2026-03-03,2026-09-20T07:25:35Z,a8f82324870165eef291ea254af9cd547b6eb85f2a9760ad08e78de722ef3c1b,"Adjusted EPS, which excludes non-recurring legal settlement gains and business transformation costs, was $7.57 and in line with company expectations.","reported value falls outside [7, 8]",open,,,,,,,,,104,,2026-09-22,navneet,true,false,,false,false,,,met,sentence,Guidance,"For additional media materials, please visit:",,,,,,yes,"Excerpt states 'Full-year Adjusted EPS...is now expected to be approximately $7.00 to $8.00', which matches the non-GAAP EPS guidance of $7 to $8 per share for the full year (FY2025 for Target, which ",,,,,,,,"{""aid_flag_note"": """", ""assumption.metric"": ""EPS non-GAAP"", ""assumption.stated_at"": ""2025-11-19"", ""assumption.target_high"": ""8.0"", ""assumption.target_low"": ""7.0"", ""assumption.target_period"": ""FY2025"", ""assumption.text"": ""Full-year Adjusted EPS, which excludes the gains from the litigation settlements in the first quarter and severance and asset-related charges in the third quarter, is now expected to be approximately $7.00 to $8.00."", ""assumption.unit"": ""USD per share"", ""claim"": ""Target Corporation expects EPS non-GAAP of $7 per share to $8 per share for FY2025."", ""conflict"": ""false"", ""invalidation_condition"": ""reported value falls outside [7, 8]""}"
01M0BN2M009NT7GS7MFE9A8ZNW,Target Corporation,TGT,0000027419,Target Corporation expects operating margin GAAP of 6% for FY2026.,"Full-year 2026 operating income margin rate in a range around 6 percent, including approximately 90 basis points of benefit from Q2 tariff refunds.",operating margin GAAP,6.0,6.0,percent,FY2026,2026-08-19,https://www.sec.gov/Archives/edgar/data/27419/000002741926000034/a2026q2ex-99.htm,0000027419-26-000034,8-K,2026-08-19,2026-09-20T07:25:39Z,466aaf198cf74bca41c046271871616aa16cbe5be539ff95dd12ca8a55dda7b8,"Full-year 2026 operating income margin rate in a range around 6 percent, including approximately 90 basis points of benefit from Q2 tariff refunds.",,,,,,,,,,reported value differs from 6 by more than 0.5%,open,,,,,,,,,,,2026-09-22,navneet,true,false,,false,false,,,unresolved,sentence,,"Given our performance through the first half of the year, the Company has the following updated expectations for 2026:",,,no later 8-K release for that period found,,,yes,"The excerpt states 'Full-year 2026 operating income margin rate in a range around 6 percent', which directly matches the guidance for operating margin GAAP of 6% for FY2026.",,,,,,,,"{""aid_flag_note"": """", ""assumption.metric"": ""operating margin GAAP"", ""assumption.stated_at"": ""2026-08-19"", ""assumption.target_high"": ""6.0"", ""assumption.target_low"": ""6.0"", ""assumption.target_period"": ""FY2026"", ""assumption.text"": ""Full-year 2026 operating income margin rate in a range around 6 percent, including approximately 90 basis points of benefit from Q2 tariff refunds."", ""assumption.unit"": ""percent"", ""claim"": ""Target Corporation expects operating margin GAAP of 6% for FY2026."", ""conflict"": ""false"", ""invalidation_condition"": ""reported value differs from 6 by more than 0.5%""}"
01M0BN2M00VFENB0KPAFNDHB40,Target Corporation,TGT,0000027419,Target Corporation expects EPS GAAP of $9.9 per share to $10.9 per share for FY2026.,"An updated GAAP and Adjusted EPS guidance range of $9.90 to $10.90, which includes second quarter tariff refund benefits of approximately $1.65.",EPS GAAP,9.9,10.9,USD per share,FY2026,2026-08-19,https://www.sec.gov/Archives/edgar/data/27419/000002741926000034/a2026q2ex-99.htm,0000027419-26-000034,8-K,2026-08-19,2026-09-20T07:25:39Z,466aaf198cf74bca41c046271871616aa16cbe5be539ff95dd12ca8a55dda7b8,"An updated GAAP and Adjusted EPS guidance range of $9.90 to $10.90, which includes second quarter tariff refund benefits of approximately $1.65.",,,,,,,,,,"reported value falls outside [9.9, 10.9]",open,,,,,,,,,,,2026-09-22,navneet,true,false,,false,false,,,unresolved,sentence,,"Given our performance through the first half of the year, the Company has the following updated expectations for 2026:",,,no later 8-K release for that period found,,,yes,"Excerpt states 'GAAP and Adjusted EPS guidance range of $9.90 to $10.90' for 2026, matching the claim of $9.9 to $10.9 per share GAAP EPS for FY2026.",,,,,,,,"{""aid_flag_note"": """", ""assumption.metric"": ""EPS GAAP"", ""assumption.stated_at"": ""2026-08-19"", ""assumption.target_high"": ""10.9"", ""assumption.target_low"": ""9.9"", ""assumption.target_period"": ""FY2026"", ""assumption.text"": ""An updated GAAP and Adjusted EPS guidance range of $9.90 to $10.90, which includes second quarter tariff refund benefits of approximately $1.65."", ""assumption.unit"": ""USD per share"", ""claim"": ""Target Corporation expects EPS GAAP of $9.9 per share to $10.9 per share for FY2026."", ""conflict"": ""false"", ""invalidation_condition"": ""reported value falls outside [9.9, 10.9]""}"
01M0BN2M0029R314FRF31QE13Z,Target Corporation,TGT,0000027419,Target Corporation expects EPS non-GAAP of $9.9 per share to $10.9 per share for FY2026.,"An updated GAAP and Adjusted EPS guidance range of $9.90 to $10.90, which includes second quarter tariff refund benefits of approximately $1.65.",EPS non-GAAP,9.9,10.9,USD per share,FY2026,2026-08-19,https://www.sec.gov/Archives/edgar/data/27419/000002741926000034/a2026q2ex-99.htm,0000027419-26-000034,8-K,2026-08-19,2026-09-20T07:25:39Z,466aaf198cf74bca41c046271871616aa16cbe5be539ff95dd12ca8a55dda7b8,"An updated GAAP and Adjusted EPS guidance range of $9.90 to $10.90, which includes second quarter tariff refund benefits of approximately $1.65.",,,,,,,,,,"reported value falls outside [9.9, 10.9]",open,,,,,,,,,,,2026-09-22,navneet,true,false,,false,false,,,unresolved,sentence,,"Given our performance through the first half of the year, the Company has the following updated expectations for 2026:",,,no later 8-K release for that period found,,,yes,"The excerpt states 'Adjusted EPS guidance range of $9.90 to $10.90' for 2026, which matches the non-GAAP EPS range of $9.9 to $10.9 per share claimed.",,,,,,,,"{""aid_flag_note"": """", ""assumption.metric"": ""EPS non-GAAP"", ""assumption.stated_at"": ""2026-08-19"", ""assumption.target_high"": ""10.9"", ""assumption.target_low"": ""9.9"", ""assumption.target_period"": ""FY2026"", ""assumption.text"": ""An updated GAAP and Adjusted EPS guidance range of $9.90 to $10.90, which includes second quarter tariff refund benefits of approximately $1.65."", ""assumption.unit"": ""USD per share"", ""claim"": ""Target Corporation expects EPS non-GAAP of $9.9 per share to $10.9 per share for FY2026."", ""conflict"": ""false"", ""invalidation_condition"": ""reported value falls outside [9.9, 10.9]""}"
