record_id,company,ticker,cik,claim,assumption.text,assumption.metric,assumption.target_low,assumption.target_high,assumption.unit,assumption.target_period,assumption.stated_at,assumption.evidence.source_url,assumption.evidence.accession_number,assumption.evidence.filing_type,assumption.evidence.filed_at,assumption.evidence.fetched_at,assumption.evidence.content_sha256,assumption.evidence.excerpt,outcome.reported_value,outcome.reported_at,outcome.evidence.source_url,outcome.evidence.accession_number,outcome.evidence.filing_type,outcome.evidence.filed_at,outcome.evidence.fetched_at,outcome.evidence.content_sha256,outcome.evidence.excerpt,invalidation_condition,status,acknowledged_at,acknowledgement_evidence.source_url,acknowledgement_evidence.accession_number,acknowledgement_evidence.filing_type,acknowledgement_evidence.filed_at,acknowledgement_evidence.fetched_at,acknowledgement_evidence.content_sha256,acknowledgement_evidence.excerpt,days_to_falsifiable,days_to_acknowledged,last_reviewed_at,reviewer,approved,hand_verified,reviewer_note,conflict,empty_block,ack_pending_review,aid_proposed_status,aid_capture_method,aid_heading,aid_lead_in,aid_table_header,aid_outcome_note,aid_flag_note,aid_withdrawal_note,aid_verify,aid_verify_reason,aid_verify_class,aid_suggested_note,aid_ack_proposed_at,aid_ack_proposed_excerpt,aid_ack_proposed_url,aid_ack_proposed_evidence
01DT31QM000372EHXKYP3A77C1,"Lowe's Companies, Inc.",LOW,0000060667,"Lowe's Companies, Inc. expects operating income of $-225 million to $-175 million for Q4 FY2019.","As a result of these actions, in the fourth quarter of 2019, the Company expects additional pre-tax operating costs and charges of $175 to $225 million consisting of inventory liquidation, accelerated depreciation and amortization, severance, and other costs, as well as associated potential impacts to the Company’s income tax expense (2019 Canada restructuring).",operating income,-225.0,-175.0,USD millions,Q4 FY2019,2019-11-20,https://www.sec.gov/Archives/edgar/data/60667/000006066719000179/exhibit991_11012019.htm,0000060667-19-000179,8-K,2019-11-20,2026-10-01T13:55:31Z,bb05b9f592d5f7028fe44eed37c8d8cbae7d10d589523159fa733f0bf5eb8b72,"As a result of these actions, in the fourth quarter of 2019, the Company expects additional pre-tax operating costs and charges of $175 to $225 million consisting of inventory liquidation, accelerated depreciation and amortization, severance, and other costs, as well as associated potential impacts to the Company’s income tax expense (2019 Canada restructuring).",,,,,,,,,,"reported value falls outside [-225, -175]",open,,,,,,,,,,,2026-10-02,navneet,false,false,,false,false,false,unresolved,sentence,,"For fiscal 2019, the Company has recognized, or expects to recognize, financial impacts from the following discrete items, not contemplated in the Company’s original Business Outlook for 2019:",,no later 8-K release for that period found,,,no,"The excerpt states 'additional pre-tax operating costs and charges of $175 to $225 million', which are costs/charges (negative impact on operating income), but the claim specifies a range of -$225 mil",other,CHECK: other,,,,
01GGXCK500BQFNYCBFTXANGZ3J,"Lowe's Companies, Inc.",LOW,0000060667,"Lowe's Companies, Inc. expects operating margin GAAP of 60 basis points for FY2022.","The Canadian retail business represents approximately 7% of consolidated full year 2022 sales outlook, and approximately 60 basis points of dilution on the consolidated full year 2022 operating margin outlook.",operating margin GAAP,60.0,60.0,basis points,FY2022,2022-11-03,https://www.sec.gov/Archives/edgar/data/60667/000006066722000162/exhibit991_11032022.htm,0000060667-22-000162,8-K,2022-11-03,2026-10-01T13:56:00Z,aa4dfff7cf121749430a9074dcc904417cb57ce029fd2cc4917e4a2479bde924,"The Canadian retail business represents approximately 7% of consolidated full year 2022 sales outlook, and approximately 60 basis points of dilution on the consolidated full year 2022 operating margin outlook.",,,,,,,,,,reported value differs from 60 by more than 0.5%,open,,,,,,,,,,,2026-10-02,navneet,false,false,,false,false,false,unresolved,sentence,Lowe’s Business Outlook,,,the model found no line reporting that metric for that period,,,no,"The excerpt states '60 basis points of dilution on the consolidated full year 2022 operating margin outlook,' which describes a negative impact (dilution) on operating margin, not a positive operating",wrong_sign,CHECK: wrong_sign,,,,
01GHYVRG003ECKND0XQQVH2ZKW,"Lowe's Companies, Inc.",LOW,0000060667,"Lowe's Companies, Inc. expects operating margin GAAP of -60 basis points for FY2022.","The Canadian retail business represents less than 6% of consolidated full year 2022 sales outlook, and approximately 60 basis points of dilution on the consolidated full year 2022 operating margin outlook.",operating margin GAAP,-60.0,-60.0,basis points,FY2022,2022-11-16,https://www.sec.gov/Archives/edgar/data/60667/000006066722000166/exhibit991-10282022.htm,0000060667-22-000166,8-K,2022-11-16,2026-10-01T13:56:01Z,56b50330c157e40cfab5a98aa19bbb422ac4830447593a018626787d47fac7bc,"The Canadian retail business represents less than 6% of consolidated full year 2022 sales outlook, and approximately 60 basis points of dilution on the consolidated full year 2022 operating margin outlook.",,,,,,,,,,reported value differs from -60 by more than 0.5%,open,,,,,,,,,,,2026-10-02,navneet,false,false,,false,false,false,unresolved,sentence,Lowe’s Business Outlook,,,the model found no line reporting that metric for that period,,,no,"The excerpt states '60 basis points of dilution on the consolidated full year 2022 operating margin outlook,' which describes a negative impact of 60 basis points. However, this refers specifically to",wrong_metric,CHECK: metric,,,,
01HFQJTE0056P24MTTMZYDBXWG,"Lowe's Companies, Inc.",LOW,0000060667,"Lowe's Companies, Inc. expects comparable sales of 5% for FY2023.",Comparable sales expected to be down approximately -5% as compared to prior year (previously down -2% to -4%),comparable sales,5.0,5.0,percent,FY2023,2023-11-21,https://www.sec.gov/Archives/edgar/data/60667/000006066723000159/exhibit991-11032023.htm,0000060667-23-000159,8-K,2023-11-21,2026-10-01T13:56:10Z,80e42904a1400daef5c711d595b6a8374f367fd67970ff72c5a056353a670c6e,Comparable sales expected to be down approximately -5% as compared to prior year (previously down -2% to -4%),,,,,,,,,,reported value differs from 5 by more than 0.5%,open,,,,,,,,,,,2026-10-02,navneet,false,false,,false,false,false,unresolved,sentence,Lowe’s Business Outlook,,,the model found no line reporting that metric for that period,"'comparable sales' is a rate: a parenthesised figure in the evidence was read as positive, not negative, because the evidence has no 'negative', 'benefit' or 'loss' wording",,no,"The excerpt states comparable sales are expected to be 'down approximately -5%', which represents a decline of 5% (negative change), not a positive 5% growth as claimed.",wrong_sign,CHECK: wrong_sign,,,,
01JD0VG200MMA9DDVKP4T08MW3,"Lowe's Companies, Inc.",LOW,0000060667,"Lowe's Companies, Inc. expects revenue of $83 billion to $83.5 billion for FY2024.",•Total sales of $83.0 to $83.5 billion (previously $82.7 to $83.2 billion),revenue,83.0,83.5,USD billions,FY2024,2024-11-19,https://www.sec.gov/Archives/edgar/data/60667/000006066724000167/exhibit991-11012024.htm,0000060667-24-000167,8-K,2024-11-19,2026-10-01T13:56:17Z,db323bf8b5c1765ff5c81af09336aabdd97d578ba42ebae585b5cc6843e054ba,•Total sales of $83.0 to $83.5 billion (previously $82.7 to $83.2 billion),,,,,,,,,,"reported value falls outside [83, 83.5]",open,,,,,,,,,,,2026-10-02,navneet,false,false,,false,false,false,unresolved,section,Full Year 2024 Outlook,,,"multi-column, unconfirmed",,,no,"The excerpt states '$83.0 to $83.5 billion' but the claim specifies '$83 billion to $83.5 billion', which represents a different lower bound ($83.0B vs $83B). While these may appear similar, $83.0B is",wrong_value,CHECK: value,,,,
01EQCAD800D53S2JEY3YT254WZ,"Lowe's Companies, Inc.",LOW,0000060667,"Lowe's Companies, Inc. expects comparable sales of 15% to 20% for Q4 FY2020.",•Total and comparable sales growth of approximately 15 to 20 percent.,comparable sales,15.0,20.0,percent,Q4 FY2020,2020-11-18,https://www.sec.gov/Archives/edgar/data/60667/000006066720000170/exhibit991-10302020.htm,0000060667-20-000170,8-K,2020-11-18,2026-10-01T13:55:41Z,6361a589be113dbddcf08ef64c7788e753db2b4c0d60261704298d32f53e0bdb,•Total and comparable sales growth of approximately 15 to 20 percent.,28.1,2021-02-24,https://www.sec.gov/Archives/edgar/data/60667/000006066721000020/exhibit991-01292021.htm,0000060667-21-000020,8-K,2021-02-24,2026-10-01T13:55:43Z,10bd9657b9dca1fe868c482003c39346771e7d0f0df595364f8e637dd3c09d18,"Total sales for the fourth quarter were $20.3 billion compared to $16.0 billion in the fourth quarter of 2019, and comparable sales increased 28.1 percent.","reported value falls outside [15, 20]",open,,,,,,,,,98,,2026-10-02,navneet,false,false,,false,false,false,missed,section,Lowe’s Business Outlook,,,,,,yes,"Excerpt states 'comparable sales growth of approximately 15 to 20 percent' which matches the metric, range, and unit given.",,,,,,
01EQCAD800QEHHAM3P8XV2FMCG,"Lowe's Companies, Inc.",LOW,0000060667,"Lowe's Companies, Inc. expects tax rate of 27% for Q4 FY2020.",•Effective income tax rate of approximately 27%.,tax rate,27.0,27.0,percent,Q4 FY2020,2020-11-18,https://www.sec.gov/Archives/edgar/data/60667/000006066720000170/exhibit991-10302020.htm,0000060667-20-000170,8-K,2020-11-18,2026-10-01T13:55:41Z,6361a589be113dbddcf08ef64c7788e753db2b4c0d60261704298d32f53e0bdb,•Effective income tax rate of approximately 27%.,,,,,,,,,,reported value differs from 27 by more than 0.5%,open,,,,,,,,,,,2026-10-02,navneet,false,false,,false,false,false,unresolved,section,Lowe’s Business Outlook,,,the matching release has no line naming the metric with a number,,,yes,Excerpt states 'Effective income tax rate of approximately 27%' which matches the claimed tax rate of 27% for the period in the Business Outlook section,,,,,,
01EQCAD800ZZVW6PE2D6CQGF3F,"Lowe's Companies, Inc.",LOW,0000060667,"Lowe's Companies, Inc. expects EPS GAAP of $1.1 per share to $1.2 per share for Q4 FY2020.",•Diluted earnings per share and adjusted diluted earnings per share1 of $1.10 - $1.20.,EPS GAAP,1.1,1.2,USD per share,Q4 FY2020,2020-11-18,https://www.sec.gov/Archives/edgar/data/60667/000006066720000170/exhibit991-10302020.htm,0000060667-20-000170,8-K,2020-11-18,2026-10-01T13:55:41Z,6361a589be113dbddcf08ef64c7788e753db2b4c0d60261704298d32f53e0bdb,•Diluted earnings per share and adjusted diluted earnings per share1 of $1.10 - $1.20.,1.32,2021-02-24,https://www.sec.gov/Archives/edgar/data/60667/000006066721000020/exhibit991-01292021.htm,0000060667-21-000020,8-K,2021-02-24,2026-10-01T13:55:43Z,10bd9657b9dca1fe868c482003c39346771e7d0f0df595364f8e637dd3c09d18,Fourth Quarter Diluted EPS of $1.32; Adjusted Diluted EPS of $1.331 —,"reported value falls outside [1.1, 1.2]",open,,,,,,,,,98,,2026-10-02,navneet,false,false,,false,false,false,missed,section,Lowe’s Business Outlook,,,,,,yes,Excerpt states 'Diluted earnings per share...of $1.10 - $1.20' which matches the GAAP EPS guidance of $1.1 to $1.2 per share for the period.,,,,,,
01EQCAD800TB2C7MFKPX4D9XAF,"Lowe's Companies, Inc.",LOW,0000060667,"Lowe's Companies, Inc. expects EPS non-GAAP of $1.1 per share to $1.2 per share for Q4 FY2020.",•Diluted earnings per share and adjusted diluted earnings per share1 of $1.10 - $1.20.,EPS non-GAAP,1.1,1.2,USD per share,Q4 FY2020,2020-11-18,https://www.sec.gov/Archives/edgar/data/60667/000006066720000170/exhibit991-10302020.htm,0000060667-20-000170,8-K,2020-11-18,2026-10-01T13:55:41Z,6361a589be113dbddcf08ef64c7788e753db2b4c0d60261704298d32f53e0bdb,•Diluted earnings per share and adjusted diluted earnings per share1 of $1.10 - $1.20.,1.33,2021-02-24,https://www.sec.gov/Archives/edgar/data/60667/000006066721000020/exhibit991-01292021.htm,0000060667-21-000020,8-K,2021-02-24,2026-10-01T13:55:43Z,10bd9657b9dca1fe868c482003c39346771e7d0f0df595364f8e637dd3c09d18,Fourth Quarter Diluted EPS of $1.32; Adjusted Diluted EPS of $1.331 —,"reported value falls outside [1.1, 1.2]",open,,,,,,,,,98,,2026-10-02,navneet,false,false,,false,false,false,missed,section,Lowe’s Business Outlook,,,,,,yes,"Excerpt states 'adjusted diluted earnings per share of $1.10 - $1.20', which matches the non-GAAP EPS guidance range of $1.1 to $1.2 per share.",,,,,,
01FDB8XF00AQ5ZRMZZS694ENXN,"Lowe's Companies, Inc.",LOW,0000060667,"Lowe's Companies, Inc. expects operating margin GAAP of 12.2% for FY2021.",•Operating income as a percentage of sales (operating margin) of 12.2%.,operating margin GAAP,12.2,12.2,percent,FY2021,2021-08-18,https://www.sec.gov/Archives/edgar/data/60667/000006066721000145/exhibit991-07302021.htm,0000060667-21-000145,8-K,2021-08-18,2026-10-01T13:55:49Z,0208d75b28392c6fdb2cafc42c74e314b006489fe6e11e6e5f7c4b2124e1cb28,•Operating income as a percentage of sales (operating margin) of 12.2%.,,,,,,,,,,reported value differs from 12.2 by more than 0.5%,open,,,,,,,,,,,2026-10-02,navneet,false,false,,false,false,false,unresolved,section,Lowe’s Business Outlook,,,the model found no line reporting that metric for that period,,,yes,Excerpt states 'Operating income as a percentage of sales (operating margin) of 12.2%' which directly matches the GAAP operating margin of 12.2% for the period under discussion in the Business Outlook,,,,,,
01FMNK2W00HJR3E3T0JQAY8MQW,"Lowe's Companies, Inc.",LOW,0000060667,"Lowe's Companies, Inc. expects operating margin GAAP of 12.4% for FY2021.",•Operating income as a percentage of sales (operating margin) of 12.4%.,operating margin GAAP,12.4,12.4,percent,FY2021,2021-11-17,https://www.sec.gov/Archives/edgar/data/60667/000006066721000165/exhibit991-10292021.htm,0000060667-21-000165,8-K,2021-11-17,2026-10-01T13:55:51Z,2bdb5a70d9a81d83ac3c8f62238547312bcdf45768701fa295d1211bbae2d442,•Operating income as a percentage of sales (operating margin) of 12.4%.,12.4,2022-02-23,https://www.sec.gov/Archives/edgar/data/60667/000006066722000017/exhibit991-01282022.htm,0000060667-22-000017,8-K,2022-02-23,2026-10-01T13:55:53Z,3cfa0f74b64a08a1f6917e761557b5a41e86c6deff8aa498c2dd287a2c907bbe,"“In 2021, we increased comparable sales by 6.9% while generating over 170 basis points of operating margin improvement, with our relentless focus on productivity and enhanced pricing strategies.",reported value differs from 12.4 by more than 0.5%,open,,,,,,,,,98,,2026-10-02,navneet,false,false,,false,false,false,met,section,Lowe’s Business Outlook,,,,,,yes,Excerpt states 'Operating income as a percentage of sales (operating margin) of 12.4%' which directly matches the GAAP operating margin of 12.4% for the period under discussion in the Business Outlook,,,,,,
01FWHY1A00XVJ8EQVXFYR98XNK,"Lowe's Companies, Inc.",LOW,0000060667,"Lowe's Companies, Inc. expects operating margin GAAP of 12.8% to 13% for FY2022.",•Operating income as a percentage of sales (operating margin) of 12.8% to 13.0%,operating margin GAAP,12.8,13.0,percent,FY2022,2022-02-23,https://www.sec.gov/Archives/edgar/data/60667/000006066722000017/exhibit991-01282022.htm,0000060667-22-000017,8-K,2022-02-23,2026-10-01T13:55:53Z,3cfa0f74b64a08a1f6917e761557b5a41e86c6deff8aa498c2dd287a2c907bbe,•Operating income as a percentage of sales (operating margin) of 12.8% to 13.0%,,,,,,,,,,"reported value falls outside [12.8, 13]",open,,,,,,,,,,,2026-10-02,navneet,false,false,,false,false,false,unresolved,section,Lowe’s Business Outlook,,,the model found no line reporting that metric for that period,,,yes,"Excerpt states 'Operating income as a percentage of sales (operating margin) of 12.8% to 13.0%', which matches the metric (operating margin GAAP), the range (12.8% to 13%), and the period (FY2022 guid",,,,,,
01FWHY1A00WR8WEWKM19W9KADR,"Lowe's Companies, Inc.",LOW,0000060667,"Lowe's Companies, Inc. expects tax rate of 25% for FY2022.",•Effective income tax rate of approximately 25%,tax rate,25.0,25.0,percent,FY2022,2022-02-23,https://www.sec.gov/Archives/edgar/data/60667/000006066722000017/exhibit991-01282022.htm,0000060667-22-000017,8-K,2022-02-23,2026-10-01T13:55:53Z,3cfa0f74b64a08a1f6917e761557b5a41e86c6deff8aa498c2dd287a2c907bbe,•Effective income tax rate of approximately 25%,25.0,2023-03-01,https://www.sec.gov/Archives/edgar/data/60667/000006066723000016/exhibit991-02032023.htm,0000060667-23-000016,8-K,2023-03-01,2026-10-01T13:56:04Z,73ae9b966d61d2fe93805baa821810d2522168553054b4680a00c00f027ec0c2,Effective income tax rate of approximately 25%,reported value differs from 25 by more than 0.5%,open,,,,,,,,,371,,2026-10-02,navneet,false,false,,false,false,false,met,section,Lowe’s Business Outlook,,,,,,yes,"Excerpt states 'Effective income tax rate of approximately 25%' which matches the metric (tax rate), number (25%), and period (FY2022 guidance under Business Outlook section)",,,,,,
01FWHY1A00X8PSZCC9VP59CMA7,"Lowe's Companies, Inc.",LOW,0000060667,"Lowe's Companies, Inc. expects EPS GAAP of $13.1 per share to $13.6 per share for FY2022.",•Diluted earnings per share of $13.10 to $13.60,EPS GAAP,13.1,13.6,USD per share,FY2022,2022-02-23,https://www.sec.gov/Archives/edgar/data/60667/000006066722000017/exhibit991-01282022.htm,0000060667-22-000017,8-K,2022-02-23,2026-10-01T13:55:53Z,3cfa0f74b64a08a1f6917e761557b5a41e86c6deff8aa498c2dd287a2c907bbe,•Diluted earnings per share of $13.10 to $13.60,,,,,,,,,,"reported value falls outside [13.1, 13.6]",open,,,,,,,,,,,2026-10-02,navneet,false,false,,false,false,false,unresolved,section,Lowe’s Business Outlook,,,the model found no line reporting that metric for that period,,,yes,"Excerpt states 'Diluted earnings per share of $13.10 to $13.60', which matches the GAAP EPS guidance range of $13.1 to $13.6 per share for FY2022 (fiscal year ending January 2022, labeled as FY2021 pe",,,,,,
01G3A7DP00KY4R0H0E2YB33YNS,"Lowe's Companies, Inc.",LOW,0000060667,"Lowe's Companies, Inc. expects operating margin GAAP of 12.8% to 13% for FY2022.",•Operating income as a percentage of sales (operating margin) of 12.8% to 13.0%,operating margin GAAP,12.8,13.0,percent,FY2022,2022-05-18,https://www.sec.gov/Archives/edgar/data/60667/000006066722000075/exhibit991-04292022.htm,0000060667-22-000075,8-K,2022-05-18,2026-10-01T13:55:56Z,b079aeab69f6730cb2821219a9bbf102f63ab682607cc0619a514a39e7ff9c23,•Operating income as a percentage of sales (operating margin) of 12.8% to 13.0%,,,,,,,,,,"reported value falls outside [12.8, 13]",open,,,,,,,,,,,2026-10-02,navneet,false,false,,false,false,false,unresolved,section,Lowe’s Business Outlook,,,the model found no line reporting that metric for that period,,,yes,"Excerpt states 'Operating income as a percentage of sales (operating margin) of 12.8% to 13.0%', which matches the metric (operating margin GAAP), the range (12.8% to 13%), and is forward guidance in ",,,,,,
01G3A7DP00E7A5VQRRTB0KDJEY,"Lowe's Companies, Inc.",LOW,0000060667,"Lowe's Companies, Inc. expects EPS GAAP of $13.1 per share to $13.6 per share for FY2022.",•Diluted earnings per share of $13.10 to $13.60,EPS GAAP,13.1,13.6,USD per share,FY2022,2022-05-18,https://www.sec.gov/Archives/edgar/data/60667/000006066722000075/exhibit991-04292022.htm,0000060667-22-000075,8-K,2022-05-18,2026-10-01T13:55:56Z,b079aeab69f6730cb2821219a9bbf102f63ab682607cc0619a514a39e7ff9c23,•Diluted earnings per share of $13.10 to $13.60,,,,,,,,,,"reported value falls outside [13.1, 13.6]",open,,,,,,,,,,,2026-10-02,navneet,false,false,,false,false,false,unresolved,section,Lowe’s Business Outlook,,,the model found no line reporting that metric for that period,,,yes,"Excerpt states 'Diluted earnings per share of $13.10 to $13.60', which matches the GAAP EPS guidance range of $13.1 to $13.6 per share for FY2022 (fiscal year ending January 2022, labeled as FY2021 pe",,,,,,
01GAMHK300JBT4MKQTEBAE66J1,"Lowe's Companies, Inc.",LOW,0000060667,"Lowe's Companies, Inc. expects operating margin GAAP of 12.8% to 13% for FY2022.",•Operating income as a percentage of sales (operating margin) of 12.8% to 13.0%,operating margin GAAP,12.8,13.0,percent,FY2022,2022-08-17,https://www.sec.gov/Archives/edgar/data/60667/000006066722000133/exhibit991-07292022.htm,0000060667-22-000133,8-K,2022-08-17,2026-10-01T13:55:58Z,428163e6d6ebb6a6ee0d05927f6c6b7cd2f955bc8dcc2bb5b51f7005a73fcae4,•Operating income as a percentage of sales (operating margin) of 12.8% to 13.0%,,,,,,,,,,"reported value falls outside [12.8, 13]",open,,,,,,,,,,,2026-10-02,navneet,false,false,,false,false,false,unresolved,section,Lowe’s Business Outlook,,,the model found no line reporting that metric for that period,,,yes,"Excerpt states 'Operating income as a percentage of sales (operating margin) of 12.8% to 13.0%', which matches the metric (operating margin GAAP), the range (12.8% to 13%), and is forward guidance in ",,,,,,
01GAMHK300TPM02QFETGJHKQA5,"Lowe's Companies, Inc.",LOW,0000060667,"Lowe's Companies, Inc. expects tax rate of 25% for FY2022.",•Effective income tax rate of approximately 25%,tax rate,25.0,25.0,percent,FY2022,2022-08-17,https://www.sec.gov/Archives/edgar/data/60667/000006066722000133/exhibit991-07292022.htm,0000060667-22-000133,8-K,2022-08-17,2026-10-01T13:55:58Z,428163e6d6ebb6a6ee0d05927f6c6b7cd2f955bc8dcc2bb5b51f7005a73fcae4,•Effective income tax rate of approximately 25%,25.0,2023-03-01,https://www.sec.gov/Archives/edgar/data/60667/000006066723000016/exhibit991-02032023.htm,0000060667-23-000016,8-K,2023-03-01,2026-10-01T13:56:04Z,73ae9b966d61d2fe93805baa821810d2522168553054b4680a00c00f027ec0c2,Effective income tax rate of approximately 25%,reported value differs from 25 by more than 0.5%,open,,,,,,,,,196,,2026-10-02,navneet,false,false,,false,false,false,met,section,Lowe’s Business Outlook,,,,,,yes,"Excerpt states 'Effective income tax rate of approximately 25%' which matches the metric (tax rate), number (25%), and period (FY2022 guidance under Business Outlook section)",,,,,,
01GAMHK300W5K1S6GTCK1ZVDZ2,"Lowe's Companies, Inc.",LOW,0000060667,"Lowe's Companies, Inc. expects EPS GAAP of $13.1 per share to $13.6 per share for FY2022.",•Diluted earnings per share of $13.10 to $13.60,EPS GAAP,13.1,13.6,USD per share,FY2022,2022-08-17,https://www.sec.gov/Archives/edgar/data/60667/000006066722000133/exhibit991-07292022.htm,0000060667-22-000133,8-K,2022-08-17,2026-10-01T13:55:58Z,428163e6d6ebb6a6ee0d05927f6c6b7cd2f955bc8dcc2bb5b51f7005a73fcae4,•Diluted earnings per share of $13.10 to $13.60,,,,,,,,,,"reported value falls outside [13.1, 13.6]",open,,,,,,,,,,,2026-10-02,navneet,false,false,,false,false,false,unresolved,section,Lowe’s Business Outlook,,,the model found no line reporting that metric for that period,,,yes,"Excerpt states 'Diluted earnings per share of $13.10 to $13.60', which matches the GAAP EPS guidance range of $13.1 to $13.6 per share for FY2022 (fiscal year ending January 2022, labeled as FY2021 pe",,,,,,
01GHYVRG00E17A4KQD49YS462B,"Lowe's Companies, Inc.",LOW,0000060667,"Lowe's Companies, Inc. expects operating margin non-GAAP of 13% for FY2022.",•Adjusted operating income2 as a percentage of sales (adjusted operating margin2) of 13.0%,operating margin non-GAAP,13.0,13.0,percent,FY2022,2022-11-16,https://www.sec.gov/Archives/edgar/data/60667/000006066722000166/exhibit991-10282022.htm,0000060667-22-000166,8-K,2022-11-16,2026-10-01T13:56:01Z,56b50330c157e40cfab5a98aa19bbb422ac4830447593a018626787d47fac7bc,•Adjusted operating income2 as a percentage of sales (adjusted operating margin2) of 13.0%,,,,,,,,,,reported value differs from 13 by more than 0.5%,open,,,,,,,,,,,2026-10-02,navneet,false,false,,false,false,false,unresolved,section,Lowe’s Business Outlook,,,the model found no line reporting that metric for that period,,,yes,Excerpt states 'Adjusted operating income as a percentage of sales (adjusted operating margin) of 13.0%' which matches the non-GAAP operating margin of 13% claimed.,,,,,,
01GHYVRG00JX5Y3V6F839P9XSW,"Lowe's Companies, Inc.",LOW,0000060667,"Lowe's Companies, Inc. expects tax rate of 25% for FY2022.",•Adjusted effective income tax rate2 of approximately 25%,tax rate,25.0,25.0,percent,FY2022,2022-11-16,https://www.sec.gov/Archives/edgar/data/60667/000006066722000166/exhibit991-10282022.htm,0000060667-22-000166,8-K,2022-11-16,2026-10-01T13:56:01Z,56b50330c157e40cfab5a98aa19bbb422ac4830447593a018626787d47fac7bc,•Adjusted effective income tax rate2 of approximately 25%,25.0,2023-03-01,https://www.sec.gov/Archives/edgar/data/60667/000006066723000016/exhibit991-02032023.htm,0000060667-23-000016,8-K,2023-03-01,2026-10-01T13:56:04Z,73ae9b966d61d2fe93805baa821810d2522168553054b4680a00c00f027ec0c2,Effective income tax rate of approximately 25%,reported value differs from 25 by more than 0.5%,open,,,,,,,,,105,,2026-10-02,navneet,false,false,,false,false,false,met,section,Lowe’s Business Outlook,,,,,,yes,Excerpt states 'Adjusted effective income tax rate of approximately 25%' which matches the claimed tax rate of 25% for FY2022,,,,,,
01GHYVRG0073ZJV3XKGAH65QGM,"Lowe's Companies, Inc.",LOW,0000060667,"Lowe's Companies, Inc. expects EPS non-GAAP of $13.65 per share to $13.8 per share for FY2022.",•Adjusted diluted earnings per share2 of $13.65 to $13.80 (previously $13.10 to $13.60),EPS non-GAAP,13.65,13.8,USD per share,FY2022,2022-11-16,https://www.sec.gov/Archives/edgar/data/60667/000006066722000166/exhibit991-10282022.htm,0000060667-22-000166,8-K,2022-11-16,2026-10-01T13:56:01Z,56b50330c157e40cfab5a98aa19bbb422ac4830447593a018626787d47fac7bc,•Adjusted diluted earnings per share2 of $13.65 to $13.80 (previously $13.10 to $13.60),,,,,,,,,,"reported value falls outside [13.65, 13.8]",open,,,,,,,,,,,2026-10-02,navneet,false,false,,false,false,false,unresolved,section,Lowe’s Business Outlook,,,model output rejected,,,yes,"Excerpt states 'Adjusted diluted earnings per share of $13.65 to $13.80' which matches the non-GAAP EPS range given, and the context of 'Business Outlook' confirms this is forward guidance for FY2022.",,,,,,
01GKMY3K007SGXEPS4B5J2WYAF,"Lowe's Companies, Inc.",LOW,0000060667,"Lowe's Companies, Inc. expects revenue of $97 billion to $98 billion for FY2022.","•Total sales of approximately $97 to $98 billion, including the 53rd week",revenue,97.0,98.0,USD billions,FY2022,2022-12-07,https://www.sec.gov/Archives/edgar/data/60667/000006066722000172/exhibit991-12072022.htm,0000060667-22-000172,8-K,2022-12-07,2026-10-01T13:56:03Z,aa0569e4b2fe1e21049c89eea8ac6768983c5deb62589467307bfdfa3915e45f,"•Total sales of approximately $97 to $98 billion, including the 53rd week",,,,,,,,,,"reported value falls outside [97, 98]",open,,,,,,,,,,,2026-10-02,navneet,false,false,,false,false,false,unresolved,section,Lowe’s Business Outlook,,,"multi-column, unconfirmed",,,yes,"Excerpt states 'Total sales of approximately $97 to $98 billion' which matches the revenue guidance of $97 billion to $98 billion for FY2022 (fiscal year ending January 2022, named for calendar year 2",,,,,,
01GKMY3K00ZD79G14AABMPVM1C,"Lowe's Companies, Inc.",LOW,0000060667,"Lowe's Companies, Inc. expects operating margin non-GAAP of 13% for FY2022.",•Adjusted operating income1 as a percentage of sales (adjusted operating margin1) of 13.0%,operating margin non-GAAP,13.0,13.0,percent,FY2022,2022-12-07,https://www.sec.gov/Archives/edgar/data/60667/000006066722000172/exhibit991-12072022.htm,0000060667-22-000172,8-K,2022-12-07,2026-10-01T13:56:03Z,aa0569e4b2fe1e21049c89eea8ac6768983c5deb62589467307bfdfa3915e45f,•Adjusted operating income1 as a percentage of sales (adjusted operating margin1) of 13.0%,,,,,,,,,,reported value differs from 13 by more than 0.5%,open,,,,,,,,,,,2026-10-02,navneet,false,false,,false,false,false,unresolved,section,Lowe’s Business Outlook,,,the model found no line reporting that metric for that period,,,yes,"Excerpt states 'Adjusted operating income as a percentage of sales (adjusted operating margin) of 13.0%', which matches the non-GAAP operating margin of 13% claimed.",,,,,,
01GKMY3K00YRHYSYQF48SF99MS,"Lowe's Companies, Inc.",LOW,0000060667,"Lowe's Companies, Inc. expects tax rate of 25% for FY2022.",•Adjusted effective income tax rate1 of approximately 25%,tax rate,25.0,25.0,percent,FY2022,2022-12-07,https://www.sec.gov/Archives/edgar/data/60667/000006066722000172/exhibit991-12072022.htm,0000060667-22-000172,8-K,2022-12-07,2026-10-01T13:56:03Z,aa0569e4b2fe1e21049c89eea8ac6768983c5deb62589467307bfdfa3915e45f,•Adjusted effective income tax rate1 of approximately 25%,25.0,2023-03-01,https://www.sec.gov/Archives/edgar/data/60667/000006066723000016/exhibit991-02032023.htm,0000060667-23-000016,8-K,2023-03-01,2026-10-01T13:56:04Z,73ae9b966d61d2fe93805baa821810d2522168553054b4680a00c00f027ec0c2,Effective income tax rate of approximately 25%,reported value differs from 25 by more than 0.5%,open,,,,,,,,,84,,2026-10-02,navneet,false,false,,false,false,false,met,section,Lowe’s Business Outlook,,,,,,yes,Excerpt states 'Adjusted effective income tax rate of approximately 25%' which matches the claimed tax rate of 25% for FY2022,,,,,,
01GKMY3K00KN7X94C00VCZXK8V,"Lowe's Companies, Inc.",LOW,0000060667,"Lowe's Companies, Inc. expects EPS non-GAAP of $13.65 per share to $13.8 per share for FY2022.",•Adjusted diluted earnings per share1 of $13.65 to $13.80,EPS non-GAAP,13.65,13.8,USD per share,FY2022,2022-12-07,https://www.sec.gov/Archives/edgar/data/60667/000006066722000172/exhibit991-12072022.htm,0000060667-22-000172,8-K,2022-12-07,2026-10-01T13:56:03Z,aa0569e4b2fe1e21049c89eea8ac6768983c5deb62589467307bfdfa3915e45f,•Adjusted diluted earnings per share1 of $13.65 to $13.80,,,,,,,,,,"reported value falls outside [13.65, 13.8]",open,,,,,,,,,,,2026-10-02,navneet,false,false,,false,false,false,unresolved,section,Lowe’s Business Outlook,,,model output rejected,,,yes,"Excerpt states 'Adjusted diluted earnings per share of $13.65 to $13.80', which matches the non-GAAP EPS range given, and appears in the 'Lowe's Business Outlook' section indicating forward guidance f",,,,,,
01GTD7FZ00H3RCR55SNGN79VY3,"Lowe's Companies, Inc.",LOW,0000060667,"Lowe's Companies, Inc. expects revenue of $88 billion to $90 billion for FY2023.",•Total sales of approximately $88 – $90 billion,revenue,88.0,90.0,USD billions,FY2023,2023-03-01,https://www.sec.gov/Archives/edgar/data/60667/000006066723000016/exhibit991-02032023.htm,0000060667-23-000016,8-K,2023-03-01,2026-10-01T13:56:04Z,73ae9b966d61d2fe93805baa821810d2522168553054b4680a00c00f027ec0c2,•Total sales of approximately $88 – $90 billion,,,,,,,,,,"reported value falls outside [88, 90]",open,,,,,,,,,,,2026-10-02,navneet,false,false,,false,false,false,unresolved,section,Lowe’s Business Outlook,,,"multi-column, unconfirmed",,,yes,"Excerpt states 'Total sales of approximately $88 – $90 billion' which matches the revenue guidance of $88 billion to $90 billion for FY2023 (fiscal year ending January 2023, named for calendar year 20",,,,,,
01GTD7FZ00T7WG36QAW6DSEBQD,"Lowe's Companies, Inc.",LOW,0000060667,"Lowe's Companies, Inc. expects operating margin GAAP of 13.6% to 13.8% for FY2023.",•Operating income as a percentage of sales (operating margin) of 13.6% to 13.8%,operating margin GAAP,13.6,13.8,percent,FY2023,2023-03-01,https://www.sec.gov/Archives/edgar/data/60667/000006066723000016/exhibit991-02032023.htm,0000060667-23-000016,8-K,2023-03-01,2026-10-01T13:56:04Z,73ae9b966d61d2fe93805baa821810d2522168553054b4680a00c00f027ec0c2,•Operating income as a percentage of sales (operating margin) of 13.6% to 13.8%,,,,,,,,,,"reported value falls outside [13.6, 13.8]",open,,,,,,,,,,,2026-10-02,navneet,false,false,,false,false,false,unresolved,section,Lowe’s Business Outlook,,,the model found no line reporting that metric for that period,,,yes,"Excerpt states 'Operating income as a percentage of sales (operating margin) of 13.6% to 13.8%' which matches the metric (operating margin GAAP), the range (13.6% to 13.8%), and the period (FY2023 gui",,,,,,
01GTD7FZ00NBFFZ8FH0245N34D,"Lowe's Companies, Inc.",LOW,0000060667,"Lowe's Companies, Inc. expects tax rate of 25% for FY2023.",•Effective income tax rate of approximately 25%,tax rate,25.0,25.0,percent,FY2023,2023-03-01,https://www.sec.gov/Archives/edgar/data/60667/000006066723000016/exhibit991-02032023.htm,0000060667-23-000016,8-K,2023-03-01,2026-10-01T13:56:04Z,73ae9b966d61d2fe93805baa821810d2522168553054b4680a00c00f027ec0c2,•Effective income tax rate of approximately 25%,25.0,2024-02-27,https://www.sec.gov/Archives/edgar/data/60667/000006066724000012/exhibit991-02022024.htm,0000060667-24-000012,8-K,2024-02-27,2026-10-01T13:56:12Z,2fb2568c6495459b0b548558fdf2cd65a4cca1fda7bd48f709b8678253ba538c,Effective income tax rate of approximately 25%,reported value differs from 25 by more than 0.5%,open,,,,,,,,,363,,2026-10-02,navneet,false,false,,false,false,false,met,section,Lowe’s Business Outlook,,,,,,yes,"Excerpt states 'Effective income tax rate of approximately 25%' which matches the metric (tax rate), number (25%), and is presented in the Business Outlook section indicating forward guidance for FY20",,,,,,
01GTD7FZ00T5VSM8W83E15ERF4,"Lowe's Companies, Inc.",LOW,0000060667,"Lowe's Companies, Inc. expects EPS GAAP of $13.6 per share to $14 per share for FY2023.",•Diluted earnings per share of $13.60 to $14.00,EPS GAAP,13.6,14.0,USD per share,FY2023,2023-03-01,https://www.sec.gov/Archives/edgar/data/60667/000006066723000016/exhibit991-02032023.htm,0000060667-23-000016,8-K,2023-03-01,2026-10-01T13:56:04Z,73ae9b966d61d2fe93805baa821810d2522168553054b4680a00c00f027ec0c2,•Diluted earnings per share of $13.60 to $14.00,13.6,2024-02-27,https://www.sec.gov/Archives/edgar/data/60667/000006066724000012/exhibit991-02022024.htm,0000060667-24-000012,8-K,2024-02-27,2026-10-01T13:56:12Z,2fb2568c6495459b0b548558fdf2cd65a4cca1fda7bd48f709b8678253ba538c,"Net earnings allocable to common shares used in the basic and diluted earnings per share calculation were $7,706 million for the fiscal year ended February 2, 2024, and $6,416 million for the fiscal year ended February 3, 2023.","reported value falls outside [13.6, 14]",open,,,,,,,,,363,,2026-10-02,navneet,false,false,,false,false,false,met,section,Lowe’s Business Outlook,,,,,,yes,"Excerpt states 'Diluted earnings per share of $13.60 to $14.00' which matches the claimed GAAP EPS range of $13.6 to $14.0 per share for FY2023 (fiscal year ending January 2023, named for calendar yea",,,,,,
01H12YFM00VGSP3HN5RGQPA8K8,"Lowe's Companies, Inc.",LOW,0000060667,"Lowe's Companies, Inc. expects revenue of $87 billion to $89 billion for FY2023.",•Total sales of approximately $87 – $89 billion (previously $88 – 90 billion),revenue,87.0,89.0,USD billions,FY2023,2023-05-23,https://www.sec.gov/Archives/edgar/data/60667/000006066723000079/exhibit991-05052023.htm,0000060667-23-000079,8-K,2023-05-23,2026-10-01T13:56:06Z,ca4e57191222f3e59993203efb4dafb78f9602a0fe9969063d4ecb74e0e8b1a0,•Total sales of approximately $87 – $89 billion (previously $88 – 90 billion),,,,,,,,,,"reported value falls outside [87, 89]",open,,,,,,,,,,,2026-10-02,navneet,false,false,,false,false,false,unresolved,section,Lowe’s Business Outlook,,,"multi-column, unconfirmed",,,yes,"Excerpt states 'Total sales of approximately $87 – $89 billion' which matches the revenue guidance of $87 billion to $89 billion for FY2023 (fiscal year ending January 2023, named for calendar year 20",,,,,,
01H12YFM00KAZF8YQNAKPDPYRZ,"Lowe's Companies, Inc.",LOW,0000060667,"Lowe's Companies, Inc. expects operating margin non-GAAP of 13.4% to 13.6% for FY2023.",•Adjusted operating income as a percentage of sales (adjusted operating margin) of 13.4% to 13.6% (previously 13.6% to 13.8%),operating margin non-GAAP,13.4,13.6,percent,FY2023,2023-05-23,https://www.sec.gov/Archives/edgar/data/60667/000006066723000079/exhibit991-05052023.htm,0000060667-23-000079,8-K,2023-05-23,2026-10-01T13:56:06Z,ca4e57191222f3e59993203efb4dafb78f9602a0fe9969063d4ecb74e0e8b1a0,•Adjusted operating income as a percentage of sales (adjusted operating margin) of 13.4% to 13.6% (previously 13.6% to 13.8%),,,,,,,,,,"reported value falls outside [13.4, 13.6]",open,,,,,,,,,,,2026-10-02,navneet,false,false,,false,false,false,unresolved,section,Lowe’s Business Outlook,,,the model found no line reporting that metric for that period,,,yes,Excerpt states 'Adjusted operating income as a percentage of sales (adjusted operating margin) of 13.4% to 13.6%' which matches the non-GAAP operating margin range for FY2023 exactly.,,,,,,
01H12YFM005X0A6JTS2Z9AF1GR,"Lowe's Companies, Inc.",LOW,0000060667,"Lowe's Companies, Inc. expects tax rate of 25% for FY2023.",•Adjusted effective income tax rate of approximately 25%,tax rate,25.0,25.0,percent,FY2023,2023-05-23,https://www.sec.gov/Archives/edgar/data/60667/000006066723000079/exhibit991-05052023.htm,0000060667-23-000079,8-K,2023-05-23,2026-10-01T13:56:06Z,ca4e57191222f3e59993203efb4dafb78f9602a0fe9969063d4ecb74e0e8b1a0,•Adjusted effective income tax rate of approximately 25%,25.0,2024-02-27,https://www.sec.gov/Archives/edgar/data/60667/000006066724000012/exhibit991-02022024.htm,0000060667-24-000012,8-K,2024-02-27,2026-10-01T13:56:12Z,2fb2568c6495459b0b548558fdf2cd65a4cca1fda7bd48f709b8678253ba538c,Effective income tax rate of approximately 25%,reported value differs from 25 by more than 0.5%,open,,,,,,,,,280,,2026-10-02,navneet,false,false,,false,false,false,met,section,Lowe’s Business Outlook,,,,,,yes,"Excerpt states 'Adjusted effective income tax rate of approximately 25%' which matches the metric (tax rate), number (25%), and the section heading 'Lowe's Business Outlook' indicates forward guidance",,,,,,
01H12YFM00E6F8R8GB3WMQ0KZJ,"Lowe's Companies, Inc.",LOW,0000060667,"Lowe's Companies, Inc. expects EPS non-GAAP of $13.2 per share to $13.6 per share for FY2023.",•Adjusted diluted earnings per share of $13.20 to $13.60 (previously $13.60 to $14.00),EPS non-GAAP,13.2,13.6,USD per share,FY2023,2023-05-23,https://www.sec.gov/Archives/edgar/data/60667/000006066723000079/exhibit991-05052023.htm,0000060667-23-000079,8-K,2023-05-23,2026-10-01T13:56:06Z,ca4e57191222f3e59993203efb4dafb78f9602a0fe9969063d4ecb74e0e8b1a0,•Adjusted diluted earnings per share of $13.20 to $13.60 (previously $13.60 to $14.00),,,,,,,,,,"reported value falls outside [13.2, 13.6]",open,,,,,,,,,,,2026-10-02,navneet,false,false,,false,false,false,unresolved,section,Lowe’s Business Outlook,,,the model found no line reporting that metric for that period,,,yes,Excerpt states 'Adjusted diluted earnings per share of $13.20 to $13.60' which matches the non-GAAP EPS range of $13.2 to $13.6 per share for FY2023,,,,,,
01H8D8N100R8P5XN7FFP7WNGV2,"Lowe's Companies, Inc.",LOW,0000060667,"Lowe's Companies, Inc. expects revenue of $87 billion to $89 billion for FY2023.",•Total sales of approximately $87 – $89 billion,revenue,87.0,89.0,USD billions,FY2023,2023-08-22,https://www.sec.gov/Archives/edgar/data/60667/000006066723000135/exhibit991-08042023.htm,0000060667-23-000135,8-K,2023-08-22,2026-10-01T13:56:08Z,e0784cd6f0e4f7f3a01266b6d07ef6e685719cd2217eb9e8167b1e1a519999af,•Total sales of approximately $87 – $89 billion,,,,,,,,,,"reported value falls outside [87, 89]",open,,,,,,,,,,,2026-10-02,navneet,false,false,,false,false,false,unresolved,section,Lowe’s Business Outlook,,,"multi-column, unconfirmed",,,yes,"Excerpt states 'Total sales of approximately $87 – $89 billion' which matches the revenue guidance of $87 billion to $89 billion for FY2023 (fiscal year ending January 2023, named for calendar year 20",,,,,,
01H8D8N1004SJFDDVZ3C8GV89R,"Lowe's Companies, Inc.",LOW,0000060667,"Lowe's Companies, Inc. expects operating margin non-GAAP of 13.4% to 13.6% for FY2023.",•Adjusted operating income as a percentage of sales (adjusted operating margin) of 13.4% to 13.6%,operating margin non-GAAP,13.4,13.6,percent,FY2023,2023-08-22,https://www.sec.gov/Archives/edgar/data/60667/000006066723000135/exhibit991-08042023.htm,0000060667-23-000135,8-K,2023-08-22,2026-10-01T13:56:08Z,e0784cd6f0e4f7f3a01266b6d07ef6e685719cd2217eb9e8167b1e1a519999af,•Adjusted operating income as a percentage of sales (adjusted operating margin) of 13.4% to 13.6%,,,,,,,,,,"reported value falls outside [13.4, 13.6]",open,,,,,,,,,,,2026-10-02,navneet,false,false,,false,false,false,unresolved,section,Lowe’s Business Outlook,,,the model found no line reporting that metric for that period,,,yes,"Excerpt states 'Adjusted operating income as a percentage of sales (adjusted operating margin) of 13.4% to 13.6%', which matches the non-GAAP operating margin range given for FY2023.",,,,,,
01H8D8N100EB3493BMWKB08SP4,"Lowe's Companies, Inc.",LOW,0000060667,"Lowe's Companies, Inc. expects tax rate of 25% for FY2023.",•Adjusted effective income tax rate of approximately 25%,tax rate,25.0,25.0,percent,FY2023,2023-08-22,https://www.sec.gov/Archives/edgar/data/60667/000006066723000135/exhibit991-08042023.htm,0000060667-23-000135,8-K,2023-08-22,2026-10-01T13:56:08Z,e0784cd6f0e4f7f3a01266b6d07ef6e685719cd2217eb9e8167b1e1a519999af,•Adjusted effective income tax rate of approximately 25%,25.0,2024-02-27,https://www.sec.gov/Archives/edgar/data/60667/000006066724000012/exhibit991-02022024.htm,0000060667-24-000012,8-K,2024-02-27,2026-10-01T13:56:12Z,2fb2568c6495459b0b548558fdf2cd65a4cca1fda7bd48f709b8678253ba538c,Effective income tax rate of approximately 25%,reported value differs from 25 by more than 0.5%,open,,,,,,,,,189,,2026-10-02,navneet,false,false,,false,false,false,met,section,Lowe’s Business Outlook,,,,,,yes,"Excerpt states 'Adjusted effective income tax rate of approximately 25%' which matches the metric (tax rate), number (25%), and the section heading 'Lowe's Business Outlook' indicates forward guidance",,,,,,
01H8D8N100TG7BRGAG5T777A22,"Lowe's Companies, Inc.",LOW,0000060667,"Lowe's Companies, Inc. expects EPS non-GAAP of $13.2 per share to $13.6 per share for FY2023.",•Adjusted diluted earnings per share of $13.20 to $13.60,EPS non-GAAP,13.2,13.6,USD per share,FY2023,2023-08-22,https://www.sec.gov/Archives/edgar/data/60667/000006066723000135/exhibit991-08042023.htm,0000060667-23-000135,8-K,2023-08-22,2026-10-01T13:56:08Z,e0784cd6f0e4f7f3a01266b6d07ef6e685719cd2217eb9e8167b1e1a519999af,•Adjusted diluted earnings per share of $13.20 to $13.60,13.2,2024-02-27,https://www.sec.gov/Archives/edgar/data/60667/000006066724000012/exhibit991-02022024.htm,0000060667-24-000012,8-K,2024-02-27,2026-10-01T13:56:12Z,2fb2568c6495459b0b548558fdf2cd65a4cca1fda7bd48f709b8678253ba538c,"Net earnings allocable to common shares used in the basic and diluted earnings per share calculation were $7,706 million for the fiscal year ended February 2, 2024, and $6,416 million for the fiscal year ended February 3, 2023.","reported value falls outside [13.2, 13.6]",open,,,,,,,,,189,,2026-10-02,navneet,false,false,,false,false,false,met,section,Lowe’s Business Outlook,,,,,,yes,"Excerpt states 'Adjusted diluted earnings per share of $13.20 to $13.60', which matches the non-GAAP EPS range of $13.2 to $13.6 per share for FY2023 (fiscal year ending January 2023, labeled as FY202",,,,,,
01HFQJTE004CG76XA0839VMRGT,"Lowe's Companies, Inc.",LOW,0000060667,"Lowe's Companies, Inc. expects revenue of $86 billion for FY2023.",•Total sales of approximately $86 billion (previously $87 – $89 billion),revenue,86.0,86.0,USD billions,FY2023,2023-11-21,https://www.sec.gov/Archives/edgar/data/60667/000006066723000159/exhibit991-11032023.htm,0000060667-23-000159,8-K,2023-11-21,2026-10-01T13:56:10Z,80e42904a1400daef5c711d595b6a8374f367fd67970ff72c5a056353a670c6e,•Total sales of approximately $86 billion (previously $87 – $89 billion),,,,,,,,,,reported value differs from 86 by more than 0.5%,open,,,,,,,,,,,2026-10-02,navneet,false,false,,false,false,false,unresolved,section,Lowe’s Business Outlook,,,"multi-column, unconfirmed",,,yes,"Excerpt states 'Total sales of approximately $86 billion' for the guidance period, which matches the revenue metric of $86 billion USD for FY2023.",,,,,,
01HFQJTE00KESBGC6Y892E8Z8Q,"Lowe's Companies, Inc.",LOW,0000060667,"Lowe's Companies, Inc. expects operating margin non-GAAP of 13.3% for FY2023.",•Adjusted operating income as a percentage of sales (adjusted operating margin) of approximately 13.3% (previously 13.4% to 13.6%),operating margin non-GAAP,13.3,13.3,percent,FY2023,2023-11-21,https://www.sec.gov/Archives/edgar/data/60667/000006066723000159/exhibit991-11032023.htm,0000060667-23-000159,8-K,2023-11-21,2026-10-01T13:56:10Z,80e42904a1400daef5c711d595b6a8374f367fd67970ff72c5a056353a670c6e,•Adjusted operating income as a percentage of sales (adjusted operating margin) of approximately 13.3% (previously 13.4% to 13.6%),,,,,,,,,,reported value differs from 13.3 by more than 0.5%,open,,,,,,,,,,,2026-10-02,navneet,false,false,,false,false,false,unresolved,section,Lowe’s Business Outlook,,,the model found no line reporting that metric for that period,,,yes,Excerpt states 'Adjusted operating income as a percentage of sales (adjusted operating margin) of approximately 13.3%' which matches the non-GAAP operating margin of 13.3% for the stated period.,,,,,,
01HFQJTE00G202JSJC2TD8BMCA,"Lowe's Companies, Inc.",LOW,0000060667,"Lowe's Companies, Inc. expects tax rate of 25% for FY2023.",•Adjusted effective income tax rate of approximately 25%,tax rate,25.0,25.0,percent,FY2023,2023-11-21,https://www.sec.gov/Archives/edgar/data/60667/000006066723000159/exhibit991-11032023.htm,0000060667-23-000159,8-K,2023-11-21,2026-10-01T13:56:10Z,80e42904a1400daef5c711d595b6a8374f367fd67970ff72c5a056353a670c6e,•Adjusted effective income tax rate of approximately 25%,25.0,2024-02-27,https://www.sec.gov/Archives/edgar/data/60667/000006066724000012/exhibit991-02022024.htm,0000060667-24-000012,8-K,2024-02-27,2026-10-01T13:56:12Z,2fb2568c6495459b0b548558fdf2cd65a4cca1fda7bd48f709b8678253ba538c,Effective income tax rate of approximately 25%,reported value differs from 25 by more than 0.5%,open,,,,,,,,,98,,2026-10-02,navneet,false,false,,false,false,false,met,section,Lowe’s Business Outlook,,,,,,yes,"Excerpt states 'Adjusted effective income tax rate of approximately 25%' which matches the metric (tax rate), number (25%), and the Business Outlook section indicates forward guidance for FY2023.",,,,,,
01HFQJTE00R23DQY3ND2QWEV3C,"Lowe's Companies, Inc.",LOW,0000060667,"Lowe's Companies, Inc. expects EPS non-GAAP of $13 per share for FY2023.",•Adjusted diluted earnings per share of approximately $13.00 (previously $13.20 to $13.60),EPS non-GAAP,13.0,13.0,USD per share,FY2023,2023-11-21,https://www.sec.gov/Archives/edgar/data/60667/000006066723000159/exhibit991-11032023.htm,0000060667-23-000159,8-K,2023-11-21,2026-10-01T13:56:10Z,80e42904a1400daef5c711d595b6a8374f367fd67970ff72c5a056353a670c6e,•Adjusted diluted earnings per share of approximately $13.00 (previously $13.20 to $13.60),,,,,,,,,,reported value differs from 13 by more than 0.5%,open,,,,,,,,,,,2026-10-02,navneet,false,false,,false,false,false,unresolved,section,Lowe’s Business Outlook,,,the model found no line reporting that metric for that period,,,yes,Excerpt states 'Adjusted diluted earnings per share of approximately $13.00' which matches the non-GAAP EPS guidance of $13 per share for FY2023,,,,,,
01HQKXRW005YRH62PA2PYWX8GP,"Lowe's Companies, Inc.",LOW,0000060667,"Lowe's Companies, Inc. expects revenue of $84 billion to $85 billion for FY2024.",•Total sales of $84 to $85 billion,revenue,84.0,85.0,USD billions,FY2024,2024-02-27,https://www.sec.gov/Archives/edgar/data/60667/000006066724000012/exhibit991-02022024.htm,0000060667-24-000012,8-K,2024-02-27,2026-10-01T13:56:12Z,2fb2568c6495459b0b548558fdf2cd65a4cca1fda7bd48f709b8678253ba538c,•Total sales of $84 to $85 billion,,,,,,,,,,"reported value falls outside [84, 85]",open,,,,,,,,,,,2026-10-02,navneet,false,false,,false,false,false,unresolved,section,Full Year 2024 Outlook,,,"multi-column, unconfirmed",,,yes,"Excerpt states 'Total sales of $84 to $85 billion' under 'Full Year 2024 Outlook' heading, which matches the revenue guidance of $84 billion to $85 billion for FY2024.",,,,,,
01HQKXRW00B9GY1V0S0JBMYS6K,"Lowe's Companies, Inc.",LOW,0000060667,"Lowe's Companies, Inc. expects operating margin GAAP of 12.6% to 12.7% for FY2024.",•Operating income as a percentage of sales (operating margin) of 12.6% to 12.7%,operating margin GAAP,12.6,12.7,percent,FY2024,2024-02-27,https://www.sec.gov/Archives/edgar/data/60667/000006066724000012/exhibit991-02022024.htm,0000060667-24-000012,8-K,2024-02-27,2026-10-01T13:56:12Z,2fb2568c6495459b0b548558fdf2cd65a4cca1fda7bd48f709b8678253ba538c,•Operating income as a percentage of sales (operating margin) of 12.6% to 12.7%,,,,,,,,,,"reported value falls outside [12.6, 12.7]",open,,,,,,,,,,,2026-10-02,navneet,false,false,,false,false,false,unresolved,section,Full Year 2024 Outlook,,,the model found no line reporting that metric for that period,,,yes,"Excerpt states 'Operating income as a percentage of sales (operating margin) of 12.6% to 12.7%' which matches the metric (operating margin GAAP), the range (12.6% to 12.7%), and the period (FY2024 per",,,,,,
01HQKXRW004VGV31JF6YNZYXW3,"Lowe's Companies, Inc.",LOW,0000060667,"Lowe's Companies, Inc. expects tax rate of 25% for FY2024.",•Effective income tax rate of approximately 25%,tax rate,25.0,25.0,percent,FY2024,2024-02-27,https://www.sec.gov/Archives/edgar/data/60667/000006066724000012/exhibit991-02022024.htm,0000060667-24-000012,8-K,2024-02-27,2026-10-01T13:56:12Z,2fb2568c6495459b0b548558fdf2cd65a4cca1fda7bd48f709b8678253ba538c,•Effective income tax rate of approximately 25%,,,,,,,,,,reported value differs from 25 by more than 0.5%,open,,,,,,,,,,,2026-10-02,navneet,false,false,,false,false,false,unresolved,section,Full Year 2024 Outlook,,,the model found no line reporting that metric for that period,,,yes,"Excerpt states 'Effective income tax rate of approximately 25%' under 'Full Year 2024 Outlook' heading, which matches the metric (tax rate), value (25%), and period (FY2024)",,,,,,
01HQKXRW00W5VY1DFVNWWJ5CKB,"Lowe's Companies, Inc.",LOW,0000060667,"Lowe's Companies, Inc. expects EPS GAAP of $12 per share to $12.3 per share for FY2024.",•Diluted earnings per share of approximately $12.00 to $12.30,EPS GAAP,12.0,12.3,USD per share,FY2024,2024-02-27,https://www.sec.gov/Archives/edgar/data/60667/000006066724000012/exhibit991-02022024.htm,0000060667-24-000012,8-K,2024-02-27,2026-10-01T13:56:12Z,2fb2568c6495459b0b548558fdf2cd65a4cca1fda7bd48f709b8678253ba538c,•Diluted earnings per share of approximately $12.00 to $12.30,12.15,2025-02-26,https://www.sec.gov/Archives/edgar/data/60667/000006066725000018/exhibit991-01312025.htm,0000060667-25-000018,8-K,2025-02-26,2026-10-01T13:56:19Z,3c0e8e531e72021a000cf9321b24593719f81fc9347db41eb736af55a4dc63be,"Net earnings allocable to common shares used in the basic and diluted earnings per share calculation were $6,940 million for the fiscal year ended January 31, 2025, and $7,706 million for the fiscal year ended February 2, 2024.","reported value falls outside [12, 12.3]",open,,,,,,,,,365,,2026-10-02,navneet,false,false,,false,false,false,met,section,Full Year 2024 Outlook,,,,,,yes,Excerpt states 'Diluted earnings per share of approximately $12.00 to $12.30' which matches the claimed GAAP EPS range of $12.00 to $12.30 per share for FY2024 under the 'Full Year 2024 Outlook' headi,,,,,,
01HYC758008T3Q0KQ39V3RFV36,"Lowe's Companies, Inc.",LOW,0000060667,"Lowe's Companies, Inc. expects revenue of $84 billion to $85 billion for FY2024.",•Total sales of $84 to $85 billion,revenue,84.0,85.0,USD billions,FY2024,2024-05-21,https://www.sec.gov/Archives/edgar/data/60667/000006066724000081/exhibit991-05032024.htm,0000060667-24-000081,8-K,2024-05-21,2026-10-01T13:56:13Z,84e20a869b7428ad7e44fb1cb115083c0f3859e333be65aa39f4c965f5541dfc,•Total sales of $84 to $85 billion,,,,,,,,,,"reported value falls outside [84, 85]",open,,,,,,,,,,,2026-10-02,navneet,false,false,,false,false,false,unresolved,section,Full Year 2024 Outlook,,,"multi-column, unconfirmed",,,yes,"Excerpt states 'Total sales of $84 to $85 billion' under 'Full Year 2024 Outlook' heading, which matches the revenue guidance of $84 billion to $85 billion for FY2024.",,,,,,
01HYC75800RFMTYRY53YBGVXFY,"Lowe's Companies, Inc.",LOW,0000060667,"Lowe's Companies, Inc. expects operating margin GAAP of 12.6% to 12.7% for FY2024.",•Operating income as a percentage of sales (operating margin) of 12.6% to 12.7%,operating margin GAAP,12.6,12.7,percent,FY2024,2024-05-21,https://www.sec.gov/Archives/edgar/data/60667/000006066724000081/exhibit991-05032024.htm,0000060667-24-000081,8-K,2024-05-21,2026-10-01T13:56:13Z,84e20a869b7428ad7e44fb1cb115083c0f3859e333be65aa39f4c965f5541dfc,•Operating income as a percentage of sales (operating margin) of 12.6% to 12.7%,,,,,,,,,,"reported value falls outside [12.6, 12.7]",open,,,,,,,,,,,2026-10-02,navneet,false,false,,false,false,false,unresolved,section,Full Year 2024 Outlook,,,the model found no line reporting that metric for that period,,,yes,"Excerpt states 'Operating income as a percentage of sales (operating margin) of 12.6% to 12.7%' which matches the metric (operating margin GAAP), the range (12.6% to 12.7%), and the period (FY2024 per",,,,,,
01HYC75800Z04DP6RWG5ARN7X7,"Lowe's Companies, Inc.",LOW,0000060667,"Lowe's Companies, Inc. expects tax rate of 25% for FY2024.",•Effective income tax rate of approximately 25%,tax rate,25.0,25.0,percent,FY2024,2024-05-21,https://www.sec.gov/Archives/edgar/data/60667/000006066724000081/exhibit991-05032024.htm,0000060667-24-000081,8-K,2024-05-21,2026-10-01T13:56:13Z,84e20a869b7428ad7e44fb1cb115083c0f3859e333be65aa39f4c965f5541dfc,•Effective income tax rate of approximately 25%,,,,,,,,,,reported value differs from 25 by more than 0.5%,open,,,,,,,,,,,2026-10-02,navneet,false,false,,false,false,false,unresolved,section,Full Year 2024 Outlook,,,the model found no line reporting that metric for that period,,,yes,"Excerpt states 'Effective income tax rate of approximately 25%' under 'Full Year 2024 Outlook' heading, which matches the metric (tax rate), value (25%), and period (FY2024)",,,,,,
01HYC75800YDR4TK58NN6HN8G2,"Lowe's Companies, Inc.",LOW,0000060667,"Lowe's Companies, Inc. expects EPS GAAP of $12 per share to $12.3 per share for FY2024.",•Diluted earnings per share of approximately $12.00 to $12.30,EPS GAAP,12.0,12.3,USD per share,FY2024,2024-05-21,https://www.sec.gov/Archives/edgar/data/60667/000006066724000081/exhibit991-05032024.htm,0000060667-24-000081,8-K,2024-05-21,2026-10-01T13:56:13Z,84e20a869b7428ad7e44fb1cb115083c0f3859e333be65aa39f4c965f5541dfc,•Diluted earnings per share of approximately $12.00 to $12.30,12.15,2025-02-26,https://www.sec.gov/Archives/edgar/data/60667/000006066725000018/exhibit991-01312025.htm,0000060667-25-000018,8-K,2025-02-26,2026-10-01T13:56:19Z,3c0e8e531e72021a000cf9321b24593719f81fc9347db41eb736af55a4dc63be,"Net earnings allocable to common shares used in the basic and diluted earnings per share calculation were $6,940 million for the fiscal year ended January 31, 2025, and $7,706 million for the fiscal year ended February 2, 2024.","reported value falls outside [12, 12.3]",open,,,,,,,,,281,,2026-10-02,navneet,false,false,,false,false,false,met,section,Full Year 2024 Outlook,,,,,,yes,Excerpt states 'Diluted earnings per share of approximately $12.00 to $12.30' which matches the claimed GAAP EPS range of $12.00 to $12.30 per share for FY2024 under the 'Full Year 2024 Outlook' headi,,,,,,
01J5PHAN00PJE3M88M1GMHJMW4,"Lowe's Companies, Inc.",LOW,0000060667,"Lowe's Companies, Inc. expects revenue of $82.7 billion to $83.2 billion for FY2024.",•Total sales of $82.7 to $83.2 billion (previously $84 to $85 billion),revenue,82.7,83.2,USD billions,FY2024,2024-08-20,https://www.sec.gov/Archives/edgar/data/60667/000006066724000137/exhibit991-08022024.htm,0000060667-24-000137,8-K,2024-08-20,2026-10-01T13:56:15Z,4c110f320b2ae59e76592ea966ea59b1922518bb7f42d3a0eb56cda863a9554d,•Total sales of $82.7 to $83.2 billion (previously $84 to $85 billion),,,,,,,,,,"reported value falls outside [82.7, 83.2]",open,,,,,,,,,,,2026-10-02,navneet,false,false,,false,false,false,unresolved,section,Full Year 2024 Outlook,,,"multi-column, unconfirmed",,,yes,"Excerpt states 'Total sales of $82.7 to $83.2 billion' for Full Year 2024, which matches the revenue guidance of $82.7 billion to $83.2 billion for FY2024.",,,,,,
01J5PHAN00XHMMVCKVD73PS82H,"Lowe's Companies, Inc.",LOW,0000060667,"Lowe's Companies, Inc. expects operating margin non-GAAP of 12.4% to 12.5% for FY2024.",•Adjusted operating income as a percentage of sales (adjusted operating margin) of 12.4 to 12.5% (previously 12.6 to 12.7%),operating margin non-GAAP,12.4,12.5,percent,FY2024,2024-08-20,https://www.sec.gov/Archives/edgar/data/60667/000006066724000137/exhibit991-08022024.htm,0000060667-24-000137,8-K,2024-08-20,2026-10-01T13:56:15Z,4c110f320b2ae59e76592ea966ea59b1922518bb7f42d3a0eb56cda863a9554d,•Adjusted operating income as a percentage of sales (adjusted operating margin) of 12.4 to 12.5% (previously 12.6 to 12.7%),,,,,,,,,,"reported value falls outside [12.4, 12.5]",open,,,,,,,,,,,2026-10-02,navneet,false,false,,false,false,false,unresolved,section,Full Year 2024 Outlook,,,the model found no line reporting that metric for that period,,,yes,Excerpt states 'Adjusted operating income as a percentage of sales (adjusted operating margin) of 12.4 to 12.5%' which matches the non-GAAP operating margin range for FY2024 guidance.,,,,,,
01J5PHAN007EJY3CRJAAY0Y2V4,"Lowe's Companies, Inc.",LOW,0000060667,"Lowe's Companies, Inc. expects tax rate of 24.5% for FY2024.",•Adjusted effective income tax rate of approximately 24.5% (previously 25%),tax rate,24.5,24.5,percent,FY2024,2024-08-20,https://www.sec.gov/Archives/edgar/data/60667/000006066724000137/exhibit991-08022024.htm,0000060667-24-000137,8-K,2024-08-20,2026-10-01T13:56:15Z,4c110f320b2ae59e76592ea966ea59b1922518bb7f42d3a0eb56cda863a9554d,•Adjusted effective income tax rate of approximately 24.5% (previously 25%),24.5,2025-02-26,https://www.sec.gov/Archives/edgar/data/60667/000006066725000018/exhibit991-01312025.htm,0000060667-25-000018,8-K,2025-02-26,2026-10-01T13:56:19Z,3c0e8e531e72021a000cf9321b24593719f81fc9347db41eb736af55a4dc63be,Effective income tax rate of approximately 24.5%,reported value differs from 24.5 by more than 0.5%,open,,,,,,,,,190,,2026-10-02,navneet,false,false,,false,false,false,met,section,Full Year 2024 Outlook,,,,,,yes,"Excerpt states 'Adjusted effective income tax rate of approximately 24.5%' for Full Year 2024 Outlook, matching the metric, value, and period exactly.",,,,,,
01J5PHAN00558SMA8KXDZ2E46N,"Lowe's Companies, Inc.",LOW,0000060667,"Lowe's Companies, Inc. expects EPS non-GAAP of $11.7 per share to $11.9 per share for FY2024.",•Adjusted diluted earnings per share of approximately $11.70 to $11.90 (previously $12.00 to $12.30),EPS non-GAAP,11.7,11.9,USD per share,FY2024,2024-08-20,https://www.sec.gov/Archives/edgar/data/60667/000006066724000137/exhibit991-08022024.htm,0000060667-24-000137,8-K,2024-08-20,2026-10-01T13:56:15Z,4c110f320b2ae59e76592ea966ea59b1922518bb7f42d3a0eb56cda863a9554d,•Adjusted diluted earnings per share of approximately $11.70 to $11.90 (previously $12.00 to $12.30),11.73,2025-02-26,https://www.sec.gov/Archives/edgar/data/60667/000006066725000018/exhibit991-01312025.htm,0000060667-25-000018,8-K,2025-02-26,2026-10-01T13:56:19Z,3c0e8e531e72021a000cf9321b24593719f81fc9347db41eb736af55a4dc63be,Adjusted diluted earnings per share $ 1.93,"reported value falls outside [11.7, 11.9]",open,,,,,,,,,190,,2026-10-02,navneet,false,false,,false,false,false,met,section,Full Year 2024 Outlook,,,,,,yes,Excerpt states 'Adjusted diluted earnings per share of approximately $11.70 to $11.90' which matches the non-GAAP EPS guidance of $11.7 to $11.9 per share for FY2024 under the 'Full Year 2024 Outlook',,,,,,
01JD0VG200DFEYAFKVFWJ1TA4M,"Lowe's Companies, Inc.",LOW,0000060667,"Lowe's Companies, Inc. expects operating margin non-GAAP of 12.3% to 12.4% for FY2024.",•Adjusted operating income as a percentage of sales (adjusted operating margin) of 12.3 to 12.4% (previously 12.4 to 12.5%),operating margin non-GAAP,12.3,12.4,percent,FY2024,2024-11-19,https://www.sec.gov/Archives/edgar/data/60667/000006066724000167/exhibit991-11012024.htm,0000060667-24-000167,8-K,2024-11-19,2026-10-01T13:56:17Z,db323bf8b5c1765ff5c81af09336aabdd97d578ba42ebae585b5cc6843e054ba,•Adjusted operating income as a percentage of sales (adjusted operating margin) of 12.3 to 12.4% (previously 12.4 to 12.5%),,,,,,,,,,"reported value falls outside [12.3, 12.4]",open,,,,,,,,,,,2026-10-02,navneet,false,false,,false,false,false,unresolved,section,Full Year 2024 Outlook,,,the model found no line reporting that metric for that period,,,yes,Excerpt states 'Adjusted operating income as a percentage of sales (adjusted operating margin) of 12.3 to 12.4%' which matches the non-GAAP operating margin range for FY2024 exactly.,,,,,,
01JD0VG2007YA8T0XBMPV27BDW,"Lowe's Companies, Inc.",LOW,0000060667,"Lowe's Companies, Inc. expects tax rate of 24.5% for FY2024.",•Adjusted effective income tax rate of approximately 24.5%,tax rate,24.5,24.5,percent,FY2024,2024-11-19,https://www.sec.gov/Archives/edgar/data/60667/000006066724000167/exhibit991-11012024.htm,0000060667-24-000167,8-K,2024-11-19,2026-10-01T13:56:17Z,db323bf8b5c1765ff5c81af09336aabdd97d578ba42ebae585b5cc6843e054ba,•Adjusted effective income tax rate of approximately 24.5%,24.5,2025-02-26,https://www.sec.gov/Archives/edgar/data/60667/000006066725000018/exhibit991-01312025.htm,0000060667-25-000018,8-K,2025-02-26,2026-10-01T13:56:19Z,3c0e8e531e72021a000cf9321b24593719f81fc9347db41eb736af55a4dc63be,Effective income tax rate of approximately 24.5%,reported value differs from 24.5 by more than 0.5%,open,,,,,,,,,99,,2026-10-02,navneet,false,false,,false,false,false,met,section,Full Year 2024 Outlook,,,,,,yes,"Excerpt states 'Adjusted effective income tax rate of approximately 24.5%' for Full Year 2024 Outlook, matching the metric, value, and period.",,,,,,
01JD0VG200N3PKM87MGSGSKD6W,"Lowe's Companies, Inc.",LOW,0000060667,"Lowe's Companies, Inc. expects EPS non-GAAP of $11.8 per share to $11.9 per share for FY2024.",•Adjusted diluted earnings per share of approximately $11.80 to $11.90 (previously $11.70 to $11.90),EPS non-GAAP,11.8,11.9,USD per share,FY2024,2024-11-19,https://www.sec.gov/Archives/edgar/data/60667/000006066724000167/exhibit991-11012024.htm,0000060667-24-000167,8-K,2024-11-19,2026-10-01T13:56:17Z,db323bf8b5c1765ff5c81af09336aabdd97d578ba42ebae585b5cc6843e054ba,•Adjusted diluted earnings per share of approximately $11.80 to $11.90 (previously $11.70 to $11.90),11.93,2025-02-26,https://www.sec.gov/Archives/edgar/data/60667/000006066725000018/exhibit991-01312025.htm,0000060667-25-000018,8-K,2025-02-26,2026-10-01T13:56:19Z,3c0e8e531e72021a000cf9321b24593719f81fc9347db41eb736af55a4dc63be,Adjusted diluted earnings per share $ 1.93,"reported value falls outside [11.8, 11.9]",open,,,,,,,,,99,,2026-10-02,navneet,false,false,,false,false,false,missed,section,Full Year 2024 Outlook,,,,,,yes,Excerpt states 'Adjusted diluted earnings per share of approximately $11.80 to $11.90' which matches the non-GAAP EPS guidance of $11.8 to $11.9 per share for FY2024 under the 'Full Year 2024 Outlook',,,,,,
01JESG7W003GZ4X13MDM3CGYG0,"Lowe's Companies, Inc.",LOW,0000060667,"Lowe's Companies, Inc. expects revenue of $83 billion to $83.5 billion for FY2024.",•Total sales of $83.0 to $83.5 billion,revenue,83.0,83.5,USD billions,FY2024,2024-12-11,https://www.sec.gov/Archives/edgar/data/60667/000006066724000175/exhibit991-12112024.htm,0000060667-24-000175,8-K,2024-12-11,2026-10-01T13:56:18Z,5d9c79f376dbbbd23343de4271bdcf997f0848040c87afcaf2f61e071efa538e,•Total sales of $83.0 to $83.5 billion,,,,,,,,,,"reported value falls outside [83, 83.5]",open,,,,,,,,,,,2026-10-02,navneet,false,false,,false,false,false,unresolved,section,Full Year 2024 Outlook,,,"multi-column, unconfirmed",,,yes,"Excerpt states 'Total sales of $83.0 to $83.5 billion' under 'Full Year 2024 Outlook', which matches the revenue guidance of $83 billion to $83.5 billion for FY2024 (fiscal year ending January 2024, l",,,,,,
01JESG7W009GG172ARGNVPPEDF,"Lowe's Companies, Inc.",LOW,0000060667,"Lowe's Companies, Inc. expects operating margin non-GAAP of 12.3% to 12.4% for FY2024.",•Adjusted operating income as a percentage of sales (adjusted operating margin) of 12.3% to 12.4%,operating margin non-GAAP,12.3,12.4,percent,FY2024,2024-12-11,https://www.sec.gov/Archives/edgar/data/60667/000006066724000175/exhibit991-12112024.htm,0000060667-24-000175,8-K,2024-12-11,2026-10-01T13:56:18Z,5d9c79f376dbbbd23343de4271bdcf997f0848040c87afcaf2f61e071efa538e,•Adjusted operating income as a percentage of sales (adjusted operating margin) of 12.3% to 12.4%,,,,,,,,,,"reported value falls outside [12.3, 12.4]",open,,,,,,,,,,,2026-10-02,navneet,false,false,,false,false,false,unresolved,section,Full Year 2024 Outlook,,,the model found no line reporting that metric for that period,,,yes,Excerpt states 'Adjusted operating income as a percentage of sales (adjusted operating margin) of 12.3% to 12.4%' which matches the non-GAAP operating margin range for FY2024 in the Full Year 2024 Out,,,,,,
01JESG7W008HNV7668031NXWH0,"Lowe's Companies, Inc.",LOW,0000060667,"Lowe's Companies, Inc. expects tax rate of 24.5% for FY2024.",•Adjusted effective income tax rate of approximately 24.5%,tax rate,24.5,24.5,percent,FY2024,2024-12-11,https://www.sec.gov/Archives/edgar/data/60667/000006066724000175/exhibit991-12112024.htm,0000060667-24-000175,8-K,2024-12-11,2026-10-01T13:56:18Z,5d9c79f376dbbbd23343de4271bdcf997f0848040c87afcaf2f61e071efa538e,•Adjusted effective income tax rate of approximately 24.5%,24.5,2025-02-26,https://www.sec.gov/Archives/edgar/data/60667/000006066725000018/exhibit991-01312025.htm,0000060667-25-000018,8-K,2025-02-26,2026-10-01T13:56:19Z,3c0e8e531e72021a000cf9321b24593719f81fc9347db41eb736af55a4dc63be,Effective income tax rate of approximately 24.5%,reported value differs from 24.5 by more than 0.5%,open,,,,,,,,,77,,2026-10-02,navneet,false,false,,false,false,false,met,section,Full Year 2024 Outlook,,,,,,yes,"Excerpt states 'Adjusted effective income tax rate of approximately 24.5%' under 'Full Year 2024 Outlook' heading, matching the metric, value, and period.",,,,,,
01JESG7W00J1ZH8FD96QJ4BXZ7,"Lowe's Companies, Inc.",LOW,0000060667,"Lowe's Companies, Inc. expects EPS non-GAAP of $11.8 per share to $11.9 per share for FY2024.",•Adjusted diluted earnings per share of approximately $11.80 to $11.90,EPS non-GAAP,11.8,11.9,USD per share,FY2024,2024-12-11,https://www.sec.gov/Archives/edgar/data/60667/000006066724000175/exhibit991-12112024.htm,0000060667-24-000175,8-K,2024-12-11,2026-10-01T13:56:18Z,5d9c79f376dbbbd23343de4271bdcf997f0848040c87afcaf2f61e071efa538e,•Adjusted diluted earnings per share of approximately $11.80 to $11.90,11.8,2025-02-26,https://www.sec.gov/Archives/edgar/data/60667/000006066725000018/exhibit991-01312025.htm,0000060667-25-000018,8-K,2025-02-26,2026-10-01T13:56:19Z,3c0e8e531e72021a000cf9321b24593719f81fc9347db41eb736af55a4dc63be,Adjusted diluted earnings per share $ 1.93,"reported value falls outside [11.8, 11.9]",open,,,,,,,,,77,,2026-10-02,navneet,false,false,,false,false,false,met,section,Full Year 2024 Outlook,,,,,,yes,"Excerpt states 'Adjusted diluted earnings per share of approximately $11.80 to $11.90' under 'Full Year 2024 Outlook', which matches the non-GAAP EPS guidance of $11.8 to $11.9 per share for FY2024.",,,,,,
01JMZRV700Y0FFT7TXA14GSDWJ,"Lowe's Companies, Inc.",LOW,0000060667,"Lowe's Companies, Inc. expects revenue of $83.5 billion to $84.5 billion for FY2025.",•Total sales of $83.5 to $84.5 billion,revenue,83.5,84.5,USD billions,FY2025,2025-02-26,https://www.sec.gov/Archives/edgar/data/60667/000006066725000018/exhibit991-01312025.htm,0000060667-25-000018,8-K,2025-02-26,2026-10-01T13:56:19Z,3c0e8e531e72021a000cf9321b24593719f81fc9347db41eb736af55a4dc63be,•Total sales of $83.5 to $84.5 billion,,,,,,,,,,"reported value falls outside [83.5, 84.5]",open,,,,,,,,,,,2026-10-02,navneet,false,false,,false,false,false,unresolved,section,Full Year 2025 Outlook,,,"multi-column, unconfirmed",,,yes,"Excerpt states 'Total sales of $83.5 to $84.5 billion' under 'Full Year 2025 Outlook' heading, which matches the revenue guidance for FY2025.",,,,,,
01JMZRV700YWFY3KVT2NHTZ84H,"Lowe's Companies, Inc.",LOW,0000060667,"Lowe's Companies, Inc. expects operating margin GAAP of 12.3% to 12.4% for FY2025.",•Operating income as a percentage of sales (operating margin) of 12.3% to 12.4%,operating margin GAAP,12.3,12.4,percent,FY2025,2025-02-26,https://www.sec.gov/Archives/edgar/data/60667/000006066725000018/exhibit991-01312025.htm,0000060667-25-000018,8-K,2025-02-26,2026-10-01T13:56:19Z,3c0e8e531e72021a000cf9321b24593719f81fc9347db41eb736af55a4dc63be,•Operating income as a percentage of sales (operating margin) of 12.3% to 12.4%,,,,,,,,,,"reported value falls outside [12.3, 12.4]",open,,,,,,,,,,,2026-10-02,navneet,false,false,,false,false,false,unresolved,section,Full Year 2025 Outlook,,,the model found no line reporting that metric for that period,,,yes,"Excerpt states 'Operating income as a percentage of sales (operating margin) of 12.3% to 12.4%' which directly matches the metric (operating margin GAAP), numbers (12.3% to 12.4%), and period (FY2025 ",,,,,,
01JMZRV700VK3CWD0MQ83762EB,"Lowe's Companies, Inc.",LOW,0000060667,"Lowe's Companies, Inc. expects tax rate of 24.5% for FY2025.",•Effective income tax rate of approximately 24.5%,tax rate,24.5,24.5,percent,FY2025,2025-02-26,https://www.sec.gov/Archives/edgar/data/60667/000006066725000018/exhibit991-01312025.htm,0000060667-25-000018,8-K,2025-02-26,2026-10-01T13:56:19Z,3c0e8e531e72021a000cf9321b24593719f81fc9347db41eb736af55a4dc63be,•Effective income tax rate of approximately 24.5%,24.5,2026-02-25,https://www.sec.gov/Archives/edgar/data/60667/000006066726000020/exhibit991-01302026.htm,0000060667-26-000020,8-K,2026-02-25,2026-10-01T13:56:26Z,08669e4bcc398bef64f0859f91f53243b1a830178020c28472aa3d21e69b3f21,Effective income tax rate of approximately 24.5%,reported value differs from 24.5 by more than 0.5%,open,,,,,,,,,364,,2026-10-02,navneet,false,false,,false,false,false,met,section,Full Year 2025 Outlook,,,,,,yes,"Excerpt states 'Effective income tax rate of approximately 24.5%' under 'Full Year 2025 Outlook' heading, matching the metric, value, and period.",,,,,,
01JMZRV700R1RWZTBBQ3M256EB,"Lowe's Companies, Inc.",LOW,0000060667,"Lowe's Companies, Inc. expects EPS GAAP of $12.15 per share to $12.4 per share for FY2025.",•Diluted earnings per share of approximately $12.15 to $12.40,EPS GAAP,12.15,12.4,USD per share,FY2025,2025-02-26,https://www.sec.gov/Archives/edgar/data/60667/000006066725000018/exhibit991-01312025.htm,0000060667-25-000018,8-K,2025-02-26,2026-10-01T13:56:19Z,3c0e8e531e72021a000cf9321b24593719f81fc9347db41eb736af55a4dc63be,•Diluted earnings per share of approximately $12.15 to $12.40,,,,,,,,,,"reported value falls outside [12.15, 12.4]",open,,,,,,,,,,,2026-10-02,navneet,false,false,,false,false,false,unresolved,section,Full Year 2025 Outlook,,,the model found no line reporting that metric for that period,,,yes,Excerpt states 'Diluted earnings per share of approximately $12.15 to $12.40' which matches the GAAP EPS guidance range of $12.15 to $12.40 per share for FY2025 under the 'Full Year 2025 Outlook' head,,,,,,
01JVR27K00VV8GSJHG0JSVVCKJ,"Lowe's Companies, Inc.",LOW,0000060667,"Lowe's Companies, Inc. expects revenue of $83.5 billion to $84.5 billion for FY2025.",•Total sales of $83.5 to $84.5 billion,revenue,83.5,84.5,USD billions,FY2025,2025-05-21,https://www.sec.gov/Archives/edgar/data/60667/000006066725000091/exhibit991-05022025.htm,0000060667-25-000091,8-K,2025-05-21,2026-10-01T13:56:20Z,0f0a8e4767b50abe7f8da3abde2670b5f4b41113fe28a725350e8f0bb505e543,•Total sales of $83.5 to $84.5 billion,,,,,,,,,,"reported value falls outside [83.5, 84.5]",open,,,,,,,,,,,2026-10-02,navneet,false,false,,false,false,false,unresolved,section,Full Year 2025 Outlook,,,"multi-column, unconfirmed",,,yes,"Excerpt states 'Total sales of $83.5 to $84.5 billion' under 'Full Year 2025 Outlook' heading, which matches the revenue guidance for FY2025.",,,,,,
01JVR27K00557N5MHK9AQQYX2P,"Lowe's Companies, Inc.",LOW,0000060667,"Lowe's Companies, Inc. expects operating margin GAAP of 12.3% to 12.4% for FY2025.",•Operating income as a percentage of sales (operating margin) of 12.3% to 12.4%,operating margin GAAP,12.3,12.4,percent,FY2025,2025-05-21,https://www.sec.gov/Archives/edgar/data/60667/000006066725000091/exhibit991-05022025.htm,0000060667-25-000091,8-K,2025-05-21,2026-10-01T13:56:20Z,0f0a8e4767b50abe7f8da3abde2670b5f4b41113fe28a725350e8f0bb505e543,•Operating income as a percentage of sales (operating margin) of 12.3% to 12.4%,,,,,,,,,,"reported value falls outside [12.3, 12.4]",open,,,,,,,,,,,2026-10-02,navneet,false,false,,false,false,false,unresolved,section,Full Year 2025 Outlook,,,the model found no line reporting that metric for that period,,,yes,"Excerpt states 'Operating income as a percentage of sales (operating margin) of 12.3% to 12.4%' which matches the metric (operating margin GAAP), the range (12.3% to 12.4%), and the period (FY2025 per",,,,,,
01JVR27K00B6M51EW72VHHK8TR,"Lowe's Companies, Inc.",LOW,0000060667,"Lowe's Companies, Inc. expects tax rate of 24.5% for FY2025.",•Effective income tax rate of approximately 24.5%,tax rate,24.5,24.5,percent,FY2025,2025-05-21,https://www.sec.gov/Archives/edgar/data/60667/000006066725000091/exhibit991-05022025.htm,0000060667-25-000091,8-K,2025-05-21,2026-10-01T13:56:20Z,0f0a8e4767b50abe7f8da3abde2670b5f4b41113fe28a725350e8f0bb505e543,•Effective income tax rate of approximately 24.5%,24.5,2026-02-25,https://www.sec.gov/Archives/edgar/data/60667/000006066726000020/exhibit991-01302026.htm,0000060667-26-000020,8-K,2026-02-25,2026-10-01T13:56:26Z,08669e4bcc398bef64f0859f91f53243b1a830178020c28472aa3d21e69b3f21,Effective income tax rate of approximately 24.5%,reported value differs from 24.5 by more than 0.5%,open,,,,,,,,,280,,2026-10-02,navneet,false,false,,false,false,false,met,section,Full Year 2025 Outlook,,,,,,yes,"Excerpt states 'Effective income tax rate of approximately 24.5%' under 'Full Year 2025 Outlook' heading, matching the metric, value, and period.",,,,,,
01JVR27K009Z5CWFHVBMZ3RD40,"Lowe's Companies, Inc.",LOW,0000060667,"Lowe's Companies, Inc. expects EPS GAAP of $12.15 per share to $12.4 per share for FY2025.",•Diluted earnings per share of approximately $12.15 to $12.40,EPS GAAP,12.15,12.4,USD per share,FY2025,2025-05-21,https://www.sec.gov/Archives/edgar/data/60667/000006066725000091/exhibit991-05022025.htm,0000060667-25-000091,8-K,2025-05-21,2026-10-01T13:56:20Z,0f0a8e4767b50abe7f8da3abde2670b5f4b41113fe28a725350e8f0bb505e543,•Diluted earnings per share of approximately $12.15 to $12.40,,,,,,,,,,"reported value falls outside [12.15, 12.4]",open,,,,,,,,,,,2026-10-02,navneet,false,false,,false,false,false,unresolved,section,Full Year 2025 Outlook,,,the model found no line reporting that metric for that period,,,yes,Excerpt states 'Diluted earnings per share of approximately $12.15 to $12.40' which matches the GAAP EPS guidance range of $12.15 to $12.40 per share for FY2025 under the 'Full Year 2025 Outlook' head,,,,,,
01K32CD000F6ARYWQA34E29BQB,"Lowe's Companies, Inc.",LOW,0000060667,"Lowe's Companies, Inc. expects revenue of $84.5 billion to $85.5 billion for FY2025.",•Total sales of $84.5 to $85.5 billion (previously $83.5 to $84.5 billion),revenue,84.5,85.5,USD billions,FY2025,2025-08-20,https://www.sec.gov/Archives/edgar/data/60667/000006066725000161/exhibit991-08012025.htm,0000060667-25-000161,8-K,2025-08-20,2026-10-01T13:56:22Z,e938fe2a52ed393c34ba4b2dd7c021f22eccdb97aeb35e418d20961e94cddc6c,•Total sales of $84.5 to $85.5 billion (previously $83.5 to $84.5 billion),,,,,,,,,,"reported value falls outside [84.5, 85.5]",open,,,,,,,,,,,2026-10-02,navneet,false,false,,false,false,false,unresolved,section,Full Year 2025 Outlook,,,"multi-column, unconfirmed",,,yes,Excerpt states 'Total sales of $84.5 to $85.5 billion' which matches the revenue guidance range exactly for FY2025,,,,,,
01K32CD00033YT5FNN5XEQQA5Q,"Lowe's Companies, Inc.",LOW,0000060667,"Lowe's Companies, Inc. expects operating margin GAAP of 12.1% to 12.2% for FY2025.","•Operating income as a percentage of sales (operating margin) of 12.1% to 12.2%
(previously 12.3% to 12.4%)",operating margin GAAP,12.1,12.2,percent,FY2025,2025-08-20,https://www.sec.gov/Archives/edgar/data/60667/000006066725000161/exhibit991-08012025.htm,0000060667-25-000161,8-K,2025-08-20,2026-10-01T13:56:22Z,e938fe2a52ed393c34ba4b2dd7c021f22eccdb97aeb35e418d20961e94cddc6c,"•Operating income as a percentage of sales (operating margin) of 12.1% to 12.2%
(previously 12.3% to 12.4%)",,,,,,,,,,"reported value falls outside [12.1, 12.2]",open,,,,,,,,,,,2026-10-02,navneet,false,false,,false,false,false,unresolved,section,Full Year 2025 Outlook,,,the model found no line reporting that metric for that period,,,yes,"Excerpt states 'Operating income as a percentage of sales (operating margin) of 12.1% to 12.2%' for Full Year 2025 Outlook, matching the metric, range, and period exactly.",,,,,,
01K32CD0000SE9JMYVR3Q9JK6S,"Lowe's Companies, Inc.",LOW,0000060667,"Lowe's Companies, Inc. expects operating margin non-GAAP of 12.2% to 12.3% for FY2025.",•Adjusted operating income as a percentage of sales (adjusted operating margin) of 12.2% to 12.3%,operating margin non-GAAP,12.2,12.3,percent,FY2025,2025-08-20,https://www.sec.gov/Archives/edgar/data/60667/000006066725000161/exhibit991-08012025.htm,0000060667-25-000161,8-K,2025-08-20,2026-10-01T13:56:22Z,e938fe2a52ed393c34ba4b2dd7c021f22eccdb97aeb35e418d20961e94cddc6c,•Adjusted operating income as a percentage of sales (adjusted operating margin) of 12.2% to 12.3%,,,,,,,,,,"reported value falls outside [12.2, 12.3]",open,,,,,,,,,,,2026-10-02,navneet,false,false,,false,false,false,unresolved,section,Full Year 2025 Outlook,,,the model found no line reporting that metric for that period,,,yes,Excerpt states 'Adjusted operating income as a percentage of sales (adjusted operating margin) of 12.2% to 12.3%' which matches the non-GAAP operating margin range for FY2025 under the 'Full Year 2025,,,,,,
01K32CD000BPWSG7FPMY2SVCGC,"Lowe's Companies, Inc.",LOW,0000060667,"Lowe's Companies, Inc. expects tax rate of 24.5% for FY2025.",•Effective income tax rate of approximately 24.5%,tax rate,24.5,24.5,percent,FY2025,2025-08-20,https://www.sec.gov/Archives/edgar/data/60667/000006066725000161/exhibit991-08012025.htm,0000060667-25-000161,8-K,2025-08-20,2026-10-01T13:56:22Z,e938fe2a52ed393c34ba4b2dd7c021f22eccdb97aeb35e418d20961e94cddc6c,•Effective income tax rate of approximately 24.5%,24.5,2026-02-25,https://www.sec.gov/Archives/edgar/data/60667/000006066726000020/exhibit991-01302026.htm,0000060667-26-000020,8-K,2026-02-25,2026-10-01T13:56:26Z,08669e4bcc398bef64f0859f91f53243b1a830178020c28472aa3d21e69b3f21,Effective income tax rate of approximately 24.5%,reported value differs from 24.5 by more than 0.5%,open,,,,,,,,,189,,2026-10-02,navneet,false,false,,false,false,false,met,section,Full Year 2025 Outlook,,,,,,yes,"Excerpt states 'Effective income tax rate of approximately 24.5%' under 'Full Year 2025 Outlook' heading, matching the metric, value, and period.",,,,,,
01K32CD000QKEMHH3DZECWQ63X,"Lowe's Companies, Inc.",LOW,0000060667,"Lowe's Companies, Inc. expects EPS GAAP of $12.1 per share to $12.35 per share for FY2025.",•Diluted earnings per share of approximately $12.10 to $12.35 (previously $12.15 to $12.40),EPS GAAP,12.1,12.35,USD per share,FY2025,2025-08-20,https://www.sec.gov/Archives/edgar/data/60667/000006066725000161/exhibit991-08012025.htm,0000060667-25-000161,8-K,2025-08-20,2026-10-01T13:56:22Z,e938fe2a52ed393c34ba4b2dd7c021f22eccdb97aeb35e418d20961e94cddc6c,•Diluted earnings per share of approximately $12.10 to $12.35 (previously $12.15 to $12.40),,,,,,,,,,"reported value falls outside [12.1, 12.35]",open,,,,,,,,,,,2026-10-02,navneet,false,false,,false,false,false,unresolved,section,Full Year 2025 Outlook,,,the model found no line reporting that metric for that period,,,yes,"Excerpt states 'Diluted earnings per share of approximately $12.10 to $12.35' for Full Year 2025, matching the claimed GAAP EPS range of $12.1 to $12.35 per share for FY2025.",,,,,,
01K32CD0008RMHQVB58XGRQMTA,"Lowe's Companies, Inc.",LOW,0000060667,"Lowe's Companies, Inc. expects EPS non-GAAP of $12.2 per share to $12.45 per share for FY2025.",•Adjusted diluted earnings per share of approximately $12.20 to $12.45,EPS non-GAAP,12.2,12.45,USD per share,FY2025,2025-08-20,https://www.sec.gov/Archives/edgar/data/60667/000006066725000161/exhibit991-08012025.htm,0000060667-25-000161,8-K,2025-08-20,2026-10-01T13:56:22Z,e938fe2a52ed393c34ba4b2dd7c021f22eccdb97aeb35e418d20961e94cddc6c,•Adjusted diluted earnings per share of approximately $12.20 to $12.45,,,,,,,,,,"reported value falls outside [12.2, 12.45]",open,,,,,,,,,,,2026-10-02,navneet,false,false,,false,false,false,unresolved,section,Full Year 2025 Outlook,,,the model found no line reporting that metric for that period,,,yes,Excerpt states 'Adjusted diluted earnings per share of approximately $12.20 to $12.45' which matches the non-GAAP EPS range of $12.2 to $12.45 per share for FY2025 under the 'Full Year 2025 Outlook' h,,,,,,
01KACPJD00QBYPCPGN8XE2B6P6,"Lowe's Companies, Inc.",LOW,0000060667,"Lowe's Companies, Inc. expects revenue of $86 billion for FY2025.",•Total sales of $86.0 billion (previously $84.5 to $85.5 billion),revenue,86.0,86.0,USD billions,FY2025,2025-11-19,https://www.sec.gov/Archives/edgar/data/60667/000006066725000203/exhibit991-10312025.htm,0000060667-25-000203,8-K,2025-11-19,2026-10-01T13:56:25Z,941af4f9c1f60d10c5293a8be89fce613a18785625e4ee5cf60088d5a0d93457,•Total sales of $86.0 billion (previously $84.5 to $85.5 billion),,,,,,,,,,reported value differs from 86 by more than 0.5%,open,,,,,,,,,,,2026-10-02,navneet,false,false,,false,false,false,unresolved,section,Full Year 2025 Outlook,,,"multi-column, unconfirmed",,,yes,"Excerpt states 'Total sales of $86.0 billion' for Full Year 2025, which matches the metric (revenue/sales), number ($86.0 billion), and period (FY2025).",,,,,,
01KACPJD006388NERVCNG732DX,"Lowe's Companies, Inc.",LOW,0000060667,"Lowe's Companies, Inc. expects operating margin non-GAAP of 12.1% for FY2025.","•Adjusted operating income as a percentage of sales (adjusted operating margin) of 12.1%
(previously 12.2% to 12.3%)",operating margin non-GAAP,12.1,12.1,percent,FY2025,2025-11-19,https://www.sec.gov/Archives/edgar/data/60667/000006066725000203/exhibit991-10312025.htm,0000060667-25-000203,8-K,2025-11-19,2026-10-01T13:56:25Z,941af4f9c1f60d10c5293a8be89fce613a18785625e4ee5cf60088d5a0d93457,"•Adjusted operating income as a percentage of sales (adjusted operating margin) of 12.1%
(previously 12.2% to 12.3%)",,,,,,,,,,reported value differs from 12.1 by more than 0.5%,open,,,,,,,,,,,2026-10-02,navneet,false,false,,false,false,false,unresolved,section,Full Year 2025 Outlook,,,the model found no line reporting that metric for that period,,,yes,Excerpt states 'Adjusted operating income as a percentage of sales (adjusted operating margin) of 12.1%' which matches the non-GAAP operating margin of 12.1% for FY2025 guidance.,,,,,,
01KACPJD006R7HVVT40EAGQPTP,"Lowe's Companies, Inc.",LOW,0000060667,"Lowe's Companies, Inc. expects tax rate of 24% for FY2025.",•Effective income tax rate of approximately 24.0% (previously 24.5%),tax rate,24.0,24.0,percent,FY2025,2025-11-19,https://www.sec.gov/Archives/edgar/data/60667/000006066725000203/exhibit991-10312025.htm,0000060667-25-000203,8-K,2025-11-19,2026-10-01T13:56:25Z,941af4f9c1f60d10c5293a8be89fce613a18785625e4ee5cf60088d5a0d93457,•Effective income tax rate of approximately 24.0% (previously 24.5%),,,,,,,,,,reported value differs from 24 by more than 0.5%,open,,,,,,,,,,,2026-10-02,navneet,false,false,,false,false,false,unresolved,section,Full Year 2025 Outlook,,,the model found no line reporting that metric for that period,,,yes,"Excerpt states 'Effective income tax rate of approximately 24.0%' for Full Year 2025, matching the 24% guidance for FY2025.",,,,,,
01KACPJD0033PJBBT1TW9TJ3BA,"Lowe's Companies, Inc.",LOW,0000060667,"Lowe's Companies, Inc. expects EPS non-GAAP of $12.25 per share for FY2025.",•Adjusted diluted earnings per share of approximately $12.25 (previously $12.20 to $12.45),EPS non-GAAP,12.25,12.25,USD per share,FY2025,2025-11-19,https://www.sec.gov/Archives/edgar/data/60667/000006066725000203/exhibit991-10312025.htm,0000060667-25-000203,8-K,2025-11-19,2026-10-01T13:56:25Z,941af4f9c1f60d10c5293a8be89fce613a18785625e4ee5cf60088d5a0d93457,•Adjusted diluted earnings per share of approximately $12.25 (previously $12.20 to $12.45),,,,,,,,,,reported value differs from 12.25 by more than 0.5%,open,,,,,,,,,,,2026-10-02,navneet,false,false,,false,false,false,unresolved,section,Full Year 2025 Outlook,,,the model found no line reporting that metric for that period,,,yes,"Excerpt states 'Adjusted diluted earnings per share of approximately $12.25' for Full Year 2025, which matches the non-GAAP EPS guidance of $12.25 per share for FY2025.",,,,,,
01KJ91GV00Z2PY5S4XA30AEQV4,"Lowe's Companies, Inc.",LOW,0000060667,"Lowe's Companies, Inc. expects operating margin GAAP of 11.2% to 11.4% for FY2026.",•Operating income as a percentage of sales (operating margin) of 11.2% to 11.4%,operating margin GAAP,11.2,11.4,percent,FY2026,2026-02-25,https://www.sec.gov/Archives/edgar/data/60667/000006066726000020/exhibit991-01302026.htm,0000060667-26-000020,8-K,2026-02-25,2026-10-01T13:56:26Z,08669e4bcc398bef64f0859f91f53243b1a830178020c28472aa3d21e69b3f21,•Operating income as a percentage of sales (operating margin) of 11.2% to 11.4%,,,,,,,,,,"reported value falls outside [11.2, 11.4]",open,,,,,,,,,,,2026-10-02,navneet,false,false,,false,false,false,unresolved,section,Full Year 2026 Outlook,,,no later 8-K release for that period found,,,yes,"Excerpt states 'Operating income as a percentage of sales (operating margin) of 11.2% to 11.4%' under 'Full Year 2026 Outlook', matching the metric, range, and period exactly.",,,,,,
01KJ91GV00R2P4H47NM9PV5DN8,"Lowe's Companies, Inc.",LOW,0000060667,"Lowe's Companies, Inc. expects operating margin non-GAAP of 11.6% to 11.8% for FY2026.",•Adjusted1 operating income as a percentage of sales (adjusted operating margin) of 11.6% to 11.8%,operating margin non-GAAP,11.6,11.8,percent,FY2026,2026-02-25,https://www.sec.gov/Archives/edgar/data/60667/000006066726000020/exhibit991-01302026.htm,0000060667-26-000020,8-K,2026-02-25,2026-10-01T13:56:26Z,08669e4bcc398bef64f0859f91f53243b1a830178020c28472aa3d21e69b3f21,•Adjusted1 operating income as a percentage of sales (adjusted operating margin) of 11.6% to 11.8%,,,,,,,,,,"reported value falls outside [11.6, 11.8]",open,,,,,,,,,,,2026-10-02,navneet,false,false,,false,false,false,unresolved,section,Full Year 2026 Outlook,,,no later 8-K release for that period found,,,yes,"Excerpt states 'Adjusted operating margin of 11.6% to 11.8%' for Full Year 2026, matching the metric (operating margin non-GAAP), numbers (11.6% to 11.8%), and period (FY2026) exactly.",,,,,,
01KJ91GV001QZPYF395BJMB14N,"Lowe's Companies, Inc.",LOW,0000060667,"Lowe's Companies, Inc. expects tax rate of 24.5% for FY2026.",•Effective income tax rate of approximately 24.5%,tax rate,24.5,24.5,percent,FY2026,2026-02-25,https://www.sec.gov/Archives/edgar/data/60667/000006066726000020/exhibit991-01302026.htm,0000060667-26-000020,8-K,2026-02-25,2026-10-01T13:56:26Z,08669e4bcc398bef64f0859f91f53243b1a830178020c28472aa3d21e69b3f21,•Effective income tax rate of approximately 24.5%,,,,,,,,,,reported value differs from 24.5 by more than 0.5%,open,,,,,,,,,,,2026-10-02,navneet,false,false,,false,false,false,unresolved,section,Full Year 2026 Outlook,,,no later 8-K release for that period found,,,yes,"Excerpt states 'Effective income tax rate of approximately 24.5%' under 'Full Year 2026 Outlook' heading, matching the metric, value, and period.",,,,,,
01KJ91GV00SGK7XHK4387Q3FFT,"Lowe's Companies, Inc.",LOW,0000060667,"Lowe's Companies, Inc. expects EPS GAAP of $11.75 per share to $12.25 per share for FY2026.",•Diluted earnings per share of approximately $11.75 to $12.25,EPS GAAP,11.75,12.25,USD per share,FY2026,2026-02-25,https://www.sec.gov/Archives/edgar/data/60667/000006066726000020/exhibit991-01302026.htm,0000060667-26-000020,8-K,2026-02-25,2026-10-01T13:56:26Z,08669e4bcc398bef64f0859f91f53243b1a830178020c28472aa3d21e69b3f21,•Diluted earnings per share of approximately $11.75 to $12.25,,,,,,,,,,"reported value falls outside [11.75, 12.25]",open,,,,,,,,,,,2026-10-02,navneet,false,false,,false,false,false,unresolved,section,Full Year 2026 Outlook,,,no later 8-K release for that period found,,,yes,Excerpt states 'Diluted earnings per share of approximately $11.75 to $12.25' which matches the GAAP EPS guidance range for FY2026 under the 'Full Year 2026 Outlook' heading.,,,,,,
01KJ91GV0038DMH0TWRQ3B6GJZ,"Lowe's Companies, Inc.",LOW,0000060667,"Lowe's Companies, Inc. expects EPS non-GAAP of $12.25 per share to $12.75 per share for FY2026.",•Adjusted1 diluted earnings per share of approximately $12.25 to $12.75,EPS non-GAAP,12.25,12.75,USD per share,FY2026,2026-02-25,https://www.sec.gov/Archives/edgar/data/60667/000006066726000020/exhibit991-01302026.htm,0000060667-26-000020,8-K,2026-02-25,2026-10-01T13:56:26Z,08669e4bcc398bef64f0859f91f53243b1a830178020c28472aa3d21e69b3f21,•Adjusted1 diluted earnings per share of approximately $12.25 to $12.75,,,,,,,,,,"reported value falls outside [12.25, 12.75]",open,,,,,,,,,,,2026-10-02,navneet,false,false,,false,false,false,unresolved,section,Full Year 2026 Outlook,,,no later 8-K release for that period found,,,yes,Excerpt states 'Adjusted diluted earnings per share of approximately $12.25 to $12.75' which matches the non-GAAP EPS range for FY2026 under the 'Full Year 2026 Outlook' heading.,,,,,,
01KS1AX700ERWMSF02A83GARX2,"Lowe's Companies, Inc.",LOW,0000060667,"Lowe's Companies, Inc. expects operating margin GAAP of 11.2% to 11.4% for FY2026.",•Operating income as a percentage of sales (operating margin) of 11.2% to 11.4%,operating margin GAAP,11.2,11.4,percent,FY2026,2026-05-20,https://www.sec.gov/Archives/edgar/data/60667/000006066726000062/exhibit991-05012026.htm,0000060667-26-000062,8-K,2026-05-20,2026-10-01T13:56:28Z,c932bd63d7037eea0f41e6be0f4862705465fccf50e4347e9379606a1db621be,•Operating income as a percentage of sales (operating margin) of 11.2% to 11.4%,,,,,,,,,,"reported value falls outside [11.2, 11.4]",open,,,,,,,,,,,2026-10-02,navneet,false,false,,false,false,false,unresolved,section,Full Year 2026 Outlook,,,no later 8-K release for that period found,,,yes,"Excerpt states 'Operating income as a percentage of sales (operating margin) of 11.2% to 11.4%' under 'Full Year 2026 Outlook', matching the metric, range, and period exactly.",,,,,,
01KS1AX700VMD0QV68HV4QZXTQ,"Lowe's Companies, Inc.",LOW,0000060667,"Lowe's Companies, Inc. expects operating margin non-GAAP of 11.6% to 11.8% for FY2026.",•Adjusted1 operating income as a percentage of sales (adjusted operating margin) of 11.6% to 11.8%,operating margin non-GAAP,11.6,11.8,percent,FY2026,2026-05-20,https://www.sec.gov/Archives/edgar/data/60667/000006066726000062/exhibit991-05012026.htm,0000060667-26-000062,8-K,2026-05-20,2026-10-01T13:56:28Z,c932bd63d7037eea0f41e6be0f4862705465fccf50e4347e9379606a1db621be,•Adjusted1 operating income as a percentage of sales (adjusted operating margin) of 11.6% to 11.8%,,,,,,,,,,"reported value falls outside [11.6, 11.8]",open,,,,,,,,,,,2026-10-02,navneet,false,false,,false,false,false,unresolved,section,Full Year 2026 Outlook,,,no later 8-K release for that period found,,,yes,"Excerpt states 'Adjusted operating margin of 11.6% to 11.8%' for Full Year 2026, matching the claimed non-GAAP operating margin range for FY2026.",,,,,,
01KS1AX7001K2NA64YRGCRRDQM,"Lowe's Companies, Inc.",LOW,0000060667,"Lowe's Companies, Inc. expects tax rate of 24.5% for FY2026.",•Effective income tax rate of approximately 24.5%,tax rate,24.5,24.5,percent,FY2026,2026-05-20,https://www.sec.gov/Archives/edgar/data/60667/000006066726000062/exhibit991-05012026.htm,0000060667-26-000062,8-K,2026-05-20,2026-10-01T13:56:28Z,c932bd63d7037eea0f41e6be0f4862705465fccf50e4347e9379606a1db621be,•Effective income tax rate of approximately 24.5%,,,,,,,,,,reported value differs from 24.5 by more than 0.5%,open,,,,,,,,,,,2026-10-02,navneet,false,false,,false,false,false,unresolved,section,Full Year 2026 Outlook,,,no later 8-K release for that period found,,,yes,"Excerpt states 'Effective income tax rate of approximately 24.5%' under 'Full Year 2026 Outlook' heading, matching the metric, value, and period.",,,,,,
01KS1AX700EW2XWARPDJQBD2VX,"Lowe's Companies, Inc.",LOW,0000060667,"Lowe's Companies, Inc. expects EPS GAAP of $11.75 per share to $12.25 per share for FY2026.",•Diluted earnings per share of approximately $11.75 to $12.25,EPS GAAP,11.75,12.25,USD per share,FY2026,2026-05-20,https://www.sec.gov/Archives/edgar/data/60667/000006066726000062/exhibit991-05012026.htm,0000060667-26-000062,8-K,2026-05-20,2026-10-01T13:56:28Z,c932bd63d7037eea0f41e6be0f4862705465fccf50e4347e9379606a1db621be,•Diluted earnings per share of approximately $11.75 to $12.25,,,,,,,,,,"reported value falls outside [11.75, 12.25]",open,,,,,,,,,,,2026-10-02,navneet,false,false,,false,false,false,unresolved,section,Full Year 2026 Outlook,,,no later 8-K release for that period found,,,yes,Excerpt states 'Diluted earnings per share of approximately $11.75 to $12.25' which matches the GAAP EPS guidance range for FY2026 under the 'Full Year 2026 Outlook' heading.,,,,,,
01KS1AX7000TX550GG8JZSRRQ5,"Lowe's Companies, Inc.",LOW,0000060667,"Lowe's Companies, Inc. expects EPS non-GAAP of $12.25 per share to $12.75 per share for FY2026.",•Adjusted1 diluted earnings per share of approximately $12.25 to $12.75,EPS non-GAAP,12.25,12.75,USD per share,FY2026,2026-05-20,https://www.sec.gov/Archives/edgar/data/60667/000006066726000062/exhibit991-05012026.htm,0000060667-26-000062,8-K,2026-05-20,2026-10-01T13:56:28Z,c932bd63d7037eea0f41e6be0f4862705465fccf50e4347e9379606a1db621be,•Adjusted1 diluted earnings per share of approximately $12.25 to $12.75,,,,,,,,,,"reported value falls outside [12.25, 12.75]",open,,,,,,,,,,,2026-10-02,navneet,false,false,,false,false,false,unresolved,section,Full Year 2026 Outlook,,,no later 8-K release for that period found,,,yes,Excerpt states 'Adjusted diluted earnings per share of approximately $12.25 to $12.75' which matches the non-GAAP EPS range for FY2026 under the 'Full Year 2026 Outlook' heading.,,,,,,
01M0BN2M00HA4QH4AVGWG0YVPB,"Lowe's Companies, Inc.",LOW,0000060667,"Lowe's Companies, Inc. expects revenue of $92 billion for FY2026.",•Total sales of $92.0 billion (previously $92.0 to 94.0 billion),revenue,92.0,92.0,USD billions,FY2026,2026-08-19,https://www.sec.gov/Archives/edgar/data/60667/000006066726000113/exhibit991-07312026.htm,0000060667-26-000113,8-K,2026-08-19,2026-10-01T13:56:30Z,2fd01ea552e03d36afea43a9feb791956bc954a6ea83e1e22ccb4fffdda34fd6,•Total sales of $92.0 billion (previously $92.0 to 94.0 billion),,,,,,,,,,reported value differs from 92 by more than 0.5%,open,,,,,,,,,,,2026-10-02,navneet,false,false,,false,false,false,unresolved,section,Fiscal Year 2026 Outlook,,,no later 8-K release for that period found,,,yes,"Excerpt states 'Total sales of $92.0 billion' for Fiscal Year 2026, which matches the metric (revenue/sales), number ($92 billion), and period (FY2026).",,,,,,
01M0BN2M00BBRTV0AQHV5X9Z6M,"Lowe's Companies, Inc.",LOW,0000060667,"Lowe's Companies, Inc. expects operating margin GAAP of 11.2% for FY2026.",•Operating income as a percentage of sales (operating margin) of 11.2% (previously 11.2% to 11.4%),operating margin GAAP,11.2,11.2,percent,FY2026,2026-08-19,https://www.sec.gov/Archives/edgar/data/60667/000006066726000113/exhibit991-07312026.htm,0000060667-26-000113,8-K,2026-08-19,2026-10-01T13:56:30Z,2fd01ea552e03d36afea43a9feb791956bc954a6ea83e1e22ccb4fffdda34fd6,•Operating income as a percentage of sales (operating margin) of 11.2% (previously 11.2% to 11.4%),,,,,,,,,,reported value differs from 11.2 by more than 0.5%,open,,,,,,,,,,,2026-10-02,navneet,false,false,,false,false,false,unresolved,section,Fiscal Year 2026 Outlook,,,no later 8-K release for that period found,,,yes,"Excerpt states 'Operating income as a percentage of sales (operating margin) of 11.2%' for Fiscal Year 2026, matching the metric, value, and period exactly.",,,,,,
01M0BN2M0022SQD7E2M5RCAK10,"Lowe's Companies, Inc.",LOW,0000060667,"Lowe's Companies, Inc. expects operating margin non-GAAP of 11.6% for FY2026.","•Adjusted1 operating income as a percentage of sales (adjusted operating margin) of 11.6%
(previously 11.6% to 11.8%)",operating margin non-GAAP,11.6,11.6,percent,FY2026,2026-08-19,https://www.sec.gov/Archives/edgar/data/60667/000006066726000113/exhibit991-07312026.htm,0000060667-26-000113,8-K,2026-08-19,2026-10-01T13:56:30Z,2fd01ea552e03d36afea43a9feb791956bc954a6ea83e1e22ccb4fffdda34fd6,"•Adjusted1 operating income as a percentage of sales (adjusted operating margin) of 11.6%
(previously 11.6% to 11.8%)",,,,,,,,,,reported value differs from 11.6 by more than 0.5%,open,,,,,,,,,,,2026-10-02,navneet,false,false,,false,false,false,unresolved,section,Fiscal Year 2026 Outlook,,,no later 8-K release for that period found,,,yes,"Excerpt states 'Adjusted operating margin of 11.6%' for Fiscal Year 2026, matching the metric (operating margin non-GAAP), number (11.6%), and period (FY2026).",,,,,,
01M0BN2M00HTXQH1V1H00F3SSP,"Lowe's Companies, Inc.",LOW,0000060667,"Lowe's Companies, Inc. expects tax rate of 24.5% for FY2026.",•Effective income tax rate of approximately 24.5%,tax rate,24.5,24.5,percent,FY2026,2026-08-19,https://www.sec.gov/Archives/edgar/data/60667/000006066726000113/exhibit991-07312026.htm,0000060667-26-000113,8-K,2026-08-19,2026-10-01T13:56:30Z,2fd01ea552e03d36afea43a9feb791956bc954a6ea83e1e22ccb4fffdda34fd6,•Effective income tax rate of approximately 24.5%,,,,,,,,,,reported value differs from 24.5 by more than 0.5%,open,,,,,,,,,,,2026-10-02,navneet,false,false,,false,false,false,unresolved,section,Fiscal Year 2026 Outlook,,,no later 8-K release for that period found,,,yes,"Excerpt states 'Effective income tax rate of approximately 24.5%' under 'Fiscal Year 2026 Outlook' heading, matching the metric, value, and period exactly.",,,,,,
01M0BN2M00QGZM0WWCCZGKXQJQ,"Lowe's Companies, Inc.",LOW,0000060667,"Lowe's Companies, Inc. expects EPS GAAP of $11.75 per share for FY2026.",•Diluted earnings per share of approximately $11.75 (previously $11.75 to $12.25),EPS GAAP,11.75,11.75,USD per share,FY2026,2026-08-19,https://www.sec.gov/Archives/edgar/data/60667/000006066726000113/exhibit991-07312026.htm,0000060667-26-000113,8-K,2026-08-19,2026-10-01T13:56:30Z,2fd01ea552e03d36afea43a9feb791956bc954a6ea83e1e22ccb4fffdda34fd6,•Diluted earnings per share of approximately $11.75 (previously $11.75 to $12.25),,,,,,,,,,reported value differs from 11.75 by more than 0.5%,open,,,,,,,,,,,2026-10-02,navneet,false,false,,false,false,false,unresolved,section,Fiscal Year 2026 Outlook,,,no later 8-K release for that period found,,,yes,"Excerpt states 'Diluted earnings per share of approximately $11.75' for Fiscal Year 2026, matching the claimed GAAP EPS of $11.75 per share for FY2026.",,,,,,
01M0BN2M004HT69SW7BHWXKKH5,"Lowe's Companies, Inc.",LOW,0000060667,"Lowe's Companies, Inc. expects EPS non-GAAP of $12.25 per share for FY2026.",•Adjusted1 diluted earnings per share of approximately $12.25 (previously $12.25 to $12.75),EPS non-GAAP,12.25,12.25,USD per share,FY2026,2026-08-19,https://www.sec.gov/Archives/edgar/data/60667/000006066726000113/exhibit991-07312026.htm,0000060667-26-000113,8-K,2026-08-19,2026-10-01T13:56:30Z,2fd01ea552e03d36afea43a9feb791956bc954a6ea83e1e22ccb4fffdda34fd6,•Adjusted1 diluted earnings per share of approximately $12.25 (previously $12.25 to $12.75),,,,,,,,,,reported value differs from 12.25 by more than 0.5%,open,,,,,,,,,,,2026-10-02,navneet,false,false,,false,false,false,unresolved,section,Fiscal Year 2026 Outlook,,,no later 8-K release for that period found,,,yes,"Excerpt states 'Adjusted diluted earnings per share of approximately $12.25' for FY2026, which matches the non-GAAP EPS guidance of $12.25 per share.",,,,,,
01D4P40E00SRSY016E9M42CPRJ,"Lowe's Companies, Inc.",LOW,0000060667,,,,,,,,2019-02-27,https://www.sec.gov/Archives/edgar/data/60667/000006066719000022/exhibit991_02012019.htm,0000060667-19-000022,8-K,2019-02-27,2026-10-01T13:55:24Z,6eab84e45285396b55090ed69fbe630c9aa0cb081379fe0e2f9c8b391816d1a4,"MOORESVILLE, N.C. – Lowe’s Companies, Inc. (NYSE: LOW) today reported a net loss of $824 million and diluted loss per share of ($1.03) for the quarter ended Feb. 1, 2019, which included pre-tax charges of $1.6 billion, compared to net earnings of $554 million and diluted earnings per share of $0.67 in the fourth quarter of 2017. Excluding certain charges which are described below, adjusted diluted",,,,,,,,,,,open,,,,,,,,,,,,,false,false,,false,true,false,,section,-- Reiterates Fiscal 2019 Business Outlook --,,,,the model returned no items,,,,,,,,,
01DBEDCT001YWR4FV702AMSGE3,"Lowe's Companies, Inc.",LOW,0000060667,,,,,,,,2019-05-22,https://www.sec.gov/Archives/edgar/data/60667/000006066719000074/exhibit991_05032019.htm,0000060667-19-000074,8-K,2019-05-22,2026-10-01T13:55:26Z,b21eefb81ed085396214d05868a272a7fa804c869b3aab3896131d0f01249f54,"MOORESVILLE, N.C. - Lowe’s Companies, Inc. (NYSE: LOW) today reported net earnings of $1.0 billion and diluted earnings per share of $1.31 for the quarter ended May 3, 2019, compared to net earnings of $988 million and diluted earnings per share of $1.19 in the first quarter of 2018.
The company previously announced its intention to exit its Mexico retail operations and had planned to sell the ope",,,,,,,,,,,open,,,,,,,,,,,,,false,false,,false,true,false,,section,-- Updates Fiscal 2019 Business Outlook --,,,,the model returned no items,,,,,,,,,
01E1ZCP200XRSQTCC0G8W50N6H,"Lowe's Companies, Inc.",LOW,0000060667,,,,,,,,2020-02-26,https://www.sec.gov/Archives/edgar/data/60667/000006066720000029/exhibit991_01312020.htm,0000060667-20-000029,8-K,2020-02-26,2026-10-01T13:55:33Z,f08dbbd50b78658cd11b34854234feba86491036095192e9eb66095a0914b760,"-- Expects Strong Adjusted Operating Income1 Growth of 8 to 12 percent in 2020 --
MOORESVILLE, N.C. – Lowe’s Companies, Inc. (NYSE: LOW) today reported net earnings of $509 million and diluted earnings per share of $0.66 for the quarter ended Jan. 31, 2020, which included pre-tax operating costs and charges of $185 million further described below, compared to a net loss of $824 million and diluted",,,,,,,,,,,open,,,,,,,,,,,,,false,false,,false,true,false,,section,-- Provides Fiscal 2020 Business Outlook --,,,,"1 item(s) returned, all rejected: 'operating income' is measured in dollars, but the unit is 'percent' (percent)",,,,,,,,,
01ES2CRB00RAAKYHXDZ3ST8ZGV,"Lowe's Companies, Inc.",LOW,0000060667,,,,,,,,2020-12-09,https://www.sec.gov/Archives/edgar/data/60667/000006066720000177/exhibit991-12092020.htm,0000060667-20-000177,8-K,2020-12-09,2026-10-01T13:55:43Z,0d480ba52c55c8c32f9b18f7e0179620854d9d1f7b48f1f2d10cd2575e4cbc15,"Low End of Guidance Range High End of Guidance Range
(in millions, except per share data) Pre-Tax Earnings Tax Net Earnings Pre-Tax Earnings Tax Net Earnings
Forecasted diluted earnings per share $ 7.53 $ 7.63
Non-GAAP adjustments – per share impacts
Loss on extinguishment of debt 1.40 (0.35) 1.05 1.40 (0.35) 1.05
Canada restructuring 0.04 — 0.04 0.04 — 0.04
Forecasted adjusted diluted earnings pe",,,,,,,,,,,open,,,,,,,,,,,,,false,false,,false,true,false,,section,Fiscal 2020 Lowe’s Business Outlook,"For fiscal 2019, the Company recognized financial impacts from the following discrete items, which were excluded from certain non-GAAP measures for fiscal 2019:",,,"2 item(s) returned, all rejected: a range, but the evidence has no 'to', 'between', dash or plus or minus",,,,,,,,,
01EZ8NBP00DPQB3M2VRZ79SJCW,"Lowe's Companies, Inc.",LOW,0000060667,,,,,,,,2021-02-24,https://www.sec.gov/Archives/edgar/data/60667/000006066721000020/exhibit991-01292021.htm,0000060667-21-000020,8-K,2021-02-24,2026-10-01T13:55:43Z,10bd9657b9dca1fe868c482003c39346771e7d0f0df595364f8e637dd3c09d18,"The Company delivered very strong financial results in the fourth quarter of 2020, with continued sales momentum in February. The Company is reiterating the perspectives provided at the December 9, 2020 Investor Update, during which the Company presented its planning expectations for three potential scenarios for 2021 which assume modest mix-adjusted market contraction. In each of these scenarios,",,,,,,,,,,,open,,,,,,,,,,,,,false,false,,false,true,false,,section,Lowe’s Business Outlook,,,,the model returned no items,,,,,,,,,
01F60YR2008T1201R1XSATFPKV,"Lowe's Companies, Inc.",LOW,0000060667,,,,,,,,2021-05-19,https://www.sec.gov/Archives/edgar/data/60667/000006066721000064/exhibit991-04302021.htm,0000060667-21-000064,8-K,2021-05-19,2026-10-01T13:55:45Z,2ec910eabc596fab3a120fdb6ecf33d47440e49358c6bb94c39b0b82ced9f85e,"The Company delivered very strong financial results in the first quarter of 2021, with sales momentum continuing into May. The Company is currently tracking ahead of the Robust Market scenario provided at its December 9, 2020 Investor Update, which assumed fiscal 2021 sales of $86 billion. Better-than-expected year-to-date results and a supportive macroeconomic backdrop build the Company’s confide",,,,,,,,,,,open,,,,,,,,,,,,,false,false,,false,true,false,,section,Lowe’s Business Outlook,,,,"1 item(s) returned, all rejected: the evidence is 686 chars, over the 400 char excerpt limit",,,,,,,,,
01FDB8XF006NW3ER3B3AA5C5NQ,"Lowe's Companies, Inc.",LOW,0000060667,,,,,,,,2021-08-18,https://www.sec.gov/Archives/edgar/data/60667/000006066721000145/exhibit991-07302021.htm,0000060667-21-000145,8-K,2021-08-18,2026-10-01T13:55:49Z,0208d75b28392c6fdb2cafc42c74e314b006489fe6e11e6e5f7c4b2124e1cb28,"MOORESVILLE, N.C. - Lowe’s Companies, Inc. (NYSE: LOW) today reported net earnings of $3.0 billion and diluted earnings per share (EPS) of $4.25 for the quarter ended July 30, 2021 compared to net earnings of $2.8 billion and diluted EPS of $3.74 in the second quarter of 2020. Excluding charges in the prior-year period related to the strategic review of certain operations, second quarter diluted E",,,,,,,,,,,open,,,,,,,,,,,,,false,false,,false,true,false,,section,— Raises Fiscal 2021 Financial Outlook —,,,,the model returned no items,,,,,,,,,
01FMNK2W005QW67JB8BTE3HETB,"Lowe's Companies, Inc.",LOW,0000060667,,,,,,,,2021-11-17,https://www.sec.gov/Archives/edgar/data/60667/000006066721000165/exhibit991-10292021.htm,0000060667-21-000165,8-K,2021-11-17,2026-10-01T13:55:51Z,2bdb5a70d9a81d83ac3c8f62238547312bcdf45768701fa295d1211bbae2d442,"MOORESVILLE, N.C. - Lowe’s Companies, Inc. (NYSE: LOW) today reported net earnings of $1.9 billion and diluted earnings per share (EPS) of $2.73 for the quarter ended October 29, 2021 compared to net earnings of $692 million and diluted EPS of $0.91 in the third quarter of 2020. Excluding charges in the prior-year period related to the extinguishment of debt, third quarter diluted EPS of $2.73 inc",,,,,,,,,,,open,,,,,,,,,,,,,false,false,,false,true,false,,section,— Raises Fiscal 2021 Financial Outlook —,,,,the model returned no items,,,,,,,,,
01FPXP7000GZ0BM22VA3FXYKEX,"Lowe's Companies, Inc.",LOW,0000060667,,,,,,,,2021-12-15,https://www.sec.gov/Archives/edgar/data/60667/000119312521357421/d260319dex991.htm,0001193125-21-357421,8-K,2021-12-15,2026-10-01T13:55:52Z,2ffbb39b9e6f6720d9647a677c376999cb1682180f6a4f8055c6baf1111299e5,"– Accelerating Market Share Gains with DIY and Pro through Total Home Strategy –
– Board Increases Share Repurchase Authorization to $20 Billion –
– Company Plans Share Repurchases of Approximately $12 Billion in 2022 –",,,,,,,,,,,open,,,,,,,,,,,,,false,false,,false,true,false,,section,Lowe’s Provides Fiscal 2022 Financial Outlook,,,,the model returned no items,,,,,,,,,
01FWHY1A00DCMMJH33WF3559G7,"Lowe's Companies, Inc.",LOW,0000060667,,,,,,,,2022-02-23,https://www.sec.gov/Archives/edgar/data/60667/000006066722000017/exhibit991-01282022.htm,0000060667-22-000017,8-K,2022-02-23,2026-10-01T13:55:53Z,3cfa0f74b64a08a1f6917e761557b5a41e86c6deff8aa498c2dd287a2c907bbe,"MOORESVILLE, N.C. - Lowe’s Companies, Inc. (NYSE: LOW) today reported net earnings of $1.2 billion and diluted earnings per share (EPS) of $1.78 for the quarter ended January 28, 2022 compared to net earnings of $978 million and diluted EPS of $1.32 in the fourth quarter of 2020. Excluding charges in the prior-year period related to the strategic review of certain operations, fourth quarter dilute",,,,,,,,,,,open,,,,,,,,,,,,,false,false,,false,true,false,,section,—Raises Fiscal 2022 Outlook—,,,,the model returned no items,,,,,,,,,
01G037GY0030941DD9A8CFZHE3,"Lowe's Companies, Inc.",LOW,0000060667,,,,,,,,2022-04-08,https://www.sec.gov/Archives/edgar/data/60667/000119312522100399/d347458dex991.htm,0001193125-22-100399,8-K,2022-04-08,2026-10-01T13:55:55Z,034ff88c9b4affac09ab1000ba82f887f25c926c6b3b6186125a949f96fa558e,"MOORESVILLE, N.C. – Lowe’s Companies, Inc. (NYSE: LOW) today announced the appointment of Brandon Sink as executive vice president, chief
financial officer, effective April 30, 2022. Sink, currently senior vice president, retail finance of Lowe’s, will succeed Dave Denton, who is stepping down as executive vice president, chief financial officer to pursue another opportunity
at a publicly traded c",,,,,,,,,,,open,,,,,,,,,,,,,false,false,,false,true,false,,section,— Company Reaffirms Full Year 2022 Outlook—,,,,the model returned no items,,,,,,,,,
01G3A7DP00ZRPHT8N76VNGFAM0,"Lowe's Companies, Inc.",LOW,0000060667,,,,,,,,2022-05-18,https://www.sec.gov/Archives/edgar/data/60667/000006066722000075/exhibit991-04292022.htm,0000060667-22-000075,8-K,2022-05-18,2026-10-01T13:55:56Z,b079aeab69f6730cb2821219a9bbf102f63ab682607cc0619a514a39e7ff9c23,"MOORESVILLE, N.C. - Lowe’s Companies, Inc. (NYSE: LOW) today reported net earnings of $2.3 billion, in line with prior-year results, and diluted earnings per share (EPS) of $3.51 for the quarter ended April 29, 2022, compared to diluted EPS of $3.21 in the first quarter of 2021.
Total sales for the first quarter were $23.7 billion compared to $24.4 billion in the first quarter of 2021, and compara",,,,,,,,,,,open,,,,,,,,,,,,,false,false,,false,true,false,,section,— Affirms Fiscal 2022 Outlook —,,,,the model returned no items,,,,,,,,,
01GGXCK5000MARR3CP2HSFCNCN,"Lowe's Companies, Inc.",LOW,0000060667,,,,,,,,2022-11-03,https://www.sec.gov/Archives/edgar/data/60667/000006066722000162/exhibit991_11032022.htm,0000060667-22-000162,8-K,2022-11-03,2026-10-01T13:56:00Z,aa4dfff7cf121749430a9074dcc904417cb57ce029fd2cc4917e4a2479bde924,"The company is reaffirming its current full year 2022 outlook, exclusive of the asset impairment and impacts of deal-related transaction costs.
The Canadian retail business represents approximately 7% of consolidated full year 2022 sales outlook, and approximately 60 basis points of dilution on the consolidated full year 2022 operating margin outlook.",,,,,,,,,,,open,,,,,,,,,,,,,false,false,,false,true,false,,section,Lowe’s Business Outlook,,,,the model returned no items,,,,,,,,,
01GHYVRG0095HHV9JGXJQY8BSW,"Lowe's Companies, Inc.",LOW,0000060667,,,,,,,,2022-11-16,https://www.sec.gov/Archives/edgar/data/60667/000006066722000166/exhibit991-10282022.htm,0000060667-22-000166,8-K,2022-11-16,2026-10-01T13:56:01Z,56b50330c157e40cfab5a98aa19bbb422ac4830447593a018626787d47fac7bc,"MOORESVILLE, N.C., Nov. 16, 2022 - Lowe’s Companies, Inc. (NYSE: LOW) today reported net earnings of $154 million and diluted earnings per share (EPS) of $0.25 for the quarter ended Oct. 28, 2022, which included a pre-tax non-cash asset impairment charge of $2.1 billion related to its Canadian retail business, compared to diluted EPS of $2.73 in the third quarter of 2021. Excluding the impairment ",,,,,,,,,,,open,,,,,,,,,,,,,false,false,,false,true,false,,section,— Raises Full Year 2022 Outlook—,,,,the model returned no items,,,,,,,,,
01GTD7FZ00RK5JT603HMHH2E79,"Lowe's Companies, Inc.",LOW,0000060667,,,,,,,,2023-03-01,https://www.sec.gov/Archives/edgar/data/60667/000006066723000016/exhibit991-02032023.htm,0000060667-23-000016,8-K,2023-03-01,2026-10-01T13:56:04Z,73ae9b966d61d2fe93805baa821810d2522168553054b4680a00c00f027ec0c2,"MOORESVILLE, N.C., March 1, 2023 – Lowe’s Companies, Inc. (NYSE: LOW) today reported net earnings of $957 million and diluted earnings per share (EPS) of $1.58 for the quarter ended Feb. 3, 2023, compared to diluted EPS of $1.78 in the fourth quarter of 2021. Excluding the pre-tax transaction costs associated with the sale of our Canadian retail business, fourth quarter adjusted diluted EPS1 incre",,,,,,,,,,,open,,,,,,,,,,,,,false,false,,false,true,false,,section,— Provides Fiscal 2023 Outlook —,,,,the model returned no items,,,,,,,,,
01H12YFM00ND9J506ECRV9VH94,"Lowe's Companies, Inc.",LOW,0000060667,,,,,,,,2023-05-23,https://www.sec.gov/Archives/edgar/data/60667/000006066723000079/exhibit991-05052023.htm,0000060667-23-000079,8-K,2023-05-23,2026-10-01T13:56:06Z,ca4e57191222f3e59993203efb4dafb78f9602a0fe9969063d4ecb74e0e8b1a0,"MOORESVILLE, N.C., May 23, 2023 – Lowe’s Companies, Inc. (NYSE: LOW) today reported net earnings of $2.3 billion and diluted earnings per share (EPS) of $3.77 for the quarter ended May 5, 2023, compared to diluted EPS of $3.51 in the first quarter of 2022.
During the first quarter, the company recognized a gain associated with the 2022 sale of the Canadian retail business. This positively impacted",,,,,,,,,,,open,,,,,,,,,,,,,false,false,,false,true,false,,section,— Updates Full Year 2023 Outlook —,,,,the model returned no items,,,,,,,,,
01H8D8N1009KT9E4FY0TE5ZAR5,"Lowe's Companies, Inc.",LOW,0000060667,,,,,,,,2023-08-22,https://www.sec.gov/Archives/edgar/data/60667/000006066723000135/exhibit991-08042023.htm,0000060667-23-000135,8-K,2023-08-22,2026-10-01T13:56:08Z,e0784cd6f0e4f7f3a01266b6d07ef6e685719cd2217eb9e8167b1e1a519999af,"MOORESVILLE, N.C., Aug. 22, 2023 – Lowe’s Companies, Inc. (NYSE: LOW) today reported net earnings of $2.7 billion and diluted earnings per share (EPS) of $4.56 for the quarter ended Aug. 4, 2023, compared to diluted EPS of $4.67 in the second quarter of 2022.
Total sales for the quarter were $25.0 billion1. Comparable sales decreased 1.6%2, with strong spring recovery and Pro and online sales grow",,,,,,,,,,,open,,,,,,,,,,,,,false,false,,false,true,false,,section,— Affirms Full Year 2023 Outlook —,,,,the model returned no items,,,,,,,,,
01HFQJTE00XENR4XTMFGS09MXZ,"Lowe's Companies, Inc.",LOW,0000060667,,,,,,,,2023-11-21,https://www.sec.gov/Archives/edgar/data/60667/000006066723000159/exhibit991-11032023.htm,0000060667-23-000159,8-K,2023-11-21,2026-10-01T13:56:10Z,80e42904a1400daef5c711d595b6a8374f367fd67970ff72c5a056353a670c6e,"MOORESVILLE, N.C., Nov. 21, 2023 – Lowe’s Companies, Inc. (NYSE: LOW) today reported net earnings of $1.8 billion and diluted earnings per share (EPS) of $3.06 for the quarter ended Nov. 3, 2023, compared to diluted EPS of $0.25 in the third quarter of 2022, which included a pre-tax long-lived asset impairment of $2.1 billion related to its Canadian retail business. Excluding the impairment charge",,,,,,,,,,,open,,,,,,,,,,,,,false,false,,false,true,false,,section,— Updates Full Year 2023 Outlook —,,,,the model returned no items,,,,,,,,,
01HQKXRW00DA2Q49FMA5RGZNPT,"Lowe's Companies, Inc.",LOW,0000060667,,,,,,,,2024-02-27,https://www.sec.gov/Archives/edgar/data/60667/000006066724000012/exhibit991-02022024.htm,0000060667-24-000012,8-K,2024-02-27,2026-10-01T13:56:12Z,2fb2568c6495459b0b548558fdf2cd65a4cca1fda7bd48f709b8678253ba538c,"MOORESVILLE, N.C., Feb. 27, 2024 – Lowe’s Companies, Inc. (NYSE: LOW) today reported net earnings of $1.0 billion and diluted earnings per share (EPS) of $1.77 for the quarter ended Feb. 2, 2024, compared to diluted EPS of $1.58 in the fourth quarter of 2022, which included pre-tax transaction costs of $441 million associated with the sale of our Canadian retail business. Excluding the transaction",,,,,,,,,,,open,,,,,,,,,,,,,false,false,,false,true,false,,section,— Provides Full Year 2024 Outlook —,,,,the model returned no items,,,,,,,,,
01HYC75800JD6B2XHJADCH3S78,"Lowe's Companies, Inc.",LOW,0000060667,,,,,,,,2024-05-21,https://www.sec.gov/Archives/edgar/data/60667/000006066724000081/exhibit991-05032024.htm,0000060667-24-000081,8-K,2024-05-21,2026-10-01T13:56:13Z,84e20a869b7428ad7e44fb1cb115083c0f3859e333be65aa39f4c965f5541dfc,"MOORESVILLE, N.C., May 21, 2024 – Lowe’s Companies, Inc. (NYSE: LOW) today reported net earnings of $1.8 billion and diluted earnings per share (EPS) of $3.06 for the quarter ended May 3, 2024, compared to diluted EPS of $3.77 in the first quarter of 2023, which included a gain associated with the 2022 sale of the Canadian retail business. Excluding this gain, first quarter 2023 adjusted diluted E",,,,,,,,,,,open,,,,,,,,,,,,,false,false,,false,true,false,,section,— Affirms Full Year 2024 Outlook —,,,,the model returned no items,,,,,,,,,
01J5PHAN00HX3MD0913TDAKPKT,"Lowe's Companies, Inc.",LOW,0000060667,,,,,,,,2024-08-20,https://www.sec.gov/Archives/edgar/data/60667/000006066724000137/exhibit991-08022024.htm,0000060667-24-000137,8-K,2024-08-20,2026-10-01T13:56:15Z,4c110f320b2ae59e76592ea966ea59b1922518bb7f42d3a0eb56cda863a9554d,"MOORESVILLE, N.C., Aug. 20, 2024 – Lowe’s Companies, Inc. (NYSE: LOW) today reported net earnings of $2.4 billion and diluted earnings per share (EPS) of $4.17 for the quarter ended Aug. 2, 2024, compared to diluted EPS of $4.56 in the second quarter of 2023. During the second quarter, the Company recognized a $43 million pre-tax gain associated with the 2022 sale of the Canadian retail business. ",,,,,,,,,,,open,,,,,,,,,,,,,false,false,,false,true,false,,section,— Updates Full Year 2024 Outlook —,,,,the model returned no items,,,,,,,,,
01JD0VG200RHGRNGBF8QVZRK53,"Lowe's Companies, Inc.",LOW,0000060667,,,,,,,,2024-11-19,https://www.sec.gov/Archives/edgar/data/60667/000006066724000167/exhibit991-11012024.htm,0000060667-24-000167,8-K,2024-11-19,2026-10-01T13:56:17Z,db323bf8b5c1765ff5c81af09336aabdd97d578ba42ebae585b5cc6843e054ba,"MOORESVILLE, N.C., Nov. 19, 2024 – Lowe’s Companies, Inc. (NYSE: LOW) today reported net earnings of $1.7 billion and diluted earnings per share (EPS) of $2.99 for the quarter ended Nov. 1, 2024, compared to diluted EPS of $3.06 in the third quarter of 2023. During the third quarter, the company recognized a $54 million pre-tax gain associated with the 2022 sale of the Canadian retail business. Th",,,,,,,,,,,open,,,,,,,,,,,,,false,false,,false,true,false,,section,— Updates Full Year 2024 Outlook —,,,,the model returned no items,,,,,,,,,
01JMZRV700D4K8NQM68X5GQ32Q,"Lowe's Companies, Inc.",LOW,0000060667,,,,,,,,2025-02-26,https://www.sec.gov/Archives/edgar/data/60667/000006066725000018/exhibit991-01312025.htm,0000060667-25-000018,8-K,2025-02-26,2026-10-01T13:56:19Z,3c0e8e531e72021a000cf9321b24593719f81fc9347db41eb736af55a4dc63be,"MOORESVILLE, N.C., Feb. 26, 2025 – Lowe’s Companies, Inc. (NYSE: LOW) today reported net earnings of $1.1 billion and diluted earnings per share (EPS) of $1.99 for the quarter ended Jan. 31, 2025, compared to diluted EPS of $1.77 in the fourth quarter of 2023. During the fourth quarter, the company recognized a $80 million pre-tax gain associated with the 2022 sale of the Canadian retail business.",,,,,,,,,,,open,,,,,,,,,,,,,false,false,,false,true,false,,section,— Provides Full Year 2025 Outlook —,,,,the model returned no items,,,,,,,,,
01JVR27K00XGJ70JHQD2VXN6E1,"Lowe's Companies, Inc.",LOW,0000060667,,,,,,,,2025-05-21,https://www.sec.gov/Archives/edgar/data/60667/000006066725000091/exhibit991-05022025.htm,0000060667-25-000091,8-K,2025-05-21,2026-10-01T13:56:20Z,0f0a8e4767b50abe7f8da3abde2670b5f4b41113fe28a725350e8f0bb505e543,"MOORESVILLE, N.C., May 21, 2025 – Lowe’s Companies, Inc. (NYSE: LOW) today reported net earnings of $1.6 billion and diluted earnings per share (EPS) of $2.92 for the quarter ended May 2, 2025, compared to diluted EPS of $3.06 in the first quarter of 2024.
Total sales for the quarter were $20.9 billion, compared to $21.4 billion in the prior-year quarter. Comparable sales for the quarter decreased",,,,,,,,,,,open,,,,,,,,,,,,,false,false,,false,true,false,,section,— Affirms Full Year 2025 Outlook —,,,,the model returned no items,,,,,,,,,
01K32CD000SVQ0QJ9EJ0R1SDAM,"Lowe's Companies, Inc.",LOW,0000060667,,,,,,,,2025-08-20,https://www.sec.gov/Archives/edgar/data/60667/000006066725000161/exhibit991-08012025.htm,0000060667-25-000161,8-K,2025-08-20,2026-10-01T13:56:22Z,e938fe2a52ed393c34ba4b2dd7c021f22eccdb97aeb35e418d20961e94cddc6c,"MOORESVILLE, N.C., Aug. 20, 2025 – Lowe’s Companies, Inc. (NYSE: LOW) today reported net earnings of $2.4 billion and diluted earnings per share (EPS) of $4.27 for the quarter ended Aug. 1, 2025, compared to diluted EPS of $4.17 in the second quarter of 2024. During the second quarter, the company recognized $43 million pre-tax expenses associated with the acquisition of Artisan Design Group (ADG)",,,,,,,,,,,open,,,,,,,,,,,,,false,false,,false,true,false,,section,— Updates Full Year 2025 Outlook —,,,,the model returned no items,,,,,,,,,
01KACPJD0023PM02FKZ40Y82KG,"Lowe's Companies, Inc.",LOW,0000060667,,,,,,,,2025-11-19,https://www.sec.gov/Archives/edgar/data/60667/000006066725000203/exhibit991-10312025.htm,0000060667-25-000203,8-K,2025-11-19,2026-10-01T13:56:25Z,941af4f9c1f60d10c5293a8be89fce613a18785625e4ee5cf60088d5a0d93457,"MOORESVILLE, N.C., Nov. 19, 2025 – Lowe’s Companies, Inc. (NYSE: LOW) today reported net earnings of $1.6 billion and diluted earnings per share (EPS) of $2.88 for the quarter ended Oct. 31, 2025, compared to diluted EPS of $2.99 in the third quarter of 2024. During the third quarter, the company recognized $129 million in pre-tax expenses associated with the acquisitions of Foundation Building Ma",,,,,,,,,,,open,,,,,,,,,,,,,false,false,,false,true,false,,section,— Updates Full Year 2025 Outlook —,,,,the model returned no items,,,,,,,,,
01KJ91GV00JVBVTC5K3WNB4J7M,"Lowe's Companies, Inc.",LOW,0000060667,,,,,,,,2026-02-25,https://www.sec.gov/Archives/edgar/data/60667/000006066726000020/exhibit991-01302026.htm,0000060667-26-000020,8-K,2026-02-25,2026-10-01T13:56:26Z,08669e4bcc398bef64f0859f91f53243b1a830178020c28472aa3d21e69b3f21,"MOORESVILLE, N.C., Feb. 25, 2026 – Lowe’s Companies, Inc. (NYSE: LOW) today reported net earnings of $1.0 billion and diluted earnings per share (EPS) of $1.78 for the quarter ended Jan. 30, 2026, compared to diluted EPS of $1.99 in the fourth quarter of 2024. During the fourth quarter, the company recognized $149 million in pre-tax expenses associated with the acquisitions of Foundation Building ",,,,,,,,,,,open,,,,,,,,,,,,,false,false,,false,true,false,,section,— Provides Full Year 2026 Outlook —,,,,the model returned no items,,,,,,,,,
01KS1AX700SZBQRV49BHBH5MND,"Lowe's Companies, Inc.",LOW,0000060667,,,,,,,,2026-05-20,https://www.sec.gov/Archives/edgar/data/60667/000006066726000062/exhibit991-05012026.htm,0000060667-26-000062,8-K,2026-05-20,2026-10-01T13:56:28Z,c932bd63d7037eea0f41e6be0f4862705465fccf50e4347e9379606a1db621be,"MOORESVILLE, N.C., May 20, 2026 – Lowe’s Companies, Inc. (NYSE: LOW) today reported net earnings of $1.6 billion and diluted earnings per share (EPS) of $2.90 for the quarter ended May 1, 2026, compared to diluted EPS of $2.92 in the first quarter of 2025. During the first quarter, the company recognized $96 million in pre-tax expenses associated with the acquisitions of Foundation Building Materi",,,,,,,,,,,open,,,,,,,,,,,,,false,false,,false,true,false,,section,— Affirms Full Year 2026 Outlook —,,,,the model returned no items,,,,,,,,,
01M0BN2M00XSHQF9NK4CNBRGFM,"Lowe's Companies, Inc.",LOW,0000060667,,,,,,,,2026-08-19,https://www.sec.gov/Archives/edgar/data/60667/000006066726000113/exhibit991-07312026.htm,0000060667-26-000113,8-K,2026-08-19,2026-10-01T13:56:30Z,2fd01ea552e03d36afea43a9feb791956bc954a6ea83e1e22ccb4fffdda34fd6,"MOORESVILLE, N.C., August 19, 2026 – Lowe’s Companies, Inc. (NYSE: LOW) today reported net earnings of $2.4 billion and diluted earnings per share (EPS) of $4.27 for the quarter ended July 31, 2026, compared to diluted EPS of $4.27 in the second quarter of 2025. During the second quarter ended July 31, 2026, the company recognized $96 million in pre-tax expenses associated with the acquisitions of",,,,,,,,,,,open,,,,,,,,,,,,,false,false,,false,true,false,,section,— Updates Full Year 2026 Outlook —,,,,the model returned no items,,,,,,,,,
01D4P40E009HCZ7XTESEWGTJKD,"Lowe's Companies, Inc.",LOW,0000060667,"Lowe's Companies, Inc. expects comparable sales of 3% for FY2019.",Comparable sales are expected to increase approximately 3 percent.,comparable sales,3.0,3.0,percent,FY2019,2019-02-27,https://www.sec.gov/Archives/edgar/data/60667/000006066719000022/exhibit991_02012019.htm,0000060667-19-000022,8-K,2019-02-27,2026-10-01T13:55:24Z,6eab84e45285396b55090ed69fbe630c9aa0cb081379fe0e2f9c8b391816d1a4,Comparable sales are expected to increase approximately 3 percent.,,,,,,,,,,reported value differs from 3 by more than 0.5%,open,,,,,,,,,,,2026-10-02,navneet,false,false,,false,false,false,unresolved,sentence,,,,no later 8-K release for that period found,,,yes,Excerpt states 'Comparable sales are expected to increase approximately 3 percent' which matches the guidance of 3% comparable sales growth.,,,,,,
01D4P40E0012JXH2V0M2AW2EYR,"Lowe's Companies, Inc.",LOW,0000060667,"Lowe's Companies, Inc. expects operating margin GAAP of 375 basis points to 385 basis points for FY2019.",Operating income as a percentage of sales (operating margin) is expected to increase 375 to 385 basis points.,operating margin GAAP,375.0,385.0,basis points,FY2019,2019-02-27,https://www.sec.gov/Archives/edgar/data/60667/000006066719000022/exhibit991_02012019.htm,0000060667-19-000022,8-K,2019-02-27,2026-10-01T13:55:24Z,6eab84e45285396b55090ed69fbe630c9aa0cb081379fe0e2f9c8b391816d1a4,Operating income as a percentage of sales (operating margin) is expected to increase 375 to 385 basis points.,,,,,,,,,,"reported value falls outside [375, 385]",open,,,,,,,,,,,2026-10-02,navneet,false,false,,false,false,false,unresolved,sentence,,,,no later 8-K release for that period found,,,yes,"Excerpt states operating margin is expected to increase 375 to 385 basis points, matching the guidance claim exactly.",,,,,,
01D4P40E00N0Q9EBJQWTNGV04N,"Lowe's Companies, Inc.",LOW,0000060667,"Lowe's Companies, Inc. expects operating margin non-GAAP of 85 basis points to 95 basis points for FY2020.",Adjusted operating income as a percentage of sales (adjusted operating margin) is expected to increase 85 to 95 basis points.,operating margin non-GAAP,85.0,95.0,basis points,FY2020,2019-02-27,https://www.sec.gov/Archives/edgar/data/60667/000006066719000022/exhibit991_02012019.htm,0000060667-19-000022,8-K,2019-02-27,2026-10-01T13:55:24Z,6eab84e45285396b55090ed69fbe630c9aa0cb081379fe0e2f9c8b391816d1a4,Adjusted operating income as a percentage of sales (adjusted operating margin) is expected to increase 85 to 95 basis points.,50.0,2020-02-26,https://www.sec.gov/Archives/edgar/data/60667/000006066720000029/exhibit991_01312020.htm,0000060667-20-000029,8-K,2020-02-26,2026-10-01T13:55:33Z,f08dbbd50b78658cd11b34854234feba86491036095192e9eb66095a0914b760,Adjusted operating income1 as a percentage of sales (adjusted operating margin1) increase of approximately 50 to 70 basis points.,"reported value falls outside [85, 95]",open,,,,,,,,,364,,2026-10-02,navneet,false,false,,false,false,false,withdrawn,sentence,,,,,,"filed 2020-05-20, before the period closed on 2021-01-31 (https://www.sec.gov/Archives/edgar/data/60667/000006066720000080/exhibit991_05012020.htm): The Company is withdrawing its financial guidance for fiscal year 2020.",yes,Excerpt states 'Adjusted operating income as a percentage of sales (adjusted operating margin) is expected to increase 85 to 95 basis points' which matches the non-GAAP operating margin guidance of 85,,,,,,
01D4P40E0086407VA868K3GX5B,"Lowe's Companies, Inc.",LOW,0000060667,"Lowe's Companies, Inc. expects tax rate of 24% for FY2020.",The effective income tax rate is expected to be approximately 24%.,tax rate,24.0,24.0,percent,FY2020,2019-02-27,https://www.sec.gov/Archives/edgar/data/60667/000006066719000022/exhibit991_02012019.htm,0000060667-19-000022,8-K,2019-02-27,2026-10-01T13:55:24Z,6eab84e45285396b55090ed69fbe630c9aa0cb081379fe0e2f9c8b391816d1a4,The effective income tax rate is expected to be approximately 24%.,,,,,,,,,,reported value differs from 24 by more than 0.5%,open,,,,,,,,,,,2026-10-02,navneet,false,false,,false,false,false,withdrawn,sentence,,,,the model found no line reporting that metric for that period,,"filed 2020-05-20, before the period closed on 2021-01-31 (https://www.sec.gov/Archives/edgar/data/60667/000006066720000080/exhibit991_05012020.htm): The Company is withdrawing its financial guidance for fiscal year 2020.",yes,"The excerpt states 'The effective income tax rate is expected to be approximately 24%', which directly matches the guidance metric (tax rate), value (24%), and provides forward-looking guidance as req",,,,,,
01D4P40E00DKFT5ZEQSCA9WH2V,"Lowe's Companies, Inc.",LOW,0000060667,"Lowe's Companies, Inc. expects EPS GAAP of $6 per share to $6.1 per share for FY2020.","Diluted earnings per share of $6.00 to $6.10 are expected for the fiscal year ending Jan. 31, 2020.",EPS GAAP,6.0,6.1,USD per share,FY2020,2019-02-27,https://www.sec.gov/Archives/edgar/data/60667/000006066719000022/exhibit991_02012019.htm,0000060667-19-000022,8-K,2019-02-27,2026-10-01T13:55:24Z,6eab84e45285396b55090ed69fbe630c9aa0cb081379fe0e2f9c8b391816d1a4,"Diluted earnings per share of $6.00 to $6.10 are expected for the fiscal year ending Jan. 31, 2020.",6.38,2020-02-26,https://www.sec.gov/Archives/edgar/data/60667/000006066720000029/exhibit991_01312020.htm,0000060667-20-000029,8-K,2020-02-26,2026-10-01T13:55:33Z,f08dbbd50b78658cd11b34854234feba86491036095192e9eb66095a0914b760,"Net earnings allocable to common shares used in the basic and diluted earnings per share calculation were $4,268 million for the year ended January 31, 2020 and $2,307 million for the year ended February 1, 2019.","reported value falls outside [6, 6.1]",open,,,,,,,,,364,,2026-10-02,navneet,false,false,,false,false,false,withdrawn,sentence,,,,,,"filed 2020-05-20, before the period closed on 2021-01-31 (https://www.sec.gov/Archives/edgar/data/60667/000006066720000080/exhibit991_05012020.htm): The Company is withdrawing its financial guidance for fiscal year 2020.",yes,"Excerpt states 'Diluted earnings per share of $6.00 to $6.10 are expected for the fiscal year ending Jan. 31, 2020,' which matches the guidance of $6.00 to $6.10 per share for FY2020 (fiscal year endi",,,,,,
01DBEDCT006HTJ87JQG3HXNTMY,"Lowe's Companies, Inc.",LOW,0000060667,"Lowe's Companies, Inc. expects comparable sales of 3% for FY2019.",Comparable sales are expected to increase approximately 3 percent.,comparable sales,3.0,3.0,percent,FY2019,2019-05-22,https://www.sec.gov/Archives/edgar/data/60667/000006066719000074/exhibit991_05032019.htm,0000060667-19-000074,8-K,2019-05-22,2026-10-01T13:55:26Z,b21eefb81ed085396214d05868a272a7fa804c869b3aab3896131d0f01249f54,Comparable sales are expected to increase approximately 3 percent.,,,,,,,,,,reported value differs from 3 by more than 0.5%,open,,,,,,,,,,,2026-10-02,navneet,false,false,,false,false,false,unresolved,sentence,,,,no later 8-K release for that period found,,,yes,Excerpt states 'Comparable sales are expected to increase approximately 3 percent' which matches the guidance of 3% comparable sales growth.,,,,,,
01DBEDCT004XACKREFDT2653N0,"Lowe's Companies, Inc.",LOW,0000060667,"Lowe's Companies, Inc. expects operating margin GAAP of 310 basis points to 340 basis points for FY2019.",Operating income as a percentage of sales (operating margin) is expected to increase 310 to 340 basis points.,operating margin GAAP,310.0,340.0,basis points,FY2019,2019-05-22,https://www.sec.gov/Archives/edgar/data/60667/000006066719000074/exhibit991_05032019.htm,0000060667-19-000074,8-K,2019-05-22,2026-10-01T13:55:26Z,b21eefb81ed085396214d05868a272a7fa804c869b3aab3896131d0f01249f54,Operating income as a percentage of sales (operating margin) is expected to increase 310 to 340 basis points.,,,,,,,,,,"reported value falls outside [310, 340]",open,,,,,,,,,,,2026-10-02,navneet,false,false,,false,false,false,unresolved,sentence,,,,no later 8-K release for that period found,,,yes,"Excerpt states operating margin is expected to increase 310 to 340 basis points, matching the guidance claim exactly.",,,,,,
01DBEDCT00WCCY44VP0KBH9JVC,"Lowe's Companies, Inc.",LOW,0000060667,"Lowe's Companies, Inc. expects operating margin non-GAAP of 20 basis points to 50 basis points for FY2019.",Adjusted operating income as a percentage of sales (adjusted operating margin) is expected to increase 20 to 50 basis points.,operating margin non-GAAP,20.0,50.0,basis points,FY2019,2019-05-22,https://www.sec.gov/Archives/edgar/data/60667/000006066719000074/exhibit991_05032019.htm,0000060667-19-000074,8-K,2019-05-22,2026-10-01T13:55:26Z,b21eefb81ed085396214d05868a272a7fa804c869b3aab3896131d0f01249f54,Adjusted operating income as a percentage of sales (adjusted operating margin) is expected to increase 20 to 50 basis points.,,,,,,,,,,"reported value falls outside [20, 50]",open,,,,,,,,,,,2026-10-02,navneet,false,false,,false,false,false,unresolved,sentence,,,,no later 8-K release for that period found,,,yes,Excerpt states 'Adjusted operating income as a percentage of sales (adjusted operating margin) is expected to increase 20 to 50 basis points' which matches the non-GAAP operating margin guidance of 20,,,,,,
01DBEDCT00CK43SYQVMD8KFHE9,"Lowe's Companies, Inc.",LOW,0000060667,"Lowe's Companies, Inc. expects tax rate of 24% for FY2020.",The effective income tax rate is expected to be approximately 24%.,tax rate,24.0,24.0,percent,FY2020,2019-05-22,https://www.sec.gov/Archives/edgar/data/60667/000006066719000074/exhibit991_05032019.htm,0000060667-19-000074,8-K,2019-05-22,2026-10-01T13:55:26Z,b21eefb81ed085396214d05868a272a7fa804c869b3aab3896131d0f01249f54,The effective income tax rate is expected to be approximately 24%.,,,,,,,,,,reported value differs from 24 by more than 0.5%,open,,,,,,,,,,,2026-10-02,navneet,false,false,,false,false,false,withdrawn,sentence,,,,the model found no line reporting that metric for that period,,"filed 2020-05-20, before the period closed on 2021-01-31 (https://www.sec.gov/Archives/edgar/data/60667/000006066720000080/exhibit991_05012020.htm): The Company is withdrawing its financial guidance for fiscal year 2020.",yes,"The excerpt states 'The effective income tax rate is expected to be approximately 24%', which matches the guidance metric (tax rate), value (24%), and provides forward guidance as required.",,,,,,
01DBEDCT00PRCB0DTXWQ67EXP8,"Lowe's Companies, Inc.",LOW,0000060667,"Lowe's Companies, Inc. expects EPS GAAP of $5.54 per share to $5.74 per share for FY2020.","Diluted earnings per share of $5.54 to $5.74 are expected for the fiscal year ending Jan. 31, 2020.",EPS GAAP,5.54,5.74,USD per share,FY2020,2019-05-22,https://www.sec.gov/Archives/edgar/data/60667/000006066719000074/exhibit991_05032019.htm,0000060667-19-000074,8-K,2019-05-22,2026-10-01T13:55:26Z,b21eefb81ed085396214d05868a272a7fa804c869b3aab3896131d0f01249f54,"Diluted earnings per share of $5.54 to $5.74 are expected for the fiscal year ending Jan. 31, 2020.",6.38,2020-02-26,https://www.sec.gov/Archives/edgar/data/60667/000006066720000029/exhibit991_01312020.htm,0000060667-20-000029,8-K,2020-02-26,2026-10-01T13:55:33Z,f08dbbd50b78658cd11b34854234feba86491036095192e9eb66095a0914b760,"Net earnings allocable to common shares used in the basic and diluted earnings per share calculation were $4,268 million for the year ended January 31, 2020 and $2,307 million for the year ended February 1, 2019.","reported value falls outside [5.54, 5.74]",open,,,,,,,,,280,,2026-10-02,navneet,false,false,,false,false,false,withdrawn,sentence,,,,,,"filed 2020-05-20, before the period closed on 2021-01-31 (https://www.sec.gov/Archives/edgar/data/60667/000006066720000080/exhibit991_05012020.htm): The Company is withdrawing its financial guidance for fiscal year 2020.",yes,"Excerpt states 'Diluted earnings per share of $5.54 to $5.74 are expected for the fiscal year ending Jan. 31, 2020,' which matches the guidance metric (EPS GAAP/Diluted EPS), range ($5.54 to $5.74 per",,,,,,
01DBEDCT00TTZ0V8TD21C588HC,"Lowe's Companies, Inc.",LOW,0000060667,"Lowe's Companies, Inc. expects EPS non-GAAP of $5.45 per share to $5.65 per share for FY2020.","Adjusted diluted earnings per share of $5.45 to $5.65 are expected for the fiscal year ending Jan. 31, 2020.",EPS non-GAAP,5.45,5.65,USD per share,FY2020,2019-05-22,https://www.sec.gov/Archives/edgar/data/60667/000006066719000074/exhibit991_05032019.htm,0000060667-19-000074,8-K,2019-05-22,2026-10-01T13:55:26Z,b21eefb81ed085396214d05868a272a7fa804c869b3aab3896131d0f01249f54,"Adjusted diluted earnings per share of $5.45 to $5.65 are expected for the fiscal year ending Jan. 31, 2020.",,,,,,,,,,"reported value falls outside [5.45, 5.65]",open,,,,,,,,,,,2026-10-02,navneet,false,false,,false,false,false,withdrawn,sentence,,,,model output rejected,,"filed 2020-05-20, before the period closed on 2021-01-31 (https://www.sec.gov/Archives/edgar/data/60667/000006066720000080/exhibit991_05012020.htm): The Company is withdrawing its financial guidance for fiscal year 2020.",yes,"Excerpt states 'Adjusted diluted earnings per share of $5.45 to $5.65 are expected for the fiscal year ending Jan. 31, 2020,' which matches the non-GAAP EPS guidance range for FY2020 (fiscal year endi",,,,,,
01DJRQJ700S3HRC6P0MC67H0CS,"Lowe's Companies, Inc.",LOW,0000060667,"Lowe's Companies, Inc. expects comparable sales of 3% for FY2019.",Comparable sales are expected to increase approximately 3 percent.,comparable sales,3.0,3.0,percent,FY2019,2019-08-21,https://www.sec.gov/Archives/edgar/data/60667/000006066719000134/exhibit991_08022019.htm,0000060667-19-000134,8-K,2019-08-21,2026-10-01T13:55:28Z,c597625d4918cd5963235d707ed8444d0ee85af9c1f40c60b185c4f192e8afa5,Comparable sales are expected to increase approximately 3 percent.,,,,,,,,,,reported value differs from 3 by more than 0.5%,open,,,,,,,,,,,2026-10-02,navneet,false,false,,false,false,false,unresolved,sentence,,,,no later 8-K release for that period found,,,yes,Excerpt states 'Comparable sales are expected to increase approximately 3 percent' which matches the guidance of 3% comparable sales growth.,,,,,,
01DJRQJ700HSJX3SMGQHASPXE4,"Lowe's Companies, Inc.",LOW,0000060667,"Lowe's Companies, Inc. expects operating margin GAAP of 310 basis points to 340 basis points for FY2019.",Operating income as a percentage of sales (operating margin) is expected to increase 310 to 340 basis points.,operating margin GAAP,310.0,340.0,basis points,FY2019,2019-08-21,https://www.sec.gov/Archives/edgar/data/60667/000006066719000134/exhibit991_08022019.htm,0000060667-19-000134,8-K,2019-08-21,2026-10-01T13:55:28Z,c597625d4918cd5963235d707ed8444d0ee85af9c1f40c60b185c4f192e8afa5,Operating income as a percentage of sales (operating margin) is expected to increase 310 to 340 basis points.,,,,,,,,,,"reported value falls outside [310, 340]",open,,,,,,,,,,,2026-10-02,navneet,false,false,,false,false,false,unresolved,sentence,,,,no later 8-K release for that period found,,,yes,"Excerpt states operating margin is expected to increase 310 to 340 basis points, matching the guidance claim exactly.",,,,,,
01DJRQJ700W3GQ0A26FS3JWQ3X,"Lowe's Companies, Inc.",LOW,0000060667,"Lowe's Companies, Inc. expects tax rate of 24% for FY2020.",The effective income tax rate is expected to be approximately 24%.,tax rate,24.0,24.0,percent,FY2020,2019-08-21,https://www.sec.gov/Archives/edgar/data/60667/000006066719000134/exhibit991_08022019.htm,0000060667-19-000134,8-K,2019-08-21,2026-10-01T13:55:28Z,c597625d4918cd5963235d707ed8444d0ee85af9c1f40c60b185c4f192e8afa5,The effective income tax rate is expected to be approximately 24%.,,,,,,,,,,reported value differs from 24 by more than 0.5%,open,,,,,,,,,,,2026-10-02,navneet,false,false,,false,false,false,withdrawn,sentence,,,,the model found no line reporting that metric for that period,,"filed 2020-05-20, before the period closed on 2021-01-31 (https://www.sec.gov/Archives/edgar/data/60667/000006066720000080/exhibit991_05012020.htm): The Company is withdrawing its financial guidance for fiscal year 2020.",yes,"The excerpt states 'The effective income tax rate is expected to be approximately 24%', which matches the guidance metric (tax rate), value (24%), and provides forward guidance as required.",,,,,,
01DJRQJ700TDRHT2PVGCY3H0TS,"Lowe's Companies, Inc.",LOW,0000060667,"Lowe's Companies, Inc. expects EPS GAAP of $5.54 per share to $5.74 per share for FY2020.","Diluted earnings per share of $5.54 to $5.74 are expected for the fiscal year ending Jan. 31, 2020.",EPS GAAP,5.54,5.74,USD per share,FY2020,2019-08-21,https://www.sec.gov/Archives/edgar/data/60667/000006066719000134/exhibit991_08022019.htm,0000060667-19-000134,8-K,2019-08-21,2026-10-01T13:55:28Z,c597625d4918cd5963235d707ed8444d0ee85af9c1f40c60b185c4f192e8afa5,"Diluted earnings per share of $5.54 to $5.74 are expected for the fiscal year ending Jan. 31, 2020.",4.68,2020-02-26,https://www.sec.gov/Archives/edgar/data/60667/000006066720000029/exhibit991_01312020.htm,0000060667-20-000029,8-K,2020-02-26,2026-10-01T13:55:33Z,f08dbbd50b78658cd11b34854234feba86491036095192e9eb66095a0914b760,"Net earnings allocable to common shares used in the basic and diluted earnings per share calculation were $4,268 million for the year ended January 31, 2020 and $2,307 million for the year ended February 1, 2019.","reported value falls outside [5.54, 5.74]",open,,,,,,,,,189,,2026-10-02,navneet,false,false,,false,false,false,withdrawn,sentence,,,,,,"filed 2020-05-20, before the period closed on 2021-01-31 (https://www.sec.gov/Archives/edgar/data/60667/000006066720000080/exhibit991_05012020.htm): The Company is withdrawing its financial guidance for fiscal year 2020.",yes,"Excerpt states 'Diluted earnings per share of $5.54 to $5.74 are expected for the fiscal year ending Jan. 31, 2020,' which matches the metric (GAAP diluted EPS), range ($5.54 to $5.74 per share), and ",,,,,,
01DJRQJ700RHT6VQN19ZH5W304,"Lowe's Companies, Inc.",LOW,0000060667,"Lowe's Companies, Inc. expects EPS non-GAAP of $5.45 per share to $5.65 per share for FY2020.","Adjusted diluted earnings per share1 of $5.45 to $5.65 are expected for the fiscal year ending Jan. 31, 2020.",EPS non-GAAP,5.45,5.65,USD per share,FY2020,2019-08-21,https://www.sec.gov/Archives/edgar/data/60667/000006066719000134/exhibit991_08022019.htm,0000060667-19-000134,8-K,2019-08-21,2026-10-01T13:55:28Z,c597625d4918cd5963235d707ed8444d0ee85af9c1f40c60b185c4f192e8afa5,"Adjusted diluted earnings per share1 of $5.45 to $5.65 are expected for the fiscal year ending Jan. 31, 2020.",6.45,2020-02-26,https://www.sec.gov/Archives/edgar/data/60667/000006066720000029/exhibit991_01312020.htm,0000060667-20-000029,8-K,2020-02-26,2026-10-01T13:55:33Z,f08dbbd50b78658cd11b34854234feba86491036095192e9eb66095a0914b760,Adjusted diluted earnings per share1 of $6.45 to $6.65.,"reported value falls outside [5.45, 5.65]",open,,,,,,,,,189,,2026-10-02,navneet,false,false,,false,false,false,withdrawn,sentence,,,,,,"filed 2020-05-20, before the period closed on 2021-01-31 (https://www.sec.gov/Archives/edgar/data/60667/000006066720000080/exhibit991_05012020.htm): The Company is withdrawing its financial guidance for fiscal year 2020.",yes,"Excerpt states 'Adjusted diluted earnings per share of $5.45 to $5.65 are expected for the fiscal year ending Jan. 31, 2020,' which matches the non-GAAP EPS guidance range for FY2020 (fiscal year star",,,,,,
01DT31QM0051ZQY3M3BK36KD5V,"Lowe's Companies, Inc.",LOW,0000060667,"Lowe's Companies, Inc. expects comparable sales of 3% for FY2019.",Comparable sales are expected to increase approximately 3 percent.,comparable sales,3.0,3.0,percent,FY2019,2019-11-20,https://www.sec.gov/Archives/edgar/data/60667/000006066719000179/exhibit991_11012019.htm,0000060667-19-000179,8-K,2019-11-20,2026-10-01T13:55:31Z,bb05b9f592d5f7028fe44eed37c8d8cbae7d10d589523159fa733f0bf5eb8b72,Comparable sales are expected to increase approximately 3 percent.,,,,,,,,,,reported value differs from 3 by more than 0.5%,open,,,,,,,,,,,2026-10-02,navneet,false,false,,false,false,false,unresolved,sentence,,,,no later 8-K release for that period found,,,yes,Excerpt states 'Comparable sales are expected to increase approximately 3 percent' which matches the guidance of 3% comparable sales growth for the period.,,,,,,
01DT31QM00B2PC3YMT5CMYSB37,"Lowe's Companies, Inc.",LOW,0000060667,"Lowe's Companies, Inc. expects operating margin GAAP of 290 basis points to 320 basis points for FY2019.",Operating income as a percentage of sales (operating margin) is expected to increase 290 to 320 basis points.,operating margin GAAP,290.0,320.0,basis points,FY2019,2019-11-20,https://www.sec.gov/Archives/edgar/data/60667/000006066719000179/exhibit991_11012019.htm,0000060667-19-000179,8-K,2019-11-20,2026-10-01T13:55:31Z,bb05b9f592d5f7028fe44eed37c8d8cbae7d10d589523159fa733f0bf5eb8b72,Operating income as a percentage of sales (operating margin) is expected to increase 290 to 320 basis points.,,,,,,,,,,"reported value falls outside [290, 320]",open,,,,,,,,,,,2026-10-02,navneet,false,false,,false,false,false,unresolved,sentence,,,,no later 8-K release for that period found,,,yes,"Excerpt states operating margin is expected to increase 290 to 320 basis points, matching the guidance claim exactly.",,,,,,
01DT31QM004FZ14BM8NBDN50K9,"Lowe's Companies, Inc.",LOW,0000060667,"Lowe's Companies, Inc. expects tax rate of 24% for FY2020.",The effective income tax rate and adjusted effective income tax rate are expected to be approximately 24%.,tax rate,24.0,24.0,percent,FY2020,2019-11-20,https://www.sec.gov/Archives/edgar/data/60667/000006066719000179/exhibit991_11012019.htm,0000060667-19-000179,8-K,2019-11-20,2026-10-01T13:55:31Z,bb05b9f592d5f7028fe44eed37c8d8cbae7d10d589523159fa733f0bf5eb8b72,The effective income tax rate and adjusted effective income tax rate are expected to be approximately 24%.,24.5,2020-02-26,https://www.sec.gov/Archives/edgar/data/60667/000006066720000029/exhibit991_01312020.htm,0000060667-20-000029,8-K,2020-02-26,2026-10-01T13:55:33Z,f08dbbd50b78658cd11b34854234feba86491036095192e9eb66095a0914b760,Effective income tax rate and adjusted effective income tax rate of approximately 24.5%.,reported value differs from 24 by more than 0.5%,open,,,,,,,,,98,,2026-10-02,navneet,false,false,,false,false,false,withdrawn,sentence,,,,,,"filed 2020-05-20, before the period closed on 2021-01-31 (https://www.sec.gov/Archives/edgar/data/60667/000006066720000080/exhibit991_05012020.htm): The Company is withdrawing its financial guidance for fiscal year 2020.",yes,"The excerpt states the effective income tax rate is expected to be approximately 24%, which matches the guidance metric, value, and unit provided.",,,,,,
01DT31QM00F4JPWZX9QNY9WH68,"Lowe's Companies, Inc.",LOW,0000060667,"Lowe's Companies, Inc. expects EPS GAAP of $5.35 per share to $5.47 per share for FY2020.","Diluted earnings per share of $5.35 to $5.47 are expected for the fiscal year ending Jan. 31, 2020.",EPS GAAP,5.35,5.47,USD per share,FY2020,2019-11-20,https://www.sec.gov/Archives/edgar/data/60667/000006066719000179/exhibit991_11012019.htm,0000060667-19-000179,8-K,2019-11-20,2026-10-01T13:55:31Z,bb05b9f592d5f7028fe44eed37c8d8cbae7d10d589523159fa733f0bf5eb8b72,"Diluted earnings per share of $5.35 to $5.47 are expected for the fiscal year ending Jan. 31, 2020.",5.49,2021-02-24,https://www.sec.gov/Archives/edgar/data/60667/000006066721000020/exhibit991-01292021.htm,0000060667-21-000020,8-K,2021-02-24,2026-10-01T13:55:43Z,10bd9657b9dca1fe868c482003c39346771e7d0f0df595364f8e637dd3c09d18,"Diluted earnings per share, as reported $ 7.75 $ 5.49","reported value falls outside [5.35, 5.47]",open,,,,,,,,,462,,2026-10-02,navneet,false,false,,false,false,false,withdrawn,sentence,,,,,,"filed 2020-05-20, before the period closed on 2021-01-31 (https://www.sec.gov/Archives/edgar/data/60667/000006066720000080/exhibit991_05012020.htm): The Company is withdrawing its financial guidance for fiscal year 2020.",yes,"Excerpt states 'Diluted earnings per share of $5.35 to $5.47 are expected for the fiscal year ending Jan. 31, 2020,' which matches the guidance metric (EPS GAAP/Diluted EPS), range ($5.35 to $5.47 per",,,,,,
01DT31QM00W2744N0PV3H7AJCK,"Lowe's Companies, Inc.",LOW,0000060667,"Lowe's Companies, Inc. expects EPS non-GAAP of $5.63 per share to $5.7 per share for FY2020.","Adjusted diluted earnings per share1 of $5.63 to $5.70 are expected for the fiscal year ending Jan. 31, 2020.",EPS non-GAAP,5.63,5.7,USD per share,FY2020,2019-11-20,https://www.sec.gov/Archives/edgar/data/60667/000006066719000179/exhibit991_11012019.htm,0000060667-19-000179,8-K,2019-11-20,2026-10-01T13:55:31Z,bb05b9f592d5f7028fe44eed37c8d8cbae7d10d589523159fa733f0bf5eb8b72,"Adjusted diluted earnings per share1 of $5.63 to $5.70 are expected for the fiscal year ending Jan. 31, 2020.",5.74,2021-02-24,https://www.sec.gov/Archives/edgar/data/60667/000006066721000020/exhibit991-01292021.htm,0000060667-21-000020,8-K,2021-02-24,2026-10-01T13:55:43Z,10bd9657b9dca1fe868c482003c39346771e7d0f0df595364f8e637dd3c09d18,Adjusted diluted earnings per share $ 8.86 $ 5.74,"reported value falls outside [5.63, 5.7]",open,,,,,,,,,462,,2026-10-02,navneet,false,false,,false,false,false,withdrawn,sentence,,,,,,"filed 2020-05-20, before the period closed on 2021-01-31 (https://www.sec.gov/Archives/edgar/data/60667/000006066720000080/exhibit991_05012020.htm): The Company is withdrawing its financial guidance for fiscal year 2020.",yes,"Excerpt states 'Adjusted diluted earnings per share of $5.63 to $5.70 are expected for the fiscal year ending Jan. 31, 2020,' which matches the non-GAAP EPS guidance of $5.63 to $5.70 per share for FY",,,,,,
01ES2CRB00QBDAV267H7Z8W05C,"Lowe's Companies, Inc.",LOW,0000060667,"Lowe's Companies, Inc. expects comparable sales of 23% for FY2020.",Comparable sales are expected to increase approximately 23 percent.,comparable sales,23.0,23.0,percent,FY2020,2020-12-09,https://www.sec.gov/Archives/edgar/data/60667/000006066720000177/exhibit991-12092020.htm,0000060667-20-000177,8-K,2020-12-09,2026-10-01T13:55:43Z,0d480ba52c55c8c32f9b18f7e0179620854d9d1f7b48f1f2d10cd2575e4cbc15,Comparable sales are expected to increase approximately 23 percent.,,,,,,,,,,reported value differs from 23 by more than 0.5%,open,,,,,,,,,,,2026-10-02,navneet,false,false,,false,false,false,unresolved,sentence,,,,the model found no line reporting that metric for that period,,,yes,"Excerpt states 'Comparable sales are expected to increase approximately 23 percent' which matches the guidance metric (comparable sales), value (23%), and is forward-looking guidance.",,,,,,
01ES2CRB003GEMCZN1H6SRFDYS,"Lowe's Companies, Inc.",LOW,0000060667,"Lowe's Companies, Inc. expects operating margin non-GAAP of 170 basis points for FY2021.",Adjusted operating income1 as a percentage of sales (adjusted operating margin1) is expected to increase 170 basis points.,operating margin non-GAAP,170.0,170.0,basis points,FY2021,2020-12-09,https://www.sec.gov/Archives/edgar/data/60667/000006066720000177/exhibit991-12092020.htm,0000060667-20-000177,8-K,2020-12-09,2026-10-01T13:55:43Z,0d480ba52c55c8c32f9b18f7e0179620854d9d1f7b48f1f2d10cd2575e4cbc15,Adjusted operating income1 as a percentage of sales (adjusted operating margin1) is expected to increase 170 basis points.,170.0,2022-02-23,https://www.sec.gov/Archives/edgar/data/60667/000006066722000017/exhibit991-01282022.htm,0000060667-22-000017,8-K,2022-02-23,2026-10-01T13:55:53Z,3cfa0f74b64a08a1f6917e761557b5a41e86c6deff8aa498c2dd287a2c907bbe,"“In 2021, we increased comparable sales by 6.9% while generating over 170 basis points of operating margin improvement, with our relentless focus on productivity and enhanced pricing strategies.",reported value differs from 170 by more than 0.5%,open,,,,,,,,,441,,2026-10-02,navneet,false,false,,false,false,false,met,sentence,,,,,,,yes,"Excerpt states adjusted operating margin is expected to increase 170 basis points, matching the metric (operating margin non-GAAP), number (170 basis points), and forward guidance nature. The period F",,,,,,
01ES2CRB00JK62P38RKCFJ3TCJ,"Lowe's Companies, Inc.",LOW,0000060667,"Lowe's Companies, Inc. expects tax rate of 25% for FY2021.",Effective income tax rate is expected to be approximately 25 percent.,tax rate,25.0,25.0,percent,FY2021,2020-12-09,https://www.sec.gov/Archives/edgar/data/60667/000006066720000177/exhibit991-12092020.htm,0000060667-20-000177,8-K,2020-12-09,2026-10-01T13:55:43Z,0d480ba52c55c8c32f9b18f7e0179620854d9d1f7b48f1f2d10cd2575e4cbc15,Effective income tax rate is expected to be approximately 25 percent.,25.0,2022-02-23,https://www.sec.gov/Archives/edgar/data/60667/000006066722000017/exhibit991-01282022.htm,0000060667-22-000017,8-K,2022-02-23,2026-10-01T13:55:53Z,3cfa0f74b64a08a1f6917e761557b5a41e86c6deff8aa498c2dd287a2c907bbe,Effective income tax rate of approximately 25%,reported value differs from 25 by more than 0.5%,open,,,,,,,,,441,,2026-10-02,navneet,false,false,,false,false,false,met,sentence,,,,,,,yes,"Excerpt states 'Effective income tax rate is expected to be approximately 25 percent' which matches the guidance metric (tax rate), value (25%), and provides forward guidance as required.",,,,,,
01ES2CRB00667J2AWP7AH1EEMK,"Lowe's Companies, Inc.",LOW,0000060667,"Lowe's Companies, Inc. expects EPS GAAP of $7.53 per share to $7.63 per share for FY2021.","Diluted earnings per share of $7.53 to $7.63 are expected for the fiscal year ending Jan 29, 2021.",EPS GAAP,7.53,7.63,USD per share,FY2021,2020-12-09,https://www.sec.gov/Archives/edgar/data/60667/000006066720000177/exhibit991-12092020.htm,0000060667-20-000177,8-K,2020-12-09,2026-10-01T13:55:43Z,0d480ba52c55c8c32f9b18f7e0179620854d9d1f7b48f1f2d10cd2575e4cbc15,"Diluted earnings per share of $7.53 to $7.63 are expected for the fiscal year ending Jan 29, 2021.",12.04,2022-02-23,https://www.sec.gov/Archives/edgar/data/60667/000006066722000017/exhibit991-01282022.htm,0000060667-22-000017,8-K,2022-02-23,2026-10-01T13:55:53Z,3cfa0f74b64a08a1f6917e761557b5a41e86c6deff8aa498c2dd287a2c907bbe,Fourth Quarter Diluted EPS of $1.78; Fiscal 2021 Diluted EPS of $12.04—,"reported value falls outside [7.53, 7.63]",open,,,,,,,,,441,,2026-10-02,navneet,false,false,,false,false,false,missed,sentence,,,,,,,yes,"Excerpt states 'Diluted earnings per share of $7.53 to $7.63 are expected for the fiscal year ending Jan 29, 2021,' which matches the guidance metric (EPS GAAP/Diluted EPS), range ($7.53 to $7.63 per ",,,,,,
01ES2CRB00HY7CM9YHJ8ZEKCF8,"Lowe's Companies, Inc.",LOW,0000060667,"Lowe's Companies, Inc. expects EPS non-GAAP of $8.62 per share to $8.72 per share for FY2021.",Adjusted diluted earnings per share1 are expected to be $8.62 to $8.72.,EPS non-GAAP,8.62,8.72,USD per share,FY2021,2020-12-09,https://www.sec.gov/Archives/edgar/data/60667/000006066720000177/exhibit991-12092020.htm,0000060667-20-000177,8-K,2020-12-09,2026-10-01T13:55:43Z,0d480ba52c55c8c32f9b18f7e0179620854d9d1f7b48f1f2d10cd2575e4cbc15,Adjusted diluted earnings per share1 are expected to be $8.62 to $8.72.,12.04,2022-02-23,https://www.sec.gov/Archives/edgar/data/60667/000006066722000017/exhibit991-01282022.htm,0000060667-22-000017,8-K,2022-02-23,2026-10-01T13:55:53Z,3cfa0f74b64a08a1f6917e761557b5a41e86c6deff8aa498c2dd287a2c907bbe,Fourth Quarter Diluted EPS of $1.78; Fiscal 2021 Diluted EPS of $12.04—,"reported value falls outside [8.62, 8.72]",open,,,,,,,,,441,,2026-10-02,navneet,false,false,,false,false,false,missed,sentence,,,,,,,yes,"Excerpt states 'Adjusted diluted earnings per share are expected to be $8.62 to $8.72', which matches the non-GAAP EPS guidance range provided, and the forward-looking language ('are expected to be') ",,,,,,
01F60YR200C1BFQ6JH7GYYACN1,"Lowe's Companies, Inc.",LOW,0000060667,"Lowe's Companies, Inc. expects operating margin GAAP of 12% for FY2021.","Better-than-expected year-to-date results and a supportive macroeconomic backdrop build the Company’s confidence in its ability to deliver strong results for the fiscal year, including continued market share gains and the achievement of a 12% operating margin.",operating margin GAAP,12.0,12.0,percent,FY2021,2021-05-19,https://www.sec.gov/Archives/edgar/data/60667/000006066721000064/exhibit991-04302021.htm,0000060667-21-000064,8-K,2021-05-19,2026-10-01T13:55:45Z,2ec910eabc596fab3a120fdb6ecf33d47440e49358c6bb94c39b0b82ced9f85e,"Better-than-expected year-to-date results and a supportive macroeconomic backdrop build the Company’s confidence in its ability to deliver strong results for the fiscal year, including continued market share gains and the achievement of a 12% operating margin.",12.8,2022-02-23,https://www.sec.gov/Archives/edgar/data/60667/000006066722000017/exhibit991-01282022.htm,0000060667-22-000017,8-K,2022-02-23,2026-10-01T13:55:53Z,3cfa0f74b64a08a1f6917e761557b5a41e86c6deff8aa498c2dd287a2c907bbe,Operating income as a percentage of sales (operating margin) of 12.8% to 13.0%,reported value differs from 12 by more than 0.5%,open,,,,,,,,,280,,2026-10-02,navneet,false,false,,false,false,false,missed,sentence,Lowe’s Business Outlook,,,,,,yes,"The excerpt states 'the achievement of a 12% operating margin' for 'the fiscal year' in the context of forward guidance ('Lowe's Business Outlook'), matching the metric, value, and period exactly.",,,,,,
01FPXP70003WYE4KPN7QB8EZRJ,"Lowe's Companies, Inc.",LOW,0000060667,"Lowe's Companies, Inc. expects revenue of $1 billion to $1.5 billion for FY2022.",53rd week expected to increase total sales by approximately $1.0 billion to $1.5 billion,revenue,1.0,1.5,USD billions,FY2022,2021-12-15,https://www.sec.gov/Archives/edgar/data/60667/000119312521357421/d260319dex991.htm,0001193125-21-357421,8-K,2021-12-15,2026-10-01T13:55:52Z,2ffbb39b9e6f6720d9647a677c376999cb1682180f6a4f8055c6baf1111299e5,53rd week expected to increase total sales by approximately $1.0 billion to $1.5 billion,,,,,,,,,,"reported value falls outside [1, 1.5]",open,,,,,,,,,,,2026-10-02,navneet,false,false,,false,false,false,unresolved,sentence,,,,model output rejected,,,yes,"Excerpt states '53rd week expected to increase total sales by approximately $1.0 billion to $1.5 billion', which matches the guidance of $1 billion to $1.5 billion in revenue for FY2022 (the 53rd week",,,,,,
01FWHY1A00KZSKKKK760ZRSBNW,"Lowe's Companies, Inc.",LOW,0000060667,"Lowe's Companies, Inc. expects revenue of $1 billion to $1.5 billion for FY2022.",53rd week expected to increase total sales by approximately $1.0 billion to $1.5 billion,revenue,1.0,1.5,USD billions,FY2022,2022-02-23,https://www.sec.gov/Archives/edgar/data/60667/000006066722000017/exhibit991-01282022.htm,0000060667-22-000017,8-K,2022-02-23,2026-10-01T13:55:53Z,3cfa0f74b64a08a1f6917e761557b5a41e86c6deff8aa498c2dd287a2c907bbe,53rd week expected to increase total sales by approximately $1.0 billion to $1.5 billion,,,,,,,,,,"reported value falls outside [1, 1.5]",open,,,,,,,,,,,2026-10-02,navneet,false,false,,false,false,false,unresolved,sentence,Lowe’s Business Outlook,,,model output rejected,,,yes,"Excerpt states '53rd week expected to increase total sales by approximately $1.0 billion to $1.5 billion', which matches the revenue guidance range of $1 billion to $1.5 billion for FY2022 (the 53rd w",,,,,,
01G3A7DP00HAP4NKBN666567K9,"Lowe's Companies, Inc.",LOW,0000060667,"Lowe's Companies, Inc. expects revenue of $1 billion to $1.5 billion for FY2022.",53rd week expected to increase total sales by approximately $1.0 billion to $1.5 billion,revenue,1.0,1.5,USD billions,FY2022,2022-05-18,https://www.sec.gov/Archives/edgar/data/60667/000006066722000075/exhibit991-04292022.htm,0000060667-22-000075,8-K,2022-05-18,2026-10-01T13:55:56Z,b079aeab69f6730cb2821219a9bbf102f63ab682607cc0619a514a39e7ff9c23,53rd week expected to increase total sales by approximately $1.0 billion to $1.5 billion,,,,,,,,,,"reported value falls outside [1, 1.5]",open,,,,,,,,,,,2026-10-02,navneet,false,false,,false,false,false,unresolved,sentence,Lowe’s Business Outlook,,,model output rejected,,,yes,"Excerpt states '53rd week expected to increase total sales by approximately $1.0 billion to $1.5 billion', which matches the revenue guidance range of $1 billion to $1.5 billion for FY2022 (the 53rd w",,,,,,
01GAMHK300S1FZXZTAAKEHFTJ5,"Lowe's Companies, Inc.",LOW,0000060667,"Lowe's Companies, Inc. expects revenue of $1 billion to $1.5 billion for FY2022.",53rd week expected to increase total sales by approximately $1.0 billion to $1.5 billion,revenue,1.0,1.5,USD billions,FY2022,2022-08-17,https://www.sec.gov/Archives/edgar/data/60667/000006066722000133/exhibit991-07292022.htm,0000060667-22-000133,8-K,2022-08-17,2026-10-01T13:55:58Z,428163e6d6ebb6a6ee0d05927f6c6b7cd2f955bc8dcc2bb5b51f7005a73fcae4,53rd week expected to increase total sales by approximately $1.0 billion to $1.5 billion,,,,,,,,,,"reported value falls outside [1, 1.5]",open,,,,,,,,,,,2026-10-02,navneet,false,false,,false,false,false,unresolved,sentence,Lowe’s Business Outlook,,,model output rejected,,,yes,"Excerpt states '53rd week expected to increase total sales by approximately $1.0 billion to $1.5 billion', which matches the revenue guidance range of $1 billion to $1.5 billion for FY2022 (the 53rd w",,,,,,
01GHYVRG00655A1TTXZ8345PGF,"Lowe's Companies, Inc.",LOW,0000060667,"Lowe's Companies, Inc. expects revenue of $1 billion to $1.5 billion for FY2022.",53rd week expected to increase total sales by approximately $1.0 billion to $1.5 billion,revenue,1.0,1.5,USD billions,FY2022,2022-11-16,https://www.sec.gov/Archives/edgar/data/60667/000006066722000166/exhibit991-10282022.htm,0000060667-22-000166,8-K,2022-11-16,2026-10-01T13:56:01Z,56b50330c157e40cfab5a98aa19bbb422ac4830447593a018626787d47fac7bc,53rd week expected to increase total sales by approximately $1.0 billion to $1.5 billion,,,,,,,,,,"reported value falls outside [1, 1.5]",open,,,,,,,,,,,2026-10-02,navneet,false,false,,false,false,false,unresolved,sentence,Lowe’s Business Outlook,,,model output rejected,,,yes,"Excerpt states '53rd week expected to increase total sales by approximately $1.0 billion to $1.5 billion', which matches the revenue guidance range of $1 billion to $1.5 billion for FY2022 (the 53rd w",,,,,,
