record_id,company,ticker,cik,claim,assumption.text,assumption.metric,assumption.target_low,assumption.target_high,assumption.unit,assumption.target_period,assumption.stated_at,assumption.evidence.source_url,assumption.evidence.accession_number,assumption.evidence.filing_type,assumption.evidence.filed_at,assumption.evidence.fetched_at,assumption.evidence.content_sha256,assumption.evidence.excerpt,outcome.reported_value,outcome.reported_at,outcome.evidence.source_url,outcome.evidence.accession_number,outcome.evidence.filing_type,outcome.evidence.filed_at,outcome.evidence.fetched_at,outcome.evidence.content_sha256,outcome.evidence.excerpt,invalidation_condition,status,acknowledged_at,acknowledgement_evidence.source_url,acknowledgement_evidence.accession_number,acknowledgement_evidence.filing_type,acknowledgement_evidence.filed_at,acknowledgement_evidence.fetched_at,acknowledgement_evidence.content_sha256,acknowledgement_evidence.excerpt,days_to_falsifiable,days_to_acknowledged,last_reviewed_at,reviewer,approved,hand_verified,reviewer_note,conflict,empty_block,ack_pending_review,aid_proposed_status,aid_capture_method,aid_heading,aid_lead_in,aid_table_header,aid_value_column,aid_outcome_note,aid_flag_note,aid_withdrawal_note,aid_verify,aid_verify_reason,aid_verify_class,aid_suggested_note,aid_ack_proposed_at,aid_ack_proposed_excerpt,aid_ack_proposed_url,aid_ack_proposed_evidence
01DNNDW300WC5Q5Z5M4PSD8T2F,"Micron Technology, Inc.",MU,0000723125,"Micron Technology, Inc. expects operating expenses non-GAAP of $793 million to $843 million for Q1 FY2020.","Operating expenses
$818 million ± $25 million",operating expenses non-GAAP,793.0,843.0,USD millions,Q1 FY2020,2019-09-26,https://www.sec.gov/Archives/edgar/data/723125/000072312519000068/a2019q4exhibit991-pressrel.htm,0000723125-19-000068,8-K,2019-09-26,2026-10-01T13:54:07Z,5efa70f44bd837604de63c053b07f1a26f1d7515b3cbb4397d75cbf052bb789c,"Operating expenses
$818 million ± $25 million",,,,,,,,,,"reported value falls outside [793, 843]",open,,,,,,,,,,,2026-10-02,navneet,false,false,,true,false,false,unresolved,section,Non-GAAP (2) Outlook,The following table presents Micron's guidance for the first quarter of fiscal 2020:,,,no later 8-K release for that period found,,,no,"The excerpt states operating expenses of $818 million ± $25 million, which equals a range of $793 million to $843 million. This matches the claimed range exactly.",other,CHECK: other,,,,
01DNNDW3001EK5QK020CFRSRA0,"Micron Technology, Inc.",MU,0000723125,"Micron Technology, Inc. expects operating expenses non-GAAP of $755 million to $805 million for Q1 FY2020.","Operating expenses
$818 million ± $25 million
$780 million ± $25 million",operating expenses non-GAAP,755.0,805.0,USD millions,Q1 FY2020,2019-09-26,https://www.sec.gov/Archives/edgar/data/723125/000072312519000068/a2019q4exhibit991-pressrel.htm,0000723125-19-000068,8-K,2019-09-26,2026-10-01T13:54:07Z,5efa70f44bd837604de63c053b07f1a26f1d7515b3cbb4397d75cbf052bb789c,"Operating expenses
$818 million ± $25 million
$780 million ± $25 million",,,,,,,,,,"reported value falls outside [755, 805]",open,,,,,,,,,,,2026-10-02,navneet,false,false,,true,false,false,unresolved,section,Non-GAAP (2) Outlook,The following table presents Micron's guidance for the first quarter of fiscal 2020:,,,no later 8-K release for that period found,,,no,"The excerpt shows two figures with ranges: $818M ± $25M (range $793M-$843M) and $780M ± $25M (range $755M-$805M). The claim's range of $755M-$805M matches the second figure's range, but the excerpt do",other,CHECK: other,,,,
01DNNDW3005345FGSXSDBRW9B2,"Micron Technology, Inc.",MU,0000723125,"Micron Technology, Inc. expects EPS non-GAAP of $0.39 per share to $0.53 per share for Q1 FY2020.","Diluted earnings per share
$0.42 ± $0.07
$0.46 ± $0.07",EPS non-GAAP,0.39,0.53,USD per share,Q1 FY2020,2019-09-26,https://www.sec.gov/Archives/edgar/data/723125/000072312519000068/a2019q4exhibit991-pressrel.htm,0000723125-19-000068,8-K,2019-09-26,2026-10-01T13:54:07Z,5efa70f44bd837604de63c053b07f1a26f1d7515b3cbb4397d75cbf052bb789c,"Diluted earnings per share
$0.42 ± $0.07
$0.46 ± $0.07",,,,,,,,,,"reported value falls outside [0.39, 0.53]",open,,,,,,,,,,,2026-10-02,navneet,false,false,,true,false,false,unresolved,section,Non-GAAP (2) Outlook,The following table presents Micron's guidance for the first quarter of fiscal 2020:,,,no later 8-K release for that period found,,,no,"The excerpt shows two different point estimates with ranges ($0.42 ± $0.07 and $0.46 ± $0.07), which would correspond to ranges of [0.35, 0.49] and [0.39, 0.53] respectively. The claim's range of $0.3",wrong_value,CHECK: value,,,,
01E47FT600E277Z7WK7R59G1TK,"Micron Technology, Inc.",MU,0000723125,"Micron Technology, Inc. expects operating expenses non-GAAP of $800 million to $850 million for Q3 FY2020.","Operating expenses
$891 million ± $25 million $825 million ± $25 million",operating expenses non-GAAP,800.0,850.0,USD millions,Q3 FY2020,2020-03-25,https://www.sec.gov/Archives/edgar/data/723125/000072312520000030/a2020q2exhibit991-pres.htm,0000723125-20-000030,8-K,2020-03-25,2026-10-01T13:54:14Z,63a803767d75b354c104bf6a48cdc6d3909a5f7c1d9837f0ff051fba2f6cbcf7,"Operating expenses
$891 million ± $25 million $825 million ± $25 million",,,,,,,,,,"reported value falls outside [800, 850]",open,,,,,,,,,,,2026-10-02,navneet,false,false,,false,false,false,unresolved,section,Non-GAAP (2) Outlook,The following table presents Micron’s guidance for the third quarter of fiscal 2020:,,"GAAP | non-GAAP: the figure is in column 2, non-GAAP","multi-column, unconfirmed",,,no,"The excerpt states operating expenses non-GAAP as '$825 million ± $25 million', which equals a range of $800M to $850M, matching the claim exactly.",other,CHECK: other,,,,
01E47FT600TEFK1VXFXA50T11W,"Micron Technology, Inc.",MU,0000723125,"Micron Technology, Inc. expects EPS GAAP of $0.26 per share to $0.56 per share for Q2 FY2020.","Diluted earnings per share (1)
$0.41 ± $0.15 $0.14 A, B, C, D $0.55 ± $0.15",EPS GAAP,0.26,0.56,USD per share,Q2 FY2020,2020-03-25,https://www.sec.gov/Archives/edgar/data/723125/000072312520000030/a2020q2exhibit991-pres.htm,0000723125-20-000030,8-K,2020-03-25,2026-10-01T13:54:14Z,63a803767d75b354c104bf6a48cdc6d3909a5f7c1d9837f0ff051fba2f6cbcf7,"Diluted earnings per share (1)
$0.41 ± $0.15 $0.14 A, B, C, D $0.55 ± $0.15",,,,,,,,,,"reported value falls outside [0.26, 0.56]",open,,,,,,,,,,,2026-10-02,navneet,false,false,,false,false,false,unresolved,section,GAAP Outlook Adjustments Non-GAAP Outlook,,,"GAAP | Adjustments | non-GAAP: the figure is in column 1, GAAP",no later 8-K release for that period found,period closes before stated; likely next quarter,,no,"The excerpt states GAAP diluted EPS as '$0.41 ± $0.15', which equals a range of $0.26 to $0.56, matching the claim's range exactly.",other,"CHECK: Q2 FY2020 closed before this was stated; likely Q3 FY2020, the next fiscal period. Check the filing, correct the period by hand if so",,,,
01EBYNZ6000J0F1SEN786T8WV4,"Micron Technology, Inc.",MU,0000723125,"Micron Technology, Inc. expects EPS GAAP of $0.78 per share to $0.98 per share for Q3 FY2020.","Diluted earnings per share(1)
$0.88 ± $0.10 $0.17 A, B, C, D $1.05 ± $0.10",EPS GAAP,0.78,0.98,USD per share,Q3 FY2020,2020-06-29,https://www.sec.gov/Archives/edgar/data/723125/000072312520000063/a2020q3exhibit991-pres.htm,0000723125-20-000063,8-K,2020-06-29,2026-10-01T13:54:19Z,c900688bb94372dada22aa2df15ecb2c306b8dbe15b6a528a267d88870eb5f47,"Diluted earnings per share(1)
$0.88 ± $0.10 $0.17 A, B, C, D $1.05 ± $0.10",,,,,,,,,,"reported value falls outside [0.78, 0.98]",open,,,,,,,,,,,2026-10-02,navneet,false,false,,false,false,false,unresolved,section,GAAP Outlook Adjustments Non-GAAP Outlook,,,"GAAP | Adjustments | non-GAAP: the figure is in column 1, GAAP",no later 8-K release for that period found,period closes before stated; likely next quarter,,no,"The excerpt states '$0.88 ± $0.10' which equals a range of $0.78 to $0.98, matching the claim's range exactly.",other,"CHECK: Q3 FY2020 closed before this was stated; likely Q4 FY2020, the next fiscal period. Check the filing, correct the period by hand if so",,,,
01EBYNZ600GC9TWB7AAJWER1PD,"Micron Technology, Inc.",MU,0000723125,"Micron Technology, Inc. expects EPS non-GAAP of $0.95 per share to $1.15 per share for Q3 FY2020.","Diluted earnings per share(1)
$0.88 ± $0.10 $0.17 A, B, C, D $1.05 ± $0.10",EPS non-GAAP,0.95,1.15,USD per share,Q3 FY2020,2020-06-29,https://www.sec.gov/Archives/edgar/data/723125/000072312520000063/a2020q3exhibit991-pres.htm,0000723125-20-000063,8-K,2020-06-29,2026-10-01T13:54:19Z,c900688bb94372dada22aa2df15ecb2c306b8dbe15b6a528a267d88870eb5f47,"Diluted earnings per share(1)
$0.88 ± $0.10 $0.17 A, B, C, D $1.05 ± $0.10",,,,,,,,,,"reported value falls outside [0.95, 1.15]",open,,,,,,,,,,,2026-10-02,navneet,false,false,,false,false,false,unresolved,section,GAAP Outlook Adjustments Non-GAAP Outlook,,,"GAAP | Adjustments | non-GAAP: the figure is in column 3, non-GAAP",no later 8-K release for that period found,period closes before stated; likely next quarter,,no,"The excerpt states non-GAAP diluted EPS of $1.05 ± $0.10, which is a range of $0.95 to $1.15, but this range is centered at $1.05, not matching the claim's range of $0.95 to $1.15 which would be cente",other,"CHECK: Q3 FY2020 closed before this was stated; likely Q4 FY2020, the next fiscal period. Check the filing, correct the period by hand if so",,,,
01ERDSJK00JHBE627TFATVPQH2,"Micron Technology, Inc.",MU,0000723125,"Micron Technology, Inc. expects gross margin GAAP of 25.5% to 27.5% for FY2021.","Gross margin
25.5% - 27.5% 1% A 26.5% - 28.5% 28.5% - 29.5% 1% A 29.5% - 30.5%",gross margin GAAP,25.5,27.5,percent,FY2021,2020-12-01,https://www.sec.gov/Archives/edgar/data/723125/000072312520000094/exhibit991-pressrelease.htm,0000723125-20-000094,8-K,2020-12-01,2026-10-01T13:54:23Z,5ee97b999d8d964f1ac02291373be69a61853aff61b8917db890b7537dfd1e45,"Gross margin
25.5% - 27.5% 1% A 26.5% - 28.5% 28.5% - 29.5% 1% A 29.5% - 30.5%",,,,,,,,,,"reported value falls outside [25.5, 27.5]",open,,,,,,,,,,,2026-10-02,navneet,false,false,,true,false,false,unresolved,section,Previous Guidance Updated Guidance,,,,the model found no line reporting that metric for that period,,,no,"The excerpt shows multiple guidance ranges in a table format. The first range of 25.5% - 27.5% appears to be labeled as 'Previous Guidance' for an unspecified period, while the updated guidance ranges",wrong_period,CHECK: period,,,,
01ERDSJK0096AE1TY8ZE8SV84C,"Micron Technology, Inc.",MU,0000723125,"Micron Technology, Inc. expects gross margin GAAP of 28.5% to 29.5% for FY2021.","Gross margin
25.5% - 27.5% 1% A 26.5% - 28.5% 28.5% - 29.5% 1% A 29.5% - 30.5%",gross margin GAAP,28.5,29.5,percent,FY2021,2020-12-01,https://www.sec.gov/Archives/edgar/data/723125/000072312520000094/exhibit991-pressrelease.htm,0000723125-20-000094,8-K,2020-12-01,2026-10-01T13:54:23Z,5ee97b999d8d964f1ac02291373be69a61853aff61b8917db890b7537dfd1e45,"Gross margin
25.5% - 27.5% 1% A 26.5% - 28.5% 28.5% - 29.5% 1% A 29.5% - 30.5%",,,,,,,,,,"reported value falls outside [28.5, 29.5]",open,,,,,,,,,,,2026-10-02,navneet,false,false,,true,false,false,unresolved,section,Previous Guidance Updated Guidance,,,,the model found no line reporting that metric for that period,,,no,"The excerpt shows 28.5% - 29.5% in the 'Updated Guidance' column for gross margin, but this appears to be for a different period than FY2021. The table structure with 'Previous Guidance' and 'Updated ",wrong_period,CHECK: period,,,,
01EVD29600N464C28XK90AZPY5,"Micron Technology, Inc.",MU,0000723125,"Micron Technology, Inc. expects EPS non-GAAP of $0.68 per share to $0.82 per share for Q2 FY2021.","Diluted earnings per share
$0.41 ± $0.07 $0.75 ± $0.07",EPS non-GAAP,0.68,0.82,USD per share,Q2 FY2021,2021-01-07,https://www.sec.gov/Archives/edgar/data/723125/000072312521000009/a2021q1ex991-pressrelease.htm,0000723125-21-000009,8-K,2021-01-07,2026-10-01T13:54:24Z,0521d19d1ded96b824b22e7469057f0575b01d03768d5d335cc120af0c14e897,"Diluted earnings per share
$0.41 ± $0.07 $0.75 ± $0.07",0.98,2021-03-31,https://www.sec.gov/Archives/edgar/data/723125/000072312521000028/a2021q2ex991-pressrelease.htm,0000723125-21-000028,8-K,2021-03-31,2026-10-01T13:54:27Z,7e34be72807178f51f034625a90717ff10d9821e39563e80eaa3159da27f5df8,"Non-GAAP net income of $1.13 billion, or $0.98 per diluted share","reported value falls outside [0.68, 0.82]",open,,,,,,,,,83,,2026-10-02,navneet,false,false,,false,false,false,missed,section,Non-GAAP(2) Outlook,The following table presents Micron’s guidance for the second quarter of 2021:,,"GAAP | non-GAAP: the figure is in column 2, non-GAAP",,,,no,"The excerpt shows non-GAAP diluted EPS guidance of $0.75 ± $0.07, which equals a range of $0.68 to $0.82 per share. This matches the claimed range exactly.",other,CHECK: other,,,,
01F22S8V00QMJFW4SR6H9ERG8T,"Micron Technology, Inc.",MU,0000723125,"Micron Technology, Inc. expects other income and expense of $27 million for Q3 FY2021.","Interest (income) expense, net
$27 million $25 million",other income and expense,27.0,27.0,USD millions,Q3 FY2021,2021-03-31,https://www.sec.gov/Archives/edgar/data/723125/000072312521000028/a2021q2ex991-pressrelease.htm,0000723125-21-000028,8-K,2021-03-31,2026-10-01T13:54:27Z,7e34be72807178f51f034625a90717ff10d9821e39563e80eaa3159da27f5df8,"Interest (income) expense, net
$27 million $25 million",,,,,,,,,,reported value differs from 27 by more than 0.5%,open,,,,,,,,,,,2026-10-02,navneet,false,false,,false,false,false,unresolved,section,Non-GAAP(2) Outlook,The following table presents Micron’s guidance for the third quarter of 2021:,,"GAAP | non-GAAP: the figure is in column 1, GAAP",the matching release has no line naming the metric with a number,,,no,"The excerpt states 'Interest (income) expense, net' but the metric specified is 'other income and expense'. These are different line items.",wrong_metric,CHECK: metric,,,,
01FGMV6Y003H8NTHJRKTFNYGTK,"Micron Technology, Inc.",MU,0000723125,"Micron Technology, Inc. expects operating expenses non-GAAP of $890 million to $940 million for Q1 FY2022.","Operating expenses
$986 million ± $25 million $915 million ± $25 million",operating expenses non-GAAP,890.0,940.0,USD millions,Q1 FY2022,2021-09-28,https://www.sec.gov/Archives/edgar/data/723125/000072312521000060/a2021q4ex991-pressrelease.htm,0000723125-21-000060,8-K,2021-09-28,2026-10-01T13:54:32Z,2f36a2afae5073838ce5456ee41da9bbd48b13f46f84a668d3384cd8e39eea83,"Operating expenses
$986 million ± $25 million $915 million ± $25 million",,,,,,,,,,"reported value falls outside [890, 940]",open,,,,,,,,,,,2026-10-02,navneet,false,false,,false,false,false,unresolved,section,Non-GAAP(2) Outlook,The following table presents Micron’s guidance for the first quarter of 2022:,,"GAAP | non-GAAP: the figure is in column 2, non-GAAP","multi-column, unconfirmed",,,no,"The excerpt states non-GAAP operating expenses as '$915 million ± $25 million', which equals a range of $890M to $940M, matching the claim exactly.",other,CHECK: other,,,,
01FQAJ6K00JZQE28ZSH4ZB65CN,"Micron Technology, Inc.",MU,0000723125,"Micron Technology, Inc. expects EPS non-GAAP of $1.85 per share to $2.05 per share for Q2 FY2022.","Diluted earnings per share
$1.83 ± $0.10 $1.95 ± $0.10",EPS non-GAAP,1.85,2.05,USD per share,Q2 FY2022,2021-12-20,https://www.sec.gov/Archives/edgar/data/723125/000072312521000086/a2022q1ex991-pressrelease.htm,0000723125-21-000086,8-K,2021-12-20,2026-10-01T13:54:34Z,0514f22a19c5245dee4b5a1c9c64c3208ff00f0f1181ed93df10490a40ab159c,"Diluted earnings per share
$1.83 ± $0.10 $1.95 ± $0.10",2.14,2022-03-29,https://www.sec.gov/Archives/edgar/data/723125/000072312522000012/a2022q2ex991-pressrelease.htm,0000723125-22-000012,8-K,2022-03-29,2026-10-01T13:54:36Z,919b390fc5b44c4f98b026522a3280fc6db66be5dde481339b3373642ab480bd,"Non-GAAP net income of $2.44 billion, or $2.14 per diluted share","reported value falls outside [1.85, 2.05]",open,,,,,,,,,99,,2026-10-02,navneet,false,false,,false,false,false,missed,section,Non-GAAP(2) Outlook,The following table presents Micron’s guidance for the second quarter of 2022:,,"GAAP | non-GAAP: the figure is in column 2, non-GAAP",,,,no,"The excerpt states non-GAAP diluted EPS as $1.95 ± $0.10, which equals a range of $1.85 to $2.05, matching the claim's range exactly.",other,CHECK: other,,,,
01J8K7MH006E270D63BDN0PWSD,"Micron Technology, Inc.",MU,0000723125,"Micron Technology, Inc. expects operating expenses non-GAAP of $1.07 billion to $1.1 billion for Q1 FY2025.","Operating expenses
$1.211 billion ± $15 million $1.085 billion ± $15 million",operating expenses non-GAAP,1.07,1.1,USD billions,Q1 FY2025,2024-09-25,https://www.sec.gov/Archives/edgar/data/723125/000072312524000023/a2024q4ex991-pressrelease.htm,0000723125-24-000023,8-K,2024-09-25,2026-10-01T13:55:01Z,eb898b1e813124c93c21934d39f33030f61f9aa146c62d5b0608c0e15ddf7671,"Operating expenses
$1.211 billion ± $15 million $1.085 billion ± $15 million",,,,,,,,,,"reported value falls outside [1.07, 1.1]",open,,,,,,,,,,,2026-10-02,navneet,false,false,,false,false,false,unresolved,section,Non-GAAP(2) Outlook,The following table presents Micron’s guidance for the first quarter of 2025:,,"GAAP | non-GAAP: the figure is in column 2, non-GAAP","multi-column, unconfirmed",,,no,"The excerpt states operating expenses non-GAAP as '$1.085 billion ± $15 million', which equals a range of $1.070 billion to $1.100 billion. The claim states $1.07 billion to $1.1 billion. These ranges",other,CHECK: other,,,,
01J8K7MH00MEFXG79TSZCFS1ES,"Micron Technology, Inc.",MU,0000723125,"Micron Technology, Inc. expects EPS non-GAAP of $1.66 per share to $1.82 per share for Q1 FY2025.","Diluted earnings per share
$1.54 ± $0.08 $1.74 ± $0.08",EPS non-GAAP,1.66,1.82,USD per share,Q1 FY2025,2024-09-25,https://www.sec.gov/Archives/edgar/data/723125/000072312524000023/a2024q4ex991-pressrelease.htm,0000723125-24-000023,8-K,2024-09-25,2026-10-01T13:55:01Z,eb898b1e813124c93c21934d39f33030f61f9aa146c62d5b0608c0e15ddf7671,"Diluted earnings per share
$1.54 ± $0.08 $1.74 ± $0.08",1.79,2024-12-18,https://www.sec.gov/Archives/edgar/data/723125/000072312524000046/a2025q1ex991-pressrelease.htm,0000723125-24-000046,8-K,2024-12-18,2026-10-01T13:55:04Z,6f470f5cb07b50829eff333bd9e10c5a7fd1c658ae27b73dbae978cbb77cfe0d,"Non-GAAP net income of $2.04 billion, or $1.79 per diluted share","reported value falls outside [1.66, 1.82]",open,,,,,,,,,84,,2026-10-02,navneet,false,false,,false,false,false,met,section,Non-GAAP(2) Outlook,The following table presents Micron’s guidance for the first quarter of 2025:,,"GAAP | non-GAAP: the figure is in column 2, non-GAAP",,,,no,"The excerpt shows non-GAAP diluted EPS of $1.74 ± $0.08, which equals a range of $1.66 to $1.82, matching the claim exactly.",other,CHECK: other,,,,
01E47FT6007TRYWY4H8G5CJP67,"Micron Technology, Inc.",MU,0000723125,"Micron Technology, Inc. expects operating expenses GAAP of $866 million to $916 million for Q3 FY2020.","Operating expenses
$891 million ± $25 million $825 million ± $25 million",operating expenses GAAP,866.0,916.0,USD millions,Q3 FY2020,2020-03-25,https://www.sec.gov/Archives/edgar/data/723125/000072312520000030/a2020q2exhibit991-pres.htm,0000723125-20-000030,8-K,2020-03-25,2026-10-01T13:54:14Z,63a803767d75b354c104bf6a48cdc6d3909a5f7c1d9837f0ff051fba2f6cbcf7,"Operating expenses
$891 million ± $25 million $825 million ± $25 million",,,,,,,,,,"reported value falls outside [866, 916]",open,,,,,,,,,,,2026-10-02,navneet,false,false,,false,false,false,unresolved,section,Non-GAAP (2) Outlook,The following table presents Micron’s guidance for the third quarter of fiscal 2020:,,"GAAP | non-GAAP: the figure is in column 1, GAAP","multi-column, unconfirmed",,,no,"The excerpt shows operating expenses guidance of $891 million ± $25 million for GAAP, which equals a range of $866 million to $916 million. However, the section heading states 'Non-GAAP (2) Outlook' w",other,CHECK: other,,,,
01E47FT600DG9D8195KMJ38E3B,"Micron Technology, Inc.",MU,0000723125,"Micron Technology, Inc. expects EPS GAAP of $0.26 per share to $0.56 per share for Q3 FY2020.","Diluted earnings per share
$0.41 ± $0.15 $0.55 ± $0.15",EPS GAAP,0.26,0.56,USD per share,Q3 FY2020,2020-03-25,https://www.sec.gov/Archives/edgar/data/723125/000072312520000030/a2020q2exhibit991-pres.htm,0000723125-20-000030,8-K,2020-03-25,2026-10-01T13:54:14Z,63a803767d75b354c104bf6a48cdc6d3909a5f7c1d9837f0ff051fba2f6cbcf7,"Diluted earnings per share
$0.41 ± $0.15 $0.55 ± $0.15",0.71,2020-06-29,https://www.sec.gov/Archives/edgar/data/723125/000072312520000063/a2020q3exhibit991-pres.htm,0000723125-20-000063,8-K,2020-06-29,2026-10-01T13:54:19Z,c900688bb94372dada22aa2df15ecb2c306b8dbe15b6a528a267d88870eb5f47,"GAAP net income of $803 million, or $0.71 per diluted share","reported value falls outside [0.26, 0.56]",open,,,,,,,,,96,,2026-10-02,navneet,false,false,,false,false,false,missed,section,Non-GAAP (2) Outlook,The following table presents Micron’s guidance for the third quarter of fiscal 2020:,,"GAAP | non-GAAP: the figure is in column 1, GAAP",,,,no,"The excerpt shows GAAP diluted EPS guidance of $0.41 ± $0.15, which equals a range of $0.26 to $0.56 per share. However, the section heading states 'Non-GAAP (2) Outlook' and the table columns indicat",wrong_metric,CHECK: metric,,,,
01EVD29600PJ7BJM1A97V5QT3B,"Micron Technology, Inc.",MU,0000723125,"Micron Technology, Inc. expects operating expenses GAAP of $857 million to $907 million for Q2 FY2021.","Operating expenses
$882 million ± $25 million $825 million ± $25 million",operating expenses GAAP,857.0,907.0,USD millions,Q2 FY2021,2021-01-07,https://www.sec.gov/Archives/edgar/data/723125/000072312521000009/a2021q1ex991-pressrelease.htm,0000723125-21-000009,8-K,2021-01-07,2026-10-01T13:54:24Z,0521d19d1ded96b824b22e7469057f0575b01d03768d5d335cc120af0c14e897,"Operating expenses
$882 million ± $25 million $825 million ± $25 million",,,,,,,,,,"reported value falls outside [857, 907]",open,,,,,,,,,,,2026-10-02,navneet,false,false,,false,false,false,unresolved,section,Non-GAAP(2) Outlook,The following table presents Micron’s guidance for the second quarter of 2021:,,"GAAP | non-GAAP: the figure is in column 1, GAAP","multi-column, unconfirmed",,,no,"The excerpt shows operating expenses guidance of $882 million ± $25 million for GAAP, which equals a range of $857 million to $907 million. However, the section heading states 'Non-GAAP(2) Outlook' an",other,CHECK: other,,,,
01EVD296004JKV4N6JADQSG2KB,"Micron Technology, Inc.",MU,0000723125,"Micron Technology, Inc. expects EPS GAAP of $0.34 per share to $0.48 per share for Q2 FY2021.","Diluted earnings per share
$0.41 ± $0.07 $0.75 ± $0.07",EPS GAAP,0.34,0.48,USD per share,Q2 FY2021,2021-01-07,https://www.sec.gov/Archives/edgar/data/723125/000072312521000009/a2021q1ex991-pressrelease.htm,0000723125-21-000009,8-K,2021-01-07,2026-10-01T13:54:24Z,0521d19d1ded96b824b22e7469057f0575b01d03768d5d335cc120af0c14e897,"Diluted earnings per share
$0.41 ± $0.07 $0.75 ± $0.07",0.53,2021-03-31,https://www.sec.gov/Archives/edgar/data/723125/000072312521000028/a2021q2ex991-pressrelease.htm,0000723125-21-000028,8-K,2021-03-31,2026-10-01T13:54:27Z,7e34be72807178f51f034625a90717ff10d9821e39563e80eaa3159da27f5df8,"GAAP net income of $603 million, or $0.53 per diluted share","reported value falls outside [0.34, 0.48]",open,,,,,,,,,83,,2026-10-02,navneet,false,false,,false,false,false,missed,section,Non-GAAP(2) Outlook,The following table presents Micron’s guidance for the second quarter of 2021:,,"GAAP | non-GAAP: the figure is in column 1, GAAP",,,,no,"The excerpt shows GAAP diluted EPS of $0.41 ± $0.07, which equals a range of $0.34 to $0.48, matching the claim's numbers exactly. However, the section heading states 'Non-GAAP(2) Outlook' which indic",wrong_metric,CHECK: metric,,,,
01FQAJ6K007DMMEYV3X5G2ETSC,"Micron Technology, Inc.",MU,0000723125,"Micron Technology, Inc. expects operating expenses GAAP of $1033 million to $1083 million for Q2 FY2022.","Operating expenses
$1,058 million ± $25 million $975 million ± $25 million",operating expenses GAAP,1033.0,1083.0,USD millions,Q2 FY2022,2021-12-20,https://www.sec.gov/Archives/edgar/data/723125/000072312521000086/a2022q1ex991-pressrelease.htm,0000723125-21-000086,8-K,2021-12-20,2026-10-01T13:54:34Z,0514f22a19c5245dee4b5a1c9c64c3208ff00f0f1181ed93df10490a40ab159c,"Operating expenses
$1,058 million ± $25 million $975 million ± $25 million",,,,,,,,,,"reported value falls outside [1033, 1083]",open,,,,,,,,,,,2026-10-02,navneet,false,false,,false,false,false,unresolved,section,Non-GAAP(2) Outlook,The following table presents Micron’s guidance for the second quarter of 2022:,,"GAAP | non-GAAP: the figure is in column 1, GAAP","multi-column, unconfirmed",,,no,"The excerpt shows operating expenses guidance of '$1,058 million ± $25 million' in the GAAP column, which translates to a range of $1,033 million to $1,083 million. However, the section heading states",wrong_period,CHECK: period,,,,
01FQAJ6K00EDHD5CFS4GS4Y2RP,"Micron Technology, Inc.",MU,0000723125,"Micron Technology, Inc. expects EPS GAAP of $1.73 per share to $1.93 per share for Q2 FY2022.","Diluted earnings per share
$1.83 ± $0.10 $1.95 ± $0.10",EPS GAAP,1.73,1.93,USD per share,Q2 FY2022,2021-12-20,https://www.sec.gov/Archives/edgar/data/723125/000072312521000086/a2022q1ex991-pressrelease.htm,0000723125-21-000086,8-K,2021-12-20,2026-10-01T13:54:34Z,0514f22a19c5245dee4b5a1c9c64c3208ff00f0f1181ed93df10490a40ab159c,"Diluted earnings per share
$1.83 ± $0.10 $1.95 ± $0.10",2.0,2022-03-29,https://www.sec.gov/Archives/edgar/data/723125/000072312522000012/a2022q2ex991-pressrelease.htm,0000723125-22-000012,8-K,2022-03-29,2026-10-01T13:54:36Z,919b390fc5b44c4f98b026522a3280fc6db66be5dde481339b3373642ab480bd,"GAAP net income of $2.26 billion, or $2.00 per diluted share","reported value falls outside [1.73, 1.93]",open,,,,,,,,,99,,2026-10-02,navneet,false,false,,false,false,false,missed,section,Non-GAAP(2) Outlook,The following table presents Micron’s guidance for the second quarter of 2022:,,"GAAP | non-GAAP: the figure is in column 1, GAAP",,,,no,"The excerpt shows GAAP diluted EPS guidance of $1.83 ± $0.10 (range $1.73-$1.93), but the claim states $1.73 to $1.93 per share. While the range endpoints match the ±$0.10 calculation, the excerpt pre",wrong_value,false alarm: ± expands to 1.73-1.93,,,,
01FZ9FHR00PZTSHKKV41K8MYQ5,"Micron Technology, Inc.",MU,0000723125,"Micron Technology, Inc. expects gross margin GAAP of 46% to 48% for Q3 FY2022.","Gross margin
47.0% ± 1% 48.0% ± 1%",gross margin GAAP,46.0,48.0,percent,Q3 FY2022,2022-03-29,https://www.sec.gov/Archives/edgar/data/723125/000072312522000012/a2022q2ex991-pressrelease.htm,0000723125-22-000012,8-K,2022-03-29,2026-10-01T13:54:36Z,919b390fc5b44c4f98b026522a3280fc6db66be5dde481339b3373642ab480bd,"Gross margin
47.0% ± 1% 48.0% ± 1%",,,,,,,,,,"reported value falls outside [46, 48]",open,,,,,,,,,,,2026-10-02,navneet,false,false,,false,false,false,unresolved,section,Non-GAAP(2) Outlook,The following table presents Micron’s guidance for the third quarter of 2022:,,"GAAP | non-GAAP: the figure is in column 1, GAAP",the model found no line reporting that metric for that period,,,no,"The excerpt shows gross margin guidance of '47.0% ± 1%' in the GAAP column, which translates to a range of 46.0% to 48.0%, matching the claimed range of 46% to 48%. However, the section heading states",wrong_metric,CHECK: metric,,,,
01HG9KKF00F17DB3C7AZBGTQNY,"Micron Technology, Inc.",MU,0000723125,"Micron Technology, Inc. expects gross margin non-GAAP of 0% to 0.5% for Q4 FY2023.","Gross margin
(6.0%) ± 2.0%
2%
A
(4.0%) ± 2.0%
(2.5%) to (2.0%)
2%
A
(0.5%) to 0.0%",gross margin non-GAAP,0.0,0.5,percent,Q4 FY2023,2023-11-28,https://www.sec.gov/Archives/edgar/data/723125/000110465923121460/tm2331627d1_ex99-1.htm,0001104659-23-121460,8-K,2023-11-28,2026-10-01T13:54:54Z,a265b70166ea983385195ea23e2715279e2b79814d4cfd13ce2b61f283ea7432,"Gross margin
(6.0%) ± 2.0%
2%
A
(4.0%) ± 2.0%
(2.5%) to (2.0%)
2%
A
(0.5%) to 0.0%",,,,,,,,,,"reported value falls outside [0, 0.5]",open,,,,,,,,,,,2026-10-02,navneet,false,false,,false,false,false,unresolved,section,Non-GAAP Outlook,,,,no later 8-K release for that period found,"period closes before stated; likely next quarter; 'gross margin non-GAAP' is a rate: a parenthesised figure in the evidence was read as positive, not negative, because the evidence has no 'negative', 'benefit' or 'loss' wording",,no,"The excerpt shows a range of (0.5%) to 0.0%, which represents negative values from -0.5% to 0.0%, not the positive range of 0.0% to 0.5% claimed.",wrong_sign,"CHECK: Q4 FY2023 closed before this was stated; likely Q1 FY2024, the next fiscal period. Check the filing, correct the period by hand if so",,,,
01HJ28B900Q80V66QZ0CAHY3HM,"Micron Technology, Inc.",MU,0000723125,"Micron Technology, Inc. expects EPS non-GAAP of $-0.35 per share to $-0.21 per share for Q2 FY2024.","Diluted earnings (loss) per share
($0.45) ± $0.07 ($0.28) ± $0.07",EPS non-GAAP,-0.35,-0.21,USD per share,Q2 FY2024,2023-12-20,https://www.sec.gov/Archives/edgar/data/723125/000072312523000071/a2024q1ex991-pressrelease.htm,0000723125-23-000071,8-K,2023-12-20,2026-10-01T13:54:54Z,1ef66ae125e5aa7ac34185c194f3011892be2ef8607943cd7d43d0aa995f3e18,"Diluted earnings (loss) per share
($0.45) ± $0.07 ($0.28) ± $0.07",0.42,2024-03-20,https://www.sec.gov/Archives/edgar/data/723125/000072312524000004/a2024q2ex991-pressrelease.htm,0000723125-24-000004,8-K,2024-03-20,2026-10-01T13:54:57Z,d0cc059aaeadfa5261003a9f8613e46b910d28db6c3fa0c47c0ae7309c471edb,"Non-GAAP net income of $476 million, or $0.42 per diluted share","reported value falls outside [-0.35, -0.21]",open,,,,,,,,,91,,2026-10-02,navneet,false,false,,false,false,false,missed,section,Non-GAAP(2) Outlook,The following table presents Micron’s guidance for the second quarter of 2024:,,"GAAP | non-GAAP: the figure is in column 2, non-GAAP",,,,no,"The excerpt shows non-GAAP EPS guidance of ($0.28) ± $0.07, which translates to a range of -$0.35 to -$0.21 per share. However, the claim states this is for Q2 FY2024, but the lead-in specifies 'secon",other,CHECK: other,,,,
01E47FT6007S81XQVSN6CZVV0D,"Micron Technology, Inc.",MU,0000723125,"Micron Technology, Inc. expects operating expenses non-GAAP of $800 million to $850 million for Q2 FY2020.","Operating expenses
$891 million ± $25 million $66 million B $825 million ± $25 million",operating expenses non-GAAP,800.0,850.0,USD millions,Q2 FY2020,2020-03-25,https://www.sec.gov/Archives/edgar/data/723125/000072312520000030/a2020q2exhibit991-pres.htm,0000723125-20-000030,8-K,2020-03-25,2026-10-01T13:54:14Z,63a803767d75b354c104bf6a48cdc6d3909a5f7c1d9837f0ff051fba2f6cbcf7,"Operating expenses
$891 million ± $25 million $66 million B $825 million ± $25 million",,,,,,,,,,"reported value falls outside [800, 850]",open,,,,,,,,,,,2026-10-02,navneet,false,false,,false,false,false,unresolved,section,GAAP Outlook Adjustments Non-GAAP Outlook,,,"GAAP | Adjustments | non-GAAP: the figure is in column 3, non-GAAP",no later 8-K release for that period found,period closes before stated; likely next quarter,,no,"The excerpt states operating expenses non-GAAP as '$825 million ± $25 million', which is a range of $800M to $850M, matching the claim's range exactly.",other,"CHECK: Q2 FY2020 closed before this was stated; likely Q3 FY2020, the next fiscal period. Check the filing, correct the period by hand if so",,,,
01E47FT600661YHMF2S31651WK,"Micron Technology, Inc.",MU,0000723125,"Micron Technology, Inc. expects EPS non-GAAP of $0.4 per share to $0.7 per share for Q2 FY2020.","Diluted earnings per share (1)
$0.41 ± $0.15 $0.14 A, B, C, D $0.55 ± $0.15",EPS non-GAAP,0.4,0.7,USD per share,Q2 FY2020,2020-03-25,https://www.sec.gov/Archives/edgar/data/723125/000072312520000030/a2020q2exhibit991-pres.htm,0000723125-20-000030,8-K,2020-03-25,2026-10-01T13:54:14Z,63a803767d75b354c104bf6a48cdc6d3909a5f7c1d9837f0ff051fba2f6cbcf7,"Diluted earnings per share (1)
$0.41 ± $0.15 $0.14 A, B, C, D $0.55 ± $0.15",,,,,,,,,,"reported value falls outside [0.4, 0.7]",open,,,,,,,,,,,2026-10-02,navneet,false,false,,false,false,false,unresolved,section,GAAP Outlook Adjustments Non-GAAP Outlook,,,"GAAP | Adjustments | non-GAAP: the figure is in column 3, non-GAAP",no later 8-K release for that period found,period closes before stated; likely next quarter,,no,"The excerpt shows non-GAAP diluted EPS of $0.55 ± $0.15, which translates to a range of $0.40 to $0.70 per share. However, the claim specifies a range of $0.4 to $0.7 per share, and while these appear",wrong_period,"CHECK: Q2 FY2020 closed before this was stated; likely Q3 FY2020, the next fiscal period. Check the filing, correct the period by hand if so",,,,
01ERDSJK00WASQHWAVYA9D6KMS,"Micron Technology, Inc.",MU,0000723125,"Micron Technology, Inc. expects EPS GAAP of $0.61 per share to $0.65 per share for FY2021.","Diluted earnings per share(1)
$0.32 - $0.46
$0.08 A,B,C,D
$0.40 - $0.54
$0.61 - $0.65",EPS GAAP,0.61,0.65,USD per share,FY2021,2020-12-01,https://www.sec.gov/Archives/edgar/data/723125/000072312520000094/exhibit991-pressrelease.htm,0000723125-20-000094,8-K,2020-12-01,2026-10-01T13:54:23Z,5ee97b999d8d964f1ac02291373be69a61853aff61b8917db890b7537dfd1e45,"Diluted earnings per share(1)
$0.32 - $0.46
$0.08 A,B,C,D
$0.40 - $0.54
$0.61 - $0.65",,,,,,,,,,"reported value falls outside [0.61, 0.65]",open,,,,,,,,,,,2026-10-02,navneet,false,false,,true,false,false,unresolved,section,Previous Guidance Updated Guidance,,,,model output rejected,,,no,"The excerpt shows '$0.61 - $0.65' in the context of 'Updated Guidance' but without explicit period labeling in the excerpt itself. However, examining the structure: the first row shows previous guidan",wrong_period,CHECK: period,,,,
01EVD29600674ZMK9MVWXPQVQ4,"Micron Technology, Inc.",MU,0000723125,"Micron Technology, Inc. expects revenue of $5.6 billion to $6 billion for Q2 FY2021.","Revenue
$5.8 billion ± $200 million $5.8 billion ± $200 million",revenue,5.6,6.0,USD billions,Q2 FY2021,2021-01-07,https://www.sec.gov/Archives/edgar/data/723125/000072312521000009/a2021q1ex991-pressrelease.htm,0000723125-21-000009,8-K,2021-01-07,2026-10-01T13:54:24Z,0521d19d1ded96b824b22e7469057f0575b01d03768d5d335cc120af0c14e897,"Revenue
$5.8 billion ± $200 million $5.8 billion ± $200 million",6.24,2021-03-31,https://www.sec.gov/Archives/edgar/data/723125/000072312521000028/a2021q2ex991-pressrelease.htm,0000723125-21-000028,8-K,2021-03-31,2026-10-01T13:54:27Z,7e34be72807178f51f034625a90717ff10d9821e39563e80eaa3159da27f5df8,Revenue of $6.24 billion versus $5.77 billion for the prior quarter and $4.80 billion for the same period last year,"reported value falls outside [5.6, 6]",open,2022-03-29,https://www.sec.gov/Archives/edgar/data/723125/000072312522000012/a2022q2ex991-pressrelease.htm,0000723125-22-000012,8-K,2022-03-29,2026-10-01T13:54:36Z,919b390fc5b44c4f98b026522a3280fc6db66be5dde481339b3373642ab480bd,"“Micron’s excellent second quarter results exceeded the high end of our guidance for both revenue and margin, reflecting our strong execution,” said Micron Technology President and CEO Sanjay Mehrotra.",83,363,2026-10-02,navneet,false,false,,false,false,false,missed,section,Non-GAAP(2) Outlook,The following table presents Micron’s guidance for the second quarter of 2021:,,,,,,no,"The excerpt states revenue guidance of $5.8 billion ± $200 million (range $5.6B to $6.0B), but the claim specifies $5.6 billion to $6 billion. While these ranges overlap significantly, $5.8B ± $200M p",wrong_value,CHECK: value,,,,
01DNNDW300RD9SM5TFC1M35RS1,"Micron Technology, Inc.",MU,0000723125,"Micron Technology, Inc. expects EPS non-GAAP of $0.35 per share to $0.49 per share for Q1 FY2020.","Diluted earnings per share
$0.42 ± $0.07",EPS non-GAAP,0.35,0.49,USD per share,Q1 FY2020,2019-09-26,https://www.sec.gov/Archives/edgar/data/723125/000072312519000068/a2019q4exhibit991-pressrel.htm,0000723125-19-000068,8-K,2019-09-26,2026-10-01T13:54:07Z,5efa70f44bd837604de63c053b07f1a26f1d7515b3cbb4397d75cbf052bb789c,"Diluted earnings per share
$0.42 ± $0.07",,,,,,,,,,"reported value falls outside [0.35, 0.49]",open,,,,,,,,,,,2026-10-02,navneet,false,false,,true,false,false,unresolved,section,Non-GAAP (2) Outlook,The following table presents Micron's guidance for the first quarter of fiscal 2020:,,,no later 8-K release for that period found,,,yes,"The excerpt states non-GAAP diluted EPS of $0.42 ± $0.07, which equals the range $0.35 to $0.49 per share for Q1 FY2020 as specified in the Non-GAAP Outlook section.",,,,,,
01E47FT600XZE6DANBXDFPBEX8,"Micron Technology, Inc.",MU,0000723125,"Micron Technology, Inc. expects gross margin non-GAAP of 29.5% to 32.5% for Q3 FY2020.","Gross margin
30% ± 1.5% 31% ±1.5%",gross margin non-GAAP,29.5,32.5,percent,Q3 FY2020,2020-03-25,https://www.sec.gov/Archives/edgar/data/723125/000072312520000030/a2020q2exhibit991-pres.htm,0000723125-20-000030,8-K,2020-03-25,2026-10-01T13:54:14Z,63a803767d75b354c104bf6a48cdc6d3909a5f7c1d9837f0ff051fba2f6cbcf7,"Gross margin
30% ± 1.5% 31% ±1.5%",,,,,,,,,,"reported value falls outside [29.5, 32.5]",open,,,,,,,,,,,2026-10-02,navneet,false,false,,false,false,false,unresolved,section,Non-GAAP (2) Outlook,The following table presents Micron’s guidance for the third quarter of fiscal 2020:,,"GAAP | non-GAAP: the figure is in column 2, non-GAAP",the model found no line reporting that metric for that period,,,yes,The excerpt states non-GAAP gross margin guidance of '31% ±1.5%' which equals the range 29.5% to 32.5% for Q3 FY2020 as specified in the lead-in line.,,,,,,
01EVD29600N3WGYHG68C95CAQ8,"Micron Technology, Inc.",MU,0000723125,"Micron Technology, Inc. expects gross margin non-GAAP of 30% to 32% for Q2 FY2021.","Gross margin
25% ± 1% 31% ± 1%",gross margin non-GAAP,30.0,32.0,percent,Q2 FY2021,2021-01-07,https://www.sec.gov/Archives/edgar/data/723125/000072312521000009/a2021q1ex991-pressrelease.htm,0000723125-21-000009,8-K,2021-01-07,2026-10-01T13:54:24Z,0521d19d1ded96b824b22e7469057f0575b01d03768d5d335cc120af0c14e897,"Gross margin
25% ± 1% 31% ± 1%",31.0,2021-03-31,https://www.sec.gov/Archives/edgar/data/723125/000072312521000028/a2021q2ex991-pressrelease.htm,0000723125-21-000028,8-K,2021-03-31,2026-10-01T13:54:27Z,7e34be72807178f51f034625a90717ff10d9821e39563e80eaa3159da27f5df8,"Non-GAAP gross margin $ 2,054 $ 1,784 $ 1,398","reported value falls outside [30, 32]",open,,,,,,,,,83,,2026-10-02,navneet,false,false,,false,false,false,met,section,Non-GAAP(2) Outlook,The following table presents Micron’s guidance for the second quarter of 2021:,,"GAAP | non-GAAP: the figure is in column 2, non-GAAP",,,,yes,"The excerpt states gross margin non-GAAP guidance of '31% ± 1%', which equals the range 30% to 32%, matching the claim for Q2 FY2021 in the non-GAAP column.",,,,,,
01EVD296007DSQ4S7H64VA3XW0,"Micron Technology, Inc.",MU,0000723125,"Micron Technology, Inc. expects operating expenses non-GAAP of $800 million to $850 million for Q2 FY2021.","Operating expenses
$882 million ± $25 million $825 million ± $25 million",operating expenses non-GAAP,800.0,850.0,USD millions,Q2 FY2021,2021-01-07,https://www.sec.gov/Archives/edgar/data/723125/000072312521000009/a2021q1ex991-pressrelease.htm,0000723125-21-000009,8-K,2021-01-07,2026-10-01T13:54:24Z,0521d19d1ded96b824b22e7469057f0575b01d03768d5d335cc120af0c14e897,"Operating expenses
$882 million ± $25 million $825 million ± $25 million",,,,,,,,,,"reported value falls outside [800, 850]",open,,,,,,,,,,,2026-10-02,navneet,false,false,,false,false,false,unresolved,section,Non-GAAP(2) Outlook,The following table presents Micron’s guidance for the second quarter of 2021:,,"GAAP | non-GAAP: the figure is in column 2, non-GAAP","multi-column, unconfirmed",,,yes,"The excerpt states non-GAAP operating expenses of $825 million ± $25 million, which equals the range $800 million to $850 million for Q2 FY2021.",,,,,,
01FQAJ6K006MSAHQQWZXG47913,"Micron Technology, Inc.",MU,0000723125,"Micron Technology, Inc. expects operating expenses non-GAAP of $950 million to $1000 million for Q2 FY2022.","Operating expenses
$1,058 million ± $25 million $975 million ± $25 million",operating expenses non-GAAP,950.0,1000.0,USD millions,Q2 FY2022,2021-12-20,https://www.sec.gov/Archives/edgar/data/723125/000072312521000086/a2022q1ex991-pressrelease.htm,0000723125-21-000086,8-K,2021-12-20,2026-10-01T13:54:34Z,0514f22a19c5245dee4b5a1c9c64c3208ff00f0f1181ed93df10490a40ab159c,"Operating expenses
$1,058 million ± $25 million $975 million ± $25 million",,,,,,,,,,"reported value falls outside [950, 1000]",open,,,,,,,,,,,2026-10-02,navneet,false,false,,false,false,false,unresolved,section,Non-GAAP(2) Outlook,The following table presents Micron’s guidance for the second quarter of 2022:,,"GAAP | non-GAAP: the figure is in column 2, non-GAAP","multi-column, unconfirmed",,,yes,"The excerpt states non-GAAP operating expenses of $975 million ± $25 million, which equals the range $950 million to $1,000 million for Q2 FY2022 (the second quarter of 2022, which falls in Micron's f",,,,,,
01K5SXXE0079558BS2MF1XSV64,"Micron Technology, Inc.",MU,0000723125,"Micron Technology, Inc. expects operating expenses non-GAAP of $1.32 billion to $1.36 billion for Q1 FY2026.","Operating expenses
$1.49 billion ± $20 million $1.34 billion ± $20 million",operating expenses non-GAAP,1.32,1.36,USD billions,Q1 FY2026,2025-09-23,https://www.sec.gov/Archives/edgar/data/723125/000072312525000024/a2025q4ex991-pressrelease.htm,0000723125-25-000024,8-K,2025-09-23,2026-10-01T13:55:12Z,877dc0ef852e8943144608704f749791fb29dc1a3e57864713b178c053a06e9f,"Operating expenses
$1.49 billion ± $20 million $1.34 billion ± $20 million",,,,,,,,,,"reported value falls outside [1.32, 1.36]",open,,,,,,,,,,,2026-10-02,navneet,false,false,,false,false,false,unresolved,section,Non-GAAP(2) Outlook,The following table presents Micron’s guidance for the first quarter of 2026:,,"GAAP | non-GAAP: the figure is in column 2, non-GAAP","multi-column, unconfirmed",,,yes,"The excerpt states non-GAAP operating expenses of $1.34 billion ± $20 million, which equals the range $1.32 billion to $1.36 billion for Q1 FY2026 in the non-GAAP column.",,,,,,
01KKZ3VY00XVP7704DTERC9M3J,"Micron Technology, Inc.",MU,0000723125,"Micron Technology, Inc. expects operating expenses non-GAAP of $1.4 billion for Q3 FY2026.","Operating expenses
Approximately $1.60 billion Approximately $1.40 billion",operating expenses non-GAAP,1.4,1.4,USD billions,Q3 FY2026,2026-03-18,https://www.sec.gov/Archives/edgar/data/723125/000072312526000004/a2026q2ex991-pressrelease.htm,0000723125-26-000004,8-K,2026-03-18,2026-10-01T13:55:17Z,0c81f3530fc334566925ee274daea0f6cc2d5169ba9ef6a4968929b721323d86,"Operating expenses
Approximately $1.60 billion Approximately $1.40 billion",,,,,,,,,,reported value differs from 1.4 by more than 0.5%,open,,,,,,,,,,,2026-10-02,navneet,false,false,,false,false,false,unresolved,section,Non-GAAP(2) Outlook,The following table presents Micron’s guidance for the third quarter of 2026:,,"GAAP | non-GAAP: the figure is in column 2, non-GAAP","multi-column, unconfirmed",,,yes,"Excerpt states 'Operating expenses Approximately $1.40 billion' in the non-GAAP column for Q3 FY2026 guidance, matching the claim of $1.4 billion non-GAAP operating expenses.",,,,,,
01E47FT6009H2TXSM6SBVW53JT,"Micron Technology, Inc.",MU,0000723125,"Micron Technology, Inc. expects gross margin GAAP of 28.5% to 31.5% for Q3 FY2020.","Gross margin
30% ± 1.5% 31% ±1.5%",gross margin GAAP,28.5,31.5,percent,Q3 FY2020,2020-03-25,https://www.sec.gov/Archives/edgar/data/723125/000072312520000030/a2020q2exhibit991-pres.htm,0000723125-20-000030,8-K,2020-03-25,2026-10-01T13:54:14Z,63a803767d75b354c104bf6a48cdc6d3909a5f7c1d9837f0ff051fba2f6cbcf7,"Gross margin
30% ± 1.5% 31% ±1.5%",,,,,,,,,,"reported value falls outside [28.5, 31.5]",open,,,,,,,,,,,2026-10-02,navneet,false,false,,false,false,false,unresolved,section,Non-GAAP (2) Outlook,The following table presents Micron’s guidance for the third quarter of fiscal 2020:,,"GAAP | non-GAAP: the figure is in column 1, GAAP",the model found no line reporting that metric for that period,,,yes,"The excerpt states GAAP gross margin guidance of 30% ± 1.5%, which equals the range 28.5% to 31.5% for Q3 FY2020 as specified.",,,,,,
01EBYNZ600ZMEN0VSQA66YNBPF,"Micron Technology, Inc.",MU,0000723125,"Micron Technology, Inc. expects gross margin GAAP of 33% to 36% for Q4 FY2020.","Gross margin
34.5% ± 1.5% 35.5% ± 1.5%",gross margin GAAP,33.0,36.0,percent,Q4 FY2020,2020-06-29,https://www.sec.gov/Archives/edgar/data/723125/000072312520000063/a2020q3exhibit991-pres.htm,0000723125-20-000063,8-K,2020-06-29,2026-10-01T13:54:19Z,c900688bb94372dada22aa2df15ecb2c306b8dbe15b6a528a267d88870eb5f47,"Gross margin
34.5% ± 1.5% 35.5% ± 1.5%",,,,,,,,,,"reported value falls outside [33, 36]",open,,,,,,,,,,,2026-10-02,navneet,false,false,,false,false,false,unresolved,section,Non-GAAP(2) Outlook,The following table presents Micron’s guidance for the fourth quarter of fiscal 2020:,,"GAAP | non-GAAP: the figure is in column 1, GAAP",the model found no line reporting that metric for that period,,,yes,"GAAP gross margin of 34.5% ± 1.5% equals a range of 33% to 36%, matching the claim for Q4 FY2020",,,,,,
01EVD29600QP6VQAGDK2ENH8KT,"Micron Technology, Inc.",MU,0000723125,"Micron Technology, Inc. expects gross margin GAAP of 24% to 26% for Q2 FY2021.","Gross margin
25% ± 1% 31% ± 1%",gross margin GAAP,24.0,26.0,percent,Q2 FY2021,2021-01-07,https://www.sec.gov/Archives/edgar/data/723125/000072312521000009/a2021q1ex991-pressrelease.htm,0000723125-21-000009,8-K,2021-01-07,2026-10-01T13:54:24Z,0521d19d1ded96b824b22e7469057f0575b01d03768d5d335cc120af0c14e897,"Gross margin
25% ± 1% 31% ± 1%",,,,,,,,,,"reported value falls outside [24, 26]",open,,,,,,,,,,,2026-10-02,navneet,false,false,,false,false,false,unresolved,section,Non-GAAP(2) Outlook,The following table presents Micron’s guidance for the second quarter of 2021:,,"GAAP | non-GAAP: the figure is in column 1, GAAP",the model found no line reporting that metric for that period,,,yes,"The excerpt states gross margin guidance of '25% ± 1%' in the GAAP column, which equals the range 24% to 26%, matching the claim for Q2 FY2021 GAAP gross margin.",,,,,,
01FQAJ6K00VNZK9BPRT7H5ZM7C,"Micron Technology, Inc.",MU,0000723125,"Micron Technology, Inc. expects gross margin GAAP of 44% to 46% for Q2 FY2022.","Gross margin
45.0% ± 1% 46.0% ± 1%",gross margin GAAP,44.0,46.0,percent,Q2 FY2022,2021-12-20,https://www.sec.gov/Archives/edgar/data/723125/000072312521000086/a2022q1ex991-pressrelease.htm,0000723125-21-000086,8-K,2021-12-20,2026-10-01T13:54:34Z,0514f22a19c5245dee4b5a1c9c64c3208ff00f0f1181ed93df10490a40ab159c,"Gross margin
45.0% ± 1% 46.0% ± 1%",,,,,,,,,,"reported value falls outside [44, 46]",open,,,,,,,,,,,2026-10-02,navneet,false,false,,false,false,false,unresolved,section,Non-GAAP(2) Outlook,The following table presents Micron’s guidance for the second quarter of 2022:,,"GAAP | non-GAAP: the figure is in column 1, GAAP",the model found no line reporting that metric for that period,,,yes,"The excerpt states gross margin guidance of 45.0% ± 1%, which equals a range of 44% to 46%, matching the claim exactly. The figure is in the GAAP column as specified, and the period is Q2 FY2022 (the ",,,,,,
01HJ28B900ERE7W88RVEHSBRF6,"Micron Technology, Inc.",MU,0000723125,"Micron Technology, Inc. expects gross margin non-GAAP of 11.5% to 14.5% for Q2 FY2024.","Gross margin
12.0% ± 1.5% 13.0% ± 1.5%",gross margin non-GAAP,11.5,14.5,percent,Q2 FY2024,2023-12-20,https://www.sec.gov/Archives/edgar/data/723125/000072312523000071/a2024q1ex991-pressrelease.htm,0000723125-23-000071,8-K,2023-12-20,2026-10-01T13:54:54Z,1ef66ae125e5aa7ac34185c194f3011892be2ef8607943cd7d43d0aa995f3e18,"Gross margin
12.0% ± 1.5% 13.0% ± 1.5%",,,,,,,,,,"reported value falls outside [11.5, 14.5]",open,,,,,,,,,,,2026-10-02,navneet,false,false,,false,false,false,unresolved,section,Non-GAAP(2) Outlook,The following table presents Micron’s guidance for the second quarter of 2024:,,"GAAP | non-GAAP: the figure is in column 2, non-GAAP",the model found no line reporting that metric for that period,,,yes,"The excerpt states non-GAAP gross margin of 13.0% ± 1.5%, which equals the range 11.5% to 14.5% for Q2 FY2024 as claimed.",,,,,,
01DNNDW300GD47X18Q861TKK4N,"Micron Technology, Inc.",MU,0000723125,"Micron Technology, Inc. expects revenue of $4.8 billion to $5.2 billion for Q1 FY2020.","Revenue
$5.0 billion ± $200 million",revenue,4.8,5.2,USD billions,Q1 FY2020,2019-09-26,https://www.sec.gov/Archives/edgar/data/723125/000072312519000068/a2019q4exhibit991-pressrel.htm,0000723125-19-000068,8-K,2019-09-26,2026-10-01T13:54:07Z,5efa70f44bd837604de63c053b07f1a26f1d7515b3cbb4397d75cbf052bb789c,"Revenue
$5.0 billion ± $200 million",,,,,,,,,,"reported value falls outside [4.8, 5.2]",open,,,,,,,,,,,2026-10-02,navneet,false,false,,false,false,false,unresolved,section,Non-GAAP (2) Outlook,The following table presents Micron's guidance for the first quarter of fiscal 2020:,,,no later 8-K release for that period found,,,yes,"The excerpt states revenue guidance of $5.0 billion ± $200 million, which equals a range of $4.8 billion to $5.2 billion for Q1 FY2020, matching the claim exactly.",,,,,,
01DNNDW300EV3RTN9HB2EMS7WB,"Micron Technology, Inc.",MU,0000723125,"Micron Technology, Inc. expects gross margin non-GAAP of 24% to 27% for Q1 FY2020.","Gross margin
25.5% ± 1.5%",gross margin non-GAAP,24.0,27.0,percent,Q1 FY2020,2019-09-26,https://www.sec.gov/Archives/edgar/data/723125/000072312519000068/a2019q4exhibit991-pressrel.htm,0000723125-19-000068,8-K,2019-09-26,2026-10-01T13:54:07Z,5efa70f44bd837604de63c053b07f1a26f1d7515b3cbb4397d75cbf052bb789c,"Gross margin
25.5% ± 1.5%",,,,,,,,,,"reported value falls outside [24, 27]",open,,,,,,,,,,,2026-10-02,navneet,false,false,,true,false,false,unresolved,section,Non-GAAP (2) Outlook,The following table presents Micron's guidance for the first quarter of fiscal 2020:,,,no later 8-K release for that period found,,,yes,"The excerpt states gross margin of 25.5% ± 1.5%, which equals a range of 24% to 27%, matching the claim exactly for Q1 FY2020 non-GAAP guidance.",,,,,,
01DNNDW3009H86NHQR6XD4ADT1,"Micron Technology, Inc.",MU,0000723125,"Micron Technology, Inc. expects gross margin non-GAAP of 25% to 28% for Q1 FY2020.","Gross margin
25.5% ± 1.5%
26.5% ± 1.5%",gross margin non-GAAP,25.0,28.0,percent,Q1 FY2020,2019-09-26,https://www.sec.gov/Archives/edgar/data/723125/000072312519000068/a2019q4exhibit991-pressrel.htm,0000723125-19-000068,8-K,2019-09-26,2026-10-01T13:54:07Z,5efa70f44bd837604de63c053b07f1a26f1d7515b3cbb4397d75cbf052bb789c,"Gross margin
25.5% ± 1.5%
26.5% ± 1.5%",,,,,,,,,,"reported value falls outside [25, 28]",open,,,,,,,,,,,2026-10-02,navneet,false,false,,true,false,false,unresolved,section,Non-GAAP (2) Outlook,The following table presents Micron's guidance for the first quarter of fiscal 2020:,,,no later 8-K release for that period found,,,yes,"The excerpt states gross margin guidance of 25.5% ± 1.5% and 26.5% ± 1.5% in the Non-GAAP Outlook column for Q1 FY2020, which produces ranges of [24.0%, 27.0%] and [25.0%, 28.0%]; the claimed range of",,,,,,
01E47FT600FQ2ERTMJJT7X0J83,"Micron Technology, Inc.",MU,0000723125,"Micron Technology, Inc. expects EPS non-GAAP of $0.4 per share to $0.7 per share for Q3 FY2020.","Diluted earnings per share
$0.41 ± $0.15 $0.55 ± $0.15",EPS non-GAAP,0.4,0.7,USD per share,Q3 FY2020,2020-03-25,https://www.sec.gov/Archives/edgar/data/723125/000072312520000030/a2020q2exhibit991-pres.htm,0000723125-20-000030,8-K,2020-03-25,2026-10-01T13:54:14Z,63a803767d75b354c104bf6a48cdc6d3909a5f7c1d9837f0ff051fba2f6cbcf7,"Diluted earnings per share
$0.41 ± $0.15 $0.55 ± $0.15",0.82,2020-06-29,https://www.sec.gov/Archives/edgar/data/723125/000072312520000063/a2020q3exhibit991-pres.htm,0000723125-20-000063,8-K,2020-06-29,2026-10-01T13:54:19Z,c900688bb94372dada22aa2df15ecb2c306b8dbe15b6a528a267d88870eb5f47,"Non-GAAP net income of $941 million, or $0.82 per diluted share","reported value falls outside [0.4, 0.7]",open,,,,,,,,,96,,2026-10-02,navneet,false,false,,false,false,false,missed,section,Non-GAAP (2) Outlook,The following table presents Micron’s guidance for the third quarter of fiscal 2020:,,"GAAP | non-GAAP: the figure is in column 2, non-GAAP",,,,yes,"The excerpt states non-GAAP diluted earnings per share as '$0.55 ± $0.15', which equals a range of $0.40 to $0.70 per share, matching the claimed range of $0.4 to $0.7 per share for Q3 FY2020.",,,,,,
01E47FT600S5FWJZG7Q1YR17GG,"Micron Technology, Inc.",MU,0000723125,"Micron Technology, Inc. expects gross margin GAAP of 28.5% to 31.5% for Q2 FY2020.","Gross margin
30% ± 1.5% 1% A 31% ±1.5%",gross margin GAAP,28.5,31.5,percent,Q2 FY2020,2020-03-25,https://www.sec.gov/Archives/edgar/data/723125/000072312520000030/a2020q2exhibit991-pres.htm,0000723125-20-000030,8-K,2020-03-25,2026-10-01T13:54:14Z,63a803767d75b354c104bf6a48cdc6d3909a5f7c1d9837f0ff051fba2f6cbcf7,"Gross margin
30% ± 1.5% 1% A 31% ±1.5%",,,,,,,,,,"reported value falls outside [28.5, 31.5]",open,,,,,,,,,,,2026-10-02,navneet,false,false,,false,false,false,unresolved,section,GAAP Outlook Adjustments Non-GAAP Outlook,,,"GAAP | Adjustments | non-GAAP: the figure is in column 1, GAAP",no later 8-K release for that period found,period closes before stated; likely next quarter,,yes,"The excerpt states gross margin GAAP as '30% ± 1.5%', which equals the range 28.5% to 31.5%.",,"CHECK: Q2 FY2020 closed before this was stated; likely Q3 FY2020, the next fiscal period. Check the filing, correct the period by hand if so",,,,
01E47FT600MNMVFYSXPF9HT72Z,"Micron Technology, Inc.",MU,0000723125,"Micron Technology, Inc. expects gross margin non-GAAP of 29.5% to 32.5% for Q2 FY2020.","Gross margin
30% ± 1.5% 1% A 31% ±1.5%",gross margin non-GAAP,29.5,32.5,percent,Q2 FY2020,2020-03-25,https://www.sec.gov/Archives/edgar/data/723125/000072312520000030/a2020q2exhibit991-pres.htm,0000723125-20-000030,8-K,2020-03-25,2026-10-01T13:54:14Z,63a803767d75b354c104bf6a48cdc6d3909a5f7c1d9837f0ff051fba2f6cbcf7,"Gross margin
30% ± 1.5% 1% A 31% ±1.5%",,,,,,,,,,"reported value falls outside [29.5, 32.5]",open,,,,,,,,,,,2026-10-02,navneet,false,false,,false,false,false,unresolved,section,GAAP Outlook Adjustments Non-GAAP Outlook,,,"GAAP | Adjustments | non-GAAP: the figure is in column 3, non-GAAP",no later 8-K release for that period found,period closes before stated; likely next quarter,,yes,"The excerpt states non-GAAP gross margin of 31% ± 1.5%, which equals the range 29.5% to 32.5%",,"CHECK: Q2 FY2020 closed before this was stated; likely Q3 FY2020, the next fiscal period. Check the filing, correct the period by hand if so",,,,
01E47FT600QD7REN0R3F4VM7J5,"Micron Technology, Inc.",MU,0000723125,"Micron Technology, Inc. expects operating expenses GAAP of $866 million to $916 million for Q2 FY2020.","Operating expenses
$891 million ± $25 million $66 million B $825 million ± $25 million",operating expenses GAAP,866.0,916.0,USD millions,Q2 FY2020,2020-03-25,https://www.sec.gov/Archives/edgar/data/723125/000072312520000030/a2020q2exhibit991-pres.htm,0000723125-20-000030,8-K,2020-03-25,2026-10-01T13:54:14Z,63a803767d75b354c104bf6a48cdc6d3909a5f7c1d9837f0ff051fba2f6cbcf7,"Operating expenses
$891 million ± $25 million $66 million B $825 million ± $25 million",,,,,,,,,,"reported value falls outside [866, 916]",open,,,,,,,,,,,2026-10-02,navneet,false,false,,false,false,false,unresolved,section,GAAP Outlook Adjustments Non-GAAP Outlook,,,"GAAP | Adjustments | non-GAAP: the figure is in column 1, GAAP",no later 8-K release for that period found,period closes before stated; likely next quarter,,yes,"The excerpt states operating expenses of $891 million ± $25 million in the GAAP column, which equals the range $866 million to $916 million.",,"CHECK: Q2 FY2020 closed before this was stated; likely Q3 FY2020, the next fiscal period. Check the filing, correct the period by hand if so",,,,
01EBYNZ600KWYN9VM46AGXN2CY,"Micron Technology, Inc.",MU,0000723125,"Micron Technology, Inc. expects gross margin non-GAAP of 34% to 37% for Q4 FY2020.","Gross margin
34.5% ± 1.5% 35.5% ± 1.5%",gross margin non-GAAP,34.0,37.0,percent,Q4 FY2020,2020-06-29,https://www.sec.gov/Archives/edgar/data/723125/000072312520000063/a2020q3exhibit991-pres.htm,0000723125-20-000063,8-K,2020-06-29,2026-10-01T13:54:19Z,c900688bb94372dada22aa2df15ecb2c306b8dbe15b6a528a267d88870eb5f47,"Gross margin
34.5% ± 1.5% 35.5% ± 1.5%",35.5,2020-09-29,https://www.sec.gov/Archives/edgar/data/723125/000072312520000079/a2020q4exhibit991-pres.htm,0000723125-20-000079,8-K,2020-09-29,2026-10-01T13:54:21Z,0171deac8bb25e3243e3d5b2bef08c49d231c9984fa76f6b54efe59e2b68a913,"Non-GAAP gross margin $ 2,111 $ 1,804 $ 1,491 $ 6,718 $ 10,973","reported value falls outside [34, 37]",open,,,,,,,,,92,,2026-10-02,navneet,false,false,,false,false,false,met,section,Non-GAAP(2) Outlook,The following table presents Micron’s guidance for the fourth quarter of fiscal 2020:,,"GAAP | non-GAAP: the figure is in column 2, non-GAAP",,,,yes,"The excerpt states non-GAAP gross margin of 35.5% ± 1.5%, which equals a range of 34% to 37%, matching the claim for Q4 FY2020.",,,,,,
01EBYNZ600JWD9EBZVK8ETA64C,"Micron Technology, Inc.",MU,0000723125,"Micron Technology, Inc. expects gross margin GAAP of 33% to 36% for Q3 FY2020.","Gross margin
34.5% ± 1.5% 1% A 35.5% ± 1.5%",gross margin GAAP,33.0,36.0,percent,Q3 FY2020,2020-06-29,https://www.sec.gov/Archives/edgar/data/723125/000072312520000063/a2020q3exhibit991-pres.htm,0000723125-20-000063,8-K,2020-06-29,2026-10-01T13:54:19Z,c900688bb94372dada22aa2df15ecb2c306b8dbe15b6a528a267d88870eb5f47,"Gross margin
34.5% ± 1.5% 1% A 35.5% ± 1.5%",,,,,,,,,,"reported value falls outside [33, 36]",open,,,,,,,,,,,2026-10-02,navneet,false,false,,false,false,false,unresolved,section,GAAP Outlook Adjustments Non-GAAP Outlook,,,"GAAP | Adjustments | non-GAAP: the figure is in column 1, GAAP",no later 8-K release for that period found,period closes before stated; likely next quarter,,yes,"The excerpt states gross margin GAAP guidance of 34.5% ± 1.5%, which equals a range of 33% to 36%, matching the claim exactly.",,"CHECK: Q3 FY2020 closed before this was stated; likely Q4 FY2020, the next fiscal period. Check the filing, correct the period by hand if so",,,,
01EBYNZ600R6E1AJWZEBG9CQ5N,"Micron Technology, Inc.",MU,0000723125,"Micron Technology, Inc. expects gross margin non-GAAP of 34% to 37% for Q3 FY2020.","Gross margin
34.5% ± 1.5% 1% A 35.5% ± 1.5%",gross margin non-GAAP,34.0,37.0,percent,Q3 FY2020,2020-06-29,https://www.sec.gov/Archives/edgar/data/723125/000072312520000063/a2020q3exhibit991-pres.htm,0000723125-20-000063,8-K,2020-06-29,2026-10-01T13:54:19Z,c900688bb94372dada22aa2df15ecb2c306b8dbe15b6a528a267d88870eb5f47,"Gross margin
34.5% ± 1.5% 1% A 35.5% ± 1.5%",,,,,,,,,,"reported value falls outside [34, 37]",open,,,,,,,,,,,2026-10-02,navneet,false,false,,false,false,false,unresolved,section,GAAP Outlook Adjustments Non-GAAP Outlook,,,"GAAP | Adjustments | non-GAAP: the figure is in column 3, non-GAAP",no later 8-K release for that period found,period closes before stated; likely next quarter,,yes,"The excerpt states non-GAAP gross margin as '35.5% ± 1.5%', which equals a range of 34% to 37% (35.5 - 1.5 = 34.0, 35.5 + 1.5 = 37.0), matching the claimed range exactly.",,"CHECK: Q3 FY2020 closed before this was stated; likely Q4 FY2020, the next fiscal period. Check the filing, correct the period by hand if so",,,,
01EBYNZ600RS6K1YK9E7JR4GA1,"Micron Technology, Inc.",MU,0000723125,"Micron Technology, Inc. expects operating expenses GAAP of $875 million to $925 million for Q3 FY2020.","Operating expenses
$900 million ± $25 million $50 million B $850 million ± $25 million",operating expenses GAAP,875.0,925.0,USD millions,Q3 FY2020,2020-06-29,https://www.sec.gov/Archives/edgar/data/723125/000072312520000063/a2020q3exhibit991-pres.htm,0000723125-20-000063,8-K,2020-06-29,2026-10-01T13:54:19Z,c900688bb94372dada22aa2df15ecb2c306b8dbe15b6a528a267d88870eb5f47,"Operating expenses
$900 million ± $25 million $50 million B $850 million ± $25 million",,,,,,,,,,"reported value falls outside [875, 925]",open,,,,,,,,,,,2026-10-02,navneet,false,false,,false,false,false,unresolved,section,GAAP Outlook Adjustments Non-GAAP Outlook,,,"GAAP | Adjustments | non-GAAP: the figure is in column 1, GAAP",no later 8-K release for that period found,period closes before stated; likely next quarter,,yes,"The excerpt states operating expenses of $900 million ± $25 million in the GAAP column, which equals the range $875 million to $925 million.",,"CHECK: Q3 FY2020 closed before this was stated; likely Q4 FY2020, the next fiscal period. Check the filing, correct the period by hand if so",,,,
01EBYNZ6004B2JGRMVEAESDGET,"Micron Technology, Inc.",MU,0000723125,"Micron Technology, Inc. expects operating expenses non-GAAP of $825 million to $875 million for Q3 FY2020.","Operating expenses
$900 million ± $25 million $50 million B $850 million ± $25 million",operating expenses non-GAAP,825.0,875.0,USD millions,Q3 FY2020,2020-06-29,https://www.sec.gov/Archives/edgar/data/723125/000072312520000063/a2020q3exhibit991-pres.htm,0000723125-20-000063,8-K,2020-06-29,2026-10-01T13:54:19Z,c900688bb94372dada22aa2df15ecb2c306b8dbe15b6a528a267d88870eb5f47,"Operating expenses
$900 million ± $25 million $50 million B $850 million ± $25 million",,,,,,,,,,"reported value falls outside [825, 875]",open,,,,,,,,,,,2026-10-02,navneet,false,false,,false,false,false,unresolved,section,GAAP Outlook Adjustments Non-GAAP Outlook,,,"GAAP | Adjustments | non-GAAP: the figure is in column 3, non-GAAP",no later 8-K release for that period found,period closes before stated; likely next quarter,,yes,"The excerpt states operating expenses non-GAAP as '$850 million ± $25 million', which equals the range $825 million to $875 million.",,"CHECK: Q3 FY2020 closed before this was stated; likely Q4 FY2020, the next fiscal period. Check the filing, correct the period by hand if so",,,,
01ERDSJK00MJCB68G0GP006N1M,"Micron Technology, Inc.",MU,0000723125,"Micron Technology, Inc. expects gross margin non-GAAP of 26.5% to 28.5% for FY2021.","Gross margin
25.5% - 27.5% 1% A 26.5% - 28.5% 28.5% - 29.5% 1% A 29.5% - 30.5%",gross margin non-GAAP,26.5,28.5,percent,FY2021,2020-12-01,https://www.sec.gov/Archives/edgar/data/723125/000072312520000094/exhibit991-pressrelease.htm,0000723125-20-000094,8-K,2020-12-01,2026-10-01T13:54:23Z,5ee97b999d8d964f1ac02291373be69a61853aff61b8917db890b7537dfd1e45,"Gross margin
25.5% - 27.5% 1% A 26.5% - 28.5% 28.5% - 29.5% 1% A 29.5% - 30.5%",28.5,2021-09-28,https://www.sec.gov/Archives/edgar/data/723125/000072312521000060/a2021q4ex991-pressrelease.htm,0000723125-21-000060,8-K,2021-09-28,2026-10-01T13:54:32Z,2f36a2afae5073838ce5456ee41da9bbd48b13f46f84a668d3384cd8e39eea83,"Non-GAAP gross margin $ 3,964 $ 3,185 $ 2,111 $ 10,987 $ 6,718","reported value falls outside [26.5, 28.5]",open,,,,,,,,,301,,2026-10-02,navneet,false,false,,true,false,false,met,section,Previous Guidance Updated Guidance,,,,,,,yes,"The excerpt states non-GAAP gross margin guidance of 26.5% - 28.5% for the updated guidance column, matching the claim exactly.",,,,,,
01ERDSJK00NNPK0MHCFYR5QJ9B,"Micron Technology, Inc.",MU,0000723125,"Micron Technology, Inc. expects EPS GAAP of $0.32 per share to $0.46 per share for FY2021.","Diluted earnings per share(1)
$0.32 - $0.46",EPS GAAP,0.32,0.46,USD per share,FY2021,2020-12-01,https://www.sec.gov/Archives/edgar/data/723125/000072312520000094/exhibit991-pressrelease.htm,0000723125-20-000094,8-K,2020-12-01,2026-10-01T13:54:23Z,5ee97b999d8d964f1ac02291373be69a61853aff61b8917db890b7537dfd1e45,"Diluted earnings per share(1)
$0.32 - $0.46",,,,,,,,,,"reported value falls outside [0.32, 0.46]",open,,,,,,,,,,,2026-10-02,navneet,false,false,,true,false,false,unresolved,section,Previous Guidance Updated Guidance,,,,model output rejected,,,yes,"Excerpt states 'Diluted earnings per share(1) $0.32 - $0.46' which matches the GAAP EPS range given, and the section heading 'Updated Guidance' confirms this is forward guidance for the relevant perio",,,,,,
01ERDSJK00V77QWM778S9676DR,"Micron Technology, Inc.",MU,0000723125,"Micron Technology, Inc. expects EPS non-GAAP of $0.4 per share to $0.54 per share for FY2021.","Diluted earnings per share(1)
$0.32 - $0.46
$0.08 A,B,C,D
$0.40 - $0.54",EPS non-GAAP,0.4,0.54,USD per share,FY2021,2020-12-01,https://www.sec.gov/Archives/edgar/data/723125/000072312520000094/exhibit991-pressrelease.htm,0000723125-20-000094,8-K,2020-12-01,2026-10-01T13:54:23Z,5ee97b999d8d964f1ac02291373be69a61853aff61b8917db890b7537dfd1e45,"Diluted earnings per share(1)
$0.32 - $0.46
$0.08 A,B,C,D
$0.40 - $0.54",,,,,,,,,,"reported value falls outside [0.4, 0.54]",open,,,,,,,,,,,2026-10-02,navneet,false,false,,true,false,false,unresolved,section,Previous Guidance Updated Guidance,,,,model output rejected,,,yes,"The excerpt shows Updated Guidance for Diluted earnings per share (non-GAAP, column 3) of $0.40 - $0.54 for FY2021, matching the claim exactly.",,,,,,
01ERDSJK007Q7HW3D2J6XDCB05,"Micron Technology, Inc.",MU,0000723125,"Micron Technology, Inc. expects gross margin non-GAAP of 29.5% to 30.5% for FY2021.","Gross margin
25.5% - 27.5% 1% A 26.5% - 28.5% 28.5% - 29.5% 1% A 29.5% - 30.5%",gross margin non-GAAP,29.5,30.5,percent,FY2021,2020-12-01,https://www.sec.gov/Archives/edgar/data/723125/000072312520000094/exhibit991-pressrelease.htm,0000723125-20-000094,8-K,2020-12-01,2026-10-01T13:54:23Z,5ee97b999d8d964f1ac02291373be69a61853aff61b8917db890b7537dfd1e45,"Gross margin
25.5% - 27.5% 1% A 26.5% - 28.5% 28.5% - 29.5% 1% A 29.5% - 30.5%",30.5,2021-09-28,https://www.sec.gov/Archives/edgar/data/723125/000072312521000060/a2021q4ex991-pressrelease.htm,0000723125-21-000060,8-K,2021-09-28,2026-10-01T13:54:32Z,2f36a2afae5073838ce5456ee41da9bbd48b13f46f84a668d3384cd8e39eea83,"Non-GAAP gross margin $ 3,964 $ 3,185 $ 2,111 $ 10,987 $ 6,718","reported value falls outside [29.5, 30.5]",open,,,,,,,,,301,,2026-10-02,navneet,false,false,,true,false,false,met,section,Previous Guidance Updated Guidance,,,,,,,yes,"The excerpt states non-GAAP gross margin guidance of 29.5% - 30.5% for FY2021, matching the claim exactly in the rightmost column under 'Updated Guidance'.",,,,,,
01ERDSJK00N36X3C95A48GAN2F,"Micron Technology, Inc.",MU,0000723125,"Micron Technology, Inc. expects EPS non-GAAP of $0.69 per share to $0.73 per share for FY2021.","Diluted earnings per share(1)
$0.32 - $0.46
$0.08 A,B,C,D
$0.40 - $0.54
$0.61 - $0.65
$0.08 A,B,C,D
$0.69 - $0.73",EPS non-GAAP,0.69,0.73,USD per share,FY2021,2020-12-01,https://www.sec.gov/Archives/edgar/data/723125/000072312520000094/exhibit991-pressrelease.htm,0000723125-20-000094,8-K,2020-12-01,2026-10-01T13:54:23Z,5ee97b999d8d964f1ac02291373be69a61853aff61b8917db890b7537dfd1e45,"Diluted earnings per share(1)
$0.32 - $0.46
$0.08 A,B,C,D
$0.40 - $0.54
$0.61 - $0.65
$0.08 A,B,C,D
$0.69 - $0.73",,,,,,,,,,"reported value falls outside [0.69, 0.73]",open,,,,,,,,,,,2026-10-02,navneet,false,false,,true,false,false,unresolved,section,Previous Guidance Updated Guidance,,,,model output rejected,,,yes,"The excerpt shows updated guidance for diluted earnings per share (non-GAAP, indicated by the superscript reference) of $0.69 - $0.73, which matches the claim exactly for FY2021.",,,,,,
01F9D3E800RD7ESS3QS5T4AMQ0,"Micron Technology, Inc.",MU,0000723125,"Micron Technology, Inc. expects gross margin non-GAAP of 46% to 48% for Q4 FY2021.","Gross margin
46.0% ± 1% 47.0% ± 1%",gross margin non-GAAP,46.0,48.0,percent,Q4 FY2021,2021-06-30,https://www.sec.gov/Archives/edgar/data/723125/000072312521000049/a2021q3ex991-pressrelease.htm,0000723125-21-000049,8-K,2021-06-30,2026-10-01T13:54:29Z,dd4daf515477403bd908b4fe0d8306b42b0eadda83e6ab49907985debd9ca1c6,"Gross margin
46.0% ± 1% 47.0% ± 1%",47.0,2021-09-28,https://www.sec.gov/Archives/edgar/data/723125/000072312521000060/a2021q4ex991-pressrelease.htm,0000723125-21-000060,8-K,2021-09-28,2026-10-01T13:54:32Z,2f36a2afae5073838ce5456ee41da9bbd48b13f46f84a668d3384cd8e39eea83,"Non-GAAP gross margin $ 3,964 $ 3,185 $ 2,111 $ 10,987 $ 6,718","reported value falls outside [46, 48]",open,,,,,,,,,90,,2026-10-02,navneet,false,false,,false,false,false,met,section,Non-GAAP(2) Outlook,The following table presents Micron’s guidance for the fourth quarter of 2021:,,"GAAP | non-GAAP: the figure is in column 2, non-GAAP",,,,yes,"The excerpt states non-GAAP gross margin of 47.0% ± 1%, which equals a range of 46.0% to 48.0%, matching the claimed 46% to 48% for Q4 FY2021.",,,,,,
01FGMV6Y00MQBGPR9FK1J7AKS5,"Micron Technology, Inc.",MU,0000723125,"Micron Technology, Inc. expects revenue of $7.45 billion to $7.85 billion for Q1 FY2022.","Revenue
$7.65 billion ± $200 million $7.65 billion ± $200 million",revenue,7.45,7.85,USD billions,Q1 FY2022,2021-09-28,https://www.sec.gov/Archives/edgar/data/723125/000072312521000060/a2021q4ex991-pressrelease.htm,0000723125-21-000060,8-K,2021-09-28,2026-10-01T13:54:32Z,2f36a2afae5073838ce5456ee41da9bbd48b13f46f84a668d3384cd8e39eea83,"Revenue
$7.65 billion ± $200 million $7.65 billion ± $200 million",7.69,2021-12-20,https://www.sec.gov/Archives/edgar/data/723125/000072312521000086/a2022q1ex991-pressrelease.htm,0000723125-21-000086,8-K,2021-12-20,2026-10-01T13:54:34Z,0514f22a19c5245dee4b5a1c9c64c3208ff00f0f1181ed93df10490a40ab159c,Revenue of $7.69 billion versus $8.27 billion for the prior quarter and $5.77 billion for the same period last year,"reported value falls outside [7.45, 7.85]",open,,,,,,,,,83,,2026-10-02,navneet,false,false,,false,false,false,met,section,Non-GAAP(2) Outlook,The following table presents Micron’s guidance for the first quarter of 2022:,,,,,,yes,"The excerpt states revenue guidance of $7.65 billion ± $200 million, which equals the range $7.45 billion to $7.85 billion for Q1 FY2022 (fiscal year ending August 2022, which includes calendar Q1 202",,,,,,
01FGMV6Y00250TS631BTXKT8QA,"Micron Technology, Inc.",MU,0000723125,"Micron Technology, Inc. expects gross margin non-GAAP of 46% to 48% for Q1 FY2022.","Gross margin
46.0% ± 1% 47.0% ± 1%",gross margin non-GAAP,46.0,48.0,percent,Q1 FY2022,2021-09-28,https://www.sec.gov/Archives/edgar/data/723125/000072312521000060/a2021q4ex991-pressrelease.htm,0000723125-21-000060,8-K,2021-09-28,2026-10-01T13:54:32Z,2f36a2afae5073838ce5456ee41da9bbd48b13f46f84a668d3384cd8e39eea83,"Gross margin
46.0% ± 1% 47.0% ± 1%",,,,,,,,,,"reported value falls outside [46, 48]",open,,,,,,,,,,,2026-10-02,navneet,false,false,,false,false,false,unresolved,section,Non-GAAP(2) Outlook,The following table presents Micron’s guidance for the first quarter of 2022:,,"GAAP | non-GAAP: the figure is in column 2, non-GAAP",the model found no line reporting that metric for that period,,,yes,"The excerpt states non-GAAP gross margin of 47.0% ± 1%, which equals a range of 46.0% to 48.0%, matching the claimed 46% to 48% for Q1 FY2022.",,,,,,
01FGMV6Y005NQ9M5D2YW458RXC,"Micron Technology, Inc.",MU,0000723125,"Micron Technology, Inc. expects EPS non-GAAP of $2 per share to $2.2 per share for Q1 FY2022.","Diluted earnings per share
$2.00 ± $0.10 $2.10 ± $0.10",EPS non-GAAP,2.0,2.2,USD per share,Q1 FY2022,2021-09-28,https://www.sec.gov/Archives/edgar/data/723125/000072312521000060/a2021q4ex991-pressrelease.htm,0000723125-21-000060,8-K,2021-09-28,2026-10-01T13:54:32Z,2f36a2afae5073838ce5456ee41da9bbd48b13f46f84a668d3384cd8e39eea83,"Diluted earnings per share
$2.00 ± $0.10 $2.10 ± $0.10",2.16,2021-12-20,https://www.sec.gov/Archives/edgar/data/723125/000072312521000086/a2022q1ex991-pressrelease.htm,0000723125-21-000086,8-K,2021-12-20,2026-10-01T13:54:34Z,0514f22a19c5245dee4b5a1c9c64c3208ff00f0f1181ed93df10490a40ab159c,"Non-GAAP net income of $2.47 billion, or $2.16 per diluted share","reported value falls outside [2, 2.2]",open,,,,,,,,,83,,2026-10-02,navneet,false,false,,false,false,false,met,section,Non-GAAP(2) Outlook,The following table presents Micron’s guidance for the first quarter of 2022:,,"GAAP | non-GAAP: the figure is in column 2, non-GAAP",,,,yes,"The excerpt states non-GAAP diluted earnings per share of $2.10 ± $0.10, which equals the range $2.00 to $2.20 per share for Q1 FY2022 as claimed.",,,,,,
01FQAJ6K00TEV90G06BQEKNPA4,"Micron Technology, Inc.",MU,0000723125,"Micron Technology, Inc. expects revenue of $7.3 billion to $7.7 billion for Q2 FY2022.","Revenue
$7.5 billion ± $200 million $7.5 billion ± $200 million",revenue,7.3,7.7,USD billions,Q2 FY2022,2021-12-20,https://www.sec.gov/Archives/edgar/data/723125/000072312521000086/a2022q1ex991-pressrelease.htm,0000723125-21-000086,8-K,2021-12-20,2026-10-01T13:54:34Z,0514f22a19c5245dee4b5a1c9c64c3208ff00f0f1181ed93df10490a40ab159c,"Revenue
$7.5 billion ± $200 million $7.5 billion ± $200 million",7.79,2022-03-29,https://www.sec.gov/Archives/edgar/data/723125/000072312522000012/a2022q2ex991-pressrelease.htm,0000723125-22-000012,8-K,2022-03-29,2026-10-01T13:54:36Z,919b390fc5b44c4f98b026522a3280fc6db66be5dde481339b3373642ab480bd,Revenue of $7.79 billion versus $7.69 billion for the prior quarter and $6.24 billion for the same period last year,"reported value falls outside [7.3, 7.7]",open,2022-03-29,https://www.sec.gov/Archives/edgar/data/723125/000072312522000012/a2022q2ex991-pressrelease.htm,0000723125-22-000012,8-K,2022-03-29,2026-10-01T13:54:36Z,919b390fc5b44c4f98b026522a3280fc6db66be5dde481339b3373642ab480bd,"“Micron’s excellent second quarter results exceeded the high end of our guidance for both revenue and margin, reflecting our strong execution,” said Micron Technology President and CEO Sanjay Mehrotra.",99,0,2026-10-02,navneet,false,false,,false,false,false,missed,section,Non-GAAP(2) Outlook,The following table presents Micron’s guidance for the second quarter of 2022:,,,,,,yes,"The excerpt states revenue guidance of $7.5 billion ± $200 million, which equals a range of $7.3 billion to $7.7 billion, matching the claim exactly.",,,,,,
01FQAJ6K00743G924K4PG2AD4Q,"Micron Technology, Inc.",MU,0000723125,"Micron Technology, Inc. expects gross margin non-GAAP of 45% to 47% for Q2 FY2022.","Gross margin
45.0% ± 1% 46.0% ± 1%",gross margin non-GAAP,45.0,47.0,percent,Q2 FY2022,2021-12-20,https://www.sec.gov/Archives/edgar/data/723125/000072312521000086/a2022q1ex991-pressrelease.htm,0000723125-21-000086,8-K,2021-12-20,2026-10-01T13:54:34Z,0514f22a19c5245dee4b5a1c9c64c3208ff00f0f1181ed93df10490a40ab159c,"Gross margin
45.0% ± 1% 46.0% ± 1%",,,,,,,,,,"reported value falls outside [45, 47]",open,,,,,,,,,,,2026-10-02,navneet,false,false,,false,false,false,unresolved,section,Non-GAAP(2) Outlook,The following table presents Micron’s guidance for the second quarter of 2022:,,"GAAP | non-GAAP: the figure is in column 2, non-GAAP",the model found no line reporting that metric for that period,,,yes,"The excerpt states non-GAAP gross margin of 46.0% ± 1%, which equals a range of 45.0% to 47.0%, matching the claimed 45% to 47% for Q2 FY2022.",,,,,,
01FZ9FHR00W9R5DKDWQG70YF9V,"Micron Technology, Inc.",MU,0000723125,"Micron Technology, Inc. expects revenue of $8.5 billion to $8.9 billion for Q3 FY2022.","Revenue
$8.7 billion ± $200 million $8.7 billion ± $200 million",revenue,8.5,8.9,USD billions,Q3 FY2022,2022-03-29,https://www.sec.gov/Archives/edgar/data/723125/000072312522000012/a2022q2ex991-pressrelease.htm,0000723125-22-000012,8-K,2022-03-29,2026-10-01T13:54:36Z,919b390fc5b44c4f98b026522a3280fc6db66be5dde481339b3373642ab480bd,"Revenue
$8.7 billion ± $200 million $8.7 billion ± $200 million",8.64,2022-06-30,https://www.sec.gov/Archives/edgar/data/723125/000072312522000034/a2022q3ex991-pressrelease.htm,0000723125-22-000034,8-K,2022-06-30,2026-10-01T13:54:40Z,99c59ad0c13169713cb9b4c872d2817baeba4fbf46dd2d8ba41df36e04e63798,Revenue of $8.64 billion versus $7.79 billion for the prior quarter and $7.42 billion for the same period last year,"reported value falls outside [8.5, 8.9]",open,,,,,,,,,93,,2026-10-02,navneet,false,false,,false,false,false,met,section,Non-GAAP(2) Outlook,The following table presents Micron’s guidance for the third quarter of 2022:,,,,,,yes,"The excerpt states revenue guidance of $8.7 billion ± $200 million, which equals a range of $8.5 billion to $8.9 billion, matching the claim exactly.",,,,,,
01FZ9FHR004AZA1Q86R7Q2SCSS,"Micron Technology, Inc.",MU,0000723125,"Micron Technology, Inc. expects gross margin non-GAAP of 47% to 49% for Q3 FY2022.","Gross margin
47.0% ± 1% 48.0% ± 1%",gross margin non-GAAP,47.0,49.0,percent,Q3 FY2022,2022-03-29,https://www.sec.gov/Archives/edgar/data/723125/000072312522000012/a2022q2ex991-pressrelease.htm,0000723125-22-000012,8-K,2022-03-29,2026-10-01T13:54:36Z,919b390fc5b44c4f98b026522a3280fc6db66be5dde481339b3373642ab480bd,"Gross margin
47.0% ± 1% 48.0% ± 1%",,,,,,,,,,"reported value falls outside [47, 49]",open,,,,,,,,,,,2026-10-02,navneet,false,false,,false,false,false,unresolved,section,Non-GAAP(2) Outlook,The following table presents Micron’s guidance for the third quarter of 2022:,,"GAAP | non-GAAP: the figure is in column 2, non-GAAP",the model found no line reporting that metric for that period,,,yes,"The excerpt states non-GAAP gross margin of 48.0% ± 1%, which equals the range 47% to 49%, matching the claim for Q3 FY2022 (third quarter of 2022, which ends in August 2022, Micron's fiscal year end ",,,,,,
01J8K7MH00N7KEZWWBV3Q47FVB,"Micron Technology, Inc.",MU,0000723125,"Micron Technology, Inc. expects revenue of $8.5 billion to $8.9 billion for Q1 FY2025.","Revenue
$8.70 billion ± $200 million $8.70 billion ± $200 million",revenue,8.5,8.9,USD billions,Q1 FY2025,2024-09-25,https://www.sec.gov/Archives/edgar/data/723125/000072312524000023/a2024q4ex991-pressrelease.htm,0000723125-24-000023,8-K,2024-09-25,2026-10-01T13:55:01Z,eb898b1e813124c93c21934d39f33030f61f9aa146c62d5b0608c0e15ddf7671,"Revenue
$8.70 billion ± $200 million $8.70 billion ± $200 million",8.71,2024-12-18,https://www.sec.gov/Archives/edgar/data/723125/000072312524000046/a2025q1ex991-pressrelease.htm,0000723125-24-000046,8-K,2024-12-18,2026-10-01T13:55:04Z,6f470f5cb07b50829eff333bd9e10c5a7fd1c658ae27b73dbae978cbb77cfe0d,Revenue of $8.71 billion versus $7.75 billion for the prior quarter and $4.73 billion for the same period last year,"reported value falls outside [8.5, 8.9]",open,,,,,,,,,84,,2026-10-02,navneet,false,false,,false,false,false,met,section,Non-GAAP(2) Outlook,The following table presents Micron’s guidance for the first quarter of 2025:,,,,,,yes,"The excerpt states revenue guidance of $8.70 billion ± $200 million, which equals a range of $8.5 billion to $8.9 billion for Q1 FY2025 under the Non-GAAP Outlook section.",,,,,,
01J8K7MH00YA38MKWMASA1WQC7,"Micron Technology, Inc.",MU,0000723125,"Micron Technology, Inc. expects gross margin non-GAAP of 38.5% to 40.5% for Q1 FY2025.","Gross margin
38.5% ± 1.0% 39.5% ± 1.0%",gross margin non-GAAP,38.5,40.5,percent,Q1 FY2025,2024-09-25,https://www.sec.gov/Archives/edgar/data/723125/000072312524000023/a2024q4ex991-pressrelease.htm,0000723125-24-000023,8-K,2024-09-25,2026-10-01T13:55:01Z,eb898b1e813124c93c21934d39f33030f61f9aa146c62d5b0608c0e15ddf7671,"Gross margin
38.5% ± 1.0% 39.5% ± 1.0%",,,,,,,,,,"reported value falls outside [38.5, 40.5]",open,,,,,,,,,,,2026-10-02,navneet,false,false,,false,false,false,unresolved,section,Non-GAAP(2) Outlook,The following table presents Micron’s guidance for the first quarter of 2025:,,"GAAP | non-GAAP: the figure is in column 2, non-GAAP",model output rejected,,,yes,"The excerpt states non-GAAP gross margin of 39.5% ± 1.0%, which equals the range 38.5% to 40.5% for Q1 FY2025 as specified in the guidance table.",,,,,,
01K2B6TH00E5VFZ05367SNW7XS,"Micron Technology, Inc.",MU,0000723125,"Micron Technology, Inc. expects gross margin non-GAAP of 44% to 45% for Q4 FY2025.","2025 revenue to $11.2 billion ± $100 million, non-GAAP gross margins to 44.5% ± 0.5%, and non-GAAP EPS to $2.85 ±",gross margin non-GAAP,44.0,45.0,percent,Q4 FY2025,2025-08-11,https://www.sec.gov/Archives/edgar/data/723125/000110465925075940/tm2522933d1_ex99-1.htm,0001104659-25-075940,8-K,2025-08-11,2026-10-01T13:55:12Z,4f975e9e76bdc92cb264605a734a9820c3fe383ac7075e4379ee4c2de20cb797,"2025 revenue to $11.2 billion ± $100 million, non-GAAP gross margins to 44.5% ± 0.5%, and non-GAAP EPS to $2.85 ±",,,,,,,,,,"reported value falls outside [44, 45]",open,,,,,,,,,,,2026-10-02,navneet,false,false,,false,false,false,unresolved,section,Micron Updates Fourth Quarter Fiscal 2025 Guidance,,,,model output rejected,,,yes,"The excerpt states non-GAAP gross margins of 44.5% ± 0.5%, which equals a range of 44.0% to 45.0%, matching the claimed range of 44% to 45% for Q4 FY2025.",,,,,,
01K5SXXE00Z0NBDGNHABWEXH4F,"Micron Technology, Inc.",MU,0000723125,"Micron Technology, Inc. expects revenue of $12.2 billion to $12.8 billion for Q1 FY2026.","Revenue
$12.50 billion ± $300 million $12.50 billion ± $300 million",revenue,12.2,12.8,USD billions,Q1 FY2026,2025-09-23,https://www.sec.gov/Archives/edgar/data/723125/000072312525000024/a2025q4ex991-pressrelease.htm,0000723125-25-000024,8-K,2025-09-23,2026-10-01T13:55:12Z,877dc0ef852e8943144608704f749791fb29dc1a3e57864713b178c053a06e9f,"Revenue
$12.50 billion ± $300 million $12.50 billion ± $300 million",13.64,2025-12-17,https://www.sec.gov/Archives/edgar/data/723125/000072312525000044/a2026q1ex991-pressrelease.htm,0000723125-25-000044,8-K,2025-12-17,2026-10-01T13:55:15Z,3df8eaee1942aee4b065a63ddbec50e900f3f3a18263ad29922246d5c541daeb,Revenue of $13.64 billion versus $11.32 billion for the prior quarter and $8.71 billion for the same period last year,"reported value falls outside [12.2, 12.8]",open,,,,,,,,,85,,2026-10-02,navneet,false,false,,false,false,false,missed,section,Non-GAAP(2) Outlook,The following table presents Micron’s guidance for the first quarter of 2026:,,,,,,yes,"The excerpt states revenue guidance of $12.50 billion ± $300 million, which equals a range of $12.2 billion to $12.8 billion for Q1 FY2026, matching the claim exactly.",,,,,,
01K5SXXE00HHFFNCDFBMS7NX5S,"Micron Technology, Inc.",MU,0000723125,"Micron Technology, Inc. expects gross margin non-GAAP of 50.5% to 52.5% for Q1 FY2026.","Gross margin
50.5% ± 1.0% 51.5% ± 1.0%",gross margin non-GAAP,50.5,52.5,percent,Q1 FY2026,2025-09-23,https://www.sec.gov/Archives/edgar/data/723125/000072312525000024/a2025q4ex991-pressrelease.htm,0000723125-25-000024,8-K,2025-09-23,2026-10-01T13:55:12Z,877dc0ef852e8943144608704f749791fb29dc1a3e57864713b178c053a06e9f,"Gross margin
50.5% ± 1.0% 51.5% ± 1.0%",,,,,,,,,,"reported value falls outside [50.5, 52.5]",open,,,,,,,,,,,2026-10-02,navneet,false,false,,false,false,false,unresolved,section,Non-GAAP(2) Outlook,The following table presents Micron’s guidance for the first quarter of 2026:,,"GAAP | non-GAAP: the figure is in column 2, non-GAAP",model output rejected,,,yes,"The excerpt states non-GAAP gross margin of 51.5% ± 1.0%, which equals the range 50.5% to 52.5% for Q1 FY2026 as specified in the guidance table.",,,,,,
01K5SXXE00T8JF4GGYJ61JPNFN,"Micron Technology, Inc.",MU,0000723125,"Micron Technology, Inc. expects EPS non-GAAP of $3.6 per share to $3.9 per share for Q1 FY2026.","Diluted earnings per share
$3.56 ± $0.15 $3.75 ± $0.15",EPS non-GAAP,3.6,3.9,USD per share,Q1 FY2026,2025-09-23,https://www.sec.gov/Archives/edgar/data/723125/000072312525000024/a2025q4ex991-pressrelease.htm,0000723125-25-000024,8-K,2025-09-23,2026-10-01T13:55:12Z,877dc0ef852e8943144608704f749791fb29dc1a3e57864713b178c053a06e9f,"Diluted earnings per share
$3.56 ± $0.15 $3.75 ± $0.15",4.78,2025-12-17,https://www.sec.gov/Archives/edgar/data/723125/000072312525000044/a2026q1ex991-pressrelease.htm,0000723125-25-000044,8-K,2025-12-17,2026-10-01T13:55:15Z,3df8eaee1942aee4b065a63ddbec50e900f3f3a18263ad29922246d5c541daeb,"Non-GAAP net income of $5.48 billion, or $4.78 per diluted share","reported value falls outside [3.6, 3.9]",open,,,,,,,,,85,,2026-10-02,navneet,false,false,,false,false,false,missed,section,Non-GAAP(2) Outlook,The following table presents Micron’s guidance for the first quarter of 2026:,,"GAAP | non-GAAP: the figure is in column 2, non-GAAP",,,,yes,"The excerpt states non-GAAP diluted EPS as $3.75 ± $0.15, which equals the range $3.60 to $3.90 per share, matching the claimed range of $3.6 to $3.9 per share for Q1 FY2026.",,,,,,
01KKZ3VY00JYF2P11ATNTTTERS,"Micron Technology, Inc.",MU,0000723125,"Micron Technology, Inc. expects gross margin non-GAAP of 81% for Q3 FY2026.","Gross margin
Approximately 81% Approximately 81%",gross margin non-GAAP,81.0,81.0,percent,Q3 FY2026,2026-03-18,https://www.sec.gov/Archives/edgar/data/723125/000072312526000004/a2026q2ex991-pressrelease.htm,0000723125-26-000004,8-K,2026-03-18,2026-10-01T13:55:17Z,0c81f3530fc334566925ee274daea0f6cc2d5169ba9ef6a4968929b721323d86,"Gross margin
Approximately 81% Approximately 81%",,,,,,,,,,reported value differs from 81 by more than 0.5%,open,,,,,,,,,,,2026-10-02,navneet,false,false,,false,false,false,unresolved,section,Non-GAAP(2) Outlook,The following table presents Micron’s guidance for the third quarter of 2026:,,,model output rejected,,,yes,"The excerpt states 'Gross margin Approximately 81%' under the Non-GAAP Outlook section for Q3 FY2026, matching the metric, value, and period claimed.",,,,,,
01KKZ3VY007KA97XVKQ4XC3S11,"Micron Technology, Inc.",MU,0000723125,"Micron Technology, Inc. expects gross margin GAAP of 81% for Q3 FY2026.","Gross margin
Approximately 81% — A Approximately 81%",gross margin GAAP,81.0,81.0,percent,Q3 FY2026,2026-03-18,https://www.sec.gov/Archives/edgar/data/723125/000072312526000004/a2026q2ex991-pressrelease.htm,0000723125-26-000004,8-K,2026-03-18,2026-10-01T13:55:17Z,0c81f3530fc334566925ee274daea0f6cc2d5169ba9ef6a4968929b721323d86,"Gross margin
Approximately 81% — A Approximately 81%",,,,,,,,,,reported value differs from 81 by more than 0.5%,open,,,,,,,,,,,2026-10-02,navneet,false,false,,false,false,false,unresolved,section,GAAP Outlook Adjustments Non-GAAP Outlook,,,,the model found no line reporting that metric for that period,,,yes,"Excerpt states 'Gross margin Approximately 81%' for the GAAP column, matching the claimed metric, value, and period (Q3 FY2026 is the current guidance period in the outlook section).",,,,,,
01KKZ3VY006V6BD5D0YHVGH80Z,"Micron Technology, Inc.",MU,0000723125,"Micron Technology, Inc. expects operating expenses GAAP of $1.6 billion for Q3 FY2026.","Operating expenses
Approximately $1.60 billion $200 million B Approximately $1.40 billion",operating expenses GAAP,1.6,1.6,USD billions,Q3 FY2026,2026-03-18,https://www.sec.gov/Archives/edgar/data/723125/000072312526000004/a2026q2ex991-pressrelease.htm,0000723125-26-000004,8-K,2026-03-18,2026-10-01T13:55:17Z,0c81f3530fc334566925ee274daea0f6cc2d5169ba9ef6a4968929b721323d86,"Operating expenses
Approximately $1.60 billion $200 million B Approximately $1.40 billion",,,,,,,,,,reported value differs from 1.6 by more than 0.5%,open,,,,,,,,,,,2026-10-02,navneet,false,false,,false,false,false,unresolved,section,GAAP Outlook Adjustments Non-GAAP Outlook,,,"GAAP | Adjustments | non-GAAP: the figure is in column 1, GAAP","multi-column, unconfirmed",,,yes,"Excerpt states 'Operating expenses Approximately $1.60 billion' in the GAAP column, matching the claim of $1.6 billion GAAP operating expenses.",,,,,,
01KVVETC00Y7N8AAVE5AHBKMP6,"Micron Technology, Inc.",MU,0000723125,"Micron Technology, Inc. expects gross margin GAAP of 86% for Q4 FY2026.","Gross margin
Approximately 86% — % A Approximately 86%",gross margin GAAP,86.0,86.0,percent,Q4 FY2026,2026-06-24,https://www.sec.gov/Archives/edgar/data/723125/000072312526000013/a2026q3ex991-pressrelease.htm,0000723125-26-000013,8-K,2026-06-24,2026-10-01T13:55:21Z,dbc69ffd7e45f4187a4a9f0852a1fcda83247bc361823984d73c46e509cb4abb,"Gross margin
Approximately 86% — % A Approximately 86%",,,,,,,,,,reported value differs from 86 by more than 0.5%,open,,,,,,,,,,,2026-10-02,navneet,false,false,,false,false,false,unresolved,section,GAAP Outlook Adjustments Non-GAAP Outlook,,,,no later 8-K release for that period found,,,yes,"Excerpt states 'Gross margin Approximately 86%' for the GAAP Outlook column, matching the claimed GAAP gross margin of 86% for Q4 FY2026.",,,,,,
01KVVETC00BBBXA9H8WNH6P75D,"Micron Technology, Inc.",MU,0000723125,"Micron Technology, Inc. expects gross margin non-GAAP of 86% for Q4 FY2026.","Gross margin
Approximately 86% — % A Approximately 86%",gross margin non-GAAP,86.0,86.0,percent,Q4 FY2026,2026-06-24,https://www.sec.gov/Archives/edgar/data/723125/000072312526000013/a2026q3ex991-pressrelease.htm,0000723125-26-000013,8-K,2026-06-24,2026-10-01T13:55:21Z,dbc69ffd7e45f4187a4a9f0852a1fcda83247bc361823984d73c46e509cb4abb,"Gross margin
Approximately 86% — % A Approximately 86%",,,,,,,,,,reported value differs from 86 by more than 0.5%,open,,,,,,,,,,,2026-10-02,navneet,false,false,,false,false,false,unresolved,section,GAAP Outlook Adjustments Non-GAAP Outlook,,,,no later 8-K release for that period found,,,yes,"The excerpt states 'Approximately 86%' in the Non-GAAP Outlook column for gross margin, matching the claimed metric, value, and basis.",,,,,,
01KVVETC00MA97ZXYQCD4M58N1,"Micron Technology, Inc.",MU,0000723125,"Micron Technology, Inc. expects operating expenses GAAP of $1.86 billion for Q4 FY2026.","Operating expenses
Approximately $1.86 billion $205 million B Approximately $1.65 billion",operating expenses GAAP,1.86,1.86,USD billions,Q4 FY2026,2026-06-24,https://www.sec.gov/Archives/edgar/data/723125/000072312526000013/a2026q3ex991-pressrelease.htm,0000723125-26-000013,8-K,2026-06-24,2026-10-01T13:55:21Z,dbc69ffd7e45f4187a4a9f0852a1fcda83247bc361823984d73c46e509cb4abb,"Operating expenses
Approximately $1.86 billion $205 million B Approximately $1.65 billion",,,,,,,,,,reported value differs from 1.86 by more than 0.5%,open,,,,,,,,,,,2026-10-02,navneet,false,false,,false,false,false,unresolved,section,GAAP Outlook Adjustments Non-GAAP Outlook,,,"GAAP | Adjustments | non-GAAP: the figure is in column 1, GAAP",no later 8-K release for that period found,,,yes,"Excerpt states 'Operating expenses Approximately $1.86 billion' in the GAAP column, matching the claim of $1.86 billion GAAP operating expenses.",,,,,,
01KVVETC00DHS6FRD55KKM6H28,"Micron Technology, Inc.",MU,0000723125,"Micron Technology, Inc. expects operating expenses non-GAAP of $1.65 billion for Q4 FY2026.","Operating expenses
Approximately $1.86 billion $205 million B Approximately $1.65 billion",operating expenses non-GAAP,1.65,1.65,USD billions,Q4 FY2026,2026-06-24,https://www.sec.gov/Archives/edgar/data/723125/000072312526000013/a2026q3ex991-pressrelease.htm,0000723125-26-000013,8-K,2026-06-24,2026-10-01T13:55:21Z,dbc69ffd7e45f4187a4a9f0852a1fcda83247bc361823984d73c46e509cb4abb,"Operating expenses
Approximately $1.86 billion $205 million B Approximately $1.65 billion",,,,,,,,,,reported value differs from 1.65 by more than 0.5%,open,,,,,,,,,,,2026-10-02,navneet,false,false,,false,false,false,unresolved,section,GAAP Outlook Adjustments Non-GAAP Outlook,,,"GAAP | Adjustments | non-GAAP: the figure is in column 3, non-GAAP",no later 8-K release for that period found,,,yes,"Excerpt states non-GAAP operating expenses of approximately $1.65 billion in the non-GAAP column, matching the claim exactly.",,,,,,
01DNNDW300PM54ZJHHYQARHY7S,"Micron Technology, Inc.",MU,0000723125,,,,,,,,2019-09-26,https://www.sec.gov/Archives/edgar/data/723125/000072312519000068/a2019q4exhibit991-pressrel.htm,0000723125-19-000068,8-K,2019-09-26,2026-10-01T13:54:07Z,5efa70f44bd837604de63c053b07f1a26f1d7515b3cbb4397d75cbf052bb789c,"Revenue
$5.0 billion ± $200 million
—",,,,,,,,,,,open,,,,,,,,,,,,,false,false,,false,true,false,,section,Non-GAAP Outlook,,,,,"1 item(s) returned, all rejected: plus_minus needs one centre value in both value_low and value_high, and a spread",,,,,,,,,
01EKBJHA00DXMACH78J06G67Z1,"Micron Technology, Inc.",MU,0000723125,,,,,,,,2020-09-29,https://www.sec.gov/Archives/edgar/data/723125/000072312520000079/a2020q4exhibit991-pres.htm,0000723125-20-000079,8-K,2020-09-29,2026-10-01T13:54:21Z,0171deac8bb25e3243e3d5b2bef08c49d231c9984fa76f6b54efe59e2b68a913,"Revenue
$5.2 billion ± $200 million $5.2 billion ± $200 million
Gross margin
26.5% ± 1% 27.5% ± 1%
Operating expenses
$873 million ± $25 million $825 million ± $25 million
Interest (income) expense, net
$37 million $35 million
Diluted earnings per share
$0.39 ± $0.07 $0.47 ± $0.07
Further information regarding Micron’s business outlook is included in the prepared remarks and slides, which have bee",,,,,,,,,,,open,,,,,,,,,,,,,false,false,,false,true,false,,section,Non-GAAP(2) Outlook,The following table presents Micron’s guidance for the first quarter of 2021:,,,,"4 item(s) returned, all rejected: a range, but the evidence has no 'to', 'between', dash or plus or minus",,,,,,,,,
01EKBJHA000CJ3A04ZGYQWZQB7,"Micron Technology, Inc.",MU,0000723125,,,,,,,,2020-09-29,https://www.sec.gov/Archives/edgar/data/723125/000072312520000079/a2020q4exhibit991-pres.htm,0000723125-20-000079,8-K,2020-09-29,2026-10-01T13:54:21Z,0171deac8bb25e3243e3d5b2bef08c49d231c9984fa76f6b54efe59e2b68a913,"Revenue
$5.2 billion ± $200 million — $5.2 billion ± $200 million
Gross margin
26.5% ± 1% 1% A 27.5% ± 1%
Operating expenses
$873 million ± $25 million $48 million B $825 million ± $25 million
Interest (income) expense, net $37 million $2 million C $35 million
Diluted earnings per share(1)
$0.39 ± $0.07 $0.08 A, B, C, D $0.47 ± $0.07",,,,,,,,,,,open,,,,,,,,,,,,,false,false,,false,true,false,,section,GAAP Outlook Adjustments Non-GAAP Outlook,,,,,"7 item(s) returned, all rejected: plus_minus needs one centre value in both value_low and value_high, and a spread",,,,,,,,,
01EVD2960047T6F3R3FAXPZBME,"Micron Technology, Inc.",MU,0000723125,,,,,,,,2021-01-07,https://www.sec.gov/Archives/edgar/data/723125/000072312521000009/a2021q1ex991-pressrelease.htm,0000723125-21-000009,8-K,2021-01-07,2026-10-01T13:54:24Z,0521d19d1ded96b824b22e7469057f0575b01d03768d5d335cc120af0c14e897,"Revenue
$5.8 billion ± $200 million — $5.8 billion ± $200 million
Gross margin
25% ± 1% 6% A 31% ± 1%
Operating expenses
$882 million ± $25 million $57 million B $825 million ± $25 million
Interest (income) expense, net $37 million $2 million C $35 million
Diluted earnings per share(1)
$0.41 ± $0.07 $0.34 A, B, C, D $0.75 ± $0.07",,,,,,,,,,,open,,,,,,,,,,,,,false,false,,false,true,false,,section,GAAP Outlook Adjustments Non-GAAP Outlook,,,,,"7 item(s) returned, all rejected: plus_minus needs one centre value in both value_low and value_high, and a spread",,,,,,,,,
01F22S8V00VMMV2WSYPNH05MP6,"Micron Technology, Inc.",MU,0000723125,,,,,,,,2021-03-31,https://www.sec.gov/Archives/edgar/data/723125/000072312521000028/a2021q2ex991-pressrelease.htm,0000723125-21-000028,8-K,2021-03-31,2026-10-01T13:54:27Z,7e34be72807178f51f034625a90717ff10d9821e39563e80eaa3159da27f5df8,"Revenue
$7.1 billion ± $200 million — $7.1 billion ± $200 million
Gross margin
40.5% ± 1% 1% A 41.5% ± 1%
Operating expenses
$930 million ± $25 million $55 million B $875 million ± $25 million
Interest (income) expense, net $27 million $2 million C $25 million
Diluted earnings per share(1)
$1.52 ± $0.07 $0.10 A, B, C, D $1.62 ± $0.07",,,,,,,,,,,open,,,,,,,,,,,,,false,false,,false,true,false,,section,FQ3-21 GAAP Outlook Adjustments Non-GAAP Outlook,,,,,"7 item(s) returned, all rejected: plus_minus needs one centre value in both value_low and value_high, and a spread",,,,,,,,,
01F9D3E800JGCRYHQJJ9J0N5A8,"Micron Technology, Inc.",MU,0000723125,,,,,,,,2021-06-30,https://www.sec.gov/Archives/edgar/data/723125/000072312521000049/a2021q3ex991-pressrelease.htm,0000723125-21-000049,8-K,2021-06-30,2026-10-01T13:54:29Z,dd4daf515477403bd908b4fe0d8306b42b0eadda83e6ab49907985debd9ca1c6,"Revenue
$8.2 billion ± $200 million — $8.2 billion ± $200 million
Gross margin
46.0% ± 1% 1% A 47.0% ± 1%
Operating expenses
$955 million ± $25 million $55 million B $900 million ± $25 million
Diluted earnings per share(1)
$2.23 ± $0.10 $0.07 A, B, C $2.30 ± $0.10",,,,,,,,,,,open,,,,,,,,,,,,,false,false,,false,true,false,,section,FQ4-21 GAAP Outlook Adjustments Non-GAAP Outlook,,,,,"7 item(s) returned, all rejected: plus_minus needs one centre value in both value_low and value_high, and a spread",,,,,,,,,
01FGMV6Y004135GNJXGDBPNG7X,"Micron Technology, Inc.",MU,0000723125,,,,,,,,2021-09-28,https://www.sec.gov/Archives/edgar/data/723125/000072312521000060/a2021q4ex991-pressrelease.htm,0000723125-21-000060,8-K,2021-09-28,2026-10-01T13:54:32Z,2f36a2afae5073838ce5456ee41da9bbd48b13f46f84a668d3384cd8e39eea83,"Revenue
$7.65 billion ± $200 million — $7.65 billion ± $200 million
Gross margin
46.0% ± 1% 1% A 47.0% ± 1%
Operating expenses
$986 million ± $25 million $71 million B $915 million ± $25 million
Diluted earnings per share(1)
$2.00 ± $0.10 $0.10 A, B, C $2.10 ± $0.10",,,,,,,,,,,open,,,,,,,,,,,,,false,false,,false,true,false,,section,FQ1-22 GAAP Outlook Adjustments Non-GAAP Outlook,,,,,"7 item(s) returned, all rejected: plus_minus needs one centre value in both value_low and value_high, and a spread",,,,,,,,,
01FQAJ6K0037EQ8010M6T6Y8SZ,"Micron Technology, Inc.",MU,0000723125,,,,,,,,2021-12-20,https://www.sec.gov/Archives/edgar/data/723125/000072312521000086/a2022q1ex991-pressrelease.htm,0000723125-21-000086,8-K,2021-12-20,2026-10-01T13:54:34Z,0514f22a19c5245dee4b5a1c9c64c3208ff00f0f1181ed93df10490a40ab159c,"Revenue
$7.5 billion ± $200 million — $7.5 billion ± $200 million
Gross margin
45.0% ± 1% 1% A 46.0% ± 1%
Operating expenses
$1,058 million ± $25 million $83 million B $975 million ± $25 million
Diluted earnings per share(1)
$1.83 ± $0.10 $0.12 A, B, C $1.95 ± $0.10",,,,,,,,,,,open,,,,,,,,,,,,,false,false,,false,true,false,,section,FQ2-22 GAAP Outlook Adjustments Non-GAAP Outlook,,,,,"7 item(s) returned, all rejected: plus_minus needs one centre value in both value_low and value_high, and a spread",,,,,,,,,
01FZ9FHR00C3RVQ34X2CV098DF,"Micron Technology, Inc.",MU,0000723125,,,,,,,,2022-03-29,https://www.sec.gov/Archives/edgar/data/723125/000072312522000012/a2022q2ex991-pressrelease.htm,0000723125-22-000012,8-K,2022-03-29,2026-10-01T13:54:36Z,919b390fc5b44c4f98b026522a3280fc6db66be5dde481339b3373642ab480bd,"Revenue
$8.7 billion ± $200 million — $8.7 billion ± $200 million
Gross margin
47.0% ± 1% 1% A 48.0% ± 1%
Operating expenses
$1.13 billion ± $25 million $80 million B $1.05 billion ± $25 million
Diluted earnings per share(1)
$2.33 ± $0.10 $0.13 A, B, C $2.46 ± $0.10",,,,,,,,,,,open,,,,,,,,,,,,,false,false,,false,true,false,,section,FQ3-22 GAAP Outlook Adjustments Non-GAAP Outlook,,,,,"7 item(s) returned, all rejected: plus_minus needs one centre value in both value_low and value_high, and a spread",,,,,,,,,
01G6RYGK00YMKMKH24D1EQV613,"Micron Technology, Inc.",MU,0000723125,,,,,,,,2022-06-30,https://www.sec.gov/Archives/edgar/data/723125/000072312522000034/a2022q3ex991-pressrelease.htm,0000723125-22-000034,8-K,2022-06-30,2026-10-01T13:54:40Z,99c59ad0c13169713cb9b4c872d2817baeba4fbf46dd2d8ba41df36e04e63798,"Revenue
$7.2 billion ± $400 million $7.2 billion ± $400 million
Gross margin
41.5% ± 1.5% 42.5% ± 1.5%
Operating expenses
$1.13 billion ± $25 million $1.05 billion ± $25 million
Diluted earnings per share
$1.52 ± $0.20 $1.63 ± $0.20
Further information regarding Micron’s business outlook is included in the prepared remarks and slides, which have been posted at investors.micron.com.",,,,,,,,,,,open,,,,,,,,,,,,,false,false,,false,true,false,,section,Non-GAAP(2) Outlook,The following table presents Micron’s guidance for the fourth quarter of 2022:,,,,"7 item(s) returned, all rejected: plus_minus needs one centre value in both value_low and value_high, and a spread",,,,,,,,,
01G6RYGK00125Q051K2539GZ1M,"Micron Technology, Inc.",MU,0000723125,,,,,,,,2022-06-30,https://www.sec.gov/Archives/edgar/data/723125/000072312522000034/a2022q3ex991-pressrelease.htm,0000723125-22-000034,8-K,2022-06-30,2026-10-01T13:54:40Z,99c59ad0c13169713cb9b4c872d2817baeba4fbf46dd2d8ba41df36e04e63798,"Revenue
$7.2 billion ± $400 million — $7.2 billion ± $400 million
Gross margin
41.5% ± 1.5% 1% A 42.5% ± 1.5%
Operating expenses
$1.13 billion ± $25 million $83 million B $1.05 billion ± $25 million
Diluted earnings per share(1)
$1.52 ± $0.20 $0.11 A, B, C $1.63 ± $0.20",,,,,,,,,,,open,,,,,,,,,,,,,false,false,,false,true,false,,section,FQ4-22 GAAP Outlook Adjustments Non-GAAP Outlook,,,,,"7 item(s) returned, all rejected: plus_minus needs one centre value in both value_low and value_high, and a spread",,,,,,,,,
01GE38P00027T9K101T7ZZDHP2,"Micron Technology, Inc.",MU,0000723125,,,,,,,,2022-09-29,https://www.sec.gov/Archives/edgar/data/723125/000072312522000044/a2022q4ex991-pressrelease.htm,0000723125-22-000044,8-K,2022-09-29,2026-10-01T13:54:43Z,d68e9137b0c3e6beeb8d054a4c870f1d4a958a5b75397ee9672e86123e11be25,"Revenue
$4.25 billion ± $250 million $4.25 billion ± $250 million
Gross margin
25.0% ± 2.0% 26.0% ± 2.0%
Operating expenses
$1.09 billion ± $25 million $1.00 billion ± $25 million
Diluted earnings (loss) per share
($0.09) ± $0.10 $0.04 ± $0.10
Further information regarding Micron’s business outlook is included in the prepared remarks and slides, which have been posted at investors.micron.com.",,,,,,,,,,,open,,,,,,,,,,,,,false,false,,false,true,false,,section,Non-GAAP(2) Outlook,The following table presents Micron’s guidance for the first quarter of 2023:,,,,"4 item(s) returned, all rejected: plus_minus needs one centre value in both value_low and value_high, and a spread",,,,,,,,,
01GE38P0004GQS6006CDTR4C6G,"Micron Technology, Inc.",MU,0000723125,,,,,,,,2022-09-29,https://www.sec.gov/Archives/edgar/data/723125/000072312522000044/a2022q4ex991-pressrelease.htm,0000723125-22-000044,8-K,2022-09-29,2026-10-01T13:54:43Z,d68e9137b0c3e6beeb8d054a4c870f1d4a958a5b75397ee9672e86123e11be25,"Revenue
$4.25 billion ± $250 million — $4.25 billion ± $250 million
Gross margin
25.0% ± 2.0% 1% A 26.0% ± 2.0%
Operating expenses
$1.09 billion ± $25 million $91 million B $1.00 billion ± $25 million
Diluted earnings (loss) per share(1)
($0.09) ± $0.10 $0.13 A, B, C $0.04 ± $0.10",,,,,,,,,,,open,,,,,,,,,,,,,false,false,,false,true,false,,section,FQ1-23 GAAP Outlook Adjustments Non-GAAP Outlook,,,,,"7 item(s) returned, all rejected: plus_minus needs one centre value in both value_low and value_high, and a spread",,,,,,,,,
01GMRZNN00DNWACNQNDJHTNCRC,"Micron Technology, Inc.",MU,0000723125,,,,,,,,2022-12-21,https://www.sec.gov/Archives/edgar/data/723125/000072312522000070/a2023q1ex991-pressrelease.htm,0000723125-22-000070,8-K,2022-12-21,2026-10-01T13:54:45Z,a498a8725587e071eb6f42dc9900aa5e78aabb20005e74c5f3df3c99db894f8d,"Revenue
$3.80 billion ± $200 million $3.80 billion ± $200 million
Gross margin
7.5% ± 2.5% 8.5% ± 2.5%
Operating expenses
$1.08 billion ± $15 million $945 million ± $15 million
Diluted earnings (loss) per share
($0.79) ± $0.10 ($0.62) ± $0.10
Further information regarding Micron’s business outlook is included in the prepared remarks and slides, which have been posted at investors.micron.com.",,,,,,,,,,,open,,,,,,,,,,,,,false,false,,false,true,false,,section,Non-GAAP(2) Outlook,The following table presents Micron’s guidance for the second quarter of 2023:,,,,"4 item(s) returned, all rejected: plus_minus needs one centre value in both value_low and value_high, and a spread",,,,,,,,,
01GMRZNN000R68HNKTR4AA670A,"Micron Technology, Inc.",MU,0000723125,,,,,,,,2022-12-21,https://www.sec.gov/Archives/edgar/data/723125/000072312522000070/a2023q1ex991-pressrelease.htm,0000723125-22-000070,8-K,2022-12-21,2026-10-01T13:54:45Z,a498a8725587e071eb6f42dc9900aa5e78aabb20005e74c5f3df3c99db894f8d,"Revenue
$3.80 billion ± $200 million — $3.80 billion ± $200 million
Gross margin
7.5% ± 2.5% ~1% A 8.5% ± 2.5%
Operating expenses
$1.08 billion ± $15 million $137 million B $945 million ± $15 million
Diluted earnings (loss) per share(1)
($0.79) ± $0.10 $0.17 A, B, C ($0.62) ± $0.10",,,,,,,,,,,open,,,,,,,,,,,,,false,false,,false,true,false,,section,FQ2-23 GAAP Outlook Adjustments Non-GAAP Outlook,,,,,"7 item(s) returned, all rejected: plus_minus needs one centre value in both value_low and value_high, and a spread",,,,,,,,,
01GWJR7C00PM1N5PNDBKMAY7MN,"Micron Technology, Inc.",MU,0000723125,,,,,,,,2023-03-28,https://www.sec.gov/Archives/edgar/data/723125/000072312523000018/a2023q2ex991-pressrelease.htm,0000723125-23-000018,8-K,2023-03-28,2026-10-01T13:54:48Z,e8eeeaeb93007185bef06992b687284e341d07e5169bf3430bf4ca2b6e39398d,"The table below presents Micron’s guidance for the third quarter of 2023. This guidance assumes a write down of approximately $500 million associated with inventory produced during the third quarter, impacting both GAAP and non-GAAP diluted earnings (loss) per share by approximately $0.45.
FQ3-23",,,,,,,,,,,open,,,,,,,,,,,,,false,false,,false,true,false,,section,Business Outlook,,,,,the model returned no items,,,,,,,,,
01GWJR7C00FR04EP7MFXW7BDMX,"Micron Technology, Inc.",MU,0000723125,,,,,,,,2023-03-28,https://www.sec.gov/Archives/edgar/data/723125/000072312523000018/a2023q2ex991-pressrelease.htm,0000723125-23-000018,8-K,2023-03-28,2026-10-01T13:54:48Z,e8eeeaeb93007185bef06992b687284e341d07e5169bf3430bf4ca2b6e39398d,"Revenue
$3.70 billion ± $200 million $3.70 billion ± $200 million
Gross margin
(23.0%) ± 2.5% (21.0%) ± 2.5%
Operating expenses
$1.07 billion ± $15 million $900 million ± $15 million
Diluted earnings (loss) per share
($1.79) ± $0.07 ($1.58) ± $0.07
Further information regarding Micron’s business outlook is included in the prepared remarks and slides, which have been posted at investors.micron.com.",,,,,,,,,,,open,,,,,,,,,,,,,false,false,,false,true,false,,section,Non-GAAP(2) Outlook,,,,,"4 item(s) returned, all rejected: plus_minus needs one centre value in both value_low and value_high, and a spread",,,,,,,,,
01GWJR7C005WT22TFBA36HJFDF,"Micron Technology, Inc.",MU,0000723125,,,,,,,,2023-03-28,https://www.sec.gov/Archives/edgar/data/723125/000072312523000018/a2023q2ex991-pressrelease.htm,0000723125-23-000018,8-K,2023-03-28,2026-10-01T13:54:48Z,e8eeeaeb93007185bef06992b687284e341d07e5169bf3430bf4ca2b6e39398d,"Revenue
$3.70 billion ± $200 million — $3.70 billion ± $200 million
Gross margin
(23.0%) ± 2.5% 2.0% A (21.0%) ± 2.5%
Operating expenses
$1.07 billion ± $15 million $166 million B $900 million ± $15 million
Diluted earnings (loss) per share(1)
($1.79) ± $0.07 $0.21 A, B, C ($1.58) ± $0.07",,,,,,,,,,,open,,,,,,,,,,,,,false,false,,false,true,false,,section,FQ3-23 GAAP Outlook Adjustments Non-GAAP Outlook,,,,,"7 item(s) returned, all rejected: plus_minus needs one centre value in both value_low and value_high, and a spread",,,,,,,,,
01H3ZMSG00DA40C14JF7E4H4WX,"Micron Technology, Inc.",MU,0000723125,,,,,,,,2023-06-28,https://www.sec.gov/Archives/edgar/data/723125/000072312523000038/a2023q3ex991-pressrelease.htm,0000723125-23-000038,8-K,2023-06-28,2026-10-01T13:54:50Z,45a822e1c79c8e99d5ee56c8719ce36fefd9383495a0612b0644c44c64b0dfd7,"Revenue
$3.90 billion ± $200 million $3.90 billion ± $200 million
Gross margin
(12.5%) ± 2.5% (10.5%) ± 2.5%
Operating expenses
$946 million ± $15 million $845 million ± $15 million
Diluted earnings (loss) per share
($1.34) ± $0.07 ($1.19) ± $0.07
Further information regarding Micron’s business outlook is included in the prepared remarks and slides, which have been posted at investors.micron.com.",,,,,,,,,,,open,,,,,,,,,,,,,false,false,,false,true,false,,section,Non-GAAP(2) Outlook,The table below presents Micron’s guidance for the fourth quarter of 2023:,,,,"4 item(s) returned, all rejected: plus_minus needs one centre value in both value_low and value_high, and a spread",,,,,,,,,
01H3ZMSG00VH42XN781JYE2QM1,"Micron Technology, Inc.",MU,0000723125,,,,,,,,2023-06-28,https://www.sec.gov/Archives/edgar/data/723125/000072312523000038/a2023q3ex991-pressrelease.htm,0000723125-23-000038,8-K,2023-06-28,2026-10-01T13:54:50Z,45a822e1c79c8e99d5ee56c8719ce36fefd9383495a0612b0644c44c64b0dfd7,"Revenue
$3.90 billion ± $200 million — $3.90 billion ± $200 million
Gross margin
(12.5%) ± 2.5% 2.0% A (10.5%) ± 2.5%
Operating expenses
$946 million ± $15 million $101 million B $845 million ± $15 million
Diluted earnings (loss) per share(1)
($1.34) ± $0.07 $0.15 A, B, C ($1.19) ± $0.07",,,,,,,,,,,open,,,,,,,,,,,,,false,false,,false,true,false,,section,FQ4-23 GAAP Outlook Adjustments Non-GAAP Outlook,,,,,"7 item(s) returned, all rejected: plus_minus needs one centre value in both value_low and value_high, and a spread",,,,,,,,,
01HB9YYX006D3P59V54RKC5PCM,"Micron Technology, Inc.",MU,0000723125,,,,,,,,2023-09-27,https://www.sec.gov/Archives/edgar/data/723125/000072312523000051/a2023q4ex991-pressrelease.htm,0000723125-23-000051,8-K,2023-09-27,2026-10-01T13:54:52Z,687a7bb7336b8a7937a913e51e3b57fe5cde94c7ecad8887d5c5be993e8e65ae,"Revenue
$4.40 billion ± $200 million $4.40 billion ± $200 million
Gross margin
(6.0%) ± 2.0% (4.0%) ± 2.0%
Operating expenses
$1.01 billion ± $15 million $900 million ± $15 million
Diluted earnings (loss) per share
($1.24) ± $0.07 ($1.07) ± $0.07
Further information regarding Micron’s business outlook is included in the prepared remarks and slides, which have been posted at investors.micron.com.",,,,,,,,,,,open,,,,,,,,,,,,,false,false,,false,true,false,,section,Non-GAAP(2) Outlook,The following table presents Micron’s guidance for the first quarter of 2024:,,,,"4 item(s) returned, all rejected: plus_minus needs one centre value in both value_low and value_high, and a spread",,,,,,,,,
01HB9YYX00QA0D60P5Y7VRE9AZ,"Micron Technology, Inc.",MU,0000723125,,,,,,,,2023-09-27,https://www.sec.gov/Archives/edgar/data/723125/000072312523000051/a2023q4ex991-pressrelease.htm,0000723125-23-000051,8-K,2023-09-27,2026-10-01T13:54:52Z,687a7bb7336b8a7937a913e51e3b57fe5cde94c7ecad8887d5c5be993e8e65ae,"Revenue
$4.40 billion ± $200 million
—
$4.40 billion ± $200 million
Gross margin
(6.0%) ± 2.0%
2.0%
A
(4.0%) ± 2.0%
Operating expenses
$1.01 billion ± $15 million
$113 million
B
$900 million ± $15 million
Diluted earnings (loss) per share(1)
($1.24) ± $0.07
$0.17
A, B, C
($1.07) ± $0.07",,,,,,,,,,,open,,,,,,,,,,,,,false,false,,false,true,false,,section,FQ1-24 GAAP Outlook Adjustments Non-GAAP Outlook,,,,,"7 item(s) returned, all rejected: plus_minus needs one centre value in both value_low and value_high, and a spread",,,,,,,,,
01HJ28B900181KM304E5FF5ZPZ,"Micron Technology, Inc.",MU,0000723125,,,,,,,,2023-12-20,https://www.sec.gov/Archives/edgar/data/723125/000072312523000071/a2024q1ex991-pressrelease.htm,0000723125-23-000071,8-K,2023-12-20,2026-10-01T13:54:54Z,1ef66ae125e5aa7ac34185c194f3011892be2ef8607943cd7d43d0aa995f3e18,"Revenue
$5.30 billion ± $200 million $5.30 billion ± $200 million
Gross margin
12.0% ± 1.5% 13.0% ± 1.5%
Operating expenses
$1.07 billion ± $15 million $950 million ± $15 million
Diluted earnings (loss) per share
($0.45) ± $0.07 ($0.28) ± $0.07
Further information regarding Micron’s business outlook is included in the prepared remarks and slides, which have been posted at investors.micron.com.",,,,,,,,,,,open,,,,,,,,,,,,,false,false,,false,true,false,,section,Non-GAAP(2) Outlook,The following table presents Micron’s guidance for the second quarter of 2024:,,,,"4 item(s) returned, all rejected: plus_minus needs one centre value in both value_low and value_high, and a spread",,,,,,,,,
01HJ28B9005G5GFV08J7V10KEK,"Micron Technology, Inc.",MU,0000723125,,,,,,,,2023-12-20,https://www.sec.gov/Archives/edgar/data/723125/000072312523000071/a2024q1ex991-pressrelease.htm,0000723125-23-000071,8-K,2023-12-20,2026-10-01T13:54:54Z,1ef66ae125e5aa7ac34185c194f3011892be2ef8607943cd7d43d0aa995f3e18,"Revenue
$5.30 billion ± $200 million
—
$5.30 billion ± $200 million
Gross margin
12.0% ± 1.5%
1.0%
A
13.0% ± 1.5%
Operating expenses
$1.07 billion ± $15 million
$122 million
B
$950 million ± $15 million
Diluted earnings (loss) per share(1)
($0.45) ± $0.07
$0.17
A, B, C
($0.28) ± $0.07",,,,,,,,,,,open,,,,,,,,,,,,,false,false,,false,true,false,,section,GAAP Outlook Adjustments Non-GAAP Outlook,,,,,"7 item(s) returned, all rejected: plus_minus needs one centre value in both value_low and value_high, and a spread",,,,,,,,,
01HSCJGP00MCP0B4WWDEARSPC3,"Micron Technology, Inc.",MU,0000723125,,,,,,,,2024-03-20,https://www.sec.gov/Archives/edgar/data/723125/000072312524000004/a2024q2ex991-pressrelease.htm,0000723125-24-000004,8-K,2024-03-20,2026-10-01T13:54:57Z,d0cc059aaeadfa5261003a9f8613e46b910d28db6c3fa0c47c0ae7309c471edb,"Revenue
$6.60 billion ± $200 million
—
$6.60 billion ± $200 million
Gross margin
25.5% ± 1.5%
1.0%
A
26.5% ± 1.5%
Operating expenses
$1.11 billion ± $15 million
$123 million
B
$990 million ± $15 million
Diluted earnings per share(1)
$0.17 ± $0.07
$0.28
A, B, C
$0.45 ± $0.07",,,,,,,,,,,open,,,,,,,,,,,,,false,false,,false,true,false,,section,GAAP Outlook Adjustments Non-GAAP Outlook,,,,,"7 item(s) returned, all rejected: plus_minus needs one centre value in both value_low and value_high, and a spread",,,,,,,,,
01J18XF400DYMXDYRF6X05772D,"Micron Technology, Inc.",MU,0000723125,,,,,,,,2024-06-26,https://www.sec.gov/Archives/edgar/data/723125/000072312524000016/a2024q3ex991-pressrelease.htm,0000723125-24-000016,8-K,2024-06-26,2026-10-01T13:54:59Z,74b5523f031c1cacc4f06fc0479176a60c79a472804973bd309b65fa16b873e4,"Revenue
$7.60 billion ± $200 million $7.60 billion ± $200 million
Gross margin
33.5% ± 1.0% 34.5% ± 1.0%
Operating expenses
$1.19 billion ± $15 million $1.06 billion ± $15 million
Diluted earnings per share
$0.61 ± $0.08 $1.08 ± $0.08
Further information regarding Micron’s business outlook is included in the prepared remarks and slides, which have been posted at investors.micron.com.",,,,,,,,,,,open,,,,,,,,,,,,,false,false,,false,true,false,,section,Non-GAAP(2) Outlook,The following table presents Micron’s guidance for the fourth quarter of 2024:,,,,"4 item(s) returned, all rejected: plus_minus needs one centre value in both value_low and value_high, and a spread",,,,,,,,,
01J18XF400JPH54AJT7AJQVTWC,"Micron Technology, Inc.",MU,0000723125,,,,,,,,2024-06-26,https://www.sec.gov/Archives/edgar/data/723125/000072312524000016/a2024q3ex991-pressrelease.htm,0000723125-24-000016,8-K,2024-06-26,2026-10-01T13:54:59Z,74b5523f031c1cacc4f06fc0479176a60c79a472804973bd309b65fa16b873e4,"Revenue
$7.60 billion ± $200 million
—
$7.60 billion ± $200 million
Gross margin
33.5% ± 1.0%
1.0%
A
34.5% ± 1.0%
Operating expenses
$1.19 billion ± $15 million
$125 million
B
$1.06 billion ± $15 million
Diluted earnings per share(1)
$0.61 ± $0.08
$0.47
A, B, C
$1.08 ± $0.08",,,,,,,,,,,open,,,,,,,,,,,,,false,false,,false,true,false,,section,GAAP Outlook Adjustments Non-GAAP Outlook,,,,,"7 item(s) returned, all rejected: plus_minus needs one centre value in both value_low and value_high, and a spread",,,,,,,,,
01J8K7MH004DBM27Q7CR94364X,"Micron Technology, Inc.",MU,0000723125,,,,,,,,2024-09-25,https://www.sec.gov/Archives/edgar/data/723125/000072312524000023/a2024q4ex991-pressrelease.htm,0000723125-24-000023,8-K,2024-09-25,2026-10-01T13:55:01Z,eb898b1e813124c93c21934d39f33030f61f9aa146c62d5b0608c0e15ddf7671,"Revenue
$8.70 billion ± $200 million
—
$8.70 billion ± $200 million
Gross margin
38.5% ± 1.0%
1.0%
A
39.5% ± 1.0%
Operating expenses
$1.211 billion ± $15 million
$126 million
B
$1.085 billion ± $15 million
Diluted earnings per share(1)
$1.54 ± $0.08
$0.20
A, B, C
$1.74 ± $0.08",,,,,,,,,,,open,,,,,,,,,,,,,false,false,,false,true,false,,section,GAAP Outlook Adjustments Non-GAAP Outlook,,,,,"7 item(s) returned, all rejected: plus_minus needs one centre value in both value_low and value_high, and a spread",,,,,,,,,
01JFBH0X00QC6A1HFAAPPMPHR5,"Micron Technology, Inc.",MU,0000723125,,,,,,,,2024-12-18,https://www.sec.gov/Archives/edgar/data/723125/000072312524000046/a2025q1ex991-pressrelease.htm,0000723125-24-000046,8-K,2024-12-18,2026-10-01T13:55:04Z,6f470f5cb07b50829eff333bd9e10c5a7fd1c658ae27b73dbae978cbb77cfe0d,"Revenue
$7.90 billion ± $200 million $7.90 billion ± $200 million
Gross margin
37.5% ± 1.0% 38.5% ± 1.0%
Operating expenses
$1.24 billion ± $15 million $1.10 billion ± $15 million
Diluted earnings per share
$1.26 ± $0.10 $1.43 ± $0.10
Further information regarding Micron’s business outlook is included in the prepared remarks and slides, which have been posted at investors.micron.com.",,,,,,,,,,,open,,,,,,,,,,,,,false,false,,false,true,false,,section,Non-GAAP(2) Outlook,The following table presents Micron’s guidance for the second quarter of 2025:,,,,"4 item(s) returned, all rejected: target_period 'FQ2-25' is not like FY2027 or Q3 FY2027",,,,,,,,,
01JFBH0X004V78Q1YWKZYJMP2X,"Micron Technology, Inc.",MU,0000723125,,,,,,,,2024-12-18,https://www.sec.gov/Archives/edgar/data/723125/000072312524000046/a2025q1ex991-pressrelease.htm,0000723125-24-000046,8-K,2024-12-18,2026-10-01T13:55:04Z,6f470f5cb07b50829eff333bd9e10c5a7fd1c658ae27b73dbae978cbb77cfe0d,"Revenue
$7.90 billion ± $200 million
—
$7.90 billion ± $200 million
Gross margin
37.5% ± 1.0%
1.0%
A
38.5% ± 1.0%
Operating expenses
$1.24 billion ± $15 million
$140 million
B
$1.10 billion ± $15 million
Diluted earnings per share(1)
$1.26 ± $0.10
$0.17
A, B, C
$1.43 ± $0.10",,,,,,,,,,,open,,,,,,,,,,,,,false,false,,false,true,false,,section,GAAP Outlook Adjustments Non-GAAP Outlook,,,,,"7 item(s) returned, all rejected: plus_minus needs one centre value in both value_low and value_high, and a spread",,,,,,,,,
01JPRDK1000PRKQDZV10B9HQ6S,"Micron Technology, Inc.",MU,0000723125,,,,,,,,2025-03-20,https://www.sec.gov/Archives/edgar/data/723125/000072312525000006/a2025q2ex991-pressrelease.htm,0000723125-25-000006,8-K,2025-03-20,2026-10-01T13:55:07Z,9b22a31226cec5a26b94edb149abc286dd3ef9f6670a44d7698dd23c36a0a6e9,"Revenue
$8.80 billion ± $200 million $8.80 billion ± $200 million
Gross margin
35.5% ± 1.0% 36.5% ± 1.0%
Operating expenses
$1.27 billion ± $15 million $1.13 billion ± $15 million
Diluted earnings per share
$1.37 ± $0.10 $1.57 ± $0.10
Further information regarding Micron’s business outlook is included in the prepared remarks and slides, which have been posted at investors.micron.com.",,,,,,,,,,,open,,,,,,,,,,,,,false,false,,false,true,false,,section,Non-GAAP(2) Outlook,The following table presents Micron’s guidance for the third quarter of 2025:,,,,"4 item(s) returned, all rejected: plus_minus needs one centre value in both value_low and value_high, and a spread",,,,,,,,,
01JPRDK1001Y9QTFZJANZEJSJQ,"Micron Technology, Inc.",MU,0000723125,,,,,,,,2025-03-20,https://www.sec.gov/Archives/edgar/data/723125/000072312525000006/a2025q2ex991-pressrelease.htm,0000723125-25-000006,8-K,2025-03-20,2026-10-01T13:55:07Z,9b22a31226cec5a26b94edb149abc286dd3ef9f6670a44d7698dd23c36a0a6e9,"Revenue
$8.80 billion ± $200 million
—
$8.80 billion ± $200 million
Gross margin
35.5% ± 1.0%
1.0%
A
36.5% ± 1.0%
Operating expenses
$1.27 billion ± $15 million
$144 million
B
$1.13 billion ± $15 million
Diluted earnings per share(1)
$1.37 ± $0.10
$0.20
A, B, C
$1.57 ± $0.10",,,,,,,,,,,open,,,,,,,,,,,,,false,false,,false,true,false,,section,GAAP Outlook Adjustments Non-GAAP Outlook,,,,,"7 item(s) returned, all rejected: plus_minus needs one centre value in both value_low and value_high, and a spread",,,,,,,,,
01JYJ64R007601W386QV5T86J7,"Micron Technology, Inc.",MU,0000723125,,,,,,,,2025-06-25,https://www.sec.gov/Archives/edgar/data/723125/000072312525000019/a2025q3ex991-pressrelease.htm,0000723125-25-000019,8-K,2025-06-25,2026-10-01T13:55:09Z,3c55e5ccd89bd314954ca5cfac69d0082e87b0a164d4138ae3cc487402c5eac4,"Revenue
$10.7 billion ± $300 million $10.7 billion ± $300 million
Gross margin
41.0% ± 1.0% 42.0% ± 1.0%
Operating expenses
$1.35 billion ± $20 million $1.20 billion ± $20 million
Diluted earnings per share
$2.29 ± $0.15 $2.50 ± $0.15
Further information regarding Micron’s business outlook is included in the prepared remarks and slides, which have been posted at investors.micron.com.",,,,,,,,,,,open,,,,,,,,,,,,,false,false,,false,true,false,,section,Non-GAAP(2) Outlook,The following table presents Micron’s guidance for the fourth quarter of 2025:,,,,"4 item(s) returned, all rejected: plus_minus needs one centre value in both value_low and value_high, and a spread",,,,,,,,,
01JYJ64R00GMFZFHWQNC87PAZ4,"Micron Technology, Inc.",MU,0000723125,,,,,,,,2025-06-25,https://www.sec.gov/Archives/edgar/data/723125/000072312525000019/a2025q3ex991-pressrelease.htm,0000723125-25-000019,8-K,2025-06-25,2026-10-01T13:55:09Z,3c55e5ccd89bd314954ca5cfac69d0082e87b0a164d4138ae3cc487402c5eac4,"Revenue
$10.7 billion ± $300 million
—
$10.7 billion ± $300 million
Gross margin
41.0% ± 1.0%
1.0%
A
42.0% ± 1.0%
Operating expenses
$1.35 billion ± $20 million
$147 million
B
$1.20 billion ± $20 million
Diluted earnings per share(1)
$2.29 ± $0.15
$0.21
A, B, C
$2.50 ± $0.15",,,,,,,,,,,open,,,,,,,,,,,,,false,false,,false,true,false,,section,GAAP Outlook Adjustments Non-GAAP Outlook,,,,,"7 item(s) returned, all rejected: plus_minus needs one centre value in both value_low and value_high, and a spread",,,,,,,,,
01K2B6TH00RSZ1DDE8CPMV6TDJ,"Micron Technology, Inc.",MU,0000723125,,,,,,,,2025-08-11,https://www.sec.gov/Archives/edgar/data/723125/000110465925075940/tm2522933d1_ex99-1.htm,0001104659-25-075940,8-K,2025-08-11,2026-10-01T13:55:12Z,4f975e9e76bdc92cb264605a734a9820c3fe383ac7075e4379ee4c2de20cb797,"Revenue
$10.7B ± $300M
—
$10.7B ± $300M
$11.2B ± $100M
—
$11.2B ± $100M
Gross margin
41.0% ± 1.0%
1.0 %
A
42.0% ± 1.0%
43.5% ± 0.5%
1.0 %
A
44.5% ± 0.5%
Operating expenses
$1.35B ± $20M
$ 147 M
B
$1.20B ± $20M
$1.37B ± $15M
$ 147 M
B
$1.22B ± $15M
Diluted earnings per share(1)
$2.29 ± $0.15
$ 0.21
A, B, C
$2.50 ± $0.15
$2.64 ± $0.07
$ 0.21
A, B, C
$2.85 ± $0.07",,,,,,,,,,,open,,,,,,,,,,,,,false,false,,false,true,false,,section,Outlook,,,,,"14 item(s) returned, all rejected: plus_minus needs one centre value in both value_low and value_high, and a spread",,,,,,,,,
01K5SXXE00A87KHVNSQ4ZASG3A,"Micron Technology, Inc.",MU,0000723125,,,,,,,,2025-09-23,https://www.sec.gov/Archives/edgar/data/723125/000072312525000024/a2025q4ex991-pressrelease.htm,0000723125-25-000024,8-K,2025-09-23,2026-10-01T13:55:12Z,877dc0ef852e8943144608704f749791fb29dc1a3e57864713b178c053a06e9f,"Revenue
$12.50 billion ± $300 million
—
$12.50 billion ± $300 million
Gross margin
50.5% ± 1.0%
1.0%
A
51.5% ± 1.0%
Operating expenses
$1.49 billion ± $20 million
$148 million
B
$1.34 billion ± $20 million
Diluted earnings per share(1)
$3.56 ± $0.15
$0.19
A, B, C
$3.75 ± $0.15",,,,,,,,,,,open,,,,,,,,,,,,,false,false,,false,true,false,,section,FQ1-26 GAAP Outlook Adjustments Non-GAAP Outlook,,,,,"7 item(s) returned, all rejected: plus_minus needs one centre value in both value_low and value_high, and a spread",,,,,,,,,
01KCMSPH00692ZEKW3X6TB97P5,"Micron Technology, Inc.",MU,0000723125,,,,,,,,2025-12-17,https://www.sec.gov/Archives/edgar/data/723125/000072312525000044/a2026q1ex991-pressrelease.htm,0000723125-25-000044,8-K,2025-12-17,2026-10-01T13:55:15Z,3df8eaee1942aee4b065a63ddbec50e900f3f3a18263ad29922246d5c541daeb,"Revenue
$18.70 billion ± $400 million $18.70 billion ± $400 million
Gross margin
67.0% ± 1.0% 68.0% ± 1.0%
Operating expenses
$1.56 billion ± $20 million $1.38 billion ± $20 million
Diluted earnings per share
$8.19 ± $0.20 $8.42 ± $0.20
Further information regarding Micron’s business outlook is included in the prepared remarks and slides, which have been posted at investors.micron.com.",,,,,,,,,,,open,,,,,,,,,,,,,false,false,,false,true,false,,section,Non-GAAP(2) Outlook,The following table presents Micron’s guidance for the second quarter of 2026:,,,,"4 item(s) returned, all rejected: target_period 'FQ2-26' is not like FY2027 or Q3 FY2027",,,,,,,,,
01KCMSPH005D9E6Y09PB9V6D8G,"Micron Technology, Inc.",MU,0000723125,,,,,,,,2025-12-17,https://www.sec.gov/Archives/edgar/data/723125/000072312525000044/a2026q1ex991-pressrelease.htm,0000723125-25-000044,8-K,2025-12-17,2026-10-01T13:55:15Z,3df8eaee1942aee4b065a63ddbec50e900f3f3a18263ad29922246d5c541daeb,"Revenue
$18.70 billion ± $400 million
—
$18.70 billion ± $400 million
Gross margin
67.0% ± 1.0%
1.0% A
68.0% ± 1.0%
Operating expenses
$1.56 billion ± $20 million
$180 million
B
$1.38 billion ± $20 million
Diluted earnings per share(1)
$8.19 ± $0.20
$0.23
A, B, C
$8.42 ± $0.20",,,,,,,,,,,open,,,,,,,,,,,,,false,false,,false,true,false,,section,FQ2-26 GAAP Outlook Adjustments Non-GAAP Outlook,,,,,"7 item(s) returned, all rejected: plus_minus needs one centre value in both value_low and value_high, and a spread",,,,,,,,,
01KVVETC00AXZMSM4BYEC3R3GB,"Micron Technology, Inc.",MU,0000723125,,,,,,,,2026-06-24,https://www.sec.gov/Archives/edgar/data/723125/000072312526000013/a2026q3ex991-pressrelease.htm,0000723125-26-000013,8-K,2026-06-24,2026-10-01T13:55:21Z,dbc69ffd7e45f4187a4a9f0852a1fcda83247bc361823984d73c46e509cb4abb,"Revenue
$50.0 billion ± $1.0 billion $50.0 billion ± $1.0 billion
Gross margin
Approximately 86% Approximately 86%
Operating expenses
Approximately $1.86 billion Approximately $1.65 billion
Diluted earnings per share
$30.73 ± $1.00 $31.00 ± $1.00
Further information regarding Micron’s business outlook is included in the prepared remarks and slides, which have been posted at investors.micron.com.",,,,,,,,,,,open,,,,,,,,,,,,,false,false,,false,true,false,,section,Non-GAAP(2) Outlook,The following table presents Micron’s guidance for the fourth quarter of 2026:,,,,"4 item(s) returned, all rejected: target_period 'FQ4-26' is not like FY2027 or Q3 FY2027",,,,,,,,,
01EZTP4Q003T9SRPY0SYVJ5ZP6,"Micron Technology, Inc.",MU,0000723125,"Micron Technology, Inc. expects gross margin non-GAAP of 32% to 33% for FY2021.","Gross margin
24.0% - 26.0% 6% A 30.0% - 32.0% 26.0% - 27.0% 6% A 32.0% - 33.0%",gross margin non-GAAP,32.0,33.0,percent,FY2021,2021-03-03,https://www.sec.gov/Archives/edgar/data/723125/000072312521000021/exhibit991-pressreleaseq22.htm,0000723125-21-000021,8-K,2021-03-03,2026-10-01T13:54:26Z,6e9ad70a7ac2fc6fc00aa5ae5fac4d3f9ded82c829374e098ec423fd7901e572,"Gross margin
24.0% - 26.0% 6% A 30.0% - 32.0% 26.0% - 27.0% 6% A 32.0% - 33.0%",32.0,2021-09-28,https://www.sec.gov/Archives/edgar/data/723125/000072312521000060/a2021q4ex991-pressrelease.htm,0000723125-21-000060,8-K,2021-09-28,2026-10-01T13:54:32Z,2f36a2afae5073838ce5456ee41da9bbd48b13f46f84a668d3384cd8e39eea83,"Non-GAAP gross margin $ 3,964 $ 3,185 $ 2,111 $ 10,987 $ 6,718","reported value falls outside [32, 33]",open,,,,,,,,,209,,2026-10-02,navneet,false,false,,false,false,false,met,section,Previous Guidance Updated Guidance,,,,,,,yes,"The excerpt states non-GAAP gross margin guidance of '32.0% - 33.0%' in the Updated Guidance column, matching the claim of 32% to 33% for FY2021.",,,,,,
01EZTP4Q001XB5P56XK89E59G5,"Micron Technology, Inc.",MU,0000723125,"Micron Technology, Inc. expects EPS GAAP of $0.51 per share to $0.56 per share for FY2021.","Diluted earnings per share(1)
$0.34 - $0.48
$0.34 A,B,C,D
$0.68 - $0.82
$0.51 - $0.56",EPS GAAP,0.51,0.56,USD per share,FY2021,2021-03-03,https://www.sec.gov/Archives/edgar/data/723125/000072312521000021/exhibit991-pressreleaseq22.htm,0000723125-21-000021,8-K,2021-03-03,2026-10-01T13:54:26Z,6e9ad70a7ac2fc6fc00aa5ae5fac4d3f9ded82c829374e098ec423fd7901e572,"Diluted earnings per share(1)
$0.34 - $0.48
$0.34 A,B,C,D
$0.68 - $0.82
$0.51 - $0.56",,,,,,,,,,"reported value falls outside [0.51, 0.56]",open,,,,,,,,,,,2026-10-02,navneet,false,false,,false,false,false,unresolved,section,Previous Guidance Updated Guidance,,,,model output rejected,,,yes,"The excerpt shows Updated Guidance for Diluted earnings per share with the range $0.51 - $0.56, which matches the claim exactly for GAAP EPS guidance.",,,,,,
01EZTP4Q00YWCEWTWYSDG8XXPS,"Micron Technology, Inc.",MU,0000723125,"Micron Technology, Inc. expects EPS non-GAAP of $0.93 per share to $0.98 per share for FY2021.","Diluted earnings per share(1)
$0.34 - $0.48
$0.34 A,B,C,D
$0.68 - $0.82
$0.51 - $0.56
$0.42 A,B,C,D
$0.93 - $0.98",EPS non-GAAP,0.93,0.98,USD per share,FY2021,2021-03-03,https://www.sec.gov/Archives/edgar/data/723125/000072312521000021/exhibit991-pressreleaseq22.htm,0000723125-21-000021,8-K,2021-03-03,2026-10-01T13:54:26Z,6e9ad70a7ac2fc6fc00aa5ae5fac4d3f9ded82c829374e098ec423fd7901e572,"Diluted earnings per share(1)
$0.34 - $0.48
$0.34 A,B,C,D
$0.68 - $0.82
$0.51 - $0.56
$0.42 A,B,C,D
$0.93 - $0.98",,,,,,,,,,"reported value falls outside [0.93, 0.98]",open,,,,,,,,,,,2026-10-02,navneet,false,false,,false,false,false,unresolved,section,Previous Guidance Updated Guidance,,,,model output rejected,,,yes,"The excerpt shows '$0.93 - $0.98' as the Updated Guidance figure for Diluted earnings per share, which matches the non-GAAP EPS range given for FY2021.",,,,,,
01HJ28B9009G88XF1F50A9B3CG,"Micron Technology, Inc.",MU,0000723125,"Micron Technology, Inc. expects revenue of $5.1 billion to $5.5 billion for Q2 FY2024.","Revenue
$5.30 billion ± $200 million $5.30 billion ± $200 million",revenue,5.1,5.5,USD billions,Q2 FY2024,2023-12-20,https://www.sec.gov/Archives/edgar/data/723125/000072312523000071/a2024q1ex991-pressrelease.htm,0000723125-23-000071,8-K,2023-12-20,2026-10-01T13:54:54Z,1ef66ae125e5aa7ac34185c194f3011892be2ef8607943cd7d43d0aa995f3e18,"Revenue
$5.30 billion ± $200 million $5.30 billion ± $200 million",5.82,2024-03-20,https://www.sec.gov/Archives/edgar/data/723125/000072312524000004/a2024q2ex991-pressrelease.htm,0000723125-24-000004,8-K,2024-03-20,2026-10-01T13:54:57Z,d0cc059aaeadfa5261003a9f8613e46b910d28db6c3fa0c47c0ae7309c471edb,Revenue of $5.82 billion versus $4.73 billion for the prior quarter and $3.69 billion for the same period last year,"reported value falls outside [5.1, 5.5]",open,,,,,,,,,91,,2026-10-02,navneet,false,false,,false,false,false,missed,section,Non-GAAP(2) Outlook,The following table presents Micron’s guidance for the second quarter of 2024:,,,,,,yes,"The excerpt states revenue guidance of $5.30 billion ± $200 million, which equals a range of $5.1 billion to $5.5 billion for Q2 FY2024 (fiscal year ending August 2024, which includes calendar Q2 2024",,,,,,
01HSCJGP00PA8V5ND6ZSTYM5P2,"Micron Technology, Inc.",MU,0000723125,,,,,,,,2024-03-20,https://www.sec.gov/Archives/edgar/data/723125/000072312524000004/a2024q2ex991-pressrelease.htm,0000723125-24-000004,8-K,2024-03-20,2026-10-01T13:54:57Z,d0cc059aaeadfa5261003a9f8613e46b910d28db6c3fa0c47c0ae7309c471edb,"Revenue
$6.60 billion ± $200 million $6.60 billion ± $200 million
Gross margin
25.5% ± 1.5% 26.5% ± 1.5%
Operating expenses
$1.11 billion ± $15 million $990 million ± $15 million
Diluted earnings per share
$0.17 ± $0.07 $0.45 ± $0.07
Further information regarding Micron’s business outlook is included in the prepared remarks and slides, which have been posted at investors.micron.com.",,,,,,,,,,,open,,,,,,,,,,,,,false,false,,false,true,false,,section,Non-GAAP(2) Outlook,The following table presents Micron’s guidance for the third quarter of 2024:,,,,"4 item(s) returned, all rejected: plus_minus needs one centre value in both value_low and value_high, and a spread",,,,,,,,,
01HG9KKF00NPVPXK1SHDS55WWN,"Micron Technology, Inc.",MU,0000723125,"Micron Technology, Inc. expects revenue of $4.7 billion for Q1 FY2024.","balance and improved pricing, the Company today announced that it expects revenue will approach $4.7 billion and non-GAAP gross margins",revenue,4.7,4.7,USD billions,Q1 FY2024,2023-11-28,https://www.sec.gov/Archives/edgar/data/723125/000110465923121460/tm2331627d1_ex99-1.htm,0001104659-23-121460,8-K,2023-11-28,2026-10-01T13:54:54Z,a265b70166ea983385195ea23e2715279e2b79814d4cfd13ce2b61f283ea7432,"balance and improved pricing, the Company today announced that it expects revenue will approach $4.7 billion and non-GAAP gross margins",4.73,2023-12-20,https://www.sec.gov/Archives/edgar/data/723125/000072312523000071/a2024q1ex991-pressrelease.htm,0000723125-23-000071,8-K,2023-12-20,2026-10-01T13:54:54Z,1ef66ae125e5aa7ac34185c194f3011892be2ef8607943cd7d43d0aa995f3e18,Revenue of $4.73 billion versus $4.01 billion for the prior quarter and $4.09 billion for the same period last year,reported value differs from 4.7 by more than 0.5%,open,,,,,,,,,22,,2026-10-02,navneet,false,false,,false,false,false,missed,sentence,,,,,,,,yes,Excerpt states 'expects revenue will approach $4.7 billion' which is forward guidance matching the claimed metric and value for Q1 FY2024,,,,,,
01K5SXXE00AYMCDGM8XPGDAYMF,"Micron Technology, Inc.",MU,0000723125,"Micron Technology, Inc. expects gross margin GAAP of at least 50% for Q1 FY2026.",Forecasting $1.2 billion in sequential revenue growth with gross margins exceeding 50%,gross margin GAAP,50.0,,percent,Q1 FY2026,2025-09-23,https://www.sec.gov/Archives/edgar/data/723125/000072312525000024/a2025q4ex991-pressrelease.htm,0000723125-25-000024,8-K,2025-09-23,2026-10-01T13:55:12Z,877dc0ef852e8943144608704f749791fb29dc1a3e57864713b178c053a06e9f,Forecasting $1.2 billion in sequential revenue growth with gross margins exceeding 50%,,,,,,,,,,reported value is below 50,open,,,,,,,,,,,2026-10-02,navneet,false,false,,false,false,false,unresolved,sentence,,Contacts:,,,the model found no line reporting that metric for that period,,,yes,Excerpt states 'gross margins exceeding 50%' which matches the guidance of 'at least 50%' for gross margin GAAP,,,,,,
01DNNDW300ZRKS6W7BDXY8CAAZ,"Micron Technology, Inc.",MU,0000723125,"Micron Technology, Inc. expects capital expenditures of $7 billion to $8 billion for FY2020.","Micron expects investments in capital expenditures, net of amounts funded by partners, to be in the range of $7 billion to $8 billion for fiscal 2020.",capital expenditures,7.0,8.0,USD billions,FY2020,2019-09-26,https://www.sec.gov/Archives/edgar/data/723125/000072312519000068/a2019q4exhibit991-pressrel.htm,0000723125-19-000068,8-K,2019-09-26,2026-10-01T13:54:07Z,5efa70f44bd837604de63c053b07f1a26f1d7515b3cbb4397d75cbf052bb789c,"Micron expects investments in capital expenditures, net of amounts funded by partners, to be in the range of $7 billion to $8 billion for fiscal 2020.",7.95,2020-09-29,https://www.sec.gov/Archives/edgar/data/723125/000072312520000079/a2020q4exhibit991-pres.htm,0000723125-20-000079,8-K,2020-09-29,2026-10-01T13:54:21Z,0171deac8bb25e3243e3d5b2bef08c49d231c9984fa76f6b54efe59e2b68a913,"Investments in capital expenditures, net(2) were $2.16 billion for the fourth quarter of 2020 and $7.95 billion for the full year of 2020, which resulted in adjusted free cash flows(2) of $111 million for the fourth quarter of 2020 and $361 million for the full year of 2020.","reported value falls outside [7, 8]",open,,,,,,,,,369,,2026-10-02,navneet,false,false,,false,false,false,met,sentence,,,,,,,,yes,"Excerpt states capital expenditures for fiscal 2020 will be in the range of $7 billion to $8 billion, matching the claim exactly.",,,,,,
