record_id,company,ticker,cik,claim,assumption.text,assumption.metric,assumption.target_low,assumption.target_high,assumption.unit,assumption.target_period,assumption.stated_at,assumption.evidence.source_url,assumption.evidence.accession_number,assumption.evidence.filing_type,assumption.evidence.filed_at,assumption.evidence.fetched_at,assumption.evidence.content_sha256,assumption.evidence.excerpt,outcome.reported_value,outcome.reported_at,outcome.evidence.source_url,outcome.evidence.accession_number,outcome.evidence.filing_type,outcome.evidence.filed_at,outcome.evidence.fetched_at,outcome.evidence.content_sha256,outcome.evidence.excerpt,invalidation_condition,status,acknowledged_at,acknowledgement_evidence.source_url,acknowledgement_evidence.accession_number,acknowledgement_evidence.filing_type,acknowledgement_evidence.filed_at,acknowledgement_evidence.fetched_at,acknowledgement_evidence.content_sha256,acknowledgement_evidence.excerpt,days_to_falsifiable,days_to_acknowledged,last_reviewed_at,reviewer,approved,hand_verified,reviewer_note,conflict,empty_block,ack_pending_review,change_pending_review,aid_proposed_status,aid_capture_method,aid_heading,aid_lead_in,aid_table_header,aid_value_column,aid_outcome_note,aid_flag_note,aid_withdrawal_note,aid_verify,aid_verify_reason,aid_verify_class,aid_suggested_note,aid_ack_proposed_at,aid_ack_proposed_excerpt,aid_ack_proposed_url,aid_ack_proposed_evidence,aid_proposed_change,aid_derived_snapshot
01D9RB1Q00E15Y9QJVA514VW74,QUALCOMM Incorporated,QCOM,0000804328,QUALCOMM Incorporated expects tax rate of 8% for FY2019.,"Looking forward to the third quarter of fiscal 2019, we expect our estimated annual effective tax rates to increase to 8% for GAAP and 2% for Non-GAAP, reflecting the impact of the agreements reached with Apple and its contract manufacturers in April 2019.",tax rate,8.0,8.0,percent,FY2019,2019-05-01,https://www.sec.gov/Archives/edgar/data/804328/000172894919000034/qcom033119erex991.htm,0001728949-19-000034,8-K,2019-05-01,2026-10-01T13:51:07Z,2eeaa38fa6ecdba611253033b1319d2b725a209037ee83d7edaa5ddbf139b2d7,"Looking forward to the third quarter of fiscal 2019, we expect our estimated annual effective tax rates to increase to 8% for GAAP and 2% for Non-GAAP, reflecting the impact of the agreements reached with Apple and its contract manufacturers in April 2019.",,,,,,,,,,reported value differs from 8 by more than 0.5%,open,,,,,,,,,,,2026-10-02,navneet,false,false,,false,false,false,,unresolved,sentence,,,,,model output rejected,,,no,"The excerpt states an expected tax rate of 8% for 'the third quarter of fiscal 2019', not for the full fiscal year FY2019. The period is wrong.",wrong_period,CHECK: period,,,,,,"{""aid_flag_note"": """", ""assumption.metric"": ""tax rate"", ""assumption.stated_at"": ""2019-05-01"", ""assumption.target_high"": ""8.0"", ""assumption.target_low"": ""8.0"", ""assumption.target_period"": ""FY2019"", ""assumption.text"": ""Looking forward to the third quarter of fiscal 2019, we expect our estimated annual effective tax rates to increase to 8% for GAAP and 2% for Non-GAAP, reflecting the impact of the agreements reached with Apple and its contract manufacturers in April 2019."", ""assumption.unit"": ""percent"", ""claim"": ""QUALCOMM Incorporated expects tax rate of 8% for FY2019."", ""conflict"": ""false"", ""invalidation_condition"": ""reported value differs from 8 by more than 0.5%""}"
01G8YF8000PXNPFW19XT87KSSC,QUALCOMM Incorporated,QCOM,0000804328,QUALCOMM Incorporated expects EPS GAAP of at least $0.2 per share for Q4 FY2022.,The mid-point of our fourth quarter fiscal 2022 guidance includes an estimated impact of an approximate $0.20 reduction to EPS due to macroeconomic headwinds and a reduction in the global handset forecast.,EPS GAAP,0.2,,USD per share,Q4 FY2022,2022-07-27,https://www.sec.gov/Archives/edgar/data/804328/000172894922000039/qcom062622erex991.htm,0001728949-22-000039,8-K,2022-07-27,2026-10-01T13:51:58Z,264519bb6cbe47e4cac1ee7a7d944eea7cb506bc5763e45a84ca5d1b4c05d857,The mid-point of our fourth quarter fiscal 2022 guidance includes an estimated impact of an approximate $0.20 reduction to EPS due to macroeconomic headwinds and a reduction in the global handset forecast.,,,,,,,,,,reported value is below 0.2,open,,,,,,,,,,,2026-10-02,navneet,false,false,,true,false,false,,unresolved,section,Business Outlook,,,,model output rejected,,,no,"The excerpt states a $0.20 reduction to EPS due to headwinds, not a minimum EPS of $0.20; it describes a negative impact on guidance, not a floor value for earnings per share.",wrong_value,CHECK: value,,,,,,"{""aid_flag_note"": """", ""assumption.metric"": ""EPS GAAP"", ""assumption.stated_at"": ""2022-07-27"", ""assumption.target_high"": """", ""assumption.target_low"": ""0.2"", ""assumption.target_period"": ""Q4 FY2022"", ""assumption.text"": ""The mid-point of our fourth quarter fiscal 2022 guidance includes an estimated impact of an approximate $0.20 reduction to EPS due to macroeconomic headwinds and a reduction in the global handset forecast."", ""assumption.unit"": ""USD per share"", ""claim"": ""QUALCOMM Incorporated expects EPS GAAP of at least $0.2 per share for Q4 FY2022."", ""conflict"": ""true"", ""invalidation_condition"": ""reported value is below 0.2""}"
01EEBXWR005BEDP33BEDHZFH6D,QUALCOMM Incorporated,QCOM,0000804328,QUALCOMM Incorporated expects EPS non-GAAP of $1.05 per share to $1.25 per share for Q4 FY2020.,Non-GAAP diluted EPS $1.05 - $1.25,EPS non-GAAP,1.05,1.25,USD per share,Q4 FY2020,2020-07-29,https://www.sec.gov/Archives/edgar/data/804328/000172894920000056/qcom062820erex991.htm,0001728949-20-000056,8-K,2020-07-29,2026-10-01T13:51:31Z,70a4438451be97e91a18d9f0f326ef28e1cac0b4867329c5ba08f0f3e0f456d7,Non-GAAP diluted EPS $1.05 - $1.25,1.45,2020-11-04,https://www.sec.gov/Archives/edgar/data/804328/000172894920000066/qcom092720erex991.htm,0001728949-20-000066,8-K,2020-11-04,2026-10-01T13:51:38Z,395e0ed880ee6ed2c05616d8b8777d84de1c621b2520e9657cf41a643dced272,"Fourth Quarter EPS: GAAP $2.58, Non-GAAP $1.45","reported value falls outside [1.05, 1.25]",open,,,,,,,,,98,,2026-10-02,navneet,false,false,,false,false,false,,missed,section,Current Guidance,,,,,,,yes,"Excerpt states 'Non-GAAP diluted EPS $1.05 - $1.25' which matches the metric (non-GAAP EPS), numbers ($1.05 to $1.25 per share), and unit (USD per share). The section heading 'Current Guidance' indica",,,,,,,,"{""aid_flag_note"": """", ""assumption.metric"": ""EPS non-GAAP"", ""assumption.stated_at"": ""2020-07-29"", ""assumption.target_high"": ""1.25"", ""assumption.target_low"": ""1.05"", ""assumption.target_period"": ""Q4 FY2020"", ""assumption.text"": ""Non-GAAP diluted EPS $1.05 - $1.25"", ""assumption.unit"": ""USD per share"", ""claim"": ""QUALCOMM Incorporated expects EPS non-GAAP of $1.05 per share to $1.25 per share for Q4 FY2020."", ""conflict"": ""false"", ""invalidation_condition"": ""reported value falls outside [1.05, 1.25]""}"
01EXJK0K00YCXT9MBXBE57YXE7,QUALCOMM Incorporated,QCOM,0000804328,QUALCOMM Incorporated expects EPS GAAP of $1.17 per share to $1.37 per share for Q2 FY2021.,GAAP diluted EPS $1.17 - $1.37,EPS GAAP,1.17,1.37,USD per share,Q2 FY2021,2021-02-03,https://www.sec.gov/Archives/edgar/data/804328/000172894921000021/qcom122720erex991.htm,0001728949-21-000021,8-K,2021-02-03,2026-10-01T13:51:42Z,403b4f3da4ddccd6edebe161daf1d5344856da37faad9e099d7126f1d6f6bdaf,GAAP diluted EPS $1.17 - $1.37,1.53,2021-04-28,https://www.sec.gov/Archives/edgar/data/804328/000172894921000042/qcom032821erex991.htm,0001728949-21-000042,8-K,2021-04-28,2026-10-01T13:51:45Z,d20ce19432e5963749f1529150544051d27d86c611620a34be26bf47fcfe559c,"GAAP EPS $1.53, Non-GAAP EPS $1.90","reported value falls outside [1.17, 1.37]",open,,,,,,,,,84,,2026-10-02,navneet,false,false,,false,false,false,,missed,section,Current Guidance,,,,,,,yes,"Excerpt states 'GAAP diluted EPS $1.17 - $1.37' which matches the metric (EPS GAAP), numbers (range $1.17 to $1.37 per share), and unit (USD per share) exactly as forward guidance.",,,,,,,,"{""aid_flag_note"": """", ""assumption.metric"": ""EPS GAAP"", ""assumption.stated_at"": ""2021-02-03"", ""assumption.target_high"": ""1.37"", ""assumption.target_low"": ""1.17"", ""assumption.target_period"": ""Q2 FY2021"", ""assumption.text"": ""GAAP diluted EPS $1.17 - $1.37"", ""assumption.unit"": ""USD per share"", ""claim"": ""QUALCOMM Incorporated expects EPS GAAP of $1.17 per share to $1.37 per share for Q2 FY2021."", ""conflict"": ""false"", ""invalidation_condition"": ""reported value falls outside [1.17, 1.37]""}"
01EXJK0K00H1E4JMTR47YJ1TG1,QUALCOMM Incorporated,QCOM,0000804328,QUALCOMM Incorporated expects EPS non-GAAP of $1.55 per share to $1.75 per share for Q2 FY2021.,Non-GAAP diluted EPS $1.55 - $1.75,EPS non-GAAP,1.55,1.75,USD per share,Q2 FY2021,2021-02-03,https://www.sec.gov/Archives/edgar/data/804328/000172894921000021/qcom122720erex991.htm,0001728949-21-000021,8-K,2021-02-03,2026-10-01T13:51:42Z,403b4f3da4ddccd6edebe161daf1d5344856da37faad9e099d7126f1d6f6bdaf,Non-GAAP diluted EPS $1.55 - $1.75,1.9,2021-04-28,https://www.sec.gov/Archives/edgar/data/804328/000172894921000042/qcom032821erex991.htm,0001728949-21-000042,8-K,2021-04-28,2026-10-01T13:51:45Z,d20ce19432e5963749f1529150544051d27d86c611620a34be26bf47fcfe559c,"GAAP EPS $1.53, Non-GAAP EPS $1.90","reported value falls outside [1.55, 1.75]",open,,,,,,,,,84,,2026-10-02,navneet,false,false,,false,false,false,,missed,section,Current Guidance,,,,,,,yes,"Excerpt states 'Non-GAAP diluted EPS $1.55 - $1.75' which matches the metric (non-GAAP EPS), numbers ($1.55 to $1.75 per share), and unit (USD per share) exactly. The section heading 'Current Guidance",,,,,,,,"{""aid_flag_note"": """", ""assumption.metric"": ""EPS non-GAAP"", ""assumption.stated_at"": ""2021-02-03"", ""assumption.target_high"": ""1.75"", ""assumption.target_low"": ""1.55"", ""assumption.target_period"": ""Q2 FY2021"", ""assumption.text"": ""Non-GAAP diluted EPS $1.55 - $1.75"", ""assumption.unit"": ""USD per share"", ""claim"": ""QUALCOMM Incorporated expects EPS non-GAAP of $1.55 per share to $1.75 per share for Q2 FY2021."", ""conflict"": ""false"", ""invalidation_condition"": ""reported value falls outside [1.55, 1.75]""}"
01F4AWCZ00BWZZR5GT2AZQ2MR4,QUALCOMM Incorporated,QCOM,0000804328,QUALCOMM Incorporated expects EPS GAAP of $1.24 per share to $1.44 per share for Q3 FY2021.,GAAP diluted EPS $1.24 - $1.44,EPS GAAP,1.24,1.44,USD per share,Q3 FY2021,2021-04-28,https://www.sec.gov/Archives/edgar/data/804328/000172894921000042/qcom032821erex991.htm,0001728949-21-000042,8-K,2021-04-28,2026-10-01T13:51:45Z,d20ce19432e5963749f1529150544051d27d86c611620a34be26bf47fcfe559c,GAAP diluted EPS $1.24 - $1.44,1.77,2021-07-28,https://www.sec.gov/Archives/edgar/data/804328/000172894921000065/qcom062721erex991.htm,0001728949-21-000065,8-K,2021-07-28,2026-10-01T13:51:47Z,c4046d63911c68b34f14ce71246505f62d1d52a46792905a7f70728d85a09e97,"GAAP EPS $1.77, Non-GAAP EPS $1.92","reported value falls outside [1.24, 1.44]",open,,,,,,,,,91,,2026-10-02,navneet,false,false,,false,false,false,,missed,section,Current Guidance,,,,,,,yes,"Excerpt states 'GAAP diluted EPS $1.24 - $1.44' which matches the metric (EPS GAAP), numbers ($1.24 to $1.44 per share), and unit (USD per share) exactly. The section heading 'Current Guidance' confir",,,,,,,,"{""aid_flag_note"": """", ""assumption.metric"": ""EPS GAAP"", ""assumption.stated_at"": ""2021-04-28"", ""assumption.target_high"": ""1.44"", ""assumption.target_low"": ""1.24"", ""assumption.target_period"": ""Q3 FY2021"", ""assumption.text"": ""GAAP diluted EPS $1.24 - $1.44"", ""assumption.unit"": ""USD per share"", ""claim"": ""QUALCOMM Incorporated expects EPS GAAP of $1.24 per share to $1.44 per share for Q3 FY2021."", ""conflict"": ""false"", ""invalidation_condition"": ""reported value falls outside [1.24, 1.44]""}"
01F4AWCZ00KFVFES6JW9GMPRBB,QUALCOMM Incorporated,QCOM,0000804328,QUALCOMM Incorporated expects EPS non-GAAP of $1.55 per share to $1.75 per share for Q3 FY2021.,Non-GAAP diluted EPS $1.55 - $1.75,EPS non-GAAP,1.55,1.75,USD per share,Q3 FY2021,2021-04-28,https://www.sec.gov/Archives/edgar/data/804328/000172894921000042/qcom032821erex991.htm,0001728949-21-000042,8-K,2021-04-28,2026-10-01T13:51:45Z,d20ce19432e5963749f1529150544051d27d86c611620a34be26bf47fcfe559c,Non-GAAP diluted EPS $1.55 - $1.75,,,,,,,,,,"reported value falls outside [1.55, 1.75]",open,,,,,,,,,,,2026-10-02,navneet,false,false,,false,false,false,,unresolved,section,Current Guidance,,,,"multi-column, unconfirmed",,,yes,"Excerpt states 'Non-GAAP diluted EPS $1.55 - $1.75' which matches the metric (non-GAAP EPS), numbers ($1.55 to $1.75 per share), and unit (USD per share) exactly. The section heading 'Current Guidance",,,,,,,,"{""aid_flag_note"": """", ""assumption.metric"": ""EPS non-GAAP"", ""assumption.stated_at"": ""2021-04-28"", ""assumption.target_high"": ""1.75"", ""assumption.target_low"": ""1.55"", ""assumption.target_period"": ""Q3 FY2021"", ""assumption.text"": ""Non-GAAP diluted EPS $1.55 - $1.75"", ""assumption.unit"": ""USD per share"", ""claim"": ""QUALCOMM Incorporated expects EPS non-GAAP of $1.55 per share to $1.75 per share for Q3 FY2021."", ""conflict"": ""false"", ""invalidation_condition"": ""reported value falls outside [1.55, 1.75]""}"
01FBN6JC00WPQ92FQTESH80C3C,QUALCOMM Incorporated,QCOM,0000804328,QUALCOMM Incorporated expects EPS GAAP of $1.78 per share to $1.98 per share for Q4 FY2021.,GAAP diluted EPS $1.78 - $1.98,EPS GAAP,1.78,1.98,USD per share,Q4 FY2021,2021-07-28,https://www.sec.gov/Archives/edgar/data/804328/000172894921000065/qcom062721erex991.htm,0001728949-21-000065,8-K,2021-07-28,2026-10-01T13:51:47Z,c4046d63911c68b34f14ce71246505f62d1d52a46792905a7f70728d85a09e97,GAAP diluted EPS $1.78 - $1.98,,,,,,,,,,"reported value falls outside [1.78, 1.98]",open,,,,,,,,,,,2026-10-02,navneet,false,false,,false,false,false,,unresolved,section,Current Guidance,,,,"multi-column, unconfirmed",,,yes,"Excerpt states 'GAAP diluted EPS $1.78 - $1.98' which matches the metric (EPS GAAP), the range ($1.78 to $1.98 per share), and the unit (USD per share). The section heading 'Current Guidance' confirms",,,,,,,,"{""aid_flag_note"": """", ""assumption.metric"": ""EPS GAAP"", ""assumption.stated_at"": ""2021-07-28"", ""assumption.target_high"": ""1.98"", ""assumption.target_low"": ""1.78"", ""assumption.target_period"": ""Q4 FY2021"", ""assumption.text"": ""GAAP diluted EPS $1.78 - $1.98"", ""assumption.unit"": ""USD per share"", ""claim"": ""QUALCOMM Incorporated expects EPS GAAP of $1.78 per share to $1.98 per share for Q4 FY2021."", ""conflict"": ""false"", ""invalidation_condition"": ""reported value falls outside [1.78, 1.98]""}"
01FBN6JC00XC9SC7V6238Q578W,QUALCOMM Incorporated,QCOM,0000804328,QUALCOMM Incorporated expects EPS non-GAAP of $2.15 per share to $2.35 per share for Q4 FY2021.,Non-GAAP diluted EPS $2.15 - $2.35,EPS non-GAAP,2.15,2.35,USD per share,Q4 FY2021,2021-07-28,https://www.sec.gov/Archives/edgar/data/804328/000172894921000065/qcom062721erex991.htm,0001728949-21-000065,8-K,2021-07-28,2026-10-01T13:51:47Z,c4046d63911c68b34f14ce71246505f62d1d52a46792905a7f70728d85a09e97,Non-GAAP diluted EPS $2.15 - $2.35,,,,,,,,,,"reported value falls outside [2.15, 2.35]",open,,,,,,,,,,,2026-10-02,navneet,false,false,,false,false,false,,unresolved,section,Current Guidance,,,,"multi-column, unconfirmed",,,yes,"Excerpt states 'Non-GAAP diluted EPS $2.15 - $2.35' which matches the metric (non-GAAP EPS), the range ($2.15 to $2.35 per share), and the period (Q4 FY2021 is the current guidance period under the 'C",,,,,,,,"{""aid_flag_note"": """", ""assumption.metric"": ""EPS non-GAAP"", ""assumption.stated_at"": ""2021-07-28"", ""assumption.target_high"": ""2.35"", ""assumption.target_low"": ""2.15"", ""assumption.target_period"": ""Q4 FY2021"", ""assumption.text"": ""Non-GAAP diluted EPS $2.15 - $2.35"", ""assumption.unit"": ""USD per share"", ""claim"": ""QUALCOMM Incorporated expects EPS non-GAAP of $2.15 per share to $2.35 per share for Q4 FY2021."", ""conflict"": ""false"", ""invalidation_condition"": ""reported value falls outside [2.15, 2.35]""}"
01FKHHGT00VVRN2AS525Y7M7PM,QUALCOMM Incorporated,QCOM,0000804328,QUALCOMM Incorporated expects EPS GAAP of $2.53 per share to $2.73 per share for Q1 FY2022.,GAAP diluted EPS $2.53 - $2.73,EPS GAAP,2.53,2.73,USD per share,Q1 FY2022,2021-11-03,https://www.sec.gov/Archives/edgar/data/804328/000172894921000075/qcom092621erex991.htm,0001728949-21-000075,8-K,2021-11-03,2026-10-01T13:51:50Z,94d9a6e869c88a3e78d3bf265c698be12a566c2d890ea9286b80a14562106062,GAAP diluted EPS $2.53 - $2.73,2.98,2022-02-02,https://www.sec.gov/Archives/edgar/data/804328/000172894922000011/qcom122621erex991.htm,0001728949-22-000011,8-K,2022-02-02,2026-10-01T13:51:52Z,517b7e6255f9c82e9183f7af3c748dfc7686f8153995132e1ba90609550f2d2d,"GAAP EPS: $2.98, Non-GAAP EPS: $3.23","reported value falls outside [2.53, 2.73]",open,,,,,,,,,91,,2026-10-02,navneet,false,false,,false,false,false,,missed,section,Current Guidance,,,,,,,yes,"Excerpt states 'GAAP diluted EPS $2.53 - $2.73' which matches the metric (EPS GAAP), numbers (range from $2.53 to $2.73 per share), and unit (USD per share) exactly. The section heading 'Current Guida",,,,,,,,"{""aid_flag_note"": """", ""assumption.metric"": ""EPS GAAP"", ""assumption.stated_at"": ""2021-11-03"", ""assumption.target_high"": ""2.73"", ""assumption.target_low"": ""2.53"", ""assumption.target_period"": ""Q1 FY2022"", ""assumption.text"": ""GAAP diluted EPS $2.53 - $2.73"", ""assumption.unit"": ""USD per share"", ""claim"": ""QUALCOMM Incorporated expects EPS GAAP of $2.53 per share to $2.73 per share for Q1 FY2022."", ""conflict"": ""false"", ""invalidation_condition"": ""reported value falls outside [2.53, 2.73]""}"
01FKHHGT00QRYRCZ0Z0NQR2VQ1,QUALCOMM Incorporated,QCOM,0000804328,QUALCOMM Incorporated expects EPS non-GAAP of $2.9 per share to $3.1 per share for Q1 FY2022.,Non-GAAP diluted EPS $2.90 - $3.10,EPS non-GAAP,2.9,3.1,USD per share,Q1 FY2022,2021-11-03,https://www.sec.gov/Archives/edgar/data/804328/000172894921000075/qcom092621erex991.htm,0001728949-21-000075,8-K,2021-11-03,2026-10-01T13:51:50Z,94d9a6e869c88a3e78d3bf265c698be12a566c2d890ea9286b80a14562106062,Non-GAAP diluted EPS $2.90 - $3.10,3.23,2022-02-02,https://www.sec.gov/Archives/edgar/data/804328/000172894922000011/qcom122621erex991.htm,0001728949-22-000011,8-K,2022-02-02,2026-10-01T13:51:52Z,517b7e6255f9c82e9183f7af3c748dfc7686f8153995132e1ba90609550f2d2d,"GAAP EPS: $2.98, Non-GAAP EPS: $3.23","reported value falls outside [2.9, 3.1]",open,,,,,,,,,91,,2026-10-02,navneet,false,false,,false,false,false,,missed,section,Current Guidance,,,,,,,yes,Excerpt states 'Non-GAAP diluted EPS $2.90 - $3.10' which matches the claimed range of $2.9 to $3.1 per share for non-GAAP EPS,,,,,,,,"{""aid_flag_note"": """", ""assumption.metric"": ""EPS non-GAAP"", ""assumption.stated_at"": ""2021-11-03"", ""assumption.target_high"": ""3.1"", ""assumption.target_low"": ""2.9"", ""assumption.target_period"": ""Q1 FY2022"", ""assumption.text"": ""Non-GAAP diluted EPS $2.90 - $3.10"", ""assumption.unit"": ""USD per share"", ""claim"": ""QUALCOMM Incorporated expects EPS non-GAAP of $2.9 per share to $3.1 per share for Q1 FY2022."", ""conflict"": ""false"", ""invalidation_condition"": ""reported value falls outside [2.9, 3.1]""}"
01FTVVP700KZJJJ94YMHAPVQCY,QUALCOMM Incorporated,QCOM,0000804328,QUALCOMM Incorporated expects EPS GAAP of $2.39 per share to $2.59 per share for Q2 FY2022.,GAAP diluted EPS $2.39 - $2.59,EPS GAAP,2.39,2.59,USD per share,Q2 FY2022,2022-02-02,https://www.sec.gov/Archives/edgar/data/804328/000172894922000011/qcom122621erex991.htm,0001728949-22-000011,8-K,2022-02-02,2026-10-01T13:51:52Z,517b7e6255f9c82e9183f7af3c748dfc7686f8153995132e1ba90609550f2d2d,GAAP diluted EPS $2.39 - $2.59,2.57,2022-04-27,https://www.sec.gov/Archives/edgar/data/804328/000172894922000025/qcom032722erex991.htm,0001728949-22-000025,8-K,2022-04-27,2026-10-01T13:51:56Z,507ae9268ba61bd4bd0c54d4ee358332d96bc61a9f6c4316f350ee93dd676d70,"GAAP EPS: $2.57, Non-GAAP EPS: $3.21","reported value falls outside [2.39, 2.59]",open,,,,,,,,,84,,2026-10-02,navneet,false,false,,false,false,false,,met,section,Current Guidance,,,,,,,yes,"Excerpt states 'GAAP diluted EPS $2.39 - $2.59' which matches the metric (EPS GAAP), the range ($2.39 to $2.59 per share), and the unit (USD per share). The section heading 'Current Guidance' confirms",,,,,,,,"{""aid_flag_note"": """", ""assumption.metric"": ""EPS GAAP"", ""assumption.stated_at"": ""2022-02-02"", ""assumption.target_high"": ""2.59"", ""assumption.target_low"": ""2.39"", ""assumption.target_period"": ""Q2 FY2022"", ""assumption.text"": ""GAAP diluted EPS $2.39 - $2.59"", ""assumption.unit"": ""USD per share"", ""claim"": ""QUALCOMM Incorporated expects EPS GAAP of $2.39 per share to $2.59 per share for Q2 FY2022."", ""conflict"": ""false"", ""invalidation_condition"": ""reported value falls outside [2.39, 2.59]""}"
01FTVVP700KA3MD7ASX1AYMNTK,QUALCOMM Incorporated,QCOM,0000804328,QUALCOMM Incorporated expects EPS non-GAAP of $2.8 per share to $3 per share for Q2 FY2022.,Non-GAAP diluted EPS $2.80 - $3.00,EPS non-GAAP,2.8,3.0,USD per share,Q2 FY2022,2022-02-02,https://www.sec.gov/Archives/edgar/data/804328/000172894922000011/qcom122621erex991.htm,0001728949-22-000011,8-K,2022-02-02,2026-10-01T13:51:52Z,517b7e6255f9c82e9183f7af3c748dfc7686f8153995132e1ba90609550f2d2d,Non-GAAP diluted EPS $2.80 - $3.00,3.21,2022-04-27,https://www.sec.gov/Archives/edgar/data/804328/000172894922000025/qcom032722erex991.htm,0001728949-22-000025,8-K,2022-04-27,2026-10-01T13:51:56Z,507ae9268ba61bd4bd0c54d4ee358332d96bc61a9f6c4316f350ee93dd676d70,"GAAP EPS: $2.57, Non-GAAP EPS: $3.21","reported value falls outside [2.8, 3]",open,,,,,,,,,84,,2026-10-02,navneet,false,false,,false,false,false,,missed,section,Current Guidance,,,,,,,yes,Excerpt states 'Non-GAAP diluted EPS $2.80 - $3.00' which matches the claimed range of $2.8 to $3.0 per share for non-GAAP EPS,,,,,,,,"{""aid_flag_note"": """", ""assumption.metric"": ""EPS non-GAAP"", ""assumption.stated_at"": ""2022-02-02"", ""assumption.target_high"": ""3.0"", ""assumption.target_low"": ""2.8"", ""assumption.target_period"": ""Q2 FY2022"", ""assumption.text"": ""Non-GAAP diluted EPS $2.80 - $3.00"", ""assumption.unit"": ""USD per share"", ""claim"": ""QUALCOMM Incorporated expects EPS non-GAAP of $2.8 per share to $3 per share for Q2 FY2022."", ""conflict"": ""false"", ""invalidation_condition"": ""reported value falls outside [2.8, 3]""}"
01G1M52K00WKRCF4MTBTJD3YZK,QUALCOMM Incorporated,QCOM,0000804328,QUALCOMM Incorporated expects EPS GAAP of $2.35 per share to $2.55 per share for Q3 FY2022.,GAAP diluted EPS $2.35- $2.55,EPS GAAP,2.35,2.55,USD per share,Q3 FY2022,2022-04-27,https://www.sec.gov/Archives/edgar/data/804328/000172894922000025/qcom032722erex991.htm,0001728949-22-000025,8-K,2022-04-27,2026-10-01T13:51:56Z,507ae9268ba61bd4bd0c54d4ee358332d96bc61a9f6c4316f350ee93dd676d70,GAAP diluted EPS $2.35- $2.55,3.29,2022-07-27,https://www.sec.gov/Archives/edgar/data/804328/000172894922000039/qcom062622erex991.htm,0001728949-22-000039,8-K,2022-07-27,2026-10-01T13:51:58Z,264519bb6cbe47e4cac1ee7a7d944eea7cb506bc5763e45a84ca5d1b4c05d857,"GAAP EPS: $3.29, Non-GAAP EPS: $2.96","reported value falls outside [2.35, 2.55]",open,,,,,,,,,91,,2026-10-02,navneet,false,false,,false,false,false,,missed,section,Current Guidance,,,,,,,yes,"Excerpt states 'GAAP diluted EPS $2.35- $2.55' which matches the metric (EPS GAAP), the range ($2.35 to $2.55 per share), and the unit (USD per share). The period is confirmed as Q3 FY2022 by the sect",,,,,,,,"{""aid_flag_note"": """", ""assumption.metric"": ""EPS GAAP"", ""assumption.stated_at"": ""2022-04-27"", ""assumption.target_high"": ""2.55"", ""assumption.target_low"": ""2.35"", ""assumption.target_period"": ""Q3 FY2022"", ""assumption.text"": ""GAAP diluted EPS $2.35- $2.55"", ""assumption.unit"": ""USD per share"", ""claim"": ""QUALCOMM Incorporated expects EPS GAAP of $2.35 per share to $2.55 per share for Q3 FY2022."", ""conflict"": ""false"", ""invalidation_condition"": ""reported value falls outside [2.35, 2.55]""}"
01G1M52K00W653DW616Q1QCPAT,QUALCOMM Incorporated,QCOM,0000804328,QUALCOMM Incorporated expects EPS non-GAAP of $2.75 per share to $2.95 per share for Q3 FY2022.,Non-GAAP diluted EPS $2.75 - $2.95,EPS non-GAAP,2.75,2.95,USD per share,Q3 FY2022,2022-04-27,https://www.sec.gov/Archives/edgar/data/804328/000172894922000025/qcom032722erex991.htm,0001728949-22-000025,8-K,2022-04-27,2026-10-01T13:51:56Z,507ae9268ba61bd4bd0c54d4ee358332d96bc61a9f6c4316f350ee93dd676d70,Non-GAAP diluted EPS $2.75 - $2.95,2.96,2022-07-27,https://www.sec.gov/Archives/edgar/data/804328/000172894922000039/qcom062622erex991.htm,0001728949-22-000039,8-K,2022-07-27,2026-10-01T13:51:58Z,264519bb6cbe47e4cac1ee7a7d944eea7cb506bc5763e45a84ca5d1b4c05d857,"GAAP EPS: $3.29, Non-GAAP EPS: $2.96","reported value falls outside [2.75, 2.95]",open,,,,,,,,,91,,2026-10-02,navneet,false,false,,false,false,false,,missed,section,Current Guidance,,,,,,,yes,"Excerpt states 'Non-GAAP diluted EPS $2.75 - $2.95' which matches the metric (non-GAAP EPS), numbers ($2.75 to $2.95 per share), and unit (USD per share) exactly. The section heading 'Current Guidance",,,,,,,,"{""aid_flag_note"": """", ""assumption.metric"": ""EPS non-GAAP"", ""assumption.stated_at"": ""2022-04-27"", ""assumption.target_high"": ""2.95"", ""assumption.target_low"": ""2.75"", ""assumption.target_period"": ""Q3 FY2022"", ""assumption.text"": ""Non-GAAP diluted EPS $2.75 - $2.95"", ""assumption.unit"": ""USD per share"", ""claim"": ""QUALCOMM Incorporated expects EPS non-GAAP of $2.75 per share to $2.95 per share for Q3 FY2022."", ""conflict"": ""false"", ""invalidation_condition"": ""reported value falls outside [2.75, 2.95]""}"
01G8YF80003HGSHBF9D7NK1DJF,QUALCOMM Incorporated,QCOM,0000804328,QUALCOMM Incorporated expects EPS GAAP of $2.53 per share to $2.83 per share for Q4 FY2022.,GAAP diluted EPS $2.53- $2.83,EPS GAAP,2.53,2.83,USD per share,Q4 FY2022,2022-07-27,https://www.sec.gov/Archives/edgar/data/804328/000172894922000039/qcom062622erex991.htm,0001728949-22-000039,8-K,2022-07-27,2026-10-01T13:51:58Z,264519bb6cbe47e4cac1ee7a7d944eea7cb506bc5763e45a84ca5d1b4c05d857,GAAP diluted EPS $2.53- $2.83,,,,,,,,,,"reported value falls outside [2.53, 2.83]",open,,,,,,,,,,,2026-10-02,navneet,false,false,,true,false,false,,unresolved,section,Current Guidance,,,,"multi-column, unconfirmed",,,yes,"Excerpt states 'GAAP diluted EPS $2.53- $2.83' which matches the metric (EPS GAAP), the range ($2.53 to $2.83 per share), and the unit (USD per share). The section heading 'Current Guidance' confirms ",,,,,,,,"{""aid_flag_note"": """", ""assumption.metric"": ""EPS GAAP"", ""assumption.stated_at"": ""2022-07-27"", ""assumption.target_high"": ""2.83"", ""assumption.target_low"": ""2.53"", ""assumption.target_period"": ""Q4 FY2022"", ""assumption.text"": ""GAAP diluted EPS $2.53- $2.83"", ""assumption.unit"": ""USD per share"", ""claim"": ""QUALCOMM Incorporated expects EPS GAAP of $2.53 per share to $2.83 per share for Q4 FY2022."", ""conflict"": ""true"", ""invalidation_condition"": ""reported value falls outside [2.53, 2.83]""}"
01G8YF8000NVPNKB5XN4NR5N44,QUALCOMM Incorporated,QCOM,0000804328,QUALCOMM Incorporated expects EPS non-GAAP of $3 per share to $3.3 per share for Q4 FY2022.,Non-GAAP diluted EPS $3.00 - $3.30,EPS non-GAAP,3.0,3.3,USD per share,Q4 FY2022,2022-07-27,https://www.sec.gov/Archives/edgar/data/804328/000172894922000039/qcom062622erex991.htm,0001728949-22-000039,8-K,2022-07-27,2026-10-01T13:51:58Z,264519bb6cbe47e4cac1ee7a7d944eea7cb506bc5763e45a84ca5d1b4c05d857,Non-GAAP diluted EPS $3.00 - $3.30,,,,,,,,,,"reported value falls outside [3, 3.3]",open,,,,,,,,,,,2026-10-02,navneet,false,false,,false,false,false,,unresolved,section,Current Guidance,,,,"multi-column, unconfirmed",,,yes,Excerpt states 'Non-GAAP diluted EPS $3.00 - $3.30' which matches the claimed range of $3.00 to $3.30 per share for non-GAAP EPS,,,,,,,,"{""aid_flag_note"": """", ""assumption.metric"": ""EPS non-GAAP"", ""assumption.stated_at"": ""2022-07-27"", ""assumption.target_high"": ""3.3"", ""assumption.target_low"": ""3.0"", ""assumption.target_period"": ""Q4 FY2022"", ""assumption.text"": ""Non-GAAP diluted EPS $3.00 - $3.30"", ""assumption.unit"": ""USD per share"", ""claim"": ""QUALCOMM Incorporated expects EPS non-GAAP of $3 per share to $3.3 per share for Q4 FY2022."", ""conflict"": ""false"", ""invalidation_condition"": ""reported value falls outside [3, 3.3]""}"
01GGTT6E00XQVZPQBWMNJBYYFF,QUALCOMM Incorporated,QCOM,0000804328,QUALCOMM Incorporated expects EPS GAAP of $1.72 per share to $1.92 per share for Q1 FY2023.,GAAP diluted EPS $1.72- $1.92,EPS GAAP,1.72,1.92,USD per share,Q1 FY2023,2022-11-02,https://www.sec.gov/Archives/edgar/data/804328/000080432822000020/qcom092522erex991.htm,0000804328-22-000020,8-K,2022-11-02,2026-10-01T13:51:59Z,785d961c68e10a93346b37c86d40bf0134e4b84fb5c28e428a7a62a4f6441860,GAAP diluted EPS $1.72- $1.92,1.98,2023-02-02,https://www.sec.gov/Archives/edgar/data/804328/000080432823000005/qcom122522erex991.htm,0000804328-23-000005,8-K,2023-02-02,2026-10-01T13:52:02Z,35064b02a942c5a1abcb18085af977faca548b892abee5f85b535039d7d6ef02,"GAAP EPS: $1.98, Non-GAAP EPS: $2.37","reported value falls outside [1.72, 1.92]",open,,,,,,,,,92,,2026-10-02,navneet,false,false,,false,false,false,,missed,section,Current Guidance,,,,,,,yes,"Excerpt states 'GAAP diluted EPS $1.72- $1.92' which matches the metric (GAAP EPS), numbers ($1.72 to $1.92 per share), and unit (USD per share) exactly. The section heading 'Current Guidance' confirm",,,,,,,,"{""aid_flag_note"": """", ""assumption.metric"": ""EPS GAAP"", ""assumption.stated_at"": ""2022-11-02"", ""assumption.target_high"": ""1.92"", ""assumption.target_low"": ""1.72"", ""assumption.target_period"": ""Q1 FY2023"", ""assumption.text"": ""GAAP diluted EPS $1.72- $1.92"", ""assumption.unit"": ""USD per share"", ""claim"": ""QUALCOMM Incorporated expects EPS GAAP of $1.72 per share to $1.92 per share for Q1 FY2023."", ""conflict"": ""false"", ""invalidation_condition"": ""reported value falls outside [1.72, 1.92]""}"
01GGTT6E006QVXQJWHMN0ZMVCF,QUALCOMM Incorporated,QCOM,0000804328,QUALCOMM Incorporated expects EPS non-GAAP of $2.25 per share to $2.45 per share for Q1 FY2023.,Non-GAAP diluted EPS $2.25 - $2.45,EPS non-GAAP,2.25,2.45,USD per share,Q1 FY2023,2022-11-02,https://www.sec.gov/Archives/edgar/data/804328/000080432822000020/qcom092522erex991.htm,0000804328-22-000020,8-K,2022-11-02,2026-10-01T13:51:59Z,785d961c68e10a93346b37c86d40bf0134e4b84fb5c28e428a7a62a4f6441860,Non-GAAP diluted EPS $2.25 - $2.45,2.37,2023-02-02,https://www.sec.gov/Archives/edgar/data/804328/000080432823000005/qcom122522erex991.htm,0000804328-23-000005,8-K,2023-02-02,2026-10-01T13:52:02Z,35064b02a942c5a1abcb18085af977faca548b892abee5f85b535039d7d6ef02,"GAAP EPS: $1.98, Non-GAAP EPS: $2.37","reported value falls outside [2.25, 2.45]",open,,,,,,,,,92,,2026-10-02,navneet,false,false,,false,false,false,,met,section,Current Guidance,,,,,,,yes,"Excerpt states 'Non-GAAP diluted EPS $2.25 - $2.45' which matches the metric (non-GAAP EPS), numbers ($2.25 to $2.45 per share), and unit (USD per share) exactly. The section heading 'Current Guidance",,,,,,,,"{""aid_flag_note"": """", ""assumption.metric"": ""EPS non-GAAP"", ""assumption.stated_at"": ""2022-11-02"", ""assumption.target_high"": ""2.45"", ""assumption.target_low"": ""2.25"", ""assumption.target_period"": ""Q1 FY2023"", ""assumption.text"": ""Non-GAAP diluted EPS $2.25 - $2.45"", ""assumption.unit"": ""USD per share"", ""claim"": ""QUALCOMM Incorporated expects EPS non-GAAP of $2.25 per share to $2.45 per share for Q1 FY2023."", ""conflict"": ""false"", ""invalidation_condition"": ""reported value falls outside [2.25, 2.45]""}"
01GR7PRJ00NJJZZD1VWRJWTB8H,QUALCOMM Incorporated,QCOM,0000804328,QUALCOMM Incorporated expects EPS GAAP of $1.53 per share to $1.73 per share for Q2 FY2023.,GAAP diluted EPS $1.53- $1.73,EPS GAAP,1.53,1.73,USD per share,Q2 FY2023,2023-02-02,https://www.sec.gov/Archives/edgar/data/804328/000080432823000005/qcom122522erex991.htm,0000804328-23-000005,8-K,2023-02-02,2026-10-01T13:52:02Z,35064b02a942c5a1abcb18085af977faca548b892abee5f85b535039d7d6ef02,GAAP diluted EPS $1.53- $1.73,1.52,2023-05-03,https://www.sec.gov/Archives/edgar/data/804328/000080432823000022/qcom032623erex991.htm,0000804328-23-000022,8-K,2023-05-03,2026-10-01T13:52:04Z,ed80a60db0945d8944416194eddf02a08c200af56ec59e2c05f3fd9cc424bdb3,"GAAP EPS: $1.52, Non-GAAP EPS: $2.15","reported value falls outside [1.53, 1.73]",open,,,,,,,,,90,,2026-10-02,navneet,false,false,,false,false,false,,missed,section,Current Guidance,,,,,,,yes,"Excerpt states 'GAAP diluted EPS $1.53- $1.73' which matches the metric (EPS GAAP), numbers ($1.53 to $1.73 per share), and unit (USD per share) exactly.",,,,,,,,"{""aid_flag_note"": """", ""assumption.metric"": ""EPS GAAP"", ""assumption.stated_at"": ""2023-02-02"", ""assumption.target_high"": ""1.73"", ""assumption.target_low"": ""1.53"", ""assumption.target_period"": ""Q2 FY2023"", ""assumption.text"": ""GAAP diluted EPS $1.53- $1.73"", ""assumption.unit"": ""USD per share"", ""claim"": ""QUALCOMM Incorporated expects EPS GAAP of $1.53 per share to $1.73 per share for Q2 FY2023."", ""conflict"": ""false"", ""invalidation_condition"": ""reported value falls outside [1.53, 1.73]""}"
01GR7PRJ00ZAK3W3DJWT85CAJA,QUALCOMM Incorporated,QCOM,0000804328,QUALCOMM Incorporated expects EPS non-GAAP of $2.05 per share to $2.25 per share for Q2 FY2023.,Non-GAAP diluted EPS $2.05 - $2.25,EPS non-GAAP,2.05,2.25,USD per share,Q2 FY2023,2023-02-02,https://www.sec.gov/Archives/edgar/data/804328/000080432823000005/qcom122522erex991.htm,0000804328-23-000005,8-K,2023-02-02,2026-10-01T13:52:02Z,35064b02a942c5a1abcb18085af977faca548b892abee5f85b535039d7d6ef02,Non-GAAP diluted EPS $2.05 - $2.25,2.15,2023-05-03,https://www.sec.gov/Archives/edgar/data/804328/000080432823000022/qcom032623erex991.htm,0000804328-23-000022,8-K,2023-05-03,2026-10-01T13:52:04Z,ed80a60db0945d8944416194eddf02a08c200af56ec59e2c05f3fd9cc424bdb3,"GAAP EPS: $1.52, Non-GAAP EPS: $2.15","reported value falls outside [2.05, 2.25]",open,,,,,,,,,90,,2026-10-02,navneet,false,false,,false,false,false,,met,section,Current Guidance,,,,,,,yes,"Excerpt states 'Non-GAAP diluted EPS $2.05 - $2.25' which matches the metric (non-GAAP EPS), numbers (range from $2.05 to $2.25 per share), and unit (USD per share) exactly. The section heading 'Curre",,,,,,,,"{""aid_flag_note"": """", ""assumption.metric"": ""EPS non-GAAP"", ""assumption.stated_at"": ""2023-02-02"", ""assumption.target_high"": ""2.25"", ""assumption.target_low"": ""2.05"", ""assumption.target_period"": ""Q2 FY2023"", ""assumption.text"": ""Non-GAAP diluted EPS $2.05 - $2.25"", ""assumption.unit"": ""USD per share"", ""claim"": ""QUALCOMM Incorporated expects EPS non-GAAP of $2.05 per share to $2.25 per share for Q2 FY2023."", ""conflict"": ""false"", ""invalidation_condition"": ""reported value falls outside [2.05, 2.25]""}"
01GZFEH800VZZBVXFJWXPPAA3F,QUALCOMM Incorporated,QCOM,0000804328,QUALCOMM Incorporated expects EPS GAAP of $1.24 per share to $1.44 per share for Q3 FY2023.,GAAP diluted EPS $1.24 - $1.44,EPS GAAP,1.24,1.44,USD per share,Q3 FY2023,2023-05-03,https://www.sec.gov/Archives/edgar/data/804328/000080432823000022/qcom032623erex991.htm,0000804328-23-000022,8-K,2023-05-03,2026-10-01T13:52:04Z,ed80a60db0945d8944416194eddf02a08c200af56ec59e2c05f3fd9cc424bdb3,GAAP diluted EPS $1.24 - $1.44,1.6,2023-08-02,https://www.sec.gov/Archives/edgar/data/804328/000080432823000042/qcom062523erex991.htm,0000804328-23-000042,8-K,2023-08-02,2026-10-01T13:52:07Z,49e25e9efa7c976b12b7df289d4711865797c6cfd23a426b76dc62913ff45596,"GAAP EPS: $1.60, Non-GAAP EPS: $1.87","reported value falls outside [1.24, 1.44]",open,,,,,,,,,91,,2026-10-02,navneet,false,false,,false,false,false,,missed,section,Current Guidance,,,,,,,yes,"Excerpt states 'GAAP diluted EPS $1.24 - $1.44' which matches the metric (EPS GAAP), numbers (range from $1.24 to $1.44 per share), and unit (USD per share) exactly as claimed.",,,,,,,,"{""aid_flag_note"": """", ""assumption.metric"": ""EPS GAAP"", ""assumption.stated_at"": ""2023-05-03"", ""assumption.target_high"": ""1.44"", ""assumption.target_low"": ""1.24"", ""assumption.target_period"": ""Q3 FY2023"", ""assumption.text"": ""GAAP diluted EPS $1.24 - $1.44"", ""assumption.unit"": ""USD per share"", ""claim"": ""QUALCOMM Incorporated expects EPS GAAP of $1.24 per share to $1.44 per share for Q3 FY2023."", ""conflict"": ""false"", ""invalidation_condition"": ""reported value falls outside [1.24, 1.44]""}"
01GZFEH8007QCB82VS7MVVNXZP,QUALCOMM Incorporated,QCOM,0000804328,QUALCOMM Incorporated expects EPS non-GAAP of $1.7 per share to $1.9 per share for Q3 FY2023.,Non-GAAP diluted EPS $1.70 - $1.90,EPS non-GAAP,1.7,1.9,USD per share,Q3 FY2023,2023-05-03,https://www.sec.gov/Archives/edgar/data/804328/000080432823000022/qcom032623erex991.htm,0000804328-23-000022,8-K,2023-05-03,2026-10-01T13:52:04Z,ed80a60db0945d8944416194eddf02a08c200af56ec59e2c05f3fd9cc424bdb3,Non-GAAP diluted EPS $1.70 - $1.90,1.87,2023-08-02,https://www.sec.gov/Archives/edgar/data/804328/000080432823000042/qcom062523erex991.htm,0000804328-23-000042,8-K,2023-08-02,2026-10-01T13:52:07Z,49e25e9efa7c976b12b7df289d4711865797c6cfd23a426b76dc62913ff45596,"GAAP EPS: $1.60, Non-GAAP EPS: $1.87","reported value falls outside [1.7, 1.9]",open,,,,,,,,,91,,2026-10-02,navneet,false,false,,false,false,false,,met,section,Current Guidance,,,,,,,yes,Excerpt states 'Non-GAAP diluted EPS $1.70 - $1.90' which matches the claimed range of $1.7 to $1.9 per share for non-GAAP EPS,,,,,,,,"{""aid_flag_note"": """", ""assumption.metric"": ""EPS non-GAAP"", ""assumption.stated_at"": ""2023-05-03"", ""assumption.target_high"": ""1.9"", ""assumption.target_low"": ""1.7"", ""assumption.target_period"": ""Q3 FY2023"", ""assumption.text"": ""Non-GAAP diluted EPS $1.70 - $1.90"", ""assumption.unit"": ""USD per share"", ""claim"": ""QUALCOMM Incorporated expects EPS non-GAAP of $1.7 per share to $1.9 per share for Q3 FY2023."", ""conflict"": ""false"", ""invalidation_condition"": ""reported value falls outside [1.7, 1.9]""}"
01H6SRPN00SE6PCVS7CNJM497P,QUALCOMM Incorporated,QCOM,0000804328,QUALCOMM Incorporated expects EPS GAAP of $1.37 per share to $1.57 per share for Q4 FY2023.,GAAP diluted EPS $1.37 - $1.57,EPS GAAP,1.37,1.57,USD per share,Q4 FY2023,2023-08-02,https://www.sec.gov/Archives/edgar/data/804328/000080432823000042/qcom062523erex991.htm,0000804328-23-000042,8-K,2023-08-02,2026-10-01T13:52:07Z,49e25e9efa7c976b12b7df289d4711865797c6cfd23a426b76dc62913ff45596,GAAP diluted EPS $1.37 - $1.57,,,,,,,,,,"reported value falls outside [1.37, 1.57]",open,,,,,,,,,,,2026-10-02,navneet,false,false,,false,false,false,,unresolved,section,Current Guidance,,,,"multi-column, unconfirmed",,,yes,"Excerpt states 'GAAP diluted EPS $1.37 - $1.57' which matches the metric (EPS GAAP), the range ($1.37 to $1.57 per share), and the unit (USD per share). The section heading 'Current Guidance' confirms",,,,,,,,"{""aid_flag_note"": """", ""assumption.metric"": ""EPS GAAP"", ""assumption.stated_at"": ""2023-08-02"", ""assumption.target_high"": ""1.57"", ""assumption.target_low"": ""1.37"", ""assumption.target_period"": ""Q4 FY2023"", ""assumption.text"": ""GAAP diluted EPS $1.37 - $1.57"", ""assumption.unit"": ""USD per share"", ""claim"": ""QUALCOMM Incorporated expects EPS GAAP of $1.37 per share to $1.57 per share for Q4 FY2023."", ""conflict"": ""false"", ""invalidation_condition"": ""reported value falls outside [1.37, 1.57]""}"
01H6SRPN003AWYSKSNHGYKC27X,QUALCOMM Incorporated,QCOM,0000804328,QUALCOMM Incorporated expects EPS non-GAAP of $1.8 per share to $2 per share for Q4 FY2023.,Non-GAAP diluted EPS $1.80 - $2.00,EPS non-GAAP,1.8,2.0,USD per share,Q4 FY2023,2023-08-02,https://www.sec.gov/Archives/edgar/data/804328/000080432823000042/qcom062523erex991.htm,0000804328-23-000042,8-K,2023-08-02,2026-10-01T13:52:07Z,49e25e9efa7c976b12b7df289d4711865797c6cfd23a426b76dc62913ff45596,Non-GAAP diluted EPS $1.80 - $2.00,,,,,,,,,,"reported value falls outside [1.8, 2]",open,,,,,,,,,,,2026-10-02,navneet,false,false,,false,false,false,,unresolved,section,Current Guidance,,,,"multi-column, unconfirmed",,,yes,Excerpt states 'Non-GAAP diluted EPS $1.80 - $2.00' which matches the claimed range of $1.8 to $2.0 per share for non-GAAP EPS,,,,,,,,"{""aid_flag_note"": """", ""assumption.metric"": ""EPS non-GAAP"", ""assumption.stated_at"": ""2023-08-02"", ""assumption.target_high"": ""2.0"", ""assumption.target_low"": ""1.8"", ""assumption.target_period"": ""Q4 FY2023"", ""assumption.text"": ""Non-GAAP diluted EPS $1.80 - $2.00"", ""assumption.unit"": ""USD per share"", ""claim"": ""QUALCOMM Incorporated expects EPS non-GAAP of $1.8 per share to $2 per share for Q4 FY2023."", ""conflict"": ""false"", ""invalidation_condition"": ""reported value falls outside [1.8, 2]""}"
01HE42W200GBVCAW5BWX80F0MD,QUALCOMM Incorporated,QCOM,0000804328,QUALCOMM Incorporated expects EPS GAAP of $1.82 per share to $2.02 per share for Q1 FY2024.,GAAP diluted EPS $1.82 - $2.02,EPS GAAP,1.82,2.02,USD per share,Q1 FY2024,2023-11-01,https://www.sec.gov/Archives/edgar/data/804328/000080432823000054/qcom092423erex991.htm,0000804328-23-000054,8-K,2023-11-01,2026-10-01T13:52:09Z,4db9ae5ff7857cf5d5848fd51ebfff3a30a820d7a8efff471e0e322b418910de,GAAP diluted EPS $1.82 - $2.02,2.46,2024-01-31,https://www.sec.gov/Archives/edgar/data/804328/000080432824000015/qcom122423erex991.htm,0000804328-24-000015,8-K,2024-01-31,2026-10-01T13:52:11Z,02f57dfce1d796e91e9036c43fa18c9e388384c2395c67c69fe7f92ff6cab341,"GAAP EPS: $2.46, Non-GAAP EPS: $2.75","reported value falls outside [1.82, 2.02]",open,,,,,,,,,91,,2026-10-02,navneet,false,false,,false,false,false,,missed,section,Current Guidance,,,,,,,yes,"Excerpt states 'GAAP diluted EPS $1.82 - $2.02' which matches the metric (EPS GAAP), the range ($1.82 to $2.02 per share), and the unit (USD per share). The section heading 'Current Guidance' confirms",,,,,,,,"{""aid_flag_note"": """", ""assumption.metric"": ""EPS GAAP"", ""assumption.stated_at"": ""2023-11-01"", ""assumption.target_high"": ""2.02"", ""assumption.target_low"": ""1.82"", ""assumption.target_period"": ""Q1 FY2024"", ""assumption.text"": ""GAAP diluted EPS $1.82 - $2.02"", ""assumption.unit"": ""USD per share"", ""claim"": ""QUALCOMM Incorporated expects EPS GAAP of $1.82 per share to $2.02 per share for Q1 FY2024."", ""conflict"": ""false"", ""invalidation_condition"": ""reported value falls outside [1.82, 2.02]""}"
01HE42W2003VPPMNYK6H2E8VBX,QUALCOMM Incorporated,QCOM,0000804328,QUALCOMM Incorporated expects EPS non-GAAP of $2.25 per share to $2.45 per share for Q1 FY2024.,Non-GAAP diluted EPS $2.25 - $2.45,EPS non-GAAP,2.25,2.45,USD per share,Q1 FY2024,2023-11-01,https://www.sec.gov/Archives/edgar/data/804328/000080432823000054/qcom092423erex991.htm,0000804328-23-000054,8-K,2023-11-01,2026-10-01T13:52:09Z,4db9ae5ff7857cf5d5848fd51ebfff3a30a820d7a8efff471e0e322b418910de,Non-GAAP diluted EPS $2.25 - $2.45,,,,,,,,,,"reported value falls outside [2.25, 2.45]",open,,,,,,,,,,,2026-10-02,navneet,false,false,,false,false,false,,unresolved,section,Current Guidance,,,,"multi-column, unconfirmed",,,yes,"Excerpt states 'Non-GAAP diluted EPS $2.25 - $2.45' which matches the metric (non-GAAP EPS), numbers ($2.25 to $2.45 per share), and unit (USD per share) exactly. The section heading 'Current Guidance",,,,,,,,"{""aid_flag_note"": """", ""assumption.metric"": ""EPS non-GAAP"", ""assumption.stated_at"": ""2023-11-01"", ""assumption.target_high"": ""2.45"", ""assumption.target_low"": ""2.25"", ""assumption.target_period"": ""Q1 FY2024"", ""assumption.text"": ""Non-GAAP diluted EPS $2.25 - $2.45"", ""assumption.unit"": ""USD per share"", ""claim"": ""QUALCOMM Incorporated expects EPS non-GAAP of $2.25 per share to $2.45 per share for Q1 FY2024."", ""conflict"": ""false"", ""invalidation_condition"": ""reported value falls outside [2.25, 2.45]""}"
01HNED1F00S42XSC0Q87RZ78FX,QUALCOMM Incorporated,QCOM,0000804328,QUALCOMM Incorporated expects EPS GAAP of $1.73 per share to $1.93 per share for Q2 FY2024.,GAAP diluted EPS $1.73 - $1.93,EPS GAAP,1.73,1.93,USD per share,Q2 FY2024,2024-01-31,https://www.sec.gov/Archives/edgar/data/804328/000080432824000015/qcom122423erex991.htm,0000804328-24-000015,8-K,2024-01-31,2026-10-01T13:52:11Z,02f57dfce1d796e91e9036c43fa18c9e388384c2395c67c69fe7f92ff6cab341,GAAP diluted EPS $1.73 - $1.93,2.06,2024-05-01,https://www.sec.gov/Archives/edgar/data/804328/000080432824000038/qcom032424erex991.htm,0000804328-24-000038,8-K,2024-05-01,2026-10-01T13:52:13Z,4cf40f490cfd76be3194322a5ea846a6ae6e21527d5c0fe1340a3df16c45485b,"GAAP EPS: $2.06, Non-GAAP EPS: $2.44","reported value falls outside [1.73, 1.93]",open,,,,,,,,,91,,2026-10-02,navneet,false,false,,false,false,false,,missed,section,Current Guidance,,,,,,,yes,"Excerpt states 'GAAP diluted EPS $1.73 - $1.93' which matches the metric (EPS GAAP), numbers ($1.73 to $1.93 per share), and unit (USD per share) exactly. The section heading 'Current Guidance' confir",,,,,,,,"{""aid_flag_note"": """", ""assumption.metric"": ""EPS GAAP"", ""assumption.stated_at"": ""2024-01-31"", ""assumption.target_high"": ""1.93"", ""assumption.target_low"": ""1.73"", ""assumption.target_period"": ""Q2 FY2024"", ""assumption.text"": ""GAAP diluted EPS $1.73 - $1.93"", ""assumption.unit"": ""USD per share"", ""claim"": ""QUALCOMM Incorporated expects EPS GAAP of $1.73 per share to $1.93 per share for Q2 FY2024."", ""conflict"": ""false"", ""invalidation_condition"": ""reported value falls outside [1.73, 1.93]""}"
01HNED1F00XAX5X9PNQ71FX3EM,QUALCOMM Incorporated,QCOM,0000804328,QUALCOMM Incorporated expects EPS non-GAAP of $2.2 per share to $2.4 per share for Q2 FY2024.,Non-GAAP diluted EPS $2.20 - $2.40,EPS non-GAAP,2.2,2.4,USD per share,Q2 FY2024,2024-01-31,https://www.sec.gov/Archives/edgar/data/804328/000080432824000015/qcom122423erex991.htm,0000804328-24-000015,8-K,2024-01-31,2026-10-01T13:52:11Z,02f57dfce1d796e91e9036c43fa18c9e388384c2395c67c69fe7f92ff6cab341,Non-GAAP diluted EPS $2.20 - $2.40,2.44,2024-05-01,https://www.sec.gov/Archives/edgar/data/804328/000080432824000038/qcom032424erex991.htm,0000804328-24-000038,8-K,2024-05-01,2026-10-01T13:52:13Z,4cf40f490cfd76be3194322a5ea846a6ae6e21527d5c0fe1340a3df16c45485b,"GAAP EPS: $2.06, Non-GAAP EPS: $2.44","reported value falls outside [2.2, 2.4]",open,,,,,,,,,91,,2026-10-02,navneet,false,false,,false,false,false,,missed,section,Current Guidance,,,,,,,yes,Excerpt states 'Non-GAAP diluted EPS $2.20 - $2.40' which matches the claimed range of $2.2 to $2.4 per share for non-GAAP EPS,,,,,,,,"{""aid_flag_note"": """", ""assumption.metric"": ""EPS non-GAAP"", ""assumption.stated_at"": ""2024-01-31"", ""assumption.target_high"": ""2.4"", ""assumption.target_low"": ""2.2"", ""assumption.target_period"": ""Q2 FY2024"", ""assumption.text"": ""Non-GAAP diluted EPS $2.20 - $2.40"", ""assumption.unit"": ""USD per share"", ""claim"": ""QUALCOMM Incorporated expects EPS non-GAAP of $2.2 per share to $2.4 per share for Q2 FY2024."", ""conflict"": ""false"", ""invalidation_condition"": ""reported value falls outside [2.2, 2.4]""}"
01HWRQ6W00T9CBBJ3YPHC1PZYM,QUALCOMM Incorporated,QCOM,0000804328,QUALCOMM Incorporated expects EPS GAAP of $1.74 per share to $1.94 per share for Q3 FY2024.,GAAP diluted EPS $1.74 - $1.94,EPS GAAP,1.74,1.94,USD per share,Q3 FY2024,2024-05-01,https://www.sec.gov/Archives/edgar/data/804328/000080432824000038/qcom032424erex991.htm,0000804328-24-000038,8-K,2024-05-01,2026-10-01T13:52:13Z,4cf40f490cfd76be3194322a5ea846a6ae6e21527d5c0fe1340a3df16c45485b,GAAP diluted EPS $1.74 - $1.94,1.88,2024-07-31,https://www.sec.gov/Archives/edgar/data/804328/000080432824000055/qcom062324erex991.htm,0000804328-24-000055,8-K,2024-07-31,2026-10-01T13:52:16Z,dab4e508bf657b6e069a4ea3e0c9679cc17e9ea15d5d984312f1ebf3cf8c949d,"GAAP EPS: $1.88, Non-GAAP EPS: $2.33","reported value falls outside [1.74, 1.94]",open,,,,,,,,,91,,2026-10-02,navneet,false,false,,false,false,false,,met,section,Current Guidance,,,,,,,yes,"Excerpt states 'GAAP diluted EPS $1.74 - $1.94' which matches the metric (EPS GAAP), numbers ($1.74 to $1.94 per share), and unit (USD per share) exactly. The section heading 'Current Guidance' confir",,,,,,,,"{""aid_flag_note"": """", ""assumption.metric"": ""EPS GAAP"", ""assumption.stated_at"": ""2024-05-01"", ""assumption.target_high"": ""1.94"", ""assumption.target_low"": ""1.74"", ""assumption.target_period"": ""Q3 FY2024"", ""assumption.text"": ""GAAP diluted EPS $1.74 - $1.94"", ""assumption.unit"": ""USD per share"", ""claim"": ""QUALCOMM Incorporated expects EPS GAAP of $1.74 per share to $1.94 per share for Q3 FY2024."", ""conflict"": ""false"", ""invalidation_condition"": ""reported value falls outside [1.74, 1.94]""}"
01HWRQ6W00MABSW46D3NSHC5BD,QUALCOMM Incorporated,QCOM,0000804328,QUALCOMM Incorporated expects EPS non-GAAP of $2.15 per share to $2.35 per share for Q3 FY2024.,Non-GAAP diluted EPS $2.15 - $2.35,EPS non-GAAP,2.15,2.35,USD per share,Q3 FY2024,2024-05-01,https://www.sec.gov/Archives/edgar/data/804328/000080432824000038/qcom032424erex991.htm,0000804328-24-000038,8-K,2024-05-01,2026-10-01T13:52:13Z,4cf40f490cfd76be3194322a5ea846a6ae6e21527d5c0fe1340a3df16c45485b,Non-GAAP diluted EPS $2.15 - $2.35,2.33,2024-07-31,https://www.sec.gov/Archives/edgar/data/804328/000080432824000055/qcom062324erex991.htm,0000804328-24-000055,8-K,2024-07-31,2026-10-01T13:52:16Z,dab4e508bf657b6e069a4ea3e0c9679cc17e9ea15d5d984312f1ebf3cf8c949d,"GAAP EPS: $1.88, Non-GAAP EPS: $2.33","reported value falls outside [2.15, 2.35]",open,,,,,,,,,91,,2026-10-02,navneet,false,false,,false,false,false,,met,section,Current Guidance,,,,,,,yes,"Excerpt states 'Non-GAAP diluted EPS $2.15 - $2.35' which matches the metric (non-GAAP EPS), numbers ($2.15 to $2.35 per share), and unit (USD per share) exactly. The section heading 'Current Guidance",,,,,,,,"{""aid_flag_note"": """", ""assumption.metric"": ""EPS non-GAAP"", ""assumption.stated_at"": ""2024-05-01"", ""assumption.target_high"": ""2.35"", ""assumption.target_low"": ""2.15"", ""assumption.target_period"": ""Q3 FY2024"", ""assumption.text"": ""Non-GAAP diluted EPS $2.15 - $2.35"", ""assumption.unit"": ""USD per share"", ""claim"": ""QUALCOMM Incorporated expects EPS non-GAAP of $2.15 per share to $2.35 per share for Q3 FY2024."", ""conflict"": ""false"", ""invalidation_condition"": ""reported value falls outside [2.15, 2.35]""}"
01J431C900MGW8ETV6D8XT9T42,QUALCOMM Incorporated,QCOM,0000804328,QUALCOMM Incorporated expects EPS GAAP of $2.38 per share to $2.58 per share for Q4 FY2024.,GAAP diluted EPS $2.38 - $2.58,EPS GAAP,2.38,2.58,USD per share,Q4 FY2024,2024-07-31,https://www.sec.gov/Archives/edgar/data/804328/000080432824000055/qcom062324erex991.htm,0000804328-24-000055,8-K,2024-07-31,2026-10-01T13:52:16Z,dab4e508bf657b6e069a4ea3e0c9679cc17e9ea15d5d984312f1ebf3cf8c949d,GAAP diluted EPS $2.38 - $2.58,,,,,,,,,,"reported value falls outside [2.38, 2.58]",open,,,,,,,,,,,2026-10-02,navneet,false,false,,false,false,false,,unresolved,section,Current Guidance,,,,"multi-column, unconfirmed",,,yes,"Excerpt states 'GAAP diluted EPS $2.38 - $2.58' which matches the metric (EPS GAAP), the range ($2.38 to $2.58 per share), and the unit (USD per share). The section heading 'Current Guidance' confirms",,,,,,,,"{""aid_flag_note"": """", ""assumption.metric"": ""EPS GAAP"", ""assumption.stated_at"": ""2024-07-31"", ""assumption.target_high"": ""2.58"", ""assumption.target_low"": ""2.38"", ""assumption.target_period"": ""Q4 FY2024"", ""assumption.text"": ""GAAP diluted EPS $2.38 - $2.58"", ""assumption.unit"": ""USD per share"", ""claim"": ""QUALCOMM Incorporated expects EPS GAAP of $2.38 per share to $2.58 per share for Q4 FY2024."", ""conflict"": ""false"", ""invalidation_condition"": ""reported value falls outside [2.38, 2.58]""}"
01J431C900W15FF7KZZASV73NF,QUALCOMM Incorporated,QCOM,0000804328,QUALCOMM Incorporated expects EPS non-GAAP of $2.45 per share to $2.65 per share for Q4 FY2024.,Non-GAAP diluted EPS $2.45 - $2.65,EPS non-GAAP,2.45,2.65,USD per share,Q4 FY2024,2024-07-31,https://www.sec.gov/Archives/edgar/data/804328/000080432824000055/qcom062324erex991.htm,0000804328-24-000055,8-K,2024-07-31,2026-10-01T13:52:16Z,dab4e508bf657b6e069a4ea3e0c9679cc17e9ea15d5d984312f1ebf3cf8c949d,Non-GAAP diluted EPS $2.45 - $2.65,,,,,,,,,,"reported value falls outside [2.45, 2.65]",open,,,,,,,,,,,2026-10-02,navneet,false,false,,false,false,false,,unresolved,section,Current Guidance,,,,"multi-column, unconfirmed",,,yes,"Excerpt states 'Non-GAAP diluted EPS $2.45 - $2.65' which matches the metric (non-GAAP EPS), numbers ($2.45 to $2.65 per share), and unit (USD per share). The section heading 'Current Guidance' indica",,,,,,,,"{""aid_flag_note"": """", ""assumption.metric"": ""EPS non-GAAP"", ""assumption.stated_at"": ""2024-07-31"", ""assumption.target_high"": ""2.65"", ""assumption.target_low"": ""2.45"", ""assumption.target_period"": ""Q4 FY2024"", ""assumption.text"": ""Non-GAAP diluted EPS $2.45 - $2.65"", ""assumption.unit"": ""USD per share"", ""claim"": ""QUALCOMM Incorporated expects EPS non-GAAP of $2.45 per share to $2.65 per share for Q4 FY2024."", ""conflict"": ""false"", ""invalidation_condition"": ""reported value falls outside [2.45, 2.65]""}"
01JBZCAQ000843CT6MNNXQ9MJW,QUALCOMM Incorporated,QCOM,0000804328,QUALCOMM Incorporated expects EPS GAAP of $2.39 per share to $2.59 per share for Q1 FY2025.,GAAP diluted EPS $2.39 - $2.59,EPS GAAP,2.39,2.59,USD per share,Q1 FY2025,2024-11-06,https://www.sec.gov/Archives/edgar/data/804328/000080432824000074/qcom092924erex991.htm,0000804328-24-000074,8-K,2024-11-06,2026-10-01T13:52:20Z,27bd8651056731567549b033b0d238666823a5e61c795a2c65826d5060a612a2,GAAP diluted EPS $2.39 - $2.59,2.83,2025-02-05,https://www.sec.gov/Archives/edgar/data/804328/000080432825000010/qcom122924erex991.htm,0000804328-25-000010,8-K,2025-02-05,2026-10-01T13:52:23Z,67368534af01bb27c7c3ec0960d0206eb29271183eb9f5b4c698e85f3097e6f1,"GAAP EPS: $2.83, Record Non-GAAP EPS: $3.41","reported value falls outside [2.39, 2.59]",open,,,,,,,,,91,,2026-10-02,navneet,false,false,,false,false,false,,missed,section,Current Guidance,,,,,,,yes,"Excerpt states 'GAAP diluted EPS $2.39 - $2.59' which matches the metric (EPS GAAP), the range ($2.39 to $2.59 per share), and the unit (USD per share). The section heading 'Current Guidance' confirms",,,,,,,,"{""aid_flag_note"": """", ""assumption.metric"": ""EPS GAAP"", ""assumption.stated_at"": ""2024-11-06"", ""assumption.target_high"": ""2.59"", ""assumption.target_low"": ""2.39"", ""assumption.target_period"": ""Q1 FY2025"", ""assumption.text"": ""GAAP diluted EPS $2.39 - $2.59"", ""assumption.unit"": ""USD per share"", ""claim"": ""QUALCOMM Incorporated expects EPS GAAP of $2.39 per share to $2.59 per share for Q1 FY2025."", ""conflict"": ""false"", ""invalidation_condition"": ""reported value falls outside [2.39, 2.59]""}"
01JBZCAQ002RPTZ23DJ6VEPH4E,QUALCOMM Incorporated,QCOM,0000804328,QUALCOMM Incorporated expects EPS non-GAAP of $2.85 per share to $3.05 per share for Q1 FY2025.,Non-GAAP diluted EPS $2.85 - $3.05,EPS non-GAAP,2.85,3.05,USD per share,Q1 FY2025,2024-11-06,https://www.sec.gov/Archives/edgar/data/804328/000080432824000074/qcom092924erex991.htm,0000804328-24-000074,8-K,2024-11-06,2026-10-01T13:52:20Z,27bd8651056731567549b033b0d238666823a5e61c795a2c65826d5060a612a2,Non-GAAP diluted EPS $2.85 - $3.05,,,,,,,,,,"reported value falls outside [2.85, 3.05]",open,,,,,,,,,,,2026-10-02,navneet,false,false,,false,false,false,,unresolved,section,Current Guidance,,,,"multi-column, unconfirmed",,,yes,"Excerpt states 'Non-GAAP diluted EPS $2.85 - $3.05' which matches the metric (non-GAAP EPS), numbers ($2.85 to $3.05 per share), and unit (USD per share). The section heading 'Current Guidance' indica",,,,,,,,"{""aid_flag_note"": """", ""assumption.metric"": ""EPS non-GAAP"", ""assumption.stated_at"": ""2024-11-06"", ""assumption.target_high"": ""3.05"", ""assumption.target_low"": ""2.85"", ""assumption.target_period"": ""Q1 FY2025"", ""assumption.text"": ""Non-GAAP diluted EPS $2.85 - $3.05"", ""assumption.unit"": ""USD per share"", ""claim"": ""QUALCOMM Incorporated expects EPS non-GAAP of $2.85 per share to $3.05 per share for Q1 FY2025."", ""conflict"": ""false"", ""invalidation_condition"": ""reported value falls outside [2.85, 3.05]""}"
01JK9PG400N42TSJFXRA448QGH,QUALCOMM Incorporated,QCOM,0000804328,QUALCOMM Incorporated expects EPS GAAP of $2.38 per share to $2.58 per share for Q2 FY2025.,GAAP diluted EPS $2.38 - $2.58,EPS GAAP,2.38,2.58,USD per share,Q2 FY2025,2025-02-05,https://www.sec.gov/Archives/edgar/data/804328/000080432825000010/qcom122924erex991.htm,0000804328-25-000010,8-K,2025-02-05,2026-10-01T13:52:23Z,67368534af01bb27c7c3ec0960d0206eb29271183eb9f5b4c698e85f3097e6f1,GAAP diluted EPS $2.38 - $2.58,2.52,2025-04-30,https://www.sec.gov/Archives/edgar/data/804328/000080432825000029/qcom033025erex991.htm,0000804328-25-000029,8-K,2025-04-30,2026-10-01T13:52:25Z,a8b451f6655cf4206d36c49e64f1c61afe7e3a20c7ba20133e29861eaa09fa3d,"GAAP EPS: $2.52, Non-GAAP EPS: $2.85","reported value falls outside [2.38, 2.58]",open,,,,,,,,,84,,2026-10-02,navneet,false,false,,false,false,false,,met,section,Current Guidance,,,,,,,yes,"Excerpt states 'GAAP diluted EPS $2.38 - $2.58' which matches the metric (EPS GAAP), the range ($2.38 to $2.58 per share), and the unit (USD per share). The section heading 'Current Guidance' confirms",,,,,,,,"{""aid_flag_note"": """", ""assumption.metric"": ""EPS GAAP"", ""assumption.stated_at"": ""2025-02-05"", ""assumption.target_high"": ""2.58"", ""assumption.target_low"": ""2.38"", ""assumption.target_period"": ""Q2 FY2025"", ""assumption.text"": ""GAAP diluted EPS $2.38 - $2.58"", ""assumption.unit"": ""USD per share"", ""claim"": ""QUALCOMM Incorporated expects EPS GAAP of $2.38 per share to $2.58 per share for Q2 FY2025."", ""conflict"": ""false"", ""invalidation_condition"": ""reported value falls outside [2.38, 2.58]""}"
01JK9PG400B48CKK3C77WDPMNV,QUALCOMM Incorporated,QCOM,0000804328,QUALCOMM Incorporated expects EPS non-GAAP of $2.7 per share to $2.9 per share for Q2 FY2025.,Non-GAAP diluted EPS $2.70 - $2.90,EPS non-GAAP,2.7,2.9,USD per share,Q2 FY2025,2025-02-05,https://www.sec.gov/Archives/edgar/data/804328/000080432825000010/qcom122924erex991.htm,0000804328-25-000010,8-K,2025-02-05,2026-10-01T13:52:23Z,67368534af01bb27c7c3ec0960d0206eb29271183eb9f5b4c698e85f3097e6f1,Non-GAAP diluted EPS $2.70 - $2.90,2.85,2025-04-30,https://www.sec.gov/Archives/edgar/data/804328/000080432825000029/qcom033025erex991.htm,0000804328-25-000029,8-K,2025-04-30,2026-10-01T13:52:25Z,a8b451f6655cf4206d36c49e64f1c61afe7e3a20c7ba20133e29861eaa09fa3d,"GAAP EPS: $2.52, Non-GAAP EPS: $2.85","reported value falls outside [2.7, 2.9]",open,,,,,,,,,84,,2026-10-02,navneet,false,false,,false,false,false,,met,section,Current Guidance,,,,,,,yes,Excerpt states 'Non-GAAP diluted EPS $2.70 - $2.90' which matches the claimed range of $2.7 to $2.9 per share for non-GAAP EPS,,,,,,,,"{""aid_flag_note"": """", ""assumption.metric"": ""EPS non-GAAP"", ""assumption.stated_at"": ""2025-02-05"", ""assumption.target_high"": ""2.9"", ""assumption.target_low"": ""2.7"", ""assumption.target_period"": ""Q2 FY2025"", ""assumption.text"": ""Non-GAAP diluted EPS $2.70 - $2.90"", ""assumption.unit"": ""USD per share"", ""claim"": ""QUALCOMM Incorporated expects EPS non-GAAP of $2.7 per share to $2.9 per share for Q2 FY2025."", ""conflict"": ""false"", ""invalidation_condition"": ""reported value falls outside [2.7, 2.9]""}"
01JT1ZWG00GPHPNRX406TRVAYE,QUALCOMM Incorporated,QCOM,0000804328,QUALCOMM Incorporated expects EPS GAAP of $2.14 per share to $2.34 per share for Q3 FY2025.,GAAP diluted EPS $2.14 - $2.34,EPS GAAP,2.14,2.34,USD per share,Q3 FY2025,2025-04-30,https://www.sec.gov/Archives/edgar/data/804328/000080432825000029/qcom033025erex991.htm,0000804328-25-000029,8-K,2025-04-30,2026-10-01T13:52:25Z,a8b451f6655cf4206d36c49e64f1c61afe7e3a20c7ba20133e29861eaa09fa3d,GAAP diluted EPS $2.14 - $2.34,2.43,2025-07-30,https://www.sec.gov/Archives/edgar/data/804328/000080432825000044/qcom062925erex991.htm,0000804328-25-000044,8-K,2025-07-30,2026-10-01T13:52:28Z,618116aa544816da19cf06e594798e96c654340bafd39725afcd6ee6dc5fc7ea,"GAAP EPS: $2.43, Non-GAAP EPS: $2.77","reported value falls outside [2.14, 2.34]",open,,,,,,,,,91,,2026-10-02,navneet,false,false,,false,false,false,,missed,section,Current Guidance,,,,,,,yes,"Excerpt states 'GAAP diluted EPS $2.14 - $2.34' which matches the metric (EPS GAAP), the range ($2.14 to $2.34 per share), and the unit (USD per share). The section heading 'Current Guidance' confirms",,,,,,,,"{""aid_flag_note"": """", ""assumption.metric"": ""EPS GAAP"", ""assumption.stated_at"": ""2025-04-30"", ""assumption.target_high"": ""2.34"", ""assumption.target_low"": ""2.14"", ""assumption.target_period"": ""Q3 FY2025"", ""assumption.text"": ""GAAP diluted EPS $2.14 - $2.34"", ""assumption.unit"": ""USD per share"", ""claim"": ""QUALCOMM Incorporated expects EPS GAAP of $2.14 per share to $2.34 per share for Q3 FY2025."", ""conflict"": ""false"", ""invalidation_condition"": ""reported value falls outside [2.14, 2.34]""}"
01JT1ZWG00V6BP78535HKYPEJV,QUALCOMM Incorporated,QCOM,0000804328,QUALCOMM Incorporated expects EPS non-GAAP of $2.6 per share to $2.8 per share for Q3 FY2025.,Non-GAAP diluted EPS $2.60 - $2.80,EPS non-GAAP,2.6,2.8,USD per share,Q3 FY2025,2025-04-30,https://www.sec.gov/Archives/edgar/data/804328/000080432825000029/qcom033025erex991.htm,0000804328-25-000029,8-K,2025-04-30,2026-10-01T13:52:25Z,a8b451f6655cf4206d36c49e64f1c61afe7e3a20c7ba20133e29861eaa09fa3d,Non-GAAP diluted EPS $2.60 - $2.80,2.77,2025-07-30,https://www.sec.gov/Archives/edgar/data/804328/000080432825000044/qcom062925erex991.htm,0000804328-25-000044,8-K,2025-07-30,2026-10-01T13:52:28Z,618116aa544816da19cf06e594798e96c654340bafd39725afcd6ee6dc5fc7ea,"GAAP EPS: $2.43, Non-GAAP EPS: $2.77","reported value falls outside [2.6, 2.8]",open,,,,,,,,,91,,2026-10-02,navneet,false,false,,false,false,false,,met,section,Current Guidance,,,,,,,yes,Excerpt states 'Non-GAAP diluted EPS $2.60 - $2.80' which matches the claimed range of $2.6 to $2.8 per share for non-GAAP EPS,,,,,,,,"{""aid_flag_note"": """", ""assumption.metric"": ""EPS non-GAAP"", ""assumption.stated_at"": ""2025-04-30"", ""assumption.target_high"": ""2.8"", ""assumption.target_low"": ""2.6"", ""assumption.target_period"": ""Q3 FY2025"", ""assumption.text"": ""Non-GAAP diluted EPS $2.60 - $2.80"", ""assumption.unit"": ""USD per share"", ""claim"": ""QUALCOMM Incorporated expects EPS non-GAAP of $2.6 per share to $2.8 per share for Q3 FY2025."", ""conflict"": ""false"", ""invalidation_condition"": ""reported value falls outside [2.6, 2.8]""}"
01K1CA1X000CXSCSFQ68CJEFBN,QUALCOMM Incorporated,QCOM,0000804328,QUALCOMM Incorporated expects EPS GAAP of $2.23 per share to $2.43 per share for Q4 FY2025.,GAAP diluted EPS $2.23 - $2.43,EPS GAAP,2.23,2.43,USD per share,Q4 FY2025,2025-07-30,https://www.sec.gov/Archives/edgar/data/804328/000080432825000044/qcom062925erex991.htm,0000804328-25-000044,8-K,2025-07-30,2026-10-01T13:52:28Z,618116aa544816da19cf06e594798e96c654340bafd39725afcd6ee6dc5fc7ea,GAAP diluted EPS $2.23 - $2.43,2.55,2025-11-05,https://www.sec.gov/Archives/edgar/data/804328/000080432825000084/qcom092825erex991.htm,0000804328-25-000084,8-K,2025-11-05,2026-10-01T13:52:30Z,699ab049aacd3772023faa742c1ef221e96d525e352deae4be87cb8956e3deb2,GAAP diluted EPS $2.55 - $2.75,"reported value falls outside [2.23, 2.43]",open,,,,,,,,,98,,2026-10-02,navneet,false,false,,false,false,false,,missed,section,Current Guidance,,,,,,,yes,"Excerpt states 'GAAP diluted EPS $2.23 - $2.43' which matches the metric (EPS GAAP), numbers ($2.23 to $2.43 per share), and unit (USD per share) exactly. The section heading 'Current Guidance' confir",,,,,,,,"{""aid_flag_note"": """", ""assumption.metric"": ""EPS GAAP"", ""assumption.stated_at"": ""2025-07-30"", ""assumption.target_high"": ""2.43"", ""assumption.target_low"": ""2.23"", ""assumption.target_period"": ""Q4 FY2025"", ""assumption.text"": ""GAAP diluted EPS $2.23 - $2.43"", ""assumption.unit"": ""USD per share"", ""claim"": ""QUALCOMM Incorporated expects EPS GAAP of $2.23 per share to $2.43 per share for Q4 FY2025."", ""conflict"": ""false"", ""invalidation_condition"": ""reported value falls outside [2.23, 2.43]""}"
01K1CA1X00XVBJMY6CB3TR9Y18,QUALCOMM Incorporated,QCOM,0000804328,QUALCOMM Incorporated expects EPS non-GAAP of $2.75 per share to $2.95 per share for Q4 FY2025.,Non-GAAP diluted EPS $2.75 - $2.95,EPS non-GAAP,2.75,2.95,USD per share,Q4 FY2025,2025-07-30,https://www.sec.gov/Archives/edgar/data/804328/000080432825000044/qcom062925erex991.htm,0000804328-25-000044,8-K,2025-07-30,2026-10-01T13:52:28Z,618116aa544816da19cf06e594798e96c654340bafd39725afcd6ee6dc5fc7ea,Non-GAAP diluted EPS $2.75 - $2.95,3.3,2025-11-05,https://www.sec.gov/Archives/edgar/data/804328/000080432825000084/qcom092825erex991.htm,0000804328-25-000084,8-K,2025-11-05,2026-10-01T13:52:30Z,699ab049aacd3772023faa742c1ef221e96d525e352deae4be87cb8956e3deb2,Non-GAAP diluted EPS $3.30 - $3.50,"reported value falls outside [2.75, 2.95]",open,,,,,,,,,98,,2026-10-02,navneet,false,false,,false,false,false,,missed,section,Current Guidance,,,,,,,yes,"Excerpt states 'Non-GAAP diluted EPS $2.75 - $2.95' which matches the metric (non-GAAP EPS), numbers ($2.75 to $2.95 per share), and unit (USD per share). The section heading 'Current Guidance' indica",,,,,,,,"{""aid_flag_note"": """", ""assumption.metric"": ""EPS non-GAAP"", ""assumption.stated_at"": ""2025-07-30"", ""assumption.target_high"": ""2.95"", ""assumption.target_low"": ""2.75"", ""assumption.target_period"": ""Q4 FY2025"", ""assumption.text"": ""Non-GAAP diluted EPS $2.75 - $2.95"", ""assumption.unit"": ""USD per share"", ""claim"": ""QUALCOMM Incorporated expects EPS non-GAAP of $2.75 per share to $2.95 per share for Q4 FY2025."", ""conflict"": ""false"", ""invalidation_condition"": ""reported value falls outside [2.75, 2.95]""}"
01K98N0B007EEYNEQ0Q1A6WNSH,QUALCOMM Incorporated,QCOM,0000804328,QUALCOMM Incorporated expects EPS GAAP of $2.55 per share to $2.75 per share for Q1 FY2026.,GAAP diluted EPS $2.55 - $2.75,EPS GAAP,2.55,2.75,USD per share,Q1 FY2026,2025-11-05,https://www.sec.gov/Archives/edgar/data/804328/000080432825000084/qcom092825erex991.htm,0000804328-25-000084,8-K,2025-11-05,2026-10-01T13:52:30Z,699ab049aacd3772023faa742c1ef221e96d525e352deae4be87cb8956e3deb2,GAAP diluted EPS $2.55 - $2.75,2.78,2026-02-04,https://www.sec.gov/Archives/edgar/data/804328/000080432826000016/qcom122825erex991.htm,0000804328-26-000016,8-K,2026-02-04,2026-10-01T13:52:32Z,414d34f333339da9b256c662c77647b0e87cae3e11c157121f83c92345c52b67,"GAAP EPS: $2.78, Non-GAAP EPS: $3.50","reported value falls outside [2.55, 2.75]",open,,,,,,,,,91,,2026-10-02,navneet,false,false,,false,false,false,,missed,section,Current Guidance,,,,,,,yes,"Excerpt states 'GAAP diluted EPS $2.55 - $2.75' which matches the metric (EPS GAAP), the range ($2.55 to $2.75 per share), and the unit (USD per share). The section heading 'Current Guidance' confirms",,,,,,,,"{""aid_flag_note"": """", ""assumption.metric"": ""EPS GAAP"", ""assumption.stated_at"": ""2025-11-05"", ""assumption.target_high"": ""2.75"", ""assumption.target_low"": ""2.55"", ""assumption.target_period"": ""Q1 FY2026"", ""assumption.text"": ""GAAP diluted EPS $2.55 - $2.75"", ""assumption.unit"": ""USD per share"", ""claim"": ""QUALCOMM Incorporated expects EPS GAAP of $2.55 per share to $2.75 per share for Q1 FY2026."", ""conflict"": ""false"", ""invalidation_condition"": ""reported value falls outside [2.55, 2.75]""}"
01K98N0B00M22RZ9B205ST64RZ,QUALCOMM Incorporated,QCOM,0000804328,QUALCOMM Incorporated expects EPS non-GAAP of $3.3 per share to $3.5 per share for Q1 FY2026.,Non-GAAP diluted EPS $3.30 - $3.50,EPS non-GAAP,3.3,3.5,USD per share,Q1 FY2026,2025-11-05,https://www.sec.gov/Archives/edgar/data/804328/000080432825000084/qcom092825erex991.htm,0000804328-25-000084,8-K,2025-11-05,2026-10-01T13:52:30Z,699ab049aacd3772023faa742c1ef221e96d525e352deae4be87cb8956e3deb2,Non-GAAP diluted EPS $3.30 - $3.50,3.5,2026-02-04,https://www.sec.gov/Archives/edgar/data/804328/000080432826000016/qcom122825erex991.htm,0000804328-26-000016,8-K,2026-02-04,2026-10-01T13:52:32Z,414d34f333339da9b256c662c77647b0e87cae3e11c157121f83c92345c52b67,"GAAP EPS: $2.78, Non-GAAP EPS: $3.50","reported value falls outside [3.3, 3.5]",open,,,,,,,,,91,,2026-10-02,navneet,false,false,,false,false,false,,met,section,Current Guidance,,,,,,,yes,Excerpt states 'Non-GAAP diluted EPS $3.30 - $3.50' which matches the claimed range of $3.3 to $3.5 per share for non-GAAP EPS; the period Q1 FY2026 is established by the 'Current Guidance' section he,,,,,,,,"{""aid_flag_note"": """", ""assumption.metric"": ""EPS non-GAAP"", ""assumption.stated_at"": ""2025-11-05"", ""assumption.target_high"": ""3.5"", ""assumption.target_low"": ""3.3"", ""assumption.target_period"": ""Q1 FY2026"", ""assumption.text"": ""Non-GAAP diluted EPS $3.30 - $3.50"", ""assumption.unit"": ""USD per share"", ""claim"": ""QUALCOMM Incorporated expects EPS non-GAAP of $3.3 per share to $3.5 per share for Q1 FY2026."", ""conflict"": ""false"", ""invalidation_condition"": ""reported value falls outside [3.3, 3.5]""}"
01KGJZ5R00P6B5TAWSER3RDEX3,QUALCOMM Incorporated,QCOM,0000804328,QUALCOMM Incorporated expects EPS GAAP of $1.69 per share to $1.89 per share for Q2 FY2026.,GAAP diluted EPS $1.69 - $1.89,EPS GAAP,1.69,1.89,USD per share,Q2 FY2026,2026-02-04,https://www.sec.gov/Archives/edgar/data/804328/000080432826000016/qcom122825erex991.htm,0000804328-26-000016,8-K,2026-02-04,2026-10-01T13:52:32Z,414d34f333339da9b256c662c77647b0e87cae3e11c157121f83c92345c52b67,GAAP diluted EPS $1.69 - $1.89,6.88,2026-04-29,https://www.sec.gov/Archives/edgar/data/804328/000080432826000060/qcom032926erex991.htm,0000804328-26-000060,8-K,2026-04-29,2026-10-01T13:52:34Z,90ce63fb77b5d8a48c3c52d3edccdcb1d166b3cbbc09eee58094159b10ffd5bc,"GAAP EPS: $6.88, Non-GAAP EPS: $2.65","reported value falls outside [1.69, 1.89]",open,,,,,,,,,84,,2026-10-02,navneet,false,false,,false,false,false,,missed,section,Current Guidance,,,,,,,yes,"Excerpt states 'GAAP diluted EPS $1.69 - $1.89' which matches the metric (EPS GAAP), the range ($1.69 to $1.89 per share), and the unit (USD per share). The section heading 'Current Guidance' confirms",,,,,,,,"{""aid_flag_note"": """", ""assumption.metric"": ""EPS GAAP"", ""assumption.stated_at"": ""2026-02-04"", ""assumption.target_high"": ""1.89"", ""assumption.target_low"": ""1.69"", ""assumption.target_period"": ""Q2 FY2026"", ""assumption.text"": ""GAAP diluted EPS $1.69 - $1.89"", ""assumption.unit"": ""USD per share"", ""claim"": ""QUALCOMM Incorporated expects EPS GAAP of $1.69 per share to $1.89 per share for Q2 FY2026."", ""conflict"": ""false"", ""invalidation_condition"": ""reported value falls outside [1.69, 1.89]""}"
01KGJZ5R00R9YY5VTFH2T964FF,QUALCOMM Incorporated,QCOM,0000804328,QUALCOMM Incorporated expects EPS non-GAAP of $2.45 per share to $2.65 per share for Q2 FY2026.,Non-GAAP diluted EPS $2.45 - $2.65,EPS non-GAAP,2.45,2.65,USD per share,Q2 FY2026,2026-02-04,https://www.sec.gov/Archives/edgar/data/804328/000080432826000016/qcom122825erex991.htm,0000804328-26-000016,8-K,2026-02-04,2026-10-01T13:52:32Z,414d34f333339da9b256c662c77647b0e87cae3e11c157121f83c92345c52b67,Non-GAAP diluted EPS $2.45 - $2.65,2.65,2026-04-29,https://www.sec.gov/Archives/edgar/data/804328/000080432826000060/qcom032926erex991.htm,0000804328-26-000060,8-K,2026-04-29,2026-10-01T13:52:34Z,90ce63fb77b5d8a48c3c52d3edccdcb1d166b3cbbc09eee58094159b10ffd5bc,"GAAP EPS: $6.88, Non-GAAP EPS: $2.65","reported value falls outside [2.45, 2.65]",open,,,,,,,,,84,,2026-10-02,navneet,false,false,,false,false,false,,met,section,Current Guidance,,,,,,,yes,"Excerpt states 'Non-GAAP diluted EPS $2.45 - $2.65' which matches the metric (non-GAAP EPS), numbers ($2.45 to $2.65 per share), and unit (USD per share). The section heading 'Current Guidance' indica",,,,,,,,"{""aid_flag_note"": """", ""assumption.metric"": ""EPS non-GAAP"", ""assumption.stated_at"": ""2026-02-04"", ""assumption.target_high"": ""2.65"", ""assumption.target_low"": ""2.45"", ""assumption.target_period"": ""Q2 FY2026"", ""assumption.text"": ""Non-GAAP diluted EPS $2.45 - $2.65"", ""assumption.unit"": ""USD per share"", ""claim"": ""QUALCOMM Incorporated expects EPS non-GAAP of $2.45 per share to $2.65 per share for Q2 FY2026."", ""conflict"": ""false"", ""invalidation_condition"": ""reported value falls outside [2.45, 2.65]""}"
01KQB8J400PPSB0Z8PBG4NTFMG,QUALCOMM Incorporated,QCOM,0000804328,QUALCOMM Incorporated expects EPS GAAP of $1.26 per share to $1.46 per share for Q3 FY2026.,GAAP diluted EPS $1.26 - $1.46,EPS GAAP,1.26,1.46,USD per share,Q3 FY2026,2026-04-29,https://www.sec.gov/Archives/edgar/data/804328/000080432826000060/qcom032926erex991.htm,0000804328-26-000060,8-K,2026-04-29,2026-10-01T13:52:34Z,90ce63fb77b5d8a48c3c52d3edccdcb1d166b3cbbc09eee58094159b10ffd5bc,GAAP diluted EPS $1.26 - $1.46,1.87,2026-07-29,https://www.sec.gov/Archives/edgar/data/804328/000080432826000085/qcom062826erex991.htm,0000804328-26-000085,8-K,2026-07-29,2026-10-01T13:52:36Z,022e96bacdecbdde8404d422ff302476f1e473051dbf3dd6a60ee6974e2cb6a3,"GAAP EPS: $1.87, Non-GAAP EPS: $2.21","reported value falls outside [1.26, 1.46]",open,,,,,,,,,91,,2026-10-02,navneet,false,false,,false,false,false,,missed,section,Current Guidance,,,,,,,yes,"Excerpt states 'GAAP diluted EPS $1.26 - $1.46' which matches the metric (EPS GAAP), numbers ($1.26 to $1.46 per share), and unit (USD per share) exactly. The section heading 'Current Guidance' confir",,,,,,,,"{""aid_flag_note"": """", ""assumption.metric"": ""EPS GAAP"", ""assumption.stated_at"": ""2026-04-29"", ""assumption.target_high"": ""1.46"", ""assumption.target_low"": ""1.26"", ""assumption.target_period"": ""Q3 FY2026"", ""assumption.text"": ""GAAP diluted EPS $1.26 - $1.46"", ""assumption.unit"": ""USD per share"", ""claim"": ""QUALCOMM Incorporated expects EPS GAAP of $1.26 per share to $1.46 per share for Q3 FY2026."", ""conflict"": ""false"", ""invalidation_condition"": ""reported value falls outside [1.26, 1.46]""}"
01KQB8J4006001X79R0PHV11HX,QUALCOMM Incorporated,QCOM,0000804328,QUALCOMM Incorporated expects EPS non-GAAP of $2.1 per share to $2.3 per share for Q3 FY2026.,Non-GAAP diluted EPS $2.10 - $2.30,EPS non-GAAP,2.1,2.3,USD per share,Q3 FY2026,2026-04-29,https://www.sec.gov/Archives/edgar/data/804328/000080432826000060/qcom032926erex991.htm,0000804328-26-000060,8-K,2026-04-29,2026-10-01T13:52:34Z,90ce63fb77b5d8a48c3c52d3edccdcb1d166b3cbbc09eee58094159b10ffd5bc,Non-GAAP diluted EPS $2.10 - $2.30,2.21,2026-07-29,https://www.sec.gov/Archives/edgar/data/804328/000080432826000085/qcom062826erex991.htm,0000804328-26-000085,8-K,2026-07-29,2026-10-01T13:52:36Z,022e96bacdecbdde8404d422ff302476f1e473051dbf3dd6a60ee6974e2cb6a3,"GAAP EPS: $1.87, Non-GAAP EPS: $2.21","reported value falls outside [2.1, 2.3]",open,,,,,,,,,91,,2026-10-02,navneet,false,false,,false,false,false,,met,section,Current Guidance,,,,,,,yes,Excerpt states 'Non-GAAP diluted EPS $2.10 - $2.30' which matches the claimed range of $2.1 to $2.3 per share for non-GAAP EPS; the period Q3 FY2026 is established by the section heading 'Current Guid,,,,,,,,"{""aid_flag_note"": """", ""assumption.metric"": ""EPS non-GAAP"", ""assumption.stated_at"": ""2026-04-29"", ""assumption.target_high"": ""2.3"", ""assumption.target_low"": ""2.1"", ""assumption.target_period"": ""Q3 FY2026"", ""assumption.text"": ""Non-GAAP diluted EPS $2.10 - $2.30"", ""assumption.unit"": ""USD per share"", ""claim"": ""QUALCOMM Incorporated expects EPS non-GAAP of $2.1 per share to $2.3 per share for Q3 FY2026."", ""conflict"": ""false"", ""invalidation_condition"": ""reported value falls outside [2.1, 2.3]""}"
01KYNJQH009E9D54ZHZZQEW3TS,QUALCOMM Incorporated,QCOM,0000804328,QUALCOMM Incorporated expects EPS GAAP of $1.22 per share to $1.42 per share for Q4 FY2026.,GAAP diluted EPS $1.22 - $1.42,EPS GAAP,1.22,1.42,USD per share,Q4 FY2026,2026-07-29,https://www.sec.gov/Archives/edgar/data/804328/000080432826000085/qcom062826erex991.htm,0000804328-26-000085,8-K,2026-07-29,2026-10-01T13:52:36Z,022e96bacdecbdde8404d422ff302476f1e473051dbf3dd6a60ee6974e2cb6a3,GAAP diluted EPS $1.22 - $1.42,,,,,,,,,,"reported value falls outside [1.22, 1.42]",open,,,,,,,,,,,2026-10-02,navneet,false,false,,false,false,false,,unresolved,section,Current Guidance,,,,period not closed,,,yes,"Excerpt states 'GAAP diluted EPS $1.22 - $1.42' which matches the metric (EPS GAAP), the range ($1.22 to $1.42 per share), and the unit (USD per share). The section heading 'Current Guidance' confirms",,,,,,,,"{""aid_flag_note"": """", ""assumption.metric"": ""EPS GAAP"", ""assumption.stated_at"": ""2026-07-29"", ""assumption.target_high"": ""1.42"", ""assumption.target_low"": ""1.22"", ""assumption.target_period"": ""Q4 FY2026"", ""assumption.text"": ""GAAP diluted EPS $1.22 - $1.42"", ""assumption.unit"": ""USD per share"", ""claim"": ""QUALCOMM Incorporated expects EPS GAAP of $1.22 per share to $1.42 per share for Q4 FY2026."", ""conflict"": ""false"", ""invalidation_condition"": ""reported value falls outside [1.22, 1.42]""}"
01KYNJQH004KXDG75R5Q1K7FK6,QUALCOMM Incorporated,QCOM,0000804328,QUALCOMM Incorporated expects EPS non-GAAP of $2.05 per share to $2.25 per share for Q4 FY2026.,Non-GAAP diluted EPS $2.05 - $2.25,EPS non-GAAP,2.05,2.25,USD per share,Q4 FY2026,2026-07-29,https://www.sec.gov/Archives/edgar/data/804328/000080432826000085/qcom062826erex991.htm,0000804328-26-000085,8-K,2026-07-29,2026-10-01T13:52:36Z,022e96bacdecbdde8404d422ff302476f1e473051dbf3dd6a60ee6974e2cb6a3,Non-GAAP diluted EPS $2.05 - $2.25,,,,,,,,,,"reported value falls outside [2.05, 2.25]",open,,,,,,,,,,,2026-10-02,navneet,false,false,,false,false,false,,unresolved,section,Current Guidance,,,,period not closed,,,yes,"Excerpt states 'Non-GAAP diluted EPS $2.05 - $2.25' which matches the metric (non-GAAP EPS), numbers ($2.05 to $2.25 per share), and unit (USD per share). The section heading 'Current Guidance' indica",,,,,,,,"{""aid_flag_note"": """", ""assumption.metric"": ""EPS non-GAAP"", ""assumption.stated_at"": ""2026-07-29"", ""assumption.target_high"": ""2.25"", ""assumption.target_low"": ""2.05"", ""assumption.target_period"": ""Q4 FY2026"", ""assumption.text"": ""Non-GAAP diluted EPS $2.05 - $2.25"", ""assumption.unit"": ""USD per share"", ""claim"": ""QUALCOMM Incorporated expects EPS non-GAAP of $2.05 per share to $2.25 per share for Q4 FY2026."", ""conflict"": ""false"", ""invalidation_condition"": ""reported value falls outside [2.05, 2.25]""}"
01D2E0WA00BVHTG5YK5Z72M2Z4,QUALCOMM Incorporated,QCOM,0000804328,,,,,,,,2019-01-30,https://www.sec.gov/Archives/edgar/data/804328/000172894919000011/qcom123018erex991.htm,0001728949-19-000011,8-K,2019-01-30,2026-10-01T13:51:02Z,07933205bb6b98d374881807d27a9db91fb1ed4ca9c12e27c4587d1e4c413f93,"The following statements are forward looking, and actual results may differ materially. The “Note Regarding Forward-Looking Statements” in this news release provides a description of certain risks that we face, and our most recent annual report on file with the Securities and Exchange Commission (SEC) provides a more complete description of risks.
Our outlook does not include provisions for future",,,,,,,,,,,open,,,,,,,,,,,,,false,false,,false,true,false,,,section,Business Outlook,,,,,the model returned no items,,,,,,,,,,,
01D2E0WA00FVBNP2MEFSADHBZE,QUALCOMM Incorporated,QCOM,0000804328,,,,,,,,2019-01-30,https://www.sec.gov/Archives/edgar/data/804328/000172894919000011/qcom123018erex991.htm,0001728949-19-000011,8-K,2019-01-30,2026-10-01T13:51:02Z,07933205bb6b98d374881807d27a9db91fb1ed4ca9c12e27c4587d1e4c413f93,"Q2 FY19 Estimates (2)(3)
Revenues
$5.2B
$4.4B - $5.2B",,,,,,,,,,,open,,,,,,,,,,,,,false,false,,false,true,false,,,section,Current Guidance,,,,,"1 item(s) returned, all rejected: a range, but the evidence has no 'to', 'between', dash or plus or minus",,,,,,,,,,,
01D9RB1Q009H9JBTDFHMDV1HPY,QUALCOMM Incorporated,QCOM,0000804328,,,,,,,,2019-05-01,https://www.sec.gov/Archives/edgar/data/804328/000172894919000034/qcom033119erex991.htm,0001728949-19-000034,8-K,2019-05-01,2026-10-01T13:51:07Z,2eeaa38fa6ecdba611253033b1319d2b725a209037ee83d7edaa5ddbf139b2d7,"Q3 FY19 Estimates (2)(3)
GAAP Revenues
$5.6B
$9.2B - $10.2B",,,,,,,,,,,open,,,,,,,,,,,,,false,false,,false,true,false,,,section,Current Guidance,,,,,"1 item(s) returned, all rejected: a range, but the evidence has no 'to', 'between', dash or plus or minus",,,,,,,,,,,
01DH2N7400CKCFBJT2B6F038D1,QUALCOMM Incorporated,QCOM,0000804328,,,,,,,,2019-07-31,https://www.sec.gov/Archives/edgar/data/804328/000172894919000053/qcom063019erex991.htm,0001728949-19-000053,8-K,2019-07-31,2026-10-01T13:51:10Z,9d7b45e4ab2bf367141f790c763e78cf1a7d2d990b9f6d6dd0c9d8b94d31baee,"Q4 FY19 Estimates (2)(3)
Revenues
$5.8B
$4.3B - $5.1B",,,,,,,,,,,open,,,,,,,,,,,,,false,false,,false,true,false,,,section,Current Guidance,,,,,"1 item(s) returned, all rejected: a range, but the evidence has no 'to', 'between', dash or plus or minus",,,,,,,,,,,
01DRZ05J004RSMSC3D51DHR4AQ,QUALCOMM Incorporated,QCOM,0000804328,,,,,,,,2019-11-06,https://www.sec.gov/Archives/edgar/data/804328/000172894919000071/qcom092919erex991.htm,0001728949-19-000071,8-K,2019-11-06,2026-10-01T13:51:13Z,a7dde6b1ea4585b4d0bd4037994507bc7154453a23b6190a0bb4a5a9e92fabba,"Q1 FY20 Estimates (2)(3)
Revenues
$4.8B
$4.4B - $5.2B",,,,,,,,,,,open,,,,,,,,,,,,,false,false,,false,true,false,,,section,Current Guidance,,,,,"1 item(s) returned, all rejected: a range, but the evidence has no 'to', 'between', dash or plus or minus",,,,,,,,,,,
01E09AAZ00P3337357TH0E7C6C,QUALCOMM Incorporated,QCOM,0000804328,,,,,,,,2020-02-05,https://www.sec.gov/Archives/edgar/data/804328/000172894920000010/qcom122919erex991.htm,0001728949-20-000010,8-K,2020-02-05,2026-10-01T13:51:17Z,03d756ec63c74bb29f6bcaefaf53ca92a11c142cb18b5e20eebb2afeacfc5040,"Q2 FY20 Estimates (1)(2)(3)
Revenues
$4.9B - $5.7B",,,,,,,,,,,open,,,,,,,,,,,,,false,false,,false,true,false,,,section,Current Guidance,,,,,"1 item(s) returned, all rejected: a range, but the evidence has no 'to', 'between', dash or plus or minus",,,,,,,,,,,
01E71KQB00D0EE10BGCPEE3NQG,QUALCOMM Incorporated,QCOM,0000804328,,,,,,,,2020-04-29,https://www.sec.gov/Archives/edgar/data/804328/000172894920000030/qcom032920erex991.htm,0001728949-20-000030,8-K,2020-04-29,2026-10-01T13:51:23Z,39d09165c23e03cff7632a344c47b9e59501d2cdd14e61670634d7a7121e1e9d,"Q3 FY20 Estimates (1)(2)
Revenues $4.4B - $5.2B",,,,,,,,,,,open,,,,,,,,,,,,,false,false,,false,true,false,,,section,Current Guidance,,,,,"1 item(s) returned, all rejected: a range, but the evidence has no 'to', 'between', dash or plus or minus",,,,,,,,,,,
01EP88V60090BFMHCHK3PRJ9MX,QUALCOMM Incorporated,QCOM,0000804328,,,,,,,,2020-11-04,https://www.sec.gov/Archives/edgar/data/804328/000172894920000066/qcom092720erex991.htm,0001728949-20-000066,8-K,2020-11-04,2026-10-01T13:51:38Z,395e0ed880ee6ed2c05616d8b8777d84de1c621b2520e9657cf41a643dced272,"Q1 FY21 Estimates1
Revenues $7.8B - $8.6B",,,,,,,,,,,open,,,,,,,,,,,,,false,false,,false,true,false,,,section,Current Guidance,"The following table summarizes stock repurchases, before commissions, and dividends paid during the fourth quarter and fiscal 2020:",,,,"1 item(s) returned, all rejected: a range, but the evidence has no 'to', 'between', dash or plus or minus",,,,,,,,,,,
01GGTT6E00YJHG8472M7RQDMDF,QUALCOMM Incorporated,QCOM,0000804328,,,,,,,,2022-11-02,https://www.sec.gov/Archives/edgar/data/804328/000080432822000020/qcom092522erex991.htm,0000804328-22-000020,8-K,2022-11-02,2026-10-01T13:51:59Z,785d961c68e10a93346b37c86d40bf0134e4b84fb5c28e428a7a62a4f6441860,"The following statements are forward looking, and actual results may differ materially. The “Note Regarding Forward-Looking Statements” in this news release provides a description of certain risks that we face, and our most recent annual report on file with the Securities and Exchange Commission (SEC) provides a more complete description of our risks.
Given the uncertainty caused by the macroecono",,,,,,,,,,,open,,,,,,,,,,,,,false,false,,false,true,false,,,section,Business Outlook,,,,,the model returned no items,,,,,,,,,,,
01GR7PRJ001KATNRG9D78VR8ZB,QUALCOMM Incorporated,QCOM,0000804328,,,,,,,,2023-02-02,https://www.sec.gov/Archives/edgar/data/804328/000080432823000005/qcom122522erex991.htm,0000804328-23-000005,8-K,2023-02-02,2026-10-01T13:52:02Z,35064b02a942c5a1abcb18085af977faca548b892abee5f85b535039d7d6ef02,"—QCT Automotive: 58% Year-Over-Year Growth in Revenues—
—QCT IoT: 7% Year-Over-Year Growth in Revenues—
SAN DIEGO - February 2, 2023 - Qualcomm Incorporated (NASDAQ: QCOM) today announced results for its fiscal first quarter ended December 25, 2022.
“In a challenging environment, we delivered results consistent with guidance, including year-over-year growth in QCT Automotive and IoT,” said Cristia",,,,,,,,,,,open,,,,,,,,,,,,,false,false,,false,true,false,,,section,—EPS Above Midpoint of Guidance Range—,Qualcomm Contact:,,,,the model returned no items,,,,,,,,,,,
01EEBXWR007MQ2M6MBJ6GTD1DW,QUALCOMM Incorporated,QCOM,0000804328,QUALCOMM Incorporated expects EPS GAAP of $1.38 per share for Q4 FY2020.,(3) Our guidance for revenues and diluted EPS attributable to other items for the fourth quarter of fiscal 2020 includes estimated revenues of approximately $1.8 billion and estimated EPS of $1.38 per share related to amounts due from Huawei under the settlement agreement and estimated amounts due for the March 2020 and June 2020 quarters under the new global patent license agreement.,EPS GAAP,1.38,1.38,USD per share,Q4 FY2020,2020-07-29,https://www.sec.gov/Archives/edgar/data/804328/000172894920000056/qcom062820erex991.htm,0001728949-20-000056,8-K,2020-07-29,2026-10-01T13:51:31Z,70a4438451be97e91a18d9f0f326ef28e1cac0b4867329c5ba08f0f3e0f456d7,(3) Our guidance for revenues and diluted EPS attributable to other items for the fourth quarter of fiscal 2020 includes estimated revenues of approximately $1.8 billion and estimated EPS of $1.38 per share related to amounts due from Huawei under the settlement agreement and estimated amounts due for the March 2020 and June 2020 quarters under the new global patent license agreement.,2.58,2020-11-04,https://www.sec.gov/Archives/edgar/data/804328/000172894920000066/qcom092720erex991.htm,0001728949-20-000066,8-K,2020-11-04,2026-10-01T13:51:38Z,395e0ed880ee6ed2c05616d8b8777d84de1c621b2520e9657cf41a643dced272,"Fourth Quarter EPS: GAAP $2.58, Non-GAAP $1.45",reported value differs from 1.38 by more than 0.5%,open,,,,,,,,,98,,2026-10-02,navneet,false,false,,false,false,false,,missed,sentence,,,,,,,,yes,"Excerpt states 'estimated EPS of $1.38 per share' for the fourth quarter of fiscal 2020, matching the claimed GAAP EPS guidance of $1.38 per share for Q4 FY2020.",,,,,,,,"{""aid_flag_note"": """", ""assumption.metric"": ""EPS GAAP"", ""assumption.stated_at"": ""2020-07-29"", ""assumption.target_high"": ""1.38"", ""assumption.target_low"": ""1.38"", ""assumption.target_period"": ""Q4 FY2020"", ""assumption.text"": ""(3) Our guidance for revenues and diluted EPS attributable to other items for the fourth quarter of fiscal 2020 includes estimated revenues of approximately $1.8 billion and estimated EPS of $1.38 per share related to amounts due from Huawei under the settlement agreement and estimated amounts due for the March 2020 and June 2020 quarters under the new global patent license agreement."", ""assumption.unit"": ""USD per share"", ""claim"": ""QUALCOMM Incorporated expects EPS GAAP of $1.38 per share for Q4 FY2020."", ""conflict"": ""false"", ""invalidation_condition"": ""reported value differs from 1.38 by more than 0.5%""}"
01D2E0WA00D4VXXRRHF1YXZ85X,QUALCOMM Incorporated,QCOM,0000804328,QUALCOMM Incorporated expects tax rate of 7% for FY2019.,Our fiscal 2019 annual effective income tax rates are estimated to be 7% benefit for GAAP and 0% for Non-GAAP.,tax rate,7.0,7.0,percent,FY2019,2019-01-30,https://www.sec.gov/Archives/edgar/data/804328/000172894919000011/qcom123018erex991.htm,0001728949-19-000011,8-K,2019-01-30,2026-10-01T13:51:02Z,07933205bb6b98d374881807d27a9db91fb1ed4ca9c12e27c4587d1e4c413f93,Our fiscal 2019 annual effective income tax rates are estimated to be 7% benefit for GAAP and 0% for Non-GAAP.,,,,,,,,,,reported value differs from 7 by more than 0.5%,open,,,,,,,,,,,2026-10-02,navneet,false,false,,false,false,false,,unresolved,sentence,,,,,model output rejected,,,yes,"Excerpt states 'fiscal 2019 annual effective income tax rates are estimated to be 7% benefit for GAAP', which matches the guidance of 7% tax rate for FY2019.",,,,,,,,"{""aid_flag_note"": """", ""assumption.metric"": ""tax rate"", ""assumption.stated_at"": ""2019-01-30"", ""assumption.target_high"": ""7.0"", ""assumption.target_low"": ""7.0"", ""assumption.target_period"": ""FY2019"", ""assumption.text"": ""Our fiscal 2019 annual effective income tax rates are estimated to be 7% benefit for GAAP and 0% for Non-GAAP."", ""assumption.unit"": ""percent"", ""claim"": ""QUALCOMM Incorporated expects tax rate of 7% for FY2019."", ""conflict"": ""false"", ""invalidation_condition"": ""reported value differs from 7 by more than 0.5%""}"
01D9RB1Q00K13T3X6F4K1P0ZAJ,QUALCOMM Incorporated,QCOM,0000804328,QUALCOMM Incorporated expects tax rate of 16% to 17% for Q3 FY2019.,We estimate our tax rates for the third quarter of fiscal 2019 to be 16% to 17% for GAAP and 14% to 15% for Non-GAAP.,tax rate,16.0,17.0,percent,Q3 FY2019,2019-05-01,https://www.sec.gov/Archives/edgar/data/804328/000172894919000034/qcom033119erex991.htm,0001728949-19-000034,8-K,2019-05-01,2026-10-01T13:51:07Z,2eeaa38fa6ecdba611253033b1319d2b725a209037ee83d7edaa5ddbf139b2d7,We estimate our tax rates for the third quarter of fiscal 2019 to be 16% to 17% for GAAP and 14% to 15% for Non-GAAP.,61.0,2019-07-31,https://www.sec.gov/Archives/edgar/data/804328/000172894919000053/qcom063019erex991.htm,0001728949-19-000053,8-K,2019-07-31,2026-10-01T13:51:10Z,9d7b45e4ab2bf367141f790c763e78cf1a7d2d990b9f6d6dd0c9d8b94d31baee,The effective income tax rates for the third quarter of fiscal 2019 were 61% for GAAP and 11% for Non-GAAP.,"reported value falls outside [16, 17]",open,,,,,,,,,91,,2026-10-02,navneet,false,false,,false,false,false,,missed,sentence,,,,,,,,yes,"Excerpt states 'We estimate our tax rates for the third quarter of fiscal 2019 to be 16% to 17% for GAAP', which matches the metric (tax rate), period (Q3 FY2019), and range (16% to 17%) exactly.",,,,,,,,"{""aid_flag_note"": """", ""assumption.metric"": ""tax rate"", ""assumption.stated_at"": ""2019-05-01"", ""assumption.target_high"": ""17.0"", ""assumption.target_low"": ""16.0"", ""assumption.target_period"": ""Q3 FY2019"", ""assumption.text"": ""We estimate our tax rates for the third quarter of fiscal 2019 to be 16% to 17% for GAAP and 14% to 15% for Non-GAAP."", ""assumption.unit"": ""percent"", ""claim"": ""QUALCOMM Incorporated expects tax rate of 16% to 17% for Q3 FY2019."", ""conflict"": ""false"", ""invalidation_condition"": ""reported value falls outside [16, 17]""}"
01D9RB1Q00RZQ1FNHXT7CVWGP5,QUALCOMM Incorporated,QCOM,0000804328,QUALCOMM Incorporated expects revenue of $150 million for Q3 FY2019.,"Our financial guidance for the third quarter of fiscal 2019 also includes $150 million of QTL revenues from Huawei, which represents a minimum, non-refundable amount for royalties due by Huawei while negotiations continue.",revenue,150.0,150.0,USD millions,Q3 FY2019,2019-05-01,https://www.sec.gov/Archives/edgar/data/804328/000172894919000034/qcom033119erex991.htm,0001728949-19-000034,8-K,2019-05-01,2026-10-01T13:51:07Z,2eeaa38fa6ecdba611253033b1319d2b725a209037ee83d7edaa5ddbf139b2d7,"Our financial guidance for the third quarter of fiscal 2019 also includes $150 million of QTL revenues from Huawei, which represents a minimum, non-refundable amount for royalties due by Huawei while negotiations continue.",,,,,,,,,,reported value differs from 150 by more than 0.5%,open,,,,,,,,,,,2026-10-02,navneet,false,false,,false,false,false,,unresolved,sentence,,,,,"multi-column, unconfirmed",,,yes,"Excerpt states '$150 million of QTL revenues from Huawei' for 'third quarter of fiscal 2019', matching the metric (revenue), number ($150 million), and period (Q3 FY2019) exactly.",,,,,,,,"{""aid_flag_note"": """", ""assumption.metric"": ""revenue"", ""assumption.stated_at"": ""2019-05-01"", ""assumption.target_high"": ""150.0"", ""assumption.target_low"": ""150.0"", ""assumption.target_period"": ""Q3 FY2019"", ""assumption.text"": ""Our financial guidance for the third quarter of fiscal 2019 also includes $150 million of QTL revenues from Huawei, which represents a minimum, non-refundable amount for royalties due by Huawei while negotiations continue."", ""assumption.unit"": ""USD millions"", ""claim"": ""QUALCOMM Incorporated expects revenue of $150 million for Q3 FY2019."", ""conflict"": ""false"", ""invalidation_condition"": ""reported value differs from 150 by more than 0.5%""}"
01D9RB1Q00F8869PJR4VBWHVV7,QUALCOMM Incorporated,QCOM,0000804328,QUALCOMM Incorporated expects EPS GAAP of $3.1 per share to $3.2 per share for Q3 FY2019.,"Our guidance for revenues and diluted EPS attributable to other items for the third quarter of fiscal 2019 is primarily attributable to the settlement of our prior disputes with Apple and the contract manufacturers, resulting in estimated revenues of $4.5 billion to $4.7 billion and estimated EPS of $3.10 to $3.20 per share.",EPS GAAP,3.1,3.2,USD per share,Q3 FY2019,2019-05-01,https://www.sec.gov/Archives/edgar/data/804328/000172894919000034/qcom033119erex991.htm,0001728949-19-000034,8-K,2019-05-01,2026-10-01T13:51:07Z,2eeaa38fa6ecdba611253033b1319d2b725a209037ee83d7edaa5ddbf139b2d7,"Our guidance for revenues and diluted EPS attributable to other items for the third quarter of fiscal 2019 is primarily attributable to the settlement of our prior disputes with Apple and the contract manufacturers, resulting in estimated revenues of $4.5 billion to $4.7 billion and estimated EPS of $3.10 to $3.20 per share.",,,,,,,,,,"reported value falls outside [3.1, 3.2]",open,,,,,,,,,,,2026-10-02,navneet,false,false,,false,false,false,,unresolved,sentence,,,,,the model found no line reporting that metric for that period,,,yes,"Excerpt states 'estimated EPS of $3.10 to $3.20 per share' for 'third quarter of fiscal 2019', matching the claimed range of $3.1 to $3.2 per share for Q3 FY2019.",,,,,,,,"{""aid_flag_note"": """", ""assumption.metric"": ""EPS GAAP"", ""assumption.stated_at"": ""2019-05-01"", ""assumption.target_high"": ""3.2"", ""assumption.target_low"": ""3.1"", ""assumption.target_period"": ""Q3 FY2019"", ""assumption.text"": ""Our guidance for revenues and diluted EPS attributable to other items for the third quarter of fiscal 2019 is primarily attributable to the settlement of our prior disputes with Apple and the contract manufacturers, resulting in estimated revenues of $4.5 billion to $4.7 billion and estimated EPS of $3.10 to $3.20 per share."", ""assumption.unit"": ""USD per share"", ""claim"": ""QUALCOMM Incorporated expects EPS GAAP of $3.1 per share to $3.2 per share for Q3 FY2019."", ""conflict"": ""false"", ""invalidation_condition"": ""reported value falls outside [3.1, 3.2]""}"
01DH2N7400686VE3Q70DQS9QA9,QUALCOMM Incorporated,QCOM,0000804328,QUALCOMM Incorporated expects tax rate of 41% for FY2019.,Our estimated annual effective tax rates for fiscal 2019 are 41% for GAAP and 0% for Non-GAAP.,tax rate,41.0,41.0,percent,FY2019,2019-07-31,https://www.sec.gov/Archives/edgar/data/804328/000172894919000053/qcom063019erex991.htm,0001728949-19-000053,8-K,2019-07-31,2026-10-01T13:51:10Z,9d7b45e4ab2bf367141f790c763e78cf1a7d2d990b9f6d6dd0c9d8b94d31baee,Our estimated annual effective tax rates for fiscal 2019 are 41% for GAAP and 0% for Non-GAAP.,41.0,2019-11-06,https://www.sec.gov/Archives/edgar/data/804328/000172894919000071/qcom092919erex991.htm,0001728949-19-000071,8-K,2019-11-06,2026-10-01T13:51:13Z,a7dde6b1ea4585b4d0bd4037994507bc7154453a23b6190a0bb4a5a9e92fabba,Our annual effective income tax rates for fiscal 2019 were 41% provision for GAAP and 1% benefit for Non-GAAP.,reported value differs from 41 by more than 0.5%,open,,,,,,,,,98,,2026-10-02,navneet,false,false,,false,false,false,,met,sentence,,,,,,,,yes,"Excerpt states 'estimated annual effective tax rates for fiscal 2019 are 41% for GAAP', matching the GAAP tax rate of 41% for FY2019.",,,,,,,,"{""aid_flag_note"": """", ""assumption.metric"": ""tax rate"", ""assumption.stated_at"": ""2019-07-31"", ""assumption.target_high"": ""41.0"", ""assumption.target_low"": ""41.0"", ""assumption.target_period"": ""FY2019"", ""assumption.text"": ""Our estimated annual effective tax rates for fiscal 2019 are 41% for GAAP and 0% for Non-GAAP."", ""assumption.unit"": ""percent"", ""claim"": ""QUALCOMM Incorporated expects tax rate of 41% for FY2019."", ""conflict"": ""false"", ""invalidation_condition"": ""reported value differs from 41 by more than 0.5%""}"
01DH2N7400P7Q6NMPPXAPJY8M4,QUALCOMM Incorporated,QCOM,0000804328,QUALCOMM Incorporated expects tax rate of 16% for Q4 FY2019.,We estimate our tax rates for the fourth quarter of fiscal 2019 to be 16% for GAAP and 13% for Non-GAAP.,tax rate,16.0,16.0,percent,Q4 FY2019,2019-07-31,https://www.sec.gov/Archives/edgar/data/804328/000172894919000053/qcom063019erex991.htm,0001728949-19-000053,8-K,2019-07-31,2026-10-01T13:51:10Z,9d7b45e4ab2bf367141f790c763e78cf1a7d2d990b9f6d6dd0c9d8b94d31baee,We estimate our tax rates for the fourth quarter of fiscal 2019 to be 16% for GAAP and 13% for Non-GAAP.,18.0,2019-11-06,https://www.sec.gov/Archives/edgar/data/804328/000172894919000071/qcom092919erex991.htm,0001728949-19-000071,8-K,2019-11-06,2026-10-01T13:51:13Z,a7dde6b1ea4585b4d0bd4037994507bc7154453a23b6190a0bb4a5a9e92fabba,Our effective income tax rates for the fourth quarter of fiscal 2019 were 18% for GAAP and 10% for Non-GAAP.,reported value differs from 16 by more than 0.5%,open,,,,,,,,,98,,2026-10-02,navneet,false,false,,false,false,false,,missed,sentence,,,,,,,,yes,"Excerpt states 'We estimate our tax rates for the fourth quarter of fiscal 2019 to be 16% for GAAP', matching the guidance of 16% tax rate for Q4 FY2019.",,,,,,,,"{""aid_flag_note"": """", ""assumption.metric"": ""tax rate"", ""assumption.stated_at"": ""2019-07-31"", ""assumption.target_high"": ""16.0"", ""assumption.target_low"": ""16.0"", ""assumption.target_period"": ""Q4 FY2019"", ""assumption.text"": ""We estimate our tax rates for the fourth quarter of fiscal 2019 to be 16% for GAAP and 13% for Non-GAAP."", ""assumption.unit"": ""percent"", ""claim"": ""QUALCOMM Incorporated expects tax rate of 16% for Q4 FY2019."", ""conflict"": ""false"", ""invalidation_condition"": ""reported value differs from 16 by more than 0.5%""}"
01E71KQB00WCPKHTCETYVYVEA4,QUALCOMM Incorporated,QCOM,0000804328,QUALCOMM Incorporated expects EPS GAAP of no more than $-0.3 per share for Q3 FY2020.,"Given the uncertainty caused by the COVID-19 pandemic, including the timing and pace of economic recovery, our guidance for the third quarter of fiscal 2020 is based on a planning assumption that there will be an approximate 30% reduction in handset shipments relative to our prior expectations, resulting in an estimated impact of greater than ($0.30) to EPS in the third quarter of fiscal 2020.",EPS GAAP,,-0.3,USD per share,Q3 FY2020,2020-04-29,https://www.sec.gov/Archives/edgar/data/804328/000172894920000030/qcom032920erex991.htm,0001728949-20-000030,8-K,2020-04-29,2026-10-01T13:51:23Z,39d09165c23e03cff7632a344c47b9e59501d2cdd14e61670634d7a7121e1e9d,"Given the uncertainty caused by the COVID-19 pandemic, including the timing and pace of economic recovery, our guidance for the third quarter of fiscal 2020 is based on a planning assumption that there will be an approximate 30% reduction in handset shipments relative to our prior expectations, resulting in an estimated impact of greater than ($0.30) to EPS in the third quarter of fiscal 2020.",0.74,2020-07-29,https://www.sec.gov/Archives/edgar/data/804328/000172894920000056/qcom062820erex991.htm,0001728949-20-000056,8-K,2020-07-29,2026-10-01T13:51:31Z,70a4438451be97e91a18d9f0f326ef28e1cac0b4867329c5ba08f0f3e0f456d7,"GAAP EPS $0.74, Non-GAAP EPS $0.86",reported value is above -0.3,open,,,,,,,,,91,,2026-10-02,navneet,false,false,,false,false,false,,missed,sentence,Business Outlook,,,,,,,yes,"The excerpt states 'an estimated impact of greater than ($0.30) to EPS in the third quarter of fiscal 2020', which matches the claim of no more than $-0.3 per share (i.e., EPS impact of -$0.30 or wors",,,,,,,,"{""aid_flag_note"": """", ""assumption.metric"": ""EPS GAAP"", ""assumption.stated_at"": ""2020-04-29"", ""assumption.target_high"": ""-0.3"", ""assumption.target_low"": """", ""assumption.target_period"": ""Q3 FY2020"", ""assumption.text"": ""Given the uncertainty caused by the COVID-19 pandemic, including the timing and pace of economic recovery, our guidance for the third quarter of fiscal 2020 is based on a planning assumption that there will be an approximate 30% reduction in handset shipments relative to our prior expectations, resulting in an estimated impact of greater than ($0.30) to EPS in the third quarter of fiscal 2020."", ""assumption.unit"": ""USD per share"", ""claim"": ""QUALCOMM Incorporated expects EPS GAAP of no more than $-0.3 per share for Q3 FY2020."", ""conflict"": ""false"", ""invalidation_condition"": ""reported value is above -0.3""}"
01EEBXWR00GYZE4DAYPDDCKW8T,QUALCOMM Incorporated,QCOM,0000804328,QUALCOMM Incorporated expects revenue of $1.8 billion for Q4 FY2020.,(3) Our guidance for revenues and diluted EPS attributable to other items for the fourth quarter of fiscal 2020 includes estimated revenues of approximately $1.8 billion and estimated EPS of $1.38 per share related to amounts due from Huawei under the settlement agreement and estimated amounts due for the March 2020 and June 2020 quarters under the new global patent license agreement.,revenue,1.8,1.8,USD billions,Q4 FY2020,2020-07-29,https://www.sec.gov/Archives/edgar/data/804328/000172894920000056/qcom062820erex991.htm,0001728949-20-000056,8-K,2020-07-29,2026-10-01T13:51:31Z,70a4438451be97e91a18d9f0f326ef28e1cac0b4867329c5ba08f0f3e0f456d7,(3) Our guidance for revenues and diluted EPS attributable to other items for the fourth quarter of fiscal 2020 includes estimated revenues of approximately $1.8 billion and estimated EPS of $1.38 per share related to amounts due from Huawei under the settlement agreement and estimated amounts due for the March 2020 and June 2020 quarters under the new global patent license agreement.,,,,,,,,,,reported value differs from 1.8 by more than 0.5%,open,,,,,,,,,,,2026-10-02,navneet,false,false,,false,false,false,,unresolved,sentence,,,,,"multi-column, unconfirmed",,,yes,"Excerpt states 'estimated revenues of approximately $1.8 billion' for the fourth quarter of fiscal 2020, which matches the metric, number, unit, and period given.",,,,,,,,"{""aid_flag_note"": """", ""assumption.metric"": ""revenue"", ""assumption.stated_at"": ""2020-07-29"", ""assumption.target_high"": ""1.8"", ""assumption.target_low"": ""1.8"", ""assumption.target_period"": ""Q4 FY2020"", ""assumption.text"": ""(3) Our guidance for revenues and diluted EPS attributable to other items for the fourth quarter of fiscal 2020 includes estimated revenues of approximately $1.8 billion and estimated EPS of $1.38 per share related to amounts due from Huawei under the settlement agreement and estimated amounts due for the March 2020 and June 2020 quarters under the new global patent license agreement."", ""assumption.unit"": ""USD billions"", ""claim"": ""QUALCOMM Incorporated expects revenue of $1.8 billion for Q4 FY2020."", ""conflict"": ""false"", ""invalidation_condition"": ""reported value differs from 1.8 by more than 0.5%""}"
01K98N0B00CB1MAG4BRF8B4GPQ,QUALCOMM Incorporated,QCOM,0000804328,QUALCOMM Incorporated expects tax rate of 13% to 14% for FY2026.,"With the enactment of recent U.S. tax legislation in the One Big Beautiful Bill Act, we now expect our effective tax rate to generally remain in the 13% to 14% range and anticipate lower cash tax payments in future periods.",tax rate,13.0,14.0,percent,FY2026,2025-11-05,https://www.sec.gov/Archives/edgar/data/804328/000080432825000084/qcom092825erex991.htm,0000804328-25-000084,8-K,2025-11-05,2026-10-01T13:52:30Z,699ab049aacd3772023faa742c1ef221e96d525e352deae4be87cb8956e3deb2,"With the enactment of recent U.S. tax legislation in the One Big Beautiful Bill Act, we now expect our effective tax rate to generally remain in the 13% to 14% range and anticipate lower cash tax payments in future periods.",,,,,,,,,,"reported value falls outside [13, 14]",open,,,,,,,,,,,2026-10-02,navneet,false,false,,false,false,false,,unresolved,sentence,,,,,period not closed,,,yes,Excerpt states 'we now expect our effective tax rate to generally remain in the 13% to 14% range' which directly matches the guidance of 13% to 14% tax rate. While the excerpt does not explicitly stat,,,,,,,,"{""aid_flag_note"": """", ""assumption.metric"": ""tax rate"", ""assumption.stated_at"": ""2025-11-05"", ""assumption.target_high"": ""14.0"", ""assumption.target_low"": ""13.0"", ""assumption.target_period"": ""FY2026"", ""assumption.text"": ""With the enactment of recent U.S. tax legislation in the One Big Beautiful Bill Act, we now expect our effective tax rate to generally remain in the 13% to 14% range and anticipate lower cash tax payments in future periods."", ""assumption.unit"": ""percent"", ""claim"": ""QUALCOMM Incorporated expects tax rate of 13% to 14% for FY2026."", ""conflict"": ""false"", ""invalidation_condition"": ""reported value falls outside [13, 14]""}"
01KGJZ5R006V8PD5E20X0Z89CN,QUALCOMM Incorporated,QCOM,0000804328,QUALCOMM Incorporated expects tax rate of 13.5% for FY2026.,(2) Tax expense in the “Other Items” column represents an adjustment to arrive at our fixed estimated Non-GAAP tax rate of 13.5% for fiscal 2026.,tax rate,13.5,13.5,percent,FY2026,2026-02-04,https://www.sec.gov/Archives/edgar/data/804328/000080432826000016/qcom122825erex991.htm,0000804328-26-000016,8-K,2026-02-04,2026-10-01T13:52:32Z,414d34f333339da9b256c662c77647b0e87cae3e11c157121f83c92345c52b67,(2) Tax expense in the “Other Items” column represents an adjustment to arrive at our fixed estimated Non-GAAP tax rate of 13.5% for fiscal 2026.,,,,,,,,,,reported value differs from 13.5 by more than 0.5%,open,,,,,,,,,,,2026-10-02,navneet,false,false,,false,false,false,,unresolved,sentence,,,,,period not closed,,,yes,"Excerpt explicitly states 'fixed estimated Non-GAAP tax rate of 13.5% for fiscal 2026', matching the metric, value, and period exactly.",,,,,,,,"{""aid_flag_note"": """", ""assumption.metric"": ""tax rate"", ""assumption.stated_at"": ""2026-02-04"", ""assumption.target_high"": ""13.5"", ""assumption.target_low"": ""13.5"", ""assumption.target_period"": ""FY2026"", ""assumption.text"": ""(2) Tax expense in the \u201cOther Items\u201d column represents an adjustment to arrive at our fixed estimated Non-GAAP tax rate of 13.5% for fiscal 2026."", ""assumption.unit"": ""percent"", ""claim"": ""QUALCOMM Incorporated expects tax rate of 13.5% for FY2026."", ""conflict"": ""false"", ""invalidation_condition"": ""reported value differs from 13.5 by more than 0.5%""}"
