record_id,company,ticker,cik,claim,assumption.text,assumption.metric,assumption.target_low,assumption.target_high,assumption.unit,assumption.target_period,assumption.stated_at,assumption.evidence.source_url,assumption.evidence.accession_number,assumption.evidence.filing_type,assumption.evidence.filed_at,assumption.evidence.fetched_at,assumption.evidence.content_sha256,assumption.evidence.excerpt,outcome.reported_value,outcome.reported_at,outcome.evidence.source_url,outcome.evidence.accession_number,outcome.evidence.filing_type,outcome.evidence.filed_at,outcome.evidence.fetched_at,outcome.evidence.content_sha256,outcome.evidence.excerpt,invalidation_condition,status,acknowledged_at,acknowledgement_evidence.source_url,acknowledgement_evidence.accession_number,acknowledgement_evidence.filing_type,acknowledgement_evidence.filed_at,acknowledgement_evidence.fetched_at,acknowledgement_evidence.content_sha256,acknowledgement_evidence.excerpt,days_to_falsifiable,days_to_acknowledged,last_reviewed_at,reviewer,approved,hand_verified,reviewer_note,conflict,empty_block,ack_pending_review,aid_proposed_status,aid_capture_method,aid_heading,aid_lead_in,aid_table_header,aid_value_column,aid_outcome_note,aid_flag_note,aid_withdrawal_note,aid_verify,aid_verify_reason,aid_verify_class,aid_suggested_note,aid_ack_proposed_at,aid_ack_proposed_excerpt,aid_ack_proposed_url,aid_ack_proposed_evidence
01H0GXPK007ET4E7VP31ZYKXD9,"The Home Depot, Inc.",HD,0000354950,"The Home Depot, Inc. expects other income and expense of $-1.8 billion for FY2023.",•Interest expense of approximately $1.8 billion,other income and expense,-1.8,-1.8,USD billions,FY2023,2023-05-16,https://www.sec.gov/Archives/edgar/data/354950/000035495023000110/hd_exhibit991x4302023.htm,0000354950-23-000110,8-K,2023-05-16,2026-10-01T12:43:22Z,687745f6483c30a0759a6d26ae0488de1a630ec1180f2977033671344d1c14b7,•Interest expense of approximately $1.8 billion,,,,,,,,,,reported value differs from -1.8 by more than 0.5%,open,,,,,,,,,,,2026-10-02,navneet,false,false,,false,false,false,unresolved,section,Fiscal 2023 Guidance,,,,the matching release has no line naming the metric with a number,"'other income and expense' evidence says 'expense of': the figure was read as a net expense (negative), whatever sign the model gave it",,no,"The excerpt states 'Interest expense of approximately $1.8 billion' which is a specific component of other income and expense, not the total other income and expense metric. The claim requests the agg",wrong_metric,CHECK: metric,,,,
01JMX6EG008R7YV0GW0JSG9QQG,"The Home Depot, Inc.",HD,0000354950,"The Home Depot, Inc. expects other income and expense of $-2.2 billion for FY2025.",•Net interest expense of approximately $2.2 billion,other income and expense,-2.2,-2.2,USD billions,FY2025,2025-02-25,https://www.sec.gov/Archives/edgar/data/354950/000035495025000030/hd_exhibit991x02022025.htm,0000354950-25-000030,8-K,2025-02-25,2026-10-01T12:43:38Z,fe8cf8ee6c4374091e7d5913e5080e8031d51783ba100fe00ddded602c293dd9,•Net interest expense of approximately $2.2 billion,,,,,,,,,,reported value differs from -2.2 by more than 0.5%,open,,,,,,,,,,,2026-10-02,navneet,false,false,,false,false,false,unresolved,section,Fiscal 2025 Guidance,,Fiscal 2024 | Fiscal 2025 Guidance,,the matching release has no line naming the metric with a number,"'other income and expense' evidence says 'expense of': the figure was read as a net expense (negative), whatever sign the model gave it",,no,"The excerpt states 'Net interest expense of approximately $2.2 billion', which is a specific component of other income and expense, not the total other income and expense metric. The claim requests th",wrong_metric,CHECK: metric,,,,
01JMX6EG00N96TARVGQBE7XWRT,"The Home Depot, Inc.",HD,0000354950,"The Home Depot, Inc. expects operating margin non-GAAP of -40 basis points for FY2025.",Our adjusted operating margin guidance for fiscal 2025 excludes an expected approximately 40 basis point impact from acquired intangible asset amortization.,operating margin non-GAAP,-40.0,-40.0,basis points,FY2025,2025-02-25,https://www.sec.gov/Archives/edgar/data/354950/000035495025000030/hd_exhibit991x02022025.htm,0000354950-25-000030,8-K,2025-02-25,2026-10-01T12:43:38Z,fe8cf8ee6c4374091e7d5913e5080e8031d51783ba100fe00ddded602c293dd9,Our adjusted operating margin guidance for fiscal 2025 excludes an expected approximately 40 basis point impact from acquired intangible asset amortization.,1280.0,2026-02-24,https://www.sec.gov/Archives/edgar/data/354950/000035495026000026/hd_exhibit991x02012026.htm,0000354950-26-000026,8-K,2026-02-24,2026-10-01T12:43:45Z,52b8adc772e09f42b9408a83481bec08509389b97df98553e1634971b2280820,Adjusted(1) operating margin of approximately 12.8% to 13.0%,reported value differs from -40 by more than 0.5%,open,,,,,,,,,364,,2026-10-02,navneet,false,false,,false,false,false,missed,sentence,,,,,,,,no,"The excerpt states an expected 40 basis point impact from amortization that is excluded from adjusted operating margin guidance, but does not state the actual adjusted operating margin guidance itself",not_guidance,"false alarm: forward verb, period, number present",,,,
01JVNFTW00T1G2P5HWVCC2V8AQ,"The Home Depot, Inc.",HD,0000354950,"The Home Depot, Inc. expects other income and expense of $-2.2 billion for FY2025.",•Net interest expense of approximately $2.2 billion,other income and expense,-2.2,-2.2,USD billions,FY2025,2025-05-20,https://www.sec.gov/Archives/edgar/data/354950/000035495025000133/hd_exhibit991x05042025.htm,0000354950-25-000133,8-K,2025-05-20,2026-10-01T12:43:39Z,0251e2adfe4476fa654a6c70b5617232fb989d10e644e2a149ccb30ba77e3b8c,•Net interest expense of approximately $2.2 billion,,,,,,,,,,reported value differs from -2.2 by more than 0.5%,open,,,,,,,,,,,2026-10-02,navneet,false,false,,false,false,false,unresolved,section,Fiscal 2025 Guidance,,,,the matching release has no line naming the metric with a number,"'other income and expense' evidence says 'expense of': the figure was read as a net expense (negative), whatever sign the model gave it",,no,"The excerpt states 'Net interest expense of approximately $2.2 billion', which is a specific component of other income and expense, not the total other income and expense metric. The claim requests th",wrong_metric,CHECK: metric,,,,
01KAA45P00XZ3SN3C1YZESABBR,"The Home Depot, Inc.",HD,0000354950,"The Home Depot, Inc. expects operating margin non-GAAP of 40 basis points for FY2025.",Our adjusted operating margin guidance for fiscal 2025 excludes an expected approximately 40 basis point impact from acquired intangible asset amortization.,operating margin non-GAAP,40.0,40.0,basis points,FY2025,2025-11-18,https://www.sec.gov/Archives/edgar/data/354950/000035495025000238/hd_exhibit991x11022025.htm,0000354950-25-000238,8-K,2025-11-18,2026-10-01T12:43:43Z,4a461efa5f513e6c3d9753908eccc72859e9daf427659361499f9c44c26f814e,Our adjusted operating margin guidance for fiscal 2025 excludes an expected approximately 40 basis point impact from acquired intangible asset amortization.,,,,,,,,,,reported value differs from 40 by more than 0.5%,open,,,,,,,,,,,2026-10-02,navneet,false,false,,false,false,false,unresolved,sentence,,,,,the model found no line reporting that metric for that period,,,no,"The excerpt states that 40 basis points is the impact FROM amortization that is EXCLUDED from adjusted operating margin guidance, not the operating margin guidance itself. The actual guidance figure i",not_guidance,"false alarm: forward verb, period, number present",,,,
01FWFBMK00QS0GW75ZCMY7V97F,"The Home Depot, Inc.",HD,0000354950,"The Home Depot, Inc. expects tax rate of 24.6% for FY2022.",•Tax rate of approximately 24.6 percent,tax rate,24.6,24.6,percent,FY2022,2022-02-22,https://www.sec.gov/Archives/edgar/data/354950/000035495022000025/hd_ex991x01302022xactive.htm,0000354950-22-000025,8-K,2022-02-22,2026-10-01T12:43:10Z,cf7a50e058865cfb92fefce0051bc6531f106ac8fdaf5355c4225bc3bcae37c2,•Tax rate of approximately 24.6 percent,,,,,,,,,,reported value differs from 24.6 by more than 0.5%,open,,,,,,,,,,,2026-10-02,navneet,false,false,,false,false,false,unresolved,section,Fiscal 2022 Guidance:,,Fiscal 2021 | Fiscal 2022 Guidance,,the model found no line reporting that metric for that period,,,yes,"Excerpt states 'Tax rate of approximately 24.6 percent' under Fiscal 2022 Guidance, matching the metric, value, and period exactly.",,,,,,
01G37N0Z00B2VKH6NMY136VBGA,"The Home Depot, Inc.",HD,0000354950,"The Home Depot, Inc. expects comparable sales of 3% for FY2022.",•Total sales growth and comparable sales growth of approximately 3.0 percent,comparable sales,3.0,3.0,percent,FY2022,2022-05-17,https://www.sec.gov/Archives/edgar/data/354950/000035495022000125/hd_ex991x05012022xactive.htm,0000354950-22-000125,8-K,2022-05-17,2026-10-01T12:43:13Z,d439fd58ac95c9dfd4037ea15acad0cc564516326dcd20c67feb4b0f33017c08,•Total sales growth and comparable sales growth of approximately 3.0 percent,3.1,2023-02-21,https://www.sec.gov/Archives/edgar/data/354950/000035495023000025/hd_ex991x1292023xactive.htm,0000354950-23-000025,8-K,2023-02-21,2026-10-01T12:43:20Z,125aec4b7daeef188ef1d2149a6ae04b9ddabe931b1c0879c02656ff2787fb43,"Comparable sales for fiscal 2022 increased 3.1 percent, and comparable sales in the U.S. increased 2.9 percent.",reported value differs from 3 by more than 0.5%,open,,,,,,,,,280,,2026-10-02,navneet,false,false,,false,false,false,missed,section,Fiscal 2022 Guidance,,,,,,,yes,"Excerpt states 'comparable sales growth of approximately 3.0 percent' for Fiscal 2022 Guidance section, matching the claimed metric, value, and period.",,,,,,
01G37N0Z002AH7R2T5SRR5EPYN,"The Home Depot, Inc.",HD,0000354950,"The Home Depot, Inc. expects operating margin GAAP of 15.4% for FY2022.",•Operating margin of approximately 15.4 percent,operating margin GAAP,15.4,15.4,percent,FY2022,2022-05-17,https://www.sec.gov/Archives/edgar/data/354950/000035495022000125/hd_ex991x05012022xactive.htm,0000354950-22-000125,8-K,2022-05-17,2026-10-01T12:43:13Z,d439fd58ac95c9dfd4037ea15acad0cc564516326dcd20c67feb4b0f33017c08,•Operating margin of approximately 15.4 percent,,,,,,,,,,reported value differs from 15.4 by more than 0.5%,open,,,,,,,,,,,2026-10-02,navneet,false,false,,false,false,false,unresolved,section,Fiscal 2022 Guidance,,,,the model found no line reporting that metric for that period,,,yes,"Excerpt states 'Operating margin of approximately 15.4 percent' for Fiscal 2022 Guidance, matching the metric, value, and period exactly.",,,,,,
01G37N0Z00DYDM9T67KEYS2WKN,"The Home Depot, Inc.",HD,0000354950,"The Home Depot, Inc. expects tax rate of 24.6% for FY2022.",•Tax rate of approximately 24.6 percent,tax rate,24.6,24.6,percent,FY2022,2022-05-17,https://www.sec.gov/Archives/edgar/data/354950/000035495022000125/hd_ex991x05012022xactive.htm,0000354950-22-000125,8-K,2022-05-17,2026-10-01T12:43:13Z,d439fd58ac95c9dfd4037ea15acad0cc564516326dcd20c67feb4b0f33017c08,•Tax rate of approximately 24.6 percent,,,,,,,,,,reported value differs from 24.6 by more than 0.5%,open,,,,,,,,,,,2026-10-02,navneet,false,false,,false,false,false,unresolved,section,Fiscal 2022 Guidance,,,,the model found no line reporting that metric for that period,,,yes,"Excerpt states 'Tax rate of approximately 24.6 percent' for Fiscal 2022 Guidance, matching the metric, value, and period exactly.",,,,,,
01GAHZ6C001XCGKN3BH7KNGVDF,"The Home Depot, Inc.",HD,0000354950,"The Home Depot, Inc. expects comparable sales of 3% for FY2022.",•Total sales growth and comparable sales growth of approximately 3.0 percent,comparable sales,3.0,3.0,percent,FY2022,2022-08-16,https://www.sec.gov/Archives/edgar/data/354950/000035495022000185/hd_ex991x07312022xactive.htm,0000354950-22-000185,8-K,2022-08-16,2026-10-01T12:43:16Z,9cae56e490269b547725e5f5d15aa3e33928bdebd9bbd33ea735651ed9ab74c8,•Total sales growth and comparable sales growth of approximately 3.0 percent,3.1,2023-02-21,https://www.sec.gov/Archives/edgar/data/354950/000035495023000025/hd_ex991x1292023xactive.htm,0000354950-23-000025,8-K,2023-02-21,2026-10-01T12:43:20Z,125aec4b7daeef188ef1d2149a6ae04b9ddabe931b1c0879c02656ff2787fb43,"Comparable sales for fiscal 2022 increased 3.1 percent, and comparable sales in the U.S. increased 2.9 percent.",reported value differs from 3 by more than 0.5%,open,,,,,,,,,189,,2026-10-02,navneet,false,false,,false,false,false,missed,section,The Company reaffirmed fiscal 2022 guidance of:,,,,,,,yes,"Excerpt states 'comparable sales growth of approximately 3.0 percent' for fiscal 2022 guidance, matching the claimed metric, value, and period.",,,,,,
01GAHZ6C00TYFNYD6F9C4ZJ5WS,"The Home Depot, Inc.",HD,0000354950,"The Home Depot, Inc. expects operating margin GAAP of 15.4% for FY2022.",•Operating margin of approximately 15.4 percent,operating margin GAAP,15.4,15.4,percent,FY2022,2022-08-16,https://www.sec.gov/Archives/edgar/data/354950/000035495022000185/hd_ex991x07312022xactive.htm,0000354950-22-000185,8-K,2022-08-16,2026-10-01T12:43:16Z,9cae56e490269b547725e5f5d15aa3e33928bdebd9bbd33ea735651ed9ab74c8,•Operating margin of approximately 15.4 percent,,,,,,,,,,reported value differs from 15.4 by more than 0.5%,open,,,,,,,,,,,2026-10-02,navneet,false,false,,false,false,false,unresolved,section,The Company reaffirmed fiscal 2022 guidance of:,,,,the model found no line reporting that metric for that period,,,yes,"The excerpt states 'Operating margin of approximately 15.4 percent' under the section heading 'The Company reaffirmed fiscal 2022 guidance of:', which directly matches the metric (operating margin GAA",,,,,,
01GAHZ6C00QABNR803WP5GMYZB,"The Home Depot, Inc.",HD,0000354950,"The Home Depot, Inc. expects tax rate of 24.6% for FY2022.",•Tax rate of approximately 24.6 percent,tax rate,24.6,24.6,percent,FY2022,2022-08-16,https://www.sec.gov/Archives/edgar/data/354950/000035495022000185/hd_ex991x07312022xactive.htm,0000354950-22-000185,8-K,2022-08-16,2026-10-01T12:43:16Z,9cae56e490269b547725e5f5d15aa3e33928bdebd9bbd33ea735651ed9ab74c8,•Tax rate of approximately 24.6 percent,,,,,,,,,,reported value differs from 24.6 by more than 0.5%,open,,,,,,,,,,,2026-10-02,navneet,false,false,,false,false,false,unresolved,section,The Company reaffirmed fiscal 2022 guidance of:,,,,the model found no line reporting that metric for that period,,,yes,"Excerpt states 'Tax rate of approximately 24.6 percent' under fiscal 2022 guidance heading, matching the metric, value, and period exactly.",,,,,,
01GHW9BS00N3SKVC0N3XFQBG3D,"The Home Depot, Inc.",HD,0000354950,"The Home Depot, Inc. expects comparable sales of 3% for FY2022.",•Comparable sales growth of approximately 3.0 percent,comparable sales,3.0,3.0,percent,FY2022,2022-11-15,https://www.sec.gov/Archives/edgar/data/354950/000035495022000219/hd_ex991x10302022xactive.htm,0000354950-22-000219,8-K,2022-11-15,2026-10-01T12:43:18Z,04a08ee3f3dddb661823b9eb638502b47cf203a152ec0564cd7e639b461282b5,•Comparable sales growth of approximately 3.0 percent,3.1,2023-02-21,https://www.sec.gov/Archives/edgar/data/354950/000035495023000025/hd_ex991x1292023xactive.htm,0000354950-23-000025,8-K,2023-02-21,2026-10-01T12:43:20Z,125aec4b7daeef188ef1d2149a6ae04b9ddabe931b1c0879c02656ff2787fb43,"Comparable sales for fiscal 2022 increased 3.1 percent, and comparable sales in the U.S. increased 2.9 percent.",reported value differs from 3 by more than 0.5%,open,,,,,,,,,98,,2026-10-02,navneet,false,false,,false,false,false,missed,section,The Company reaffirmed fiscal 2022 guidance of:,,,,,,,yes,"Excerpt states 'Comparable sales growth of approximately 3.0 percent' for fiscal 2022 guidance, which matches the metric, value (3%), and period given.",,,,,,
01GHW9BS00TA2306YDYHTX137F,"The Home Depot, Inc.",HD,0000354950,"The Home Depot, Inc. expects operating margin GAAP of 15.4% for FY2022.",•Operating margin of approximately 15.4 percent,operating margin GAAP,15.4,15.4,percent,FY2022,2022-11-15,https://www.sec.gov/Archives/edgar/data/354950/000035495022000219/hd_ex991x10302022xactive.htm,0000354950-22-000219,8-K,2022-11-15,2026-10-01T12:43:18Z,04a08ee3f3dddb661823b9eb638502b47cf203a152ec0564cd7e639b461282b5,•Operating margin of approximately 15.4 percent,,,,,,,,,,reported value differs from 15.4 by more than 0.5%,open,,,,,,,,,,,2026-10-02,navneet,false,false,,false,false,false,unresolved,section,The Company reaffirmed fiscal 2022 guidance of:,,,,the model found no line reporting that metric for that period,,,yes,"The excerpt states 'Operating margin of approximately 15.4 percent' under the fiscal 2022 guidance section, which matches the metric, value, and period exactly.",,,,,,
01GHW9BS00E9B7YW4J33G2W1NH,"The Home Depot, Inc.",HD,0000354950,"The Home Depot, Inc. expects tax rate of 24.6% for FY2022.",•Tax rate of approximately 24.6 percent,tax rate,24.6,24.6,percent,FY2022,2022-11-15,https://www.sec.gov/Archives/edgar/data/354950/000035495022000219/hd_ex991x10302022xactive.htm,0000354950-22-000219,8-K,2022-11-15,2026-10-01T12:43:18Z,04a08ee3f3dddb661823b9eb638502b47cf203a152ec0564cd7e639b461282b5,•Tax rate of approximately 24.6 percent,24.5,2023-02-21,https://www.sec.gov/Archives/edgar/data/354950/000035495023000025/hd_ex991x1292023xactive.htm,0000354950-23-000025,8-K,2023-02-21,2026-10-01T12:43:20Z,125aec4b7daeef188ef1d2149a6ae04b9ddabe931b1c0879c02656ff2787fb43,Tax rate of approximately 24.5 percent,reported value differs from 24.6 by more than 0.5%,open,,,,,,,,,98,,2026-10-02,navneet,false,false,,false,false,false,met,section,The Company reaffirmed fiscal 2022 guidance of:,,,,,,,yes,"Excerpt states 'Tax rate of approximately 24.6 percent' under fiscal 2022 guidance heading, matching the metric, value, and period exactly.",,,,,,
01GSRMA700V75Q29MRGQR0A9XN,"The Home Depot, Inc.",HD,0000354950,"The Home Depot, Inc. expects operating margin GAAP of 14.5% for FY2023.","•Operating margin rate of approximately 14.5 percent, which reflects approximately $1 billion in additional annual compensation for frontline, hourly associates",operating margin GAAP,14.5,14.5,percent,FY2023,2023-02-21,https://www.sec.gov/Archives/edgar/data/354950/000035495023000025/hd_ex991x1292023xactive.htm,0000354950-23-000025,8-K,2023-02-21,2026-10-01T12:43:20Z,125aec4b7daeef188ef1d2149a6ae04b9ddabe931b1c0879c02656ff2787fb43,"•Operating margin rate of approximately 14.5 percent, which reflects approximately $1 billion in additional annual compensation for frontline, hourly associates",,,,,,,,,,reported value differs from 14.5 by more than 0.5%,open,,,,,,,,,,,2026-10-02,navneet,false,false,,false,false,false,unresolved,section,Fiscal 2023 Guidance,,Fiscal 2022 | Fiscal 2023 Guidance,,the model found no line reporting that metric for that period,,,yes,"Excerpt states 'Operating margin rate of approximately 14.5 percent' for Fiscal 2023 Guidance, matching the metric, value, and period exactly.",,,,,,
01GSRMA7006JARHVVCCCG142CR,"The Home Depot, Inc.",HD,0000354950,"The Home Depot, Inc. expects tax rate of 24.5% for FY2023.",•Tax rate of approximately 24.5 percent,tax rate,24.5,24.5,percent,FY2023,2023-02-21,https://www.sec.gov/Archives/edgar/data/354950/000035495023000025/hd_ex991x1292023xactive.htm,0000354950-23-000025,8-K,2023-02-21,2026-10-01T12:43:20Z,125aec4b7daeef188ef1d2149a6ae04b9ddabe931b1c0879c02656ff2787fb43,•Tax rate of approximately 24.5 percent,,,,,,,,,,reported value differs from 24.5 by more than 0.5%,open,,,,,,,,,,,2026-10-02,navneet,false,false,,false,false,false,unresolved,section,Fiscal 2023 Guidance,,Fiscal 2022 | Fiscal 2023 Guidance,,the model found no line reporting that metric for that period,,,yes,"Excerpt states 'Tax rate of approximately 24.5 percent' under 'Fiscal 2023 Guidance' section, matching the metric, value, and period exactly.",,,,,,
01H0GXPK00T6GY2YVPHBRPCXAA,"The Home Depot, Inc.",HD,0000354950,"The Home Depot, Inc. expects operating margin GAAP of 14% to 14.3% for FY2023.",•Operating margin rate to be between 14.3% and 14.0%,operating margin GAAP,14.0,14.3,percent,FY2023,2023-05-16,https://www.sec.gov/Archives/edgar/data/354950/000035495023000110/hd_exhibit991x4302023.htm,0000354950-23-000110,8-K,2023-05-16,2026-10-01T12:43:22Z,687745f6483c30a0759a6d26ae0488de1a630ec1180f2977033671344d1c14b7,•Operating margin rate to be between 14.3% and 14.0%,14.1,2024-02-20,https://www.sec.gov/Archives/edgar/data/354950/000035495024000031/hd_exhibit991x1282024.htm,0000354950-24-000031,8-K,2024-02-20,2026-10-01T12:43:29Z,ffed1a907c6e304dbb90802db72bd0099f7f760a886480291bc108eb2698e307,Operating margin of approximately 14.1%,"reported value falls outside [14, 14.3]",open,,,,,,,,,280,,2026-10-02,navneet,false,false,,false,false,false,met,section,Fiscal 2023 Guidance,,,,,,,yes,"Excerpt states 'Operating margin rate to be between 14.3% and 14.0%' which is equivalent to the range 14.0% to 14.3%, matching the claim's range of 14% to 14.3% for FY2023 GAAP operating margin.",,,,,,
01H0GXPK00FHKM302E6KR0PXNE,"The Home Depot, Inc.",HD,0000354950,"The Home Depot, Inc. expects tax rate of 24.5% for FY2023.",•Tax rate of approximately 24.5%,tax rate,24.5,24.5,percent,FY2023,2023-05-16,https://www.sec.gov/Archives/edgar/data/354950/000035495023000110/hd_exhibit991x4302023.htm,0000354950-23-000110,8-K,2023-05-16,2026-10-01T12:43:22Z,687745f6483c30a0759a6d26ae0488de1a630ec1180f2977033671344d1c14b7,•Tax rate of approximately 24.5%,,,,,,,,,,reported value differs from 24.5 by more than 0.5%,open,,,,,,,,,,,2026-10-02,navneet,false,false,,false,false,false,unresolved,section,Fiscal 2023 Guidance,,,,the model found no line reporting that metric for that period,,,yes,"Excerpt states 'Tax rate of approximately 24.5%' under 'Fiscal 2023 Guidance' heading, matching the metric, value, and period exactly.",,,,,,
01H7V7W00090MME7TW4V19ASD9,"The Home Depot, Inc.",HD,0000354950,"The Home Depot, Inc. expects operating margin GAAP of 14% to 14.3% for FY2023.",•Operating margin rate to be between 14.3% and 14.0%,operating margin GAAP,14.0,14.3,percent,FY2023,2023-08-15,https://www.sec.gov/Archives/edgar/data/354950/000035495023000180/hd_exhibit991x7302023.htm,0000354950-23-000180,8-K,2023-08-15,2026-10-01T12:43:24Z,e2c008c4399e8e4e544536b9f736844da4439b025d66c181116769247afb80ce,•Operating margin rate to be between 14.3% and 14.0%,14.1,2024-02-20,https://www.sec.gov/Archives/edgar/data/354950/000035495024000031/hd_exhibit991x1282024.htm,0000354950-24-000031,8-K,2024-02-20,2026-10-01T12:43:29Z,ffed1a907c6e304dbb90802db72bd0099f7f760a886480291bc108eb2698e307,Operating margin of approximately 14.1%,"reported value falls outside [14, 14.3]",open,,,,,,,,,189,,2026-10-02,navneet,false,false,,false,false,false,met,section,The company reaffirmed fiscal 2023 guidance:,,,,,,,yes,"The excerpt states operating margin rate between 14.3% and 14.0%, which is equivalent to the range 14.0% to 14.3% (or 14% to 14.3% with rounding), for fiscal 2023 as confirmed by the section heading.",,,,,,
01H7V7W000D2K3X1A955N0YSF0,"The Home Depot, Inc.",HD,0000354950,"The Home Depot, Inc. expects tax rate of 24.5% for FY2023.",•Tax rate of approximately 24.5%,tax rate,24.5,24.5,percent,FY2023,2023-08-15,https://www.sec.gov/Archives/edgar/data/354950/000035495023000180/hd_exhibit991x7302023.htm,0000354950-23-000180,8-K,2023-08-15,2026-10-01T12:43:24Z,e2c008c4399e8e4e544536b9f736844da4439b025d66c181116769247afb80ce,•Tax rate of approximately 24.5%,,,,,,,,,,reported value differs from 24.5 by more than 0.5%,open,,,,,,,,,,,2026-10-02,navneet,false,false,,false,false,false,unresolved,section,The company reaffirmed fiscal 2023 guidance:,,,,the model found no line reporting that metric for that period,,,yes,"The excerpt states 'Tax rate of approximately 24.5%' under the section heading 'The company reaffirmed fiscal 2023 guidance', which directly matches the metric, value, and period claimed.",,,,,,
01HF5J1D00G5CKD4Z73JPPR4F0,"The Home Depot, Inc.",HD,0000354950,"The Home Depot, Inc. expects tax rate of 24.5% for FY2023.",•Tax rate of approximately 24.5%,tax rate,24.5,24.5,percent,FY2023,2023-11-14,https://www.sec.gov/Archives/edgar/data/354950/000035495023000228/hd_exhibit991x10292023.htm,0000354950-23-000228,8-K,2023-11-14,2026-10-01T12:43:26Z,d30814b517fa391cc6325da800e99b31d3cdec6e2cf8ee190714e42b83b21759,•Tax rate of approximately 24.5%,,,,,,,,,,reported value differs from 24.5 by more than 0.5%,open,,,,,,,,,,,2026-10-02,navneet,false,false,,false,false,false,unresolved,section,Fiscal 2023 Guidance,,,,the model found no line reporting that metric for that period,,,yes,"Excerpt states 'Tax rate of approximately 24.5%' under 'Fiscal 2023 Guidance' heading, matching the metric, value, and period exactly.",,,,,,
01HF5J1D00PBHSBSS2WND7F3XM,"The Home Depot, Inc.",HD,0000354950,"The Home Depot, Inc. expects operating margin GAAP of 14.1% to 14.2% for FY2023.",•Operating margin rate to be between 14.2% and 14.1%,operating margin GAAP,14.1,14.2,percent,FY2023,2023-11-14,https://www.sec.gov/Archives/edgar/data/354950/000035495023000228/hd_exhibit991x10292023.htm,0000354950-23-000228,8-K,2023-11-14,2026-10-01T12:43:26Z,d30814b517fa391cc6325da800e99b31d3cdec6e2cf8ee190714e42b83b21759,•Operating margin rate to be between 14.2% and 14.1%,14.1,2024-02-20,https://www.sec.gov/Archives/edgar/data/354950/000035495024000031/hd_exhibit991x1282024.htm,0000354950-24-000031,8-K,2024-02-20,2026-10-01T12:43:29Z,ffed1a907c6e304dbb90802db72bd0099f7f760a886480291bc108eb2698e307,Operating margin of approximately 14.1%,"reported value falls outside [14.1, 14.2]",open,,,,,,,,,98,,2026-10-02,navneet,false,false,,false,false,false,met,section,Fiscal 2023 Guidance,,,,,,,yes,"Excerpt states 'Operating margin rate to be between 14.2% and 14.1%' which matches the range 14.1% to 14.2% (same range, different order), for FY2023 guidance as indicated by the section heading 'Fisc",,,,,,
01HQ1WZV00YZP2YXSJJQWDQH54,"The Home Depot, Inc.",HD,0000354950,"The Home Depot, Inc. expects comparable sales of -1% for FY2024.",•Comparable sales to decline approximately 1.0% for the 52-week period,comparable sales,-1.0,-1.0,percent,FY2024,2024-02-20,https://www.sec.gov/Archives/edgar/data/354950/000035495024000031/hd_exhibit991x1282024.htm,0000354950-24-000031,8-K,2024-02-20,2026-10-01T12:43:29Z,ffed1a907c6e304dbb90802db72bd0099f7f760a886480291bc108eb2698e307,•Comparable sales to decline approximately 1.0% for the 52-week period,-1.8,2025-02-25,https://www.sec.gov/Archives/edgar/data/354950/000035495025000030/hd_exhibit991x02022025.htm,0000354950-25-000030,8-K,2025-02-25,2026-10-01T12:43:38Z,fe8cf8ee6c4374091e7d5913e5080e8031d51783ba100fe00ddded602c293dd9,"Comparable sales for fiscal 2024 decreased 1.8%, and comparable sales in the U.S. decreased 1.8%.",reported value differs from -1 by more than 0.5%,open,,,,,,,,,371,,2026-10-02,navneet,false,false,,false,false,false,missed,section,Fiscal 2024 Guidance,,Fiscal 2023 | Fiscal 2024 Guidance,,,,,yes,"Excerpt states 'Comparable sales to decline approximately 1.0%' for fiscal 2024, which matches the claim of -1% comparable sales for FY2024.",,,,,,
01HQ1WZV00NN2FV3GHQN8GZMYJ,"The Home Depot, Inc.",HD,0000354950,"The Home Depot, Inc. expects gross margin GAAP of 33.9% for FY2024.",•Gross margin of approximately 33.9%,gross margin GAAP,33.9,33.9,percent,FY2024,2024-02-20,https://www.sec.gov/Archives/edgar/data/354950/000035495024000031/hd_exhibit991x1282024.htm,0000354950-24-000031,8-K,2024-02-20,2026-10-01T12:43:29Z,ffed1a907c6e304dbb90802db72bd0099f7f760a886480291bc108eb2698e307,•Gross margin of approximately 33.9%,33.4,2025-02-25,https://www.sec.gov/Archives/edgar/data/354950/000035495025000030/hd_exhibit991x02022025.htm,0000354950-25-000030,8-K,2025-02-25,2026-10-01T12:43:38Z,fe8cf8ee6c4374091e7d5913e5080e8031d51783ba100fe00ddded602c293dd9,Gross margin of approximately 33.4%,reported value differs from 33.9 by more than 0.5%,open,,,,,,,,,371,,2026-10-02,navneet,false,false,,false,false,false,missed,section,Fiscal 2024 Guidance,,Fiscal 2023 | Fiscal 2024 Guidance,,,,,yes,"Excerpt states 'Gross margin of approximately 33.9%' under 'Fiscal 2024 Guidance' section, matching the claimed GAAP gross margin of 33.9% for FY2024.",,,,,,
01HQ1WZV007DQ8M40VNQB45R7M,"The Home Depot, Inc.",HD,0000354950,"The Home Depot, Inc. expects operating margin GAAP of 14.1% for FY2024.",•Operating margin of approximately 14.1%,operating margin GAAP,14.1,14.1,percent,FY2024,2024-02-20,https://www.sec.gov/Archives/edgar/data/354950/000035495024000031/hd_exhibit991x1282024.htm,0000354950-24-000031,8-K,2024-02-20,2026-10-01T12:43:29Z,ffed1a907c6e304dbb90802db72bd0099f7f760a886480291bc108eb2698e307,•Operating margin of approximately 14.1%,13.0,2025-02-25,https://www.sec.gov/Archives/edgar/data/354950/000035495025000030/hd_exhibit991x02022025.htm,0000354950-25-000030,8-K,2025-02-25,2026-10-01T12:43:38Z,fe8cf8ee6c4374091e7d5913e5080e8031d51783ba100fe00ddded602c293dd9,Operating margin of approximately 13.0%,reported value differs from 14.1 by more than 0.5%,open,,,,,,,,,371,,2026-10-02,navneet,false,false,,false,false,false,missed,section,Fiscal 2024 Guidance,,Fiscal 2023 | Fiscal 2024 Guidance,,,,,yes,"Excerpt states 'Operating margin of approximately 14.1%' under 'Fiscal 2024 Guidance' section, matching the metric, value, and period exactly.",,,,,,
01HQ1WZV000Z9JMRGWKWY712ST,"The Home Depot, Inc.",HD,0000354950,"The Home Depot, Inc. expects tax rate of 24.5% for FY2024.",•Tax rate of approximately 24.5%,tax rate,24.5,24.5,percent,FY2024,2024-02-20,https://www.sec.gov/Archives/edgar/data/354950/000035495024000031/hd_exhibit991x1282024.htm,0000354950-24-000031,8-K,2024-02-20,2026-10-01T12:43:29Z,ffed1a907c6e304dbb90802db72bd0099f7f760a886480291bc108eb2698e307,•Tax rate of approximately 24.5%,,,,,,,,,,reported value differs from 24.5 by more than 0.5%,open,,,,,,,,,,,2026-10-02,navneet,false,false,,false,false,false,unresolved,section,Fiscal 2024 Guidance,,Fiscal 2023 | Fiscal 2024 Guidance,,the model found no line reporting that metric for that period,,,yes,"Excerpt states 'Tax rate of approximately 24.5%' under Fiscal 2024 Guidance, matching the metric, value, and period.",,,,,,
01HXT6C7007NKVCGR8VK91VXCY,"The Home Depot, Inc.",HD,0000354950,"The Home Depot, Inc. expects comparable sales of -1% for FY2024.",•Comparable sales to decline approximately 1.0% for the 52-week period,comparable sales,-1.0,-1.0,percent,FY2024,2024-05-14,https://www.sec.gov/Archives/edgar/data/354950/000035495024000118/hd_exhibit991x4282024.htm,0000354950-24-000118,8-K,2024-05-14,2026-10-01T12:43:32Z,137d2a452f1f76010da290af85ab24f2676501a54013e10adc3298efa19688b7,•Comparable sales to decline approximately 1.0% for the 52-week period,-1.8,2025-02-25,https://www.sec.gov/Archives/edgar/data/354950/000035495025000030/hd_exhibit991x02022025.htm,0000354950-25-000030,8-K,2025-02-25,2026-10-01T12:43:38Z,fe8cf8ee6c4374091e7d5913e5080e8031d51783ba100fe00ddded602c293dd9,"Comparable sales for fiscal 2024 decreased 1.8%, and comparable sales in the U.S. decreased 1.8%.",reported value differs from -1 by more than 0.5%,open,,,,,,,,,287,,2026-10-02,navneet,false,false,,false,false,false,missed,section,Fiscal 2024 Guidance,,,,,,,yes,Excerpt states 'Comparable sales to decline approximately 1.0%' which matches the claim of -1% comparable sales for FY2024 (a decline of 1% is equivalent to -1%),,,,,,
01HXT6C700NEX8WSGV3KX4X85D,"The Home Depot, Inc.",HD,0000354950,"The Home Depot, Inc. expects gross margin GAAP of 33.9% for FY2024.",•Gross margin of approximately 33.9%,gross margin GAAP,33.9,33.9,percent,FY2024,2024-05-14,https://www.sec.gov/Archives/edgar/data/354950/000035495024000118/hd_exhibit991x4282024.htm,0000354950-24-000118,8-K,2024-05-14,2026-10-01T12:43:32Z,137d2a452f1f76010da290af85ab24f2676501a54013e10adc3298efa19688b7,•Gross margin of approximately 33.9%,33.4,2025-02-25,https://www.sec.gov/Archives/edgar/data/354950/000035495025000030/hd_exhibit991x02022025.htm,0000354950-25-000030,8-K,2025-02-25,2026-10-01T12:43:38Z,fe8cf8ee6c4374091e7d5913e5080e8031d51783ba100fe00ddded602c293dd9,Gross margin of approximately 33.4%,reported value differs from 33.9 by more than 0.5%,open,,,,,,,,,287,,2026-10-02,navneet,false,false,,false,false,false,missed,section,Fiscal 2024 Guidance,,,,,,,yes,"The excerpt states 'Gross margin of approximately 33.9%' under 'Fiscal 2024 Guidance', which matches the metric (gross margin GAAP), number (33.9%), and period (FY2024) exactly.",,,,,,
01HXT6C700S1BTKY9S4Y3FQCEX,"The Home Depot, Inc.",HD,0000354950,"The Home Depot, Inc. expects operating margin GAAP of 14.1% for FY2024.",•Operating margin of approximately 14.1%,operating margin GAAP,14.1,14.1,percent,FY2024,2024-05-14,https://www.sec.gov/Archives/edgar/data/354950/000035495024000118/hd_exhibit991x4282024.htm,0000354950-24-000118,8-K,2024-05-14,2026-10-01T12:43:32Z,137d2a452f1f76010da290af85ab24f2676501a54013e10adc3298efa19688b7,•Operating margin of approximately 14.1%,13.0,2025-02-25,https://www.sec.gov/Archives/edgar/data/354950/000035495025000030/hd_exhibit991x02022025.htm,0000354950-25-000030,8-K,2025-02-25,2026-10-01T12:43:38Z,fe8cf8ee6c4374091e7d5913e5080e8031d51783ba100fe00ddded602c293dd9,Operating margin of approximately 13.0%,reported value differs from 14.1 by more than 0.5%,open,,,,,,,,,287,,2026-10-02,navneet,false,false,,false,false,false,missed,section,Fiscal 2024 Guidance,,,,,,,yes,"Excerpt states 'Operating margin of approximately 14.1%' under 'Fiscal 2024 Guidance' heading, matching the metric, value, and period exactly.",,,,,,
01HXT6C700TVPDVFDB9W49NEMW,"The Home Depot, Inc.",HD,0000354950,"The Home Depot, Inc. expects tax rate of 24.5% for FY2024.",•Tax rate of approximately 24.5%,tax rate,24.5,24.5,percent,FY2024,2024-05-14,https://www.sec.gov/Archives/edgar/data/354950/000035495024000118/hd_exhibit991x4282024.htm,0000354950-24-000118,8-K,2024-05-14,2026-10-01T12:43:32Z,137d2a452f1f76010da290af85ab24f2676501a54013e10adc3298efa19688b7,•Tax rate of approximately 24.5%,,,,,,,,,,reported value differs from 24.5 by more than 0.5%,open,,,,,,,,,,,2026-10-02,navneet,false,false,,false,false,false,unresolved,section,Fiscal 2024 Guidance,,,,the model found no line reporting that metric for that period,,,yes,"Excerpt states 'Tax rate of approximately 24.5%' under 'Fiscal 2024 Guidance' heading, matching the metric, value, and period exactly.",,,,,,
01J54GHM00QV7NTYD33X11CNGT,"The Home Depot, Inc.",HD,0000354950,"The Home Depot, Inc. expects gross margin GAAP of 33.5% for FY2024.",•Gross margin of approximately 33.5%,gross margin GAAP,33.5,33.5,percent,FY2024,2024-08-13,https://www.sec.gov/Archives/edgar/data/354950/000035495024000189/hd_exhibit991x7282024.htm,0000354950-24-000189,8-K,2024-08-13,2026-10-01T12:43:35Z,0fb09f92afd583c70139fc6770c687827fef03ff3ccb921085dd9861e57c55e2,•Gross margin of approximately 33.5%,33.4,2025-02-25,https://www.sec.gov/Archives/edgar/data/354950/000035495025000030/hd_exhibit991x02022025.htm,0000354950-25-000030,8-K,2025-02-25,2026-10-01T12:43:38Z,fe8cf8ee6c4374091e7d5913e5080e8031d51783ba100fe00ddded602c293dd9,Gross margin of approximately 33.4%,reported value differs from 33.5 by more than 0.5%,open,,,,,,,,,196,,2026-10-02,navneet,false,false,,false,false,false,met,section,Fiscal 2024 Guidance,,,,,,,yes,"Excerpt states 'Gross margin of approximately 33.5%' for Fiscal 2024 Guidance, matching the metric, value, and period exactly.",,,,,,
01J54GHM006SN30QP80G3A9X1M,"The Home Depot, Inc.",HD,0000354950,"The Home Depot, Inc. expects operating margin GAAP of 13.5% to 13.6% for FY2024.",•Operating margin rate to be between 13.5% to 13.6%,operating margin GAAP,13.5,13.6,percent,FY2024,2024-08-13,https://www.sec.gov/Archives/edgar/data/354950/000035495024000189/hd_exhibit991x7282024.htm,0000354950-24-000189,8-K,2024-08-13,2026-10-01T12:43:35Z,0fb09f92afd583c70139fc6770c687827fef03ff3ccb921085dd9861e57c55e2,•Operating margin rate to be between 13.5% to 13.6%,13.4,2025-02-25,https://www.sec.gov/Archives/edgar/data/354950/000035495025000030/hd_exhibit991x02022025.htm,0000354950-25-000030,8-K,2025-02-25,2026-10-01T12:43:38Z,fe8cf8ee6c4374091e7d5913e5080e8031d51783ba100fe00ddded602c293dd9,Adjusted(1) operating margin of approximately 13.4%,"reported value falls outside [13.5, 13.6]",open,,,,,,,,,196,,2026-10-02,navneet,false,false,,false,false,false,missed,section,Fiscal 2024 Guidance,,,,,,,yes,"Excerpt states 'Operating margin rate to be between 13.5% to 13.6%' under 'Fiscal 2024 Guidance', matching the metric, range, and period exactly.",,,,,,
01J54GHM00A2T7THXNMVHGH2KC,"The Home Depot, Inc.",HD,0000354950,"The Home Depot, Inc. expects operating margin non-GAAP of 13.8% to 13.9% for FY2024.","•Adjusted(1), (2) operating margin rate to be between 13.8% to 13.9%",operating margin non-GAAP,13.8,13.9,percent,FY2024,2024-08-13,https://www.sec.gov/Archives/edgar/data/354950/000035495024000189/hd_exhibit991x7282024.htm,0000354950-24-000189,8-K,2024-08-13,2026-10-01T12:43:35Z,0fb09f92afd583c70139fc6770c687827fef03ff3ccb921085dd9861e57c55e2,"•Adjusted(1), (2) operating margin rate to be between 13.8% to 13.9%",13.4,2025-02-25,https://www.sec.gov/Archives/edgar/data/354950/000035495025000030/hd_exhibit991x02022025.htm,0000354950-25-000030,8-K,2025-02-25,2026-10-01T12:43:38Z,fe8cf8ee6c4374091e7d5913e5080e8031d51783ba100fe00ddded602c293dd9,Adjusted(1) operating margin of approximately 13.4%,"reported value falls outside [13.8, 13.9]",open,,,,,,,,,196,,2026-10-02,navneet,false,false,,false,false,false,missed,section,Fiscal 2024 Guidance,,,,,,,yes,"Excerpt states 'Adjusted operating margin rate to be between 13.8% to 13.9%' for Fiscal 2024 Guidance, matching the non-GAAP metric, range, and period exactly.",,,,,,
01J54GHM00MJ0BJWNEJ6K0TTQ8,"The Home Depot, Inc.",HD,0000354950,"The Home Depot, Inc. expects tax rate of 24% for FY2024.",•Tax rate of approximately 24%,tax rate,24.0,24.0,percent,FY2024,2024-08-13,https://www.sec.gov/Archives/edgar/data/354950/000035495024000189/hd_exhibit991x7282024.htm,0000354950-24-000189,8-K,2024-08-13,2026-10-01T12:43:35Z,0fb09f92afd583c70139fc6770c687827fef03ff3ccb921085dd9861e57c55e2,•Tax rate of approximately 24%,,,,,,,,,,reported value differs from 24 by more than 0.5%,open,,,,,,,,,,,2026-10-02,navneet,false,false,,false,false,false,unresolved,section,Fiscal 2024 Guidance,,,,the model found no line reporting that metric for that period,,,yes,"Excerpt states 'Tax rate of approximately 24%' under 'Fiscal 2024 Guidance' heading, matching the metric, value, and period.",,,,,,
01JCETQ1000J6DBZHAHK5Q1JJZ,"The Home Depot, Inc.",HD,0000354950,"The Home Depot, Inc. expects gross margin GAAP of 33.5% for FY2024.",•Gross margin of approximately 33.5%,gross margin GAAP,33.5,33.5,percent,FY2024,2024-11-12,https://www.sec.gov/Archives/edgar/data/354950/000035495024000227/hd_exhibit991x10272024.htm,0000354950-24-000227,8-K,2024-11-12,2026-10-01T12:43:36Z,b2cdc24f19af4b154407565584b5f7471a7f4a29c999209aab33da4e236bfa7c,•Gross margin of approximately 33.5%,,,,,,,,,,reported value differs from 33.5 by more than 0.5%,open,,,,,,,,,,,2026-10-02,navneet,false,false,,false,false,false,unresolved,section,Fiscal 2024 Guidance,,,,the model found no line reporting that metric for that period,,,yes,"Excerpt states 'Gross margin of approximately 33.5%' for Fiscal 2024 Guidance, matching the metric, value, and period exactly.",,,,,,
01JCETQ100NJGP94VW883ZXTXB,"The Home Depot, Inc.",HD,0000354950,"The Home Depot, Inc. expects operating margin GAAP of 13.5% for FY2024.",•Operating margin of approximately 13.5%,operating margin GAAP,13.5,13.5,percent,FY2024,2024-11-12,https://www.sec.gov/Archives/edgar/data/354950/000035495024000227/hd_exhibit991x10272024.htm,0000354950-24-000227,8-K,2024-11-12,2026-10-01T12:43:36Z,b2cdc24f19af4b154407565584b5f7471a7f4a29c999209aab33da4e236bfa7c,•Operating margin of approximately 13.5%,13.4,2025-02-25,https://www.sec.gov/Archives/edgar/data/354950/000035495025000030/hd_exhibit991x02022025.htm,0000354950-25-000030,8-K,2025-02-25,2026-10-01T12:43:38Z,fe8cf8ee6c4374091e7d5913e5080e8031d51783ba100fe00ddded602c293dd9,Adjusted(1) operating margin of approximately 13.4%,reported value differs from 13.5 by more than 0.5%,open,,,,,,,,,105,,2026-10-02,navneet,false,false,,false,false,false,missed,section,Fiscal 2024 Guidance,,,,,,,yes,"Excerpt states 'Operating margin of approximately 13.5%' under 'Fiscal 2024 Guidance' heading, matching the metric, value, and period.",,,,,,
01JCETQ100AMF090RSP986QDKQ,"The Home Depot, Inc.",HD,0000354950,"The Home Depot, Inc. expects operating margin non-GAAP of 13.8% for FY2024.",•Adjusted(1) operating margin of approximately 13.8%,operating margin non-GAAP,13.8,13.8,percent,FY2024,2024-11-12,https://www.sec.gov/Archives/edgar/data/354950/000035495024000227/hd_exhibit991x10272024.htm,0000354950-24-000227,8-K,2024-11-12,2026-10-01T12:43:36Z,b2cdc24f19af4b154407565584b5f7471a7f4a29c999209aab33da4e236bfa7c,•Adjusted(1) operating margin of approximately 13.8%,13.4,2025-02-25,https://www.sec.gov/Archives/edgar/data/354950/000035495025000030/hd_exhibit991x02022025.htm,0000354950-25-000030,8-K,2025-02-25,2026-10-01T12:43:38Z,fe8cf8ee6c4374091e7d5913e5080e8031d51783ba100fe00ddded602c293dd9,Adjusted(1) operating margin of approximately 13.4%,reported value differs from 13.8 by more than 0.5%,open,,,,,,,,,105,,2026-10-02,navneet,false,false,,false,false,false,missed,section,Fiscal 2024 Guidance,,,,,,,yes,"Excerpt states 'Adjusted operating margin of approximately 13.8%' for Fiscal 2024 Guidance, which matches the non-GAAP operating margin of 13.8% for FY2024.",,,,,,
01JCETQ100WD6ZPPMVCBR5BMK1,"The Home Depot, Inc.",HD,0000354950,"The Home Depot, Inc. expects tax rate of 24% for FY2024.",•Tax rate of approximately 24%,tax rate,24.0,24.0,percent,FY2024,2024-11-12,https://www.sec.gov/Archives/edgar/data/354950/000035495024000227/hd_exhibit991x10272024.htm,0000354950-24-000227,8-K,2024-11-12,2026-10-01T12:43:36Z,b2cdc24f19af4b154407565584b5f7471a7f4a29c999209aab33da4e236bfa7c,•Tax rate of approximately 24%,,,,,,,,,,reported value differs from 24 by more than 0.5%,open,,,,,,,,,,,2026-10-02,navneet,false,false,,false,false,false,unresolved,section,Fiscal 2024 Guidance,,,,the model found no line reporting that metric for that period,,,yes,"Excerpt states 'Tax rate of approximately 24%' under 'Fiscal 2024 Guidance' heading, matching the metric, value, and period.",,,,,,
01JMX6EG00VFKS9XP7R48CZ5CV,"The Home Depot, Inc.",HD,0000354950,"The Home Depot, Inc. expects comparable sales of 1% for FY2025.",•Comparable sales growth of approximately 1.0% for the comparable 52-week period,comparable sales,1.0,1.0,percent,FY2025,2025-02-25,https://www.sec.gov/Archives/edgar/data/354950/000035495025000030/hd_exhibit991x02022025.htm,0000354950-25-000030,8-K,2025-02-25,2026-10-01T12:43:38Z,fe8cf8ee6c4374091e7d5913e5080e8031d51783ba100fe00ddded602c293dd9,•Comparable sales growth of approximately 1.0% for the comparable 52-week period,0.3,2026-02-24,https://www.sec.gov/Archives/edgar/data/354950/000035495026000026/hd_exhibit991x02012026.htm,0000354950-26-000026,8-K,2026-02-24,2026-10-01T12:43:45Z,52b8adc772e09f42b9408a83481bec08509389b97df98553e1634971b2280820,"Comparable sales for fiscal 2025 increased 0.3%, and comparable sales in the U.S. increased 0.5%.",reported value differs from 1 by more than 0.5%,open,,,,,,,,,364,,2026-10-02,navneet,false,false,,false,false,false,missed,section,Fiscal 2025 Guidance,,Fiscal 2024 | Fiscal 2025 Guidance,,,,,yes,"Excerpt states 'Comparable sales growth of approximately 1.0%' for fiscal 2025 guidance, matching the metric, value (1%), and period (FY2025).",,,,,,
01JMX6EG0034XVMG383RASQCT1,"The Home Depot, Inc.",HD,0000354950,"The Home Depot, Inc. expects gross margin GAAP of 33.4% for FY2025.",•Gross margin of approximately 33.4%,gross margin GAAP,33.4,33.4,percent,FY2025,2025-02-25,https://www.sec.gov/Archives/edgar/data/354950/000035495025000030/hd_exhibit991x02022025.htm,0000354950-25-000030,8-K,2025-02-25,2026-10-01T12:43:38Z,fe8cf8ee6c4374091e7d5913e5080e8031d51783ba100fe00ddded602c293dd9,•Gross margin of approximately 33.4%,33.1,2026-02-24,https://www.sec.gov/Archives/edgar/data/354950/000035495026000026/hd_exhibit991x02012026.htm,0000354950-26-000026,8-K,2026-02-24,2026-10-01T12:43:45Z,52b8adc772e09f42b9408a83481bec08509389b97df98553e1634971b2280820,Gross margin of approximately 33.1%,reported value differs from 33.4 by more than 0.5%,open,,,,,,,,,364,,2026-10-02,navneet,false,false,,false,false,false,missed,section,Fiscal 2025 Guidance,,Fiscal 2024 | Fiscal 2025 Guidance,,,,,yes,"Excerpt states 'Gross margin of approximately 33.4%' under Fiscal 2025 Guidance, matching the metric, value, and period.",,,,,,
01JMX6EG00GZHYYWA8Z7A2742T,"The Home Depot, Inc.",HD,0000354950,"The Home Depot, Inc. expects operating margin GAAP of 13% for FY2025.",•Operating margin of approximately 13.0%,operating margin GAAP,13.0,13.0,percent,FY2025,2025-02-25,https://www.sec.gov/Archives/edgar/data/354950/000035495025000030/hd_exhibit991x02022025.htm,0000354950-25-000030,8-K,2025-02-25,2026-10-01T12:43:38Z,fe8cf8ee6c4374091e7d5913e5080e8031d51783ba100fe00ddded602c293dd9,•Operating margin of approximately 13.0%,,,,,,,,,,reported value differs from 13 by more than 0.5%,open,,,,,,,,,,,2026-10-02,navneet,false,false,,false,false,false,unresolved,section,Fiscal 2025 Guidance,,Fiscal 2024 | Fiscal 2025 Guidance,,the model found no line reporting that metric for that period,,,yes,"Excerpt states 'Operating margin of approximately 13.0%' under Fiscal 2025 Guidance, matching the claimed metric, value, and period.",,,,,,
01JMX6EG005QHAFYPB3H5ETH5E,"The Home Depot, Inc.",HD,0000354950,"The Home Depot, Inc. expects tax rate of 24.5% for FY2025.",•Tax rate of approximately 24.5%,tax rate,24.5,24.5,percent,FY2025,2025-02-25,https://www.sec.gov/Archives/edgar/data/354950/000035495025000030/hd_exhibit991x02022025.htm,0000354950-25-000030,8-K,2025-02-25,2026-10-01T12:43:38Z,fe8cf8ee6c4374091e7d5913e5080e8031d51783ba100fe00ddded602c293dd9,•Tax rate of approximately 24.5%,,,,,,,,,,reported value differs from 24.5 by more than 0.5%,open,,,,,,,,,,,2026-10-02,navneet,false,false,,false,false,false,unresolved,section,Fiscal 2025 Guidance,,Fiscal 2024 | Fiscal 2025 Guidance,,the model found no line reporting that metric for that period,,,yes,"Excerpt states 'Tax rate of approximately 24.5%' under Fiscal 2025 Guidance, matching the metric, value, and period exactly.",,,,,,
01JVNFTW007P97P78TKDQPEK4E,"The Home Depot, Inc.",HD,0000354950,"The Home Depot, Inc. expects comparable sales of 1% for FY2025.",•Comparable sales growth of approximately 1.0% for the comparable 52-week period,comparable sales,1.0,1.0,percent,FY2025,2025-05-20,https://www.sec.gov/Archives/edgar/data/354950/000035495025000133/hd_exhibit991x05042025.htm,0000354950-25-000133,8-K,2025-05-20,2026-10-01T12:43:39Z,0251e2adfe4476fa654a6c70b5617232fb989d10e644e2a149ccb30ba77e3b8c,•Comparable sales growth of approximately 1.0% for the comparable 52-week period,0.3,2026-02-24,https://www.sec.gov/Archives/edgar/data/354950/000035495026000026/hd_exhibit991x02012026.htm,0000354950-26-000026,8-K,2026-02-24,2026-10-01T12:43:45Z,52b8adc772e09f42b9408a83481bec08509389b97df98553e1634971b2280820,"Comparable sales for fiscal 2025 increased 0.3%, and comparable sales in the U.S. increased 0.5%.",reported value differs from 1 by more than 0.5%,open,,,,,,,,,280,,2026-10-02,navneet,false,false,,false,false,false,missed,section,Fiscal 2025 Guidance,,,,,,,yes,"Excerpt states 'Comparable sales growth of approximately 1.0%' for fiscal 2025, matching the claimed metric, value, and period.",,,,,,
01JVNFTW00D53S6BJ127ZNY9SZ,"The Home Depot, Inc.",HD,0000354950,"The Home Depot, Inc. expects gross margin GAAP of 33.4% for FY2025.",•Gross margin of approximately 33.4%,gross margin GAAP,33.4,33.4,percent,FY2025,2025-05-20,https://www.sec.gov/Archives/edgar/data/354950/000035495025000133/hd_exhibit991x05042025.htm,0000354950-25-000133,8-K,2025-05-20,2026-10-01T12:43:39Z,0251e2adfe4476fa654a6c70b5617232fb989d10e644e2a149ccb30ba77e3b8c,•Gross margin of approximately 33.4%,33.1,2026-02-24,https://www.sec.gov/Archives/edgar/data/354950/000035495026000026/hd_exhibit991x02012026.htm,0000354950-26-000026,8-K,2026-02-24,2026-10-01T12:43:45Z,52b8adc772e09f42b9408a83481bec08509389b97df98553e1634971b2280820,Gross margin of approximately 33.1%,reported value differs from 33.4 by more than 0.5%,open,,,,,,,,,280,,2026-10-02,navneet,false,false,,false,false,false,missed,section,Fiscal 2025 Guidance,,,,,,,yes,"Excerpt states 'Gross margin of approximately 33.4%' under 'Fiscal 2025 Guidance' heading, matching the metric, value, and period exactly.",,,,,,
01JVNFTW00EP7W1B7MAPQ1W2YZ,"The Home Depot, Inc.",HD,0000354950,"The Home Depot, Inc. expects operating margin GAAP of 13% for FY2025.",•Operating margin of approximately 13.0%,operating margin GAAP,13.0,13.0,percent,FY2025,2025-05-20,https://www.sec.gov/Archives/edgar/data/354950/000035495025000133/hd_exhibit991x05042025.htm,0000354950-25-000133,8-K,2025-05-20,2026-10-01T12:43:39Z,0251e2adfe4476fa654a6c70b5617232fb989d10e644e2a149ccb30ba77e3b8c,•Operating margin of approximately 13.0%,,,,,,,,,,reported value differs from 13 by more than 0.5%,open,,,,,,,,,,,2026-10-02,navneet,false,false,,false,false,false,unresolved,section,Fiscal 2025 Guidance,,,,the model found no line reporting that metric for that period,,,yes,"Excerpt states 'Operating margin of approximately 13.0%' under 'Fiscal 2025 Guidance' heading, which matches the claimed metric, value, and period.",,,,,,
01JVNFTW007N16VZAXXH8SMPH2,"The Home Depot, Inc.",HD,0000354950,"The Home Depot, Inc. expects operating margin non-GAAP of 13.4% for FY2025.",•Adjusted(1) operating margin of approximately 13.4%,operating margin non-GAAP,13.4,13.4,percent,FY2025,2025-05-20,https://www.sec.gov/Archives/edgar/data/354950/000035495025000133/hd_exhibit991x05042025.htm,0000354950-25-000133,8-K,2025-05-20,2026-10-01T12:43:39Z,0251e2adfe4476fa654a6c70b5617232fb989d10e644e2a149ccb30ba77e3b8c,•Adjusted(1) operating margin of approximately 13.4%,12.8,2026-02-24,https://www.sec.gov/Archives/edgar/data/354950/000035495026000026/hd_exhibit991x02012026.htm,0000354950-26-000026,8-K,2026-02-24,2026-10-01T12:43:45Z,52b8adc772e09f42b9408a83481bec08509389b97df98553e1634971b2280820,Adjusted(1) operating margin of approximately 12.8% to 13.0%,reported value differs from 13.4 by more than 0.5%,open,,,,,,,,,280,,2026-10-02,navneet,false,false,,false,false,false,missed,section,Fiscal 2025 Guidance,,,,,,,yes,"Excerpt states 'Adjusted operating margin of approximately 13.4%' for Fiscal 2025 Guidance, which matches the non-GAAP operating margin of 13.4% for FY2025.",,,,,,
01JVNFTW00HES5GK22XJZV2489,"The Home Depot, Inc.",HD,0000354950,"The Home Depot, Inc. expects tax rate of 24.5% for FY2025.",•Tax rate of approximately 24.5%,tax rate,24.5,24.5,percent,FY2025,2025-05-20,https://www.sec.gov/Archives/edgar/data/354950/000035495025000133/hd_exhibit991x05042025.htm,0000354950-25-000133,8-K,2025-05-20,2026-10-01T12:43:39Z,0251e2adfe4476fa654a6c70b5617232fb989d10e644e2a149ccb30ba77e3b8c,•Tax rate of approximately 24.5%,24.3,2026-02-24,https://www.sec.gov/Archives/edgar/data/354950/000035495026000026/hd_exhibit991x02012026.htm,0000354950-26-000026,8-K,2026-02-24,2026-10-01T12:43:45Z,52b8adc772e09f42b9408a83481bec08509389b97df98553e1634971b2280820,Effective tax rate of approximately 24.3%,reported value differs from 24.5 by more than 0.5%,open,,,,,,,,,280,,2026-10-02,navneet,false,false,,false,false,false,missed,section,Fiscal 2025 Guidance,,,,,,,yes,"Excerpt states 'Tax rate of approximately 24.5%' under 'Fiscal 2025 Guidance' heading, matching the metric, value, and period exactly.",,,,,,
01K2ZT09005W879NXDC9B4WJ0F,"The Home Depot, Inc.",HD,0000354950,"The Home Depot, Inc. expects comparable sales of 1% for FY2025.",•Comparable sales growth of approximately 1.0% for the comparable 52-week period,comparable sales,1.0,1.0,percent,FY2025,2025-08-19,https://www.sec.gov/Archives/edgar/data/354950/000035495025000195/hd_exhibit991x08032025.htm,0000354950-25-000195,8-K,2025-08-19,2026-10-01T12:43:41Z,c1be5a03618d733ec5f2255883b7f31ec82a84b8dd04eb50cd25a0cf74d9d308,•Comparable sales growth of approximately 1.0% for the comparable 52-week period,0.3,2026-02-24,https://www.sec.gov/Archives/edgar/data/354950/000035495026000026/hd_exhibit991x02012026.htm,0000354950-26-000026,8-K,2026-02-24,2026-10-01T12:43:45Z,52b8adc772e09f42b9408a83481bec08509389b97df98553e1634971b2280820,"Comparable sales for fiscal 2025 increased 0.3%, and comparable sales in the U.S. increased 0.5%.",reported value differs from 1 by more than 0.5%,open,,,,,,,,,189,,2026-10-02,navneet,false,false,,false,false,false,missed,section,Fiscal 2025 Guidance,,,,,,,yes,"Excerpt states 'Comparable sales growth of approximately 1.0%' for fiscal 2025, matching the claimed metric, value, and period.",,,,,,
01K2ZT0900H2TKDVSWWDMJ5B3X,"The Home Depot, Inc.",HD,0000354950,"The Home Depot, Inc. expects gross margin GAAP of 33.4% for FY2025.",•Gross margin of approximately 33.4%,gross margin GAAP,33.4,33.4,percent,FY2025,2025-08-19,https://www.sec.gov/Archives/edgar/data/354950/000035495025000195/hd_exhibit991x08032025.htm,0000354950-25-000195,8-K,2025-08-19,2026-10-01T12:43:41Z,c1be5a03618d733ec5f2255883b7f31ec82a84b8dd04eb50cd25a0cf74d9d308,•Gross margin of approximately 33.4%,33.1,2026-02-24,https://www.sec.gov/Archives/edgar/data/354950/000035495026000026/hd_exhibit991x02012026.htm,0000354950-26-000026,8-K,2026-02-24,2026-10-01T12:43:45Z,52b8adc772e09f42b9408a83481bec08509389b97df98553e1634971b2280820,Gross margin of approximately 33.1%,reported value differs from 33.4 by more than 0.5%,open,,,,,,,,,189,,2026-10-02,navneet,false,false,,false,false,false,missed,section,Fiscal 2025 Guidance,,,,,,,yes,"Excerpt states 'Gross margin of approximately 33.4%' for Fiscal 2025 Guidance, matching the metric, value, and period exactly.",,,,,,
01K2ZT0900QKMNHA9RCEE7490K,"The Home Depot, Inc.",HD,0000354950,"The Home Depot, Inc. expects operating margin GAAP of 13% for FY2025.",•Operating margin of approximately 13.0%,operating margin GAAP,13.0,13.0,percent,FY2025,2025-08-19,https://www.sec.gov/Archives/edgar/data/354950/000035495025000195/hd_exhibit991x08032025.htm,0000354950-25-000195,8-K,2025-08-19,2026-10-01T12:43:41Z,c1be5a03618d733ec5f2255883b7f31ec82a84b8dd04eb50cd25a0cf74d9d308,•Operating margin of approximately 13.0%,12.4,2026-02-24,https://www.sec.gov/Archives/edgar/data/354950/000035495026000026/hd_exhibit991x02012026.htm,0000354950-26-000026,8-K,2026-02-24,2026-10-01T12:43:45Z,52b8adc772e09f42b9408a83481bec08509389b97df98553e1634971b2280820,Operating margin of approximately 12.4% to 12.6%,reported value differs from 13 by more than 0.5%,open,,,,,,,,,189,,2026-10-02,navneet,false,false,,false,false,false,missed,section,Fiscal 2025 Guidance,,,,,,,yes,"Excerpt states 'Operating margin of approximately 13.0%' under 'Fiscal 2025 Guidance' heading, which matches the claimed metric, value, and period.",,,,,,
01K2ZT0900E9WJZN0HCG37M0HY,"The Home Depot, Inc.",HD,0000354950,"The Home Depot, Inc. expects operating margin non-GAAP of 13.4% for FY2025.",•Adjusted(1) operating margin of approximately 13.4%,operating margin non-GAAP,13.4,13.4,percent,FY2025,2025-08-19,https://www.sec.gov/Archives/edgar/data/354950/000035495025000195/hd_exhibit991x08032025.htm,0000354950-25-000195,8-K,2025-08-19,2026-10-01T12:43:41Z,c1be5a03618d733ec5f2255883b7f31ec82a84b8dd04eb50cd25a0cf74d9d308,•Adjusted(1) operating margin of approximately 13.4%,12.8,2026-02-24,https://www.sec.gov/Archives/edgar/data/354950/000035495026000026/hd_exhibit991x02012026.htm,0000354950-26-000026,8-K,2026-02-24,2026-10-01T12:43:45Z,52b8adc772e09f42b9408a83481bec08509389b97df98553e1634971b2280820,Adjusted(1) operating margin of approximately 12.8% to 13.0%,reported value differs from 13.4 by more than 0.5%,open,,,,,,,,,189,,2026-10-02,navneet,false,false,,false,false,false,missed,section,Fiscal 2025 Guidance,,,,,,,yes,"Excerpt states 'Adjusted operating margin of approximately 13.4%' for Fiscal 2025 Guidance, matching the non-GAAP operating margin of 13.4% for FY2025.",,,,,,
01K2ZT09000W5FSDRDQNP3WPNQ,"The Home Depot, Inc.",HD,0000354950,"The Home Depot, Inc. expects tax rate of 24.5% for FY2025.",•Tax rate of approximately 24.5%,tax rate,24.5,24.5,percent,FY2025,2025-08-19,https://www.sec.gov/Archives/edgar/data/354950/000035495025000195/hd_exhibit991x08032025.htm,0000354950-25-000195,8-K,2025-08-19,2026-10-01T12:43:41Z,c1be5a03618d733ec5f2255883b7f31ec82a84b8dd04eb50cd25a0cf74d9d308,•Tax rate of approximately 24.5%,24.3,2026-02-24,https://www.sec.gov/Archives/edgar/data/354950/000035495026000026/hd_exhibit991x02012026.htm,0000354950-26-000026,8-K,2026-02-24,2026-10-01T12:43:45Z,52b8adc772e09f42b9408a83481bec08509389b97df98553e1634971b2280820,Effective tax rate of approximately 24.3%,reported value differs from 24.5 by more than 0.5%,open,,,,,,,,,189,,2026-10-02,navneet,false,false,,false,false,false,missed,section,Fiscal 2025 Guidance,,,,,,,yes,"Excerpt states 'Tax rate of approximately 24.5%' under 'Fiscal 2025 Guidance' heading, matching the metric, value, and period exactly.",,,,,,
01KAA45P00X37ZCG85R31XJPFQ,"The Home Depot, Inc.",HD,0000354950,"The Home Depot, Inc. expects gross margin GAAP of 33.2% for FY2025.",•Gross margin of approximately 33.2%,gross margin GAAP,33.2,33.2,percent,FY2025,2025-11-18,https://www.sec.gov/Archives/edgar/data/354950/000035495025000238/hd_exhibit991x11022025.htm,0000354950-25-000238,8-K,2025-11-18,2026-10-01T12:43:43Z,4a461efa5f513e6c3d9753908eccc72859e9daf427659361499f9c44c26f814e,•Gross margin of approximately 33.2%,,,,,,,,,,reported value differs from 33.2 by more than 0.5%,open,,,,,,,,,,,2026-10-02,navneet,false,false,,false,false,false,unresolved,section,Fiscal 2025 Guidance,,,,the model found no line reporting that metric for that period,,,yes,"Excerpt states 'Gross margin of approximately 33.2%' for Fiscal 2025 Guidance, matching the metric, value, and period exactly.",,,,,,
01KJ6F44003CCAV1SA2GEC52XH,"The Home Depot, Inc.",HD,0000354950,"The Home Depot, Inc. expects gross margin GAAP of 33.1% for FY2026.",•Gross margin of approximately 33.1%,gross margin GAAP,33.1,33.1,percent,FY2026,2026-02-24,https://www.sec.gov/Archives/edgar/data/354950/000035495026000026/hd_exhibit991x02012026.htm,0000354950-26-000026,8-K,2026-02-24,2026-10-01T12:43:45Z,52b8adc772e09f42b9408a83481bec08509389b97df98553e1634971b2280820,•Gross margin of approximately 33.1%,,,,,,,,,,reported value differs from 33.1 by more than 0.5%,open,,,,,,,,,,,2026-10-02,navneet,false,false,,false,false,false,unresolved,section,Fiscal 2026 Guidance,,Fiscal 2025 | Fiscal 2026 Guidance,,period not closed,,,yes,"Excerpt states 'Gross margin of approximately 33.1%' under Fiscal 2026 Guidance, matching the metric, value, and period exactly.",,,,,,
01KJ6F44004XYQ7S3Z9SFS0ESK,"The Home Depot, Inc.",HD,0000354950,"The Home Depot, Inc. expects operating margin GAAP of 12.4% to 12.6% for FY2026.",•Operating margin of approximately 12.4% to 12.6%,operating margin GAAP,12.4,12.6,percent,FY2026,2026-02-24,https://www.sec.gov/Archives/edgar/data/354950/000035495026000026/hd_exhibit991x02012026.htm,0000354950-26-000026,8-K,2026-02-24,2026-10-01T12:43:45Z,52b8adc772e09f42b9408a83481bec08509389b97df98553e1634971b2280820,•Operating margin of approximately 12.4% to 12.6%,,,,,,,,,,"reported value falls outside [12.4, 12.6]",open,,,,,,,,,,,2026-10-02,navneet,false,false,,false,false,false,unresolved,section,Fiscal 2026 Guidance,,Fiscal 2025 | Fiscal 2026 Guidance,,period not closed,,,yes,"Excerpt states 'Operating margin of approximately 12.4% to 12.6%' for Fiscal 2026 Guidance, matching the metric, range, and period exactly.",,,,,,
01KJ6F4400CD4DJ5J0K7WET64S,"The Home Depot, Inc.",HD,0000354950,"The Home Depot, Inc. expects operating margin non-GAAP of 12.8% to 13% for FY2026.",•Adjusted(1) operating margin of approximately 12.8% to 13.0%,operating margin non-GAAP,12.8,13.0,percent,FY2026,2026-02-24,https://www.sec.gov/Archives/edgar/data/354950/000035495026000026/hd_exhibit991x02012026.htm,0000354950-26-000026,8-K,2026-02-24,2026-10-01T12:43:45Z,52b8adc772e09f42b9408a83481bec08509389b97df98553e1634971b2280820,•Adjusted(1) operating margin of approximately 12.8% to 13.0%,,,,,,,,,,"reported value falls outside [12.8, 13]",open,,,,,,,,,,,2026-10-02,navneet,false,false,,false,false,false,unresolved,section,Fiscal 2026 Guidance,,Fiscal 2025 | Fiscal 2026 Guidance,,period not closed,,,yes,"Excerpt states 'Adjusted operating margin of approximately 12.8% to 13.0%' for Fiscal 2026 Guidance, matching the non-GAAP operating margin range of 12.8% to 13% for FY2026.",,,,,,
01KJ6F44000P1EYZJE1X7JWX54,"The Home Depot, Inc.",HD,0000354950,"The Home Depot, Inc. expects tax rate of 24.3% for FY2026.",•Effective tax rate of approximately 24.3%,tax rate,24.3,24.3,percent,FY2026,2026-02-24,https://www.sec.gov/Archives/edgar/data/354950/000035495026000026/hd_exhibit991x02012026.htm,0000354950-26-000026,8-K,2026-02-24,2026-10-01T12:43:45Z,52b8adc772e09f42b9408a83481bec08509389b97df98553e1634971b2280820,•Effective tax rate of approximately 24.3%,,,,,,,,,,reported value differs from 24.3 by more than 0.5%,open,,,,,,,,,,,2026-10-02,navneet,false,false,,false,false,false,unresolved,section,Fiscal 2026 Guidance,,Fiscal 2025 | Fiscal 2026 Guidance,,period not closed,,,yes,"Excerpt states 'Effective tax rate of approximately 24.3%' under Fiscal 2026 Guidance, matching the metric, value, and period.",,,,,,
01KRYRGG007EB9K0WAFTNWV80Z,"The Home Depot, Inc.",HD,0000354950,"The Home Depot, Inc. expects gross margin GAAP of 33.1% for FY2026.",•Gross margin of approximately 33.1%,gross margin GAAP,33.1,33.1,percent,FY2026,2026-05-19,https://www.sec.gov/Archives/edgar/data/354950/000035495026000101/hd_exhibit991x05032026.htm,0000354950-26-000101,8-K,2026-05-19,2026-10-01T12:43:46Z,0c4603820b37cae0191207cdc25b3e8df28add20a45936f2e89da59d4277ac5e,•Gross margin of approximately 33.1%,,,,,,,,,,reported value differs from 33.1 by more than 0.5%,open,,,,,,,,,,,2026-10-02,navneet,false,false,,false,false,false,unresolved,section,The company reaffirms its fiscal 2026 guidance:,,,,period not closed,,,yes,"The excerpt states 'Gross margin of approximately 33.1%' under the section heading 'The company reaffirms its fiscal 2026 guidance', which directly matches the metric (gross margin GAAP), number (33.1",,,,,,
01KRYRGG00JYG3ZGA0075EDJ5P,"The Home Depot, Inc.",HD,0000354950,"The Home Depot, Inc. expects operating margin GAAP of 12.4% to 12.6% for FY2026.",•Operating margin of approximately 12.4% to 12.6%,operating margin GAAP,12.4,12.6,percent,FY2026,2026-05-19,https://www.sec.gov/Archives/edgar/data/354950/000035495026000101/hd_exhibit991x05032026.htm,0000354950-26-000101,8-K,2026-05-19,2026-10-01T12:43:46Z,0c4603820b37cae0191207cdc25b3e8df28add20a45936f2e89da59d4277ac5e,•Operating margin of approximately 12.4% to 12.6%,,,,,,,,,,"reported value falls outside [12.4, 12.6]",open,,,,,,,,,,,2026-10-02,navneet,false,false,,false,false,false,unresolved,section,The company reaffirms its fiscal 2026 guidance:,,,,period not closed,,,yes,"The excerpt states 'Operating margin of approximately 12.4% to 12.6%' for fiscal 2026, which matches the metric (operating margin GAAP), the range (12.4% to 12.6%), and the period (FY2026) exactly.",,,,,,
01KRYRGG00H2F2V99NKPWAQAQ9,"The Home Depot, Inc.",HD,0000354950,"The Home Depot, Inc. expects operating margin non-GAAP of 12.8% to 13% for FY2026.",•Adjusted(1) operating margin of approximately 12.8% to 13.0%,operating margin non-GAAP,12.8,13.0,percent,FY2026,2026-05-19,https://www.sec.gov/Archives/edgar/data/354950/000035495026000101/hd_exhibit991x05032026.htm,0000354950-26-000101,8-K,2026-05-19,2026-10-01T12:43:46Z,0c4603820b37cae0191207cdc25b3e8df28add20a45936f2e89da59d4277ac5e,•Adjusted(1) operating margin of approximately 12.8% to 13.0%,,,,,,,,,,"reported value falls outside [12.8, 13]",open,,,,,,,,,,,2026-10-02,navneet,false,false,,false,false,false,unresolved,section,The company reaffirms its fiscal 2026 guidance:,,,,period not closed,,,yes,"Excerpt states 'Adjusted operating margin of approximately 12.8% to 13.0%' for fiscal 2026, which matches the non-GAAP operating margin range of 12.8% to 13% for FY2026.",,,,,,
01KRYRGG008XNM73BP8M9ETW7F,"The Home Depot, Inc.",HD,0000354950,"The Home Depot, Inc. expects tax rate of 24.3% for FY2026.",•Effective tax rate of approximately 24.3%,tax rate,24.3,24.3,percent,FY2026,2026-05-19,https://www.sec.gov/Archives/edgar/data/354950/000035495026000101/hd_exhibit991x05032026.htm,0000354950-26-000101,8-K,2026-05-19,2026-10-01T12:43:46Z,0c4603820b37cae0191207cdc25b3e8df28add20a45936f2e89da59d4277ac5e,•Effective tax rate of approximately 24.3%,,,,,,,,,,reported value differs from 24.3 by more than 0.5%,open,,,,,,,,,,,2026-10-02,navneet,false,false,,false,false,false,unresolved,section,The company reaffirms its fiscal 2026 guidance:,,,,period not closed,,,yes,"The excerpt states 'Effective tax rate of approximately 24.3%' under the section heading 'The company reaffirms its fiscal 2026 guidance', which matches the metric (tax rate), number (24.3%), and peri",,,,,,
01M092NX0068HKEVVX91WFARYQ,"The Home Depot, Inc.",HD,0000354950,"The Home Depot, Inc. expects gross margin GAAP of 33.1% for FY2026.",•Gross margin of approximately 33.1%,gross margin GAAP,33.1,33.1,percent,FY2026,2026-08-18,https://www.sec.gov/Archives/edgar/data/354950/000035495026000145/hd_exhibit991x08022026.htm,0000354950-26-000145,8-K,2026-08-18,2026-10-01T12:43:48Z,321667e36e59736ddb323f7e180a19bf4e9e6d6cb3fac960890728e271bc4ee9,•Gross margin of approximately 33.1%,,,,,,,,,,reported value differs from 33.1 by more than 0.5%,open,,,,,,,,,,,2026-10-02,navneet,false,false,,false,false,false,unresolved,section,Fiscal 2026 Guidance,,,,period not closed,,,yes,"Excerpt states 'Gross margin of approximately 33.1%' under 'Fiscal 2026 Guidance' heading, matching the metric, value, and period exactly.",,,,,,
01M092NX00W45Y2ZVF5WBZG093,"The Home Depot, Inc.",HD,0000354950,"The Home Depot, Inc. expects operating margin GAAP of 12.4% to 12.6% for FY2026.",•Operating margin of approximately 12.4% to 12.6%,operating margin GAAP,12.4,12.6,percent,FY2026,2026-08-18,https://www.sec.gov/Archives/edgar/data/354950/000035495026000145/hd_exhibit991x08022026.htm,0000354950-26-000145,8-K,2026-08-18,2026-10-01T12:43:48Z,321667e36e59736ddb323f7e180a19bf4e9e6d6cb3fac960890728e271bc4ee9,•Operating margin of approximately 12.4% to 12.6%,,,,,,,,,,"reported value falls outside [12.4, 12.6]",open,,,,,,,,,,,2026-10-02,navneet,false,false,,false,false,false,unresolved,section,Fiscal 2026 Guidance,,,,period not closed,,,yes,"Excerpt states 'Operating margin of approximately 12.4% to 12.6%' under 'Fiscal 2026 Guidance' heading, matching the metric, range, and period exactly.",,,,,,
01M092NX00GZAXXZ7C6WA93J2Q,"The Home Depot, Inc.",HD,0000354950,"The Home Depot, Inc. expects operating margin non-GAAP of 12.8% to 13% for FY2026.",•Adjusted(1) operating margin of approximately 12.8% to 13.0%,operating margin non-GAAP,12.8,13.0,percent,FY2026,2026-08-18,https://www.sec.gov/Archives/edgar/data/354950/000035495026000145/hd_exhibit991x08022026.htm,0000354950-26-000145,8-K,2026-08-18,2026-10-01T12:43:48Z,321667e36e59736ddb323f7e180a19bf4e9e6d6cb3fac960890728e271bc4ee9,•Adjusted(1) operating margin of approximately 12.8% to 13.0%,,,,,,,,,,"reported value falls outside [12.8, 13]",open,,,,,,,,,,,2026-10-02,navneet,false,false,,false,false,false,unresolved,section,Fiscal 2026 Guidance,,,,period not closed,,,yes,"Excerpt states 'Adjusted operating margin of approximately 12.8% to 13.0%' for Fiscal 2026 Guidance, matching the non-GAAP operating margin range of 12.8% to 13%.",,,,,,
01M092NX005BKS45DFZT7D279D,"The Home Depot, Inc.",HD,0000354950,"The Home Depot, Inc. expects tax rate of 24.3% for FY2026.",•Effective tax rate of approximately 24.3%,tax rate,24.3,24.3,percent,FY2026,2026-08-18,https://www.sec.gov/Archives/edgar/data/354950/000035495026000145/hd_exhibit991x08022026.htm,0000354950-26-000145,8-K,2026-08-18,2026-10-01T12:43:48Z,321667e36e59736ddb323f7e180a19bf4e9e6d6cb3fac960890728e271bc4ee9,•Effective tax rate of approximately 24.3%,,,,,,,,,,reported value differs from 24.3 by more than 0.5%,open,,,,,,,,,,,2026-10-02,navneet,false,false,,false,false,false,unresolved,section,Fiscal 2026 Guidance,,,,period not closed,,,yes,"Excerpt states 'Effective tax rate of approximately 24.3%' under 'Fiscal 2026 Guidance' section, matching the metric, value, and period exactly.",,,,,,
01D4KHKQ00B6G03RW12NCSMVRV,"The Home Depot, Inc.",HD,0000354950,,,,,,,,2019-02-26,https://www.sec.gov/Archives/edgar/data/354950/000035495019000003/hd_exhibit991x02262019.htm,0000354950-19-000003,8-K,2019-02-26,2026-10-01T12:42:44Z,a5b103e5f6d8c10147d55e23adbfb9c6635f676e92dcc086bc787dd555d63b6c,"ATLANTA, February 26, 2019 -- The Home Depot®, the world's largest home improvement retailer, today reported sales of $26.5 billion for the fourth quarter of fiscal 2018, a 10.9 percent increase from the fourth quarter of fiscal 2017. Comparable sales for the fourth quarter of fiscal 2018 were positive 3.2 percent, and comp sales in the U.S. were positive 3.7 percent.
The fourth quarter of fiscal ",,,,,,,,,,,open,,,,,,,,,,,,,false,false,,false,true,false,,section,Provides Fiscal 2019 Guidance,,,,,the model returned no items,,,,,,,,,
01DBBV0300WKV7B3Q0GKNFMZ5X,"The Home Depot, Inc.",HD,0000354950,,,,,,,,2019-05-21,https://www.sec.gov/Archives/edgar/data/354950/000035495019000020/hd_exhibit991x05212019.htm,0000354950-19-000020,8-K,2019-05-21,2026-10-01T12:42:46Z,4b0737d8fda858011a5f6064a82deea9a22689b9b000fc50f2eccc1ad878dcfc,"ATLANTA, May 21, 2019 -- The Home Depot®, the world's largest home improvement retailer, today reported sales of $26.4 billion for the first quarter of fiscal 2019, a 5.7 percent increase from the first quarter of fiscal 2018. Comparable sales for the first quarter of fiscal 2019 were positive 2.5 percent, and comparable sales in the U.S. were positive 3.0 percent. In the first quarter, the differ",,,,,,,,,,,open,,,,,,,,,,,,,false,false,,false,true,false,,section,Reaffirms Fiscal Year 2019 Guidance,,,,,the model returned no items,,,,,,,,,
01DBBV0300MN8E81TR8YYFAJZY,"The Home Depot, Inc.",HD,0000354950,,,,,,,,2019-05-21,https://www.sec.gov/Archives/edgar/data/354950/000035495019000020/hd_exhibit991x05212019.htm,0000354950-19-000020,8-K,2019-05-21,2026-10-01T12:42:46Z,4b0737d8fda858011a5f6064a82deea9a22689b9b000fc50f2eccc1ad878dcfc,"The Company reaffirmed its guidance for fiscal 2019, a 52-week year compared to fiscal 2018, a 53-week year. The Company expects its fiscal 2019 sales to grow by approximately 3.3 percent and comp sales for the comparable 52-week period to be up approximately 5.0 percent. The Company also reaffirmed its diluted earnings-per-share growth guidance for the year and expects diluted earnings-per-share ",,,,,,,,,,,open,,,,,,,,,,,,,false,false,,false,true,false,,section,Fiscal 2019 Guidance,,,,,"2 item(s) returned, all rejected: the evidence is 463 chars, over the 400 char excerpt limit",,,,,,,,,
01DJP55G003FDY64NCK4YZGW15,"The Home Depot, Inc.",HD,0000354950,,,,,,,,2019-08-20,https://www.sec.gov/Archives/edgar/data/354950/000035495019000054/hdexhibit99108202019.htm,0000354950-19-000054,8-K,2019-08-20,2026-10-01T12:42:50Z,226301faddbd25e0b26c22c1f293772a54f8a374935ba83f85afb1564b673835,"ATLANTA, August 20, 2019 -- The Home Depot®, the world's largest home improvement retailer, today reported sales of $30.8 billion for the second quarter of fiscal 2019, a 1.2 percent increase from the second quarter of fiscal 2018. Comparable sales for the second quarter of fiscal 2019 were positive 3.0 percent, and comparable sales in the U.S. were positive 3.1 percent. In the second quarter, the",,,,,,,,,,,open,,,,,,,,,,,,,false,false,,false,true,false,,section,Updates Fiscal Year 2019 Guidance,,,,,the model returned no items,,,,,,,,,
01DJP55G00GKW9WHY7WK98WJJH,"The Home Depot, Inc.",HD,0000354950,,,,,,,,2019-08-20,https://www.sec.gov/Archives/edgar/data/354950/000035495019000054/hdexhibit99108202019.htm,0000354950-19-000054,8-K,2019-08-20,2026-10-01T12:42:50Z,226301faddbd25e0b26c22c1f293772a54f8a374935ba83f85afb1564b673835,"The Company updated its guidance for fiscal 2019, a 52-week year compared to fiscal 2018, a 53-week year. The Company expects its fiscal 2019 sales to grow by approximately 2.3 percent and comp sales for the comparable 52-week period to be up approximately 4.0 percent. The Company reaffirmed its diluted earnings-per-share growth guidance for the year and expects diluted earnings-per-share growth o",,,,,,,,,,,open,,,,,,,,,,,,,false,false,,false,true,false,,section,Fiscal 2019 Guidance,,,,,"3 item(s) returned, all rejected: the evidence is 455 chars, over the 400 char excerpt limit",,,,,,,,,
01DT0FAX004YZRR6R7F52CK0K5,"The Home Depot, Inc.",HD,0000354950,,,,,,,,2019-11-19,https://www.sec.gov/Archives/edgar/data/354950/000035495019000061/hdexhibit99111192019.htm,0000354950-19-000061,8-K,2019-11-19,2026-10-01T12:42:51Z,3dca549ea73641b26ab82fe5c839dda54b86478b59217ae8780fcd2697d6be0e,"ATLANTA, November 19, 2019 -- The Home Depot®, the world's largest home improvement retailer, today reported third quarter fiscal 2019 sales of $27.2 billion, an increase of 3.5 percent, or $921 million, compared to the third quarter of fiscal 2018. Comparable sales for the third quarter of fiscal 2019 were positive 3.6 percent, and comparable sales in the U.S. were positive 3.8 percent.
Net earni",,,,,,,,,,,open,,,,,,,,,,,,,false,false,,false,true,false,,section,Updates Fiscal Year 2019 Guidance,,,,,the model returned no items,,,,,,,,,
01DT0FAX0059BYT66TX912JW4E,"The Home Depot, Inc.",HD,0000354950,,,,,,,,2019-11-19,https://www.sec.gov/Archives/edgar/data/354950/000035495019000061/hdexhibit99111192019.htm,0000354950-19-000061,8-K,2019-11-19,2026-10-01T12:42:51Z,3dca549ea73641b26ab82fe5c839dda54b86478b59217ae8780fcd2697d6be0e,"The Company updated its guidance for fiscal 2019, a 52-week year compared to fiscal 2018, a 53-week year. The Company expects its fiscal 2019 sales to grow by approximately 1.8 percent and comp sales for the comparable 52-week period to increase approximately 3.5 percent. This compares to the Company’s prior fiscal 2019 sales growth guidance of 2.3 percent and comp sales growth of 4.0 percent. The",,,,,,,,,,,open,,,,,,,,,,,,,false,false,,false,true,false,,section,Fiscal 2019 Guidance,,,,,"2 item(s) returned, all rejected: the evidence is 575 chars, over the 400 char excerpt limit",,,,,,,,,
01E1WT9B00FA9796E7W9X2W28P,"The Home Depot, Inc.",HD,0000354950,,,,,,,,2020-02-25,https://www.sec.gov/Archives/edgar/data/354950/000035495020000010/hdexhibit99102022020.htm,0000354950-20-000010,8-K,2020-02-25,2026-10-01T12:42:53Z,2594d4de2d5ba54b238f15dd53b7bcabc014fe10d5ca56023422cd1d5657d441,"Increases Quarterly Dividend by 10 Percent
ATLANTA, February 25, 2020 -- The Home Depot®, the world's largest home improvement retailer, today reported fourth quarter and fiscal 2019 results.",,,,,,,,,,,open,,,,,,,,,,,,,false,false,,false,true,false,,section,Reiterates Fiscal 2020 Business Outlook;,,,,,the model returned no items,,,,,,,,,
01E8N3NQ001054P3F57T1Z1JFN,"The Home Depot, Inc.",HD,0000354950,,,,,,,,2020-05-19,https://www.sec.gov/Archives/edgar/data/354950/000035495020000031/hdexhibit99105032020-n.htm,0000354950-20-000031,8-K,2020-05-19,2026-10-01T12:42:55Z,375f57e61a30dc9e1016c4d78f99dcc441ff4b30ec15262e72d66e3339386413,"Declares Quarterly Dividend of $1.50 Per Share
ATLANTA, May 19, 2020 -- The Home Depot®, the world's largest home improvement retailer, today reported sales of $28.3 billion for the first quarter of fiscal 2020, a 7.1 percent increase from the first quarter of fiscal 2019. Comparable sales for the first quarter of fiscal 2020 were positive 6.4 percent, and comparable sales in the U.S. were positiv",,,,,,,,,,,open,,,,,,,,,,,,,false,false,,false,true,false,,section,Suspends 2020 Business Outlook;,,,,,the model returned no items,,,,,,,,,
01G37N0Z00BQ3M8C4S5S7FDN71,"The Home Depot, Inc.",HD,0000354950,,,,,,,,2022-05-17,https://www.sec.gov/Archives/edgar/data/354950/000035495022000125/hd_ex991x05012022xactive.htm,0000354950-22-000125,8-K,2022-05-17,2026-10-01T12:43:13Z,d439fd58ac95c9dfd4037ea15acad0cc564516326dcd20c67feb4b0f33017c08,"ATLANTA, May 17, 2022 -- The Home Depot®, the world's largest home improvement retailer, today reported sales of $38.9 billion for the first quarter of fiscal 2022, an increase of $1.4 billion, or 3.8 percent from the first quarter of fiscal 2021. Comparable sales for the first quarter of fiscal 2022 increased 2.2 percent, and comparable sales in the U.S. increased 1.7 percent.
Net earnings for th",,,,,,,,,,,open,,,,,,,,,,,,,false,false,,false,true,false,,section,Raises Fiscal 2022 Guidance,,,,,the model returned no items,,,,,,,,,
01GAHZ6C00704FQV760DNRWJ6R,"The Home Depot, Inc.",HD,0000354950,,,,,,,,2022-08-16,https://www.sec.gov/Archives/edgar/data/354950/000035495022000185/hd_ex991x07312022xactive.htm,0000354950-22-000185,8-K,2022-08-16,2026-10-01T12:43:16Z,9cae56e490269b547725e5f5d15aa3e33928bdebd9bbd33ea735651ed9ab74c8,"ATLANTA, August 16, 2022 -- The Home Depot®, the world's largest home improvement retailer, today reported sales of $43.8 billion for the second quarter of fiscal 2022, an increase of $2.7 billion, or 6.5 percent from the second quarter of fiscal 2021. Comparable sales for the second quarter of fiscal 2022 increased 5.8 percent, and comparable sales in the U.S. increased 5.4 percent.
Net earnings ",,,,,,,,,,,open,,,,,,,,,,,,,false,false,,false,true,false,,section,Reaffirms Fiscal 2022 Guidance,,,,,the model returned no items,,,,,,,,,
01GHW9BS00P7YY7SJGEGXFA9AD,"The Home Depot, Inc.",HD,0000354950,,,,,,,,2022-11-15,https://www.sec.gov/Archives/edgar/data/354950/000035495022000219/hd_ex991x10302022xactive.htm,0000354950-22-000219,8-K,2022-11-15,2026-10-01T12:43:18Z,04a08ee3f3dddb661823b9eb638502b47cf203a152ec0564cd7e639b461282b5,"ATLANTA, Nov. 15, 2022 -- The Home Depot®, the world's largest home improvement retailer, today reported sales of $38.9 billion for the third quarter of fiscal 2022, an increase of $2.1 billion, or 5.6 percent from the third quarter of fiscal 2021. Comparable sales for the third quarter of fiscal 2022 increased 4.3 percent, and comparable sales in the U.S. increased 4.5 percent.
Net earnings for t",,,,,,,,,,,open,,,,,,,,,,,,,false,false,,false,true,false,,section,Reaffirms Fiscal 2022 Guidance,,,,,the model returned no items,,,,,,,,,
01H0GXPK00Y4ZYGX65J6S3DH6N,"The Home Depot, Inc.",HD,0000354950,,,,,,,,2023-05-16,https://www.sec.gov/Archives/edgar/data/354950/000035495023000110/hd_exhibit991x4302023.htm,0000354950-23-000110,8-K,2023-05-16,2026-10-01T12:43:22Z,687745f6483c30a0759a6d26ae0488de1a630ec1180f2977033671344d1c14b7,"ATLANTA, May 16, 2023 -- The Home Depot®, the world's largest home improvement retailer, today reported sales of $37.3 billion for the first quarter of fiscal 2023, a decrease of 4.2% from the first quarter of fiscal 2022. Comparable sales for the first quarter of fiscal 2023 decreased 4.5%, and comparable sales in the U.S. decreased 4.6%.
Net earnings for the first quarter of fiscal 2023 were $3.",,,,,,,,,,,open,,,,,,,,,,,,,false,false,,false,true,false,,section,Updates Fiscal 2023 Guidance,,,,,the model returned no items,,,,,,,,,
01H7V7W000ZFFZVHBB6NK7QAVS,"The Home Depot, Inc.",HD,0000354950,,,,,,,,2023-08-15,https://www.sec.gov/Archives/edgar/data/354950/000035495023000180/hd_exhibit991x7302023.htm,0000354950-23-000180,8-K,2023-08-15,2026-10-01T12:43:24Z,e2c008c4399e8e4e544536b9f736844da4439b025d66c181116769247afb80ce,"Announces $15 Billion Share Repurchase Authorization
ATLANTA, August 15, 2023 -- The Home Depot®, the world's largest home improvement retailer, today reported sales of $42.9 billion for the second quarter of fiscal 2023, a decrease of 2.0% from the second quarter of fiscal 2022. Comparable sales for the second quarter of fiscal 2023 decreased 2.0%, and comparable sales in the U.S. decreased 2.0%.",,,,,,,,,,,open,,,,,,,,,,,,,false,false,,false,true,false,,section,Reaffirms Fiscal 2023 Guidance;,,,,,the model returned no items,,,,,,,,,
01HF5J1D007F3PM559CCSP24Y6,"The Home Depot, Inc.",HD,0000354950,,,,,,,,2023-11-14,https://www.sec.gov/Archives/edgar/data/354950/000035495023000228/hd_exhibit991x10292023.htm,0000354950-23-000228,8-K,2023-11-14,2026-10-01T12:43:26Z,d30814b517fa391cc6325da800e99b31d3cdec6e2cf8ee190714e42b83b21759,"ATLANTA, November 14, 2023 -- The Home Depot®, the world's largest home improvement retailer, today reported sales of $37.7 billion for the third quarter of fiscal 2023, a decrease of 3.0% from the third quarter of fiscal 2022. Comparable sales for the third quarter of fiscal 2023 decreased 3.1%, and comparable sales in the U.S. decreased 3.5%.
Net earnings for the third quarter of fiscal 2023 wer",,,,,,,,,,,open,,,,,,,,,,,,,false,false,,false,true,false,,section,Narrows Fiscal 2023 Guidance,,,,,the model returned no items,,,,,,,,,
01HXT6C700NCBH4B2TVY3ZXSER,"The Home Depot, Inc.",HD,0000354950,,,,,,,,2024-05-14,https://www.sec.gov/Archives/edgar/data/354950/000035495024000118/hd_exhibit991x4282024.htm,0000354950-24-000118,8-K,2024-05-14,2026-10-01T12:43:32Z,137d2a452f1f76010da290af85ab24f2676501a54013e10adc3298efa19688b7,"ATLANTA, May 14, 2024 -- The Home Depot®, the world's largest home improvement retailer, today reported sales of $36.4 billion for the first quarter of fiscal 2024, a decrease of 2.3% from the first quarter of fiscal 2023. Comparable sales for the first quarter of fiscal 2024 decreased 2.8%, and comparable sales in the U.S. decreased 3.2%.
Net earnings for the first quarter of fiscal 2024 were $3.",,,,,,,,,,,open,,,,,,,,,,,,,false,false,,false,true,false,,section,Reaffirms Fiscal 2024 Guidance,,,,,the model returned no items,,,,,,,,,
01J54GHM00H3963XAMVJ0H1GA2,"The Home Depot, Inc.",HD,0000354950,,,,,,,,2024-08-13,https://www.sec.gov/Archives/edgar/data/354950/000035495024000189/hd_exhibit991x7282024.htm,0000354950-24-000189,8-K,2024-08-13,2026-10-01T12:43:35Z,0fb09f92afd583c70139fc6770c687827fef03ff3ccb921085dd9861e57c55e2,"ATLANTA, August 13, 2024 -- The Home Depot®, the world's largest home improvement retailer, today reported sales of $43.2 billion for the second quarter of fiscal 2024, an increase of 0.6% from the second quarter of fiscal 2023. Total sales include $1.3 billion from the recent acquisition of SRS Distribution Inc. (SRS), which represents approximately six weeks of sales in the quarter. Comparable s",,,,,,,,,,,open,,,,,,,,,,,,,false,false,,false,true,false,,section,Updates Fiscal 2024 Guidance,,,,,the model returned no items,,,,,,,,,
01JCETQ100HT5G7GZC60ZRS4XP,"The Home Depot, Inc.",HD,0000354950,,,,,,,,2024-11-12,https://www.sec.gov/Archives/edgar/data/354950/000035495024000227/hd_exhibit991x10272024.htm,0000354950-24-000227,8-K,2024-11-12,2026-10-01T12:43:36Z,b2cdc24f19af4b154407565584b5f7471a7f4a29c999209aab33da4e236bfa7c,"ATLANTA, November 12, 2024 -- The Home Depot®, the world's largest home improvement retailer, today reported sales of $40.2 billion for the third quarter of fiscal 2024, an increase of 6.6% from the third quarter of fiscal 2023. Comparable sales for the third quarter of fiscal 2024 decreased 1.3%, and comparable sales in the U.S. decreased 1.2%.
Operating income for the third quarter of fiscal 202",,,,,,,,,,,open,,,,,,,,,,,,,false,false,,false,true,false,,section,Updates Fiscal 2024 Guidance,,,,,the model returned no items,,,,,,,,,
01JVNFTW00F6NJV3ZRQMJH7E8D,"The Home Depot, Inc.",HD,0000354950,,,,,,,,2025-05-20,https://www.sec.gov/Archives/edgar/data/354950/000035495025000133/hd_exhibit991x05042025.htm,0000354950-25-000133,8-K,2025-05-20,2026-10-01T12:43:39Z,0251e2adfe4476fa654a6c70b5617232fb989d10e644e2a149ccb30ba77e3b8c,"ATLANTA, May 20, 2025 -- The Home Depot®, the world's largest home improvement retailer, today reported sales of $39.9 billion for the first quarter of fiscal 2025, an increase of 9.4% from the first quarter of fiscal 2024. Comparable sales for the first quarter of fiscal 2025 decreased 0.3%, and comparable sales in the U.S. increased 0.2%. For the first quarter of fiscal 2025, foreign exchange ra",,,,,,,,,,,open,,,,,,,,,,,,,false,false,,false,true,false,,section,Reaffirms Fiscal 2025 Guidance,,,,,the model returned no items,,,,,,,,,
01K2ZT09002J05CHADMCN4SRV1,"The Home Depot, Inc.",HD,0000354950,,,,,,,,2025-08-19,https://www.sec.gov/Archives/edgar/data/354950/000035495025000195/hd_exhibit991x08032025.htm,0000354950-25-000195,8-K,2025-08-19,2026-10-01T12:43:41Z,c1be5a03618d733ec5f2255883b7f31ec82a84b8dd04eb50cd25a0cf74d9d308,"ATLANTA, August 19, 2025 -- The Home Depot®, the world's largest home improvement retailer, today reported sales of $45.3 billion for the second quarter of fiscal 2025, an increase of $2.1 billion, or 4.9% from the second quarter of fiscal 2024. Comparable sales for the second quarter of fiscal 2025 increased 1.0%, and comparable sales in the U.S. increased 1.4%. For the second quarter of fiscal 2",,,,,,,,,,,open,,,,,,,,,,,,,false,false,,false,true,false,,section,Reaffirms Fiscal 2025 Guidance,,,,,the model returned no items,,,,,,,,,
01KAA45P00F3FS9RK3Y0W7MC1X,"The Home Depot, Inc.",HD,0000354950,,,,,,,,2025-11-18,https://www.sec.gov/Archives/edgar/data/354950/000035495025000238/hd_exhibit991x11022025.htm,0000354950-25-000238,8-K,2025-11-18,2026-10-01T12:43:43Z,4a461efa5f513e6c3d9753908eccc72859e9daf427659361499f9c44c26f814e,"ATLANTA, November 18, 2025 -- The Home Depot®, the world's largest home improvement retailer, today reported sales of $41.4 billion for the third quarter of fiscal 2025, an increase of $1.1 billion, or 2.8% from the third quarter of fiscal 2024. Total sales include approximately $900 million from the recent acquisition of GMS Inc. (GMS), which represents approximately eight weeks of sales in the q",,,,,,,,,,,open,,,,,,,,,,,,,false,false,,false,true,false,,section,Updates Fiscal 2025 Guidance,,,,,the model returned no items,,,,,,,,,
01KJ6F4400E8NAD6NW00Y2FCS2,"The Home Depot, Inc.",HD,0000354950,,,,,,,,2026-02-24,https://www.sec.gov/Archives/edgar/data/354950/000035495026000026/hd_exhibit991x02012026.htm,0000354950-26-000026,8-K,2026-02-24,2026-10-01T12:43:45Z,52b8adc772e09f42b9408a83481bec08509389b97df98553e1634971b2280820,"ATLANTA, February 24, 2026 -- The Home Depot®, the world's largest home improvement retailer, today reported fourth quarter and fiscal 2025 results.
Fourth Quarter 2025
Sales for the fourth quarter of fiscal 2025 were $38.2 billion, a decrease of $1.5 billion, or 3.8% from the fourth quarter of fiscal 2024. The fourth quarter of fiscal 2025 consisted of 13 weeks compared with 14 weeks for the prio",,,,,,,,,,,open,,,,,,,,,,,,,false,false,,false,true,false,,section,Provides Fiscal 2026 Guidance,,,,,the model returned no items,,,,,,,,,
01KRYRGG00E4BBZ50YX4BBHQXC,"The Home Depot, Inc.",HD,0000354950,,,,,,,,2026-05-19,https://www.sec.gov/Archives/edgar/data/354950/000035495026000101/hd_exhibit991x05032026.htm,0000354950-26-000101,8-K,2026-05-19,2026-10-01T12:43:46Z,0c4603820b37cae0191207cdc25b3e8df28add20a45936f2e89da59d4277ac5e,"ATLANTA, May 19, 2026 -- The Home Depot®, the world's largest home improvement retailer, today reported sales of $41.8 billion for the first quarter of fiscal 2026, an increase of $1.9 billion, or 4.8% from the first quarter of fiscal 2025. Comparable sales for the first quarter of fiscal 2026 increased 0.6%, and comparable sales in the U.S. increased 0.4%. For the first quarter of fiscal 2026, fo",,,,,,,,,,,open,,,,,,,,,,,,,false,false,,false,true,false,,section,Reaffirms Fiscal 2026 Guidance,,,,,the model returned no items,,,,,,,,,
01M092NX00DHF6RG3AT6BDX129,"The Home Depot, Inc.",HD,0000354950,,,,,,,,2026-08-18,https://www.sec.gov/Archives/edgar/data/354950/000035495026000145/hd_exhibit991x08022026.htm,0000354950-26-000145,8-K,2026-08-18,2026-10-01T12:43:48Z,321667e36e59736ddb323f7e180a19bf4e9e6d6cb3fac960890728e271bc4ee9,"ATLANTA, August 18, 2026 -- The Home Depot®, the world's largest home improvement retailer, today reported sales of $47.9 billion for the second quarter of fiscal 2026, an increase of $2.6 billion, or 5.7% from the second quarter of fiscal 2025. Comparable sales for the second quarter of fiscal 2026 increased 1.7%, and comparable sales in the U.S. increased 1.3%.
Net earnings for the second quarte",,,,,,,,,,,open,,,,,,,,,,,,,false,false,,false,true,false,,section,Reaffirms Fiscal 2026 Guidance,,,,,the model returned no items,,,,,,,,,
01JCETQ100WD7ED7BXZ31QPRRA,"The Home Depot, Inc.",HD,0000354950,"The Home Depot, Inc. expects EPS non-GAAP of $0.3 per share for FY2024.",53rd week expected to contribute approximately $0.30 of adjusted diluted earnings per share compared to fiscal 2023,EPS non-GAAP,0.3,0.3,USD per share,FY2024,2024-11-12,https://www.sec.gov/Archives/edgar/data/354950/000035495024000227/hd_exhibit991x10272024.htm,0000354950-24-000227,8-K,2024-11-12,2026-10-01T12:43:36Z,b2cdc24f19af4b154407565584b5f7471a7f4a29c999209aab33da4e236bfa7c,53rd week expected to contribute approximately $0.30 of adjusted diluted earnings per share compared to fiscal 2023,,,,,,,,,,reported value differs from 0.3 by more than 0.5%,open,,,,,,,,,,,2026-10-02,navneet,false,false,,false,false,false,unresolved,sentence,Fiscal 2024 Guidance,"The company updated its fiscal 2024 guidance, which includes 53 weeks of operating results:",,,model output rejected,,,yes,"The excerpt states the 53rd week is expected to contribute approximately $0.30 of adjusted diluted earnings per share, which matches the $0.30 per share non-GAAP EPS guidance for FY2024.",,,,,,
01D4KHKQ00T0ZRQ1ARK1S1GX0R,"The Home Depot, Inc.",HD,0000354950,"The Home Depot, Inc. expects comparable sales of 5% for FY2019.","“Our view on the health of the economy and the consumer, as well as the momentum of our strategic investments, supports our belief that we can deliver comparable sales growth of 5.0 percent in fiscal 2019.",comparable sales,5.0,5.0,percent,FY2019,2019-02-26,https://www.sec.gov/Archives/edgar/data/354950/000035495019000003/hd_exhibit991x02262019.htm,0000354950-19-000003,8-K,2019-02-26,2026-10-01T12:42:44Z,a5b103e5f6d8c10147d55e23adbfb9c6635f676e92dcc086bc787dd555d63b6c,"“Our view on the health of the economy and the consumer, as well as the momentum of our strategic investments, supports our belief that we can deliver comparable sales growth of 5.0 percent in fiscal 2019.",3.5,2020-02-25,https://www.sec.gov/Archives/edgar/data/354950/000035495020000010/hdexhibit99102022020.htm,0000354950-20-000010,8-K,2020-02-25,2026-10-01T12:42:53Z,2594d4de2d5ba54b238f15dd53b7bcabc014fe10d5ca56023422cd1d5657d441,"Comparable sales for fiscal 2019 increased 3.5 percent, and comparable sales in the U.S. increased 3.8 percent.",reported value differs from 5 by more than 0.5%,open,,,,,,,,,364,,2026-10-02,navneet,false,false,,false,false,false,missed,sentence,,,,,,,,yes,"Excerpt states 'comparable sales growth of 5.0 percent in fiscal 2019' which matches the metric, value, and period exactly.",,,,,,
01DBBV0300SH05C4NVFM918VM1,"The Home Depot, Inc.",HD,0000354950,"The Home Depot, Inc. expects comparable sales of 5% for FY2019.",The Company expects its fiscal 2019 sales to grow by approximately 3.3 percent and comp sales for the comparable 52-week period to be up approximately 5.0 percent.,comparable sales,5.0,5.0,percent,FY2019,2019-05-21,https://www.sec.gov/Archives/edgar/data/354950/000035495019000020/hd_exhibit991x05212019.htm,0000354950-19-000020,8-K,2019-05-21,2026-10-01T12:42:46Z,4b0737d8fda858011a5f6064a82deea9a22689b9b000fc50f2eccc1ad878dcfc,The Company expects its fiscal 2019 sales to grow by approximately 3.3 percent and comp sales for the comparable 52-week period to be up approximately 5.0 percent.,3.5,2020-02-25,https://www.sec.gov/Archives/edgar/data/354950/000035495020000010/hdexhibit99102022020.htm,0000354950-20-000010,8-K,2020-02-25,2026-10-01T12:42:53Z,2594d4de2d5ba54b238f15dd53b7bcabc014fe10d5ca56023422cd1d5657d441,"Comparable sales for fiscal 2019 increased 3.5 percent, and comparable sales in the U.S. increased 3.8 percent.",reported value differs from 5 by more than 0.5%,open,,,,,,,,,280,,2026-10-02,navneet,false,false,,false,false,false,missed,sentence,Fiscal 2019 Guidance,,,,,,,yes,"Excerpt states 'comp sales for the comparable 52-week period to be up approximately 5.0 percent' for fiscal 2019, matching the 5% comparable sales guidance for FY2019.",,,,,,
01DBBV0300CNEAWJ43RN8MQKDC,"The Home Depot, Inc.",HD,0000354950,"The Home Depot, Inc. expects EPS GAAP of $10.03 per share for FY2019.",The Company also reaffirmed its diluted earnings-per-share growth guidance for the year and expects diluted earnings-per-share growth of approximately 3.1 percent from fiscal 2018 to $10.03.,EPS GAAP,10.03,10.03,USD per share,FY2019,2019-05-21,https://www.sec.gov/Archives/edgar/data/354950/000035495019000020/hd_exhibit991x05212019.htm,0000354950-19-000020,8-K,2019-05-21,2026-10-01T12:42:46Z,4b0737d8fda858011a5f6064a82deea9a22689b9b000fc50f2eccc1ad878dcfc,The Company also reaffirmed its diluted earnings-per-share growth guidance for the year and expects diluted earnings-per-share growth of approximately 3.1 percent from fiscal 2018 to $10.03.,10.25,2020-02-25,https://www.sec.gov/Archives/edgar/data/354950/000035495020000010/hdexhibit99102022020.htm,0000354950-20-000010,8-K,2020-02-25,2026-10-01T12:42:53Z,2594d4de2d5ba54b238f15dd53b7bcabc014fe10d5ca56023422cd1d5657d441,"Net earnings for fiscal 2019 were $11.2 billion, or $10.25 per diluted share, compared to net earnings of $11.1 billion, or $9.73 per diluted share in fiscal 2018.",reported value differs from 10.03 by more than 0.5%,open,,,,,,,,,280,,2026-10-02,navneet,false,false,,false,false,false,missed,sentence,Fiscal 2019 Guidance,,,,,,,yes,"Excerpt states 'expects diluted earnings-per-share growth of approximately 3.1 percent from fiscal 2018 to $10.03' under 'Fiscal 2019 Guidance', confirming GAAP EPS guidance of $10.03 per share for FY",,,,,,
01DJP55G00SVZ10XSF6MDPQ0E6,"The Home Depot, Inc.",HD,0000354950,"The Home Depot, Inc. expects comparable sales of 4% for FY2019.",The Company expects its fiscal 2019 sales to grow by approximately 2.3 percent and comp sales for the comparable 52-week period to be up approximately 4.0 percent.,comparable sales,4.0,4.0,percent,FY2019,2019-08-20,https://www.sec.gov/Archives/edgar/data/354950/000035495019000054/hdexhibit99108202019.htm,0000354950-19-000054,8-K,2019-08-20,2026-10-01T12:42:50Z,226301faddbd25e0b26c22c1f293772a54f8a374935ba83f85afb1564b673835,The Company expects its fiscal 2019 sales to grow by approximately 2.3 percent and comp sales for the comparable 52-week period to be up approximately 4.0 percent.,3.5,2020-02-25,https://www.sec.gov/Archives/edgar/data/354950/000035495020000010/hdexhibit99102022020.htm,0000354950-20-000010,8-K,2020-02-25,2026-10-01T12:42:53Z,2594d4de2d5ba54b238f15dd53b7bcabc014fe10d5ca56023422cd1d5657d441,"Comparable sales for fiscal 2019 increased 3.5 percent, and comparable sales in the U.S. increased 3.8 percent.",reported value differs from 4 by more than 0.5%,open,,,,,,,,,189,,2026-10-02,navneet,false,false,,false,false,false,missed,sentence,Fiscal 2019 Guidance,,,,,,,yes,"The excerpt states 'comp sales for the comparable 52-week period to be up approximately 4.0 percent' for fiscal 2019, which matches the claimed metric of comparable sales at 4% for FY2019.",,,,,,
01DJP55G000HRWKKP9TD8AZN89,"The Home Depot, Inc.",HD,0000354950,"The Home Depot, Inc. expects EPS GAAP of $10.03 per share for FY2019.",The Company reaffirmed its diluted earnings-per-share growth guidance for the year and expects diluted earnings-per-share growth of approximately 3.1 percent from fiscal 2018 to $10.03.,EPS GAAP,10.03,10.03,USD per share,FY2019,2019-08-20,https://www.sec.gov/Archives/edgar/data/354950/000035495019000054/hdexhibit99108202019.htm,0000354950-19-000054,8-K,2019-08-20,2026-10-01T12:42:50Z,226301faddbd25e0b26c22c1f293772a54f8a374935ba83f85afb1564b673835,The Company reaffirmed its diluted earnings-per-share growth guidance for the year and expects diluted earnings-per-share growth of approximately 3.1 percent from fiscal 2018 to $10.03.,10.25,2020-02-25,https://www.sec.gov/Archives/edgar/data/354950/000035495020000010/hdexhibit99102022020.htm,0000354950-20-000010,8-K,2020-02-25,2026-10-01T12:42:53Z,2594d4de2d5ba54b238f15dd53b7bcabc014fe10d5ca56023422cd1d5657d441,"Net earnings for fiscal 2019 were $11.2 billion, or $10.25 per diluted share, compared to net earnings of $11.1 billion, or $9.73 per diluted share in fiscal 2018.",reported value differs from 10.03 by more than 0.5%,open,,,,,,,,,189,,2026-10-02,navneet,false,false,,false,false,false,missed,sentence,Fiscal 2019 Guidance,,,,,,,yes,"Excerpt states 'expects diluted earnings-per-share growth of approximately 3.1 percent from fiscal 2018 to $10.03', which directly matches the GAAP EPS guidance of $10.03 per share for FY2019.",,,,,,
01DT0FAX00YT5E4E7XTJYEJZ20,"The Home Depot, Inc.",HD,0000354950,"The Home Depot, Inc. expects comparable sales of 3.5% for FY2019.",The Company expects its fiscal 2019 sales to grow by approximately 1.8 percent and comp sales for the comparable 52-week period to increase approximately 3.5 percent.,comparable sales,3.5,3.5,percent,FY2019,2019-11-19,https://www.sec.gov/Archives/edgar/data/354950/000035495019000061/hdexhibit99111192019.htm,0000354950-19-000061,8-K,2019-11-19,2026-10-01T12:42:51Z,3dca549ea73641b26ab82fe5c839dda54b86478b59217ae8780fcd2697d6be0e,The Company expects its fiscal 2019 sales to grow by approximately 1.8 percent and comp sales for the comparable 52-week period to increase approximately 3.5 percent.,3.5,2020-02-25,https://www.sec.gov/Archives/edgar/data/354950/000035495020000010/hdexhibit99102022020.htm,0000354950-20-000010,8-K,2020-02-25,2026-10-01T12:42:53Z,2594d4de2d5ba54b238f15dd53b7bcabc014fe10d5ca56023422cd1d5657d441,"Comparable sales for fiscal 2019 increased 3.5 percent, and comparable sales in the U.S. increased 3.8 percent.",reported value differs from 3.5 by more than 0.5%,open,,,,,,,,,98,,2026-10-02,navneet,false,false,,false,false,false,met,sentence,Fiscal 2019 Guidance,,,,,,,yes,"Excerpt states 'comp sales for the comparable 52-week period to increase approximately 3.5 percent' for fiscal 2019, matching the metric, value, and period exactly.",,,,,,
01DT0FAX00YGJC10Q3EGD9PX7N,"The Home Depot, Inc.",HD,0000354950,"The Home Depot, Inc. expects EPS GAAP of $10.03 per share for FY2019.",The Company reaffirmed its diluted earnings-per-share guidance for the year and expects diluted earnings-per-share growth of approximately 3.1 percent from fiscal 2018 to $10.03.,EPS GAAP,10.03,10.03,USD per share,FY2019,2019-11-19,https://www.sec.gov/Archives/edgar/data/354950/000035495019000061/hdexhibit99111192019.htm,0000354950-19-000061,8-K,2019-11-19,2026-10-01T12:42:51Z,3dca549ea73641b26ab82fe5c839dda54b86478b59217ae8780fcd2697d6be0e,The Company reaffirmed its diluted earnings-per-share guidance for the year and expects diluted earnings-per-share growth of approximately 3.1 percent from fiscal 2018 to $10.03.,10.25,2020-02-25,https://www.sec.gov/Archives/edgar/data/354950/000035495020000010/hdexhibit99102022020.htm,0000354950-20-000010,8-K,2020-02-25,2026-10-01T12:42:53Z,2594d4de2d5ba54b238f15dd53b7bcabc014fe10d5ca56023422cd1d5657d441,"Net earnings for fiscal 2019 were $11.2 billion, or $10.25 per diluted share, compared to net earnings of $11.1 billion, or $9.73 per diluted share in fiscal 2018.",reported value differs from 10.03 by more than 0.5%,open,,,,,,,,,98,,2026-10-02,navneet,false,false,,false,false,false,missed,sentence,Fiscal 2019 Guidance,,,,,,,yes,"Excerpt states 'expects diluted earnings-per-share growth of approximately 3.1 percent from fiscal 2018 to $10.03' under 'Fiscal 2019 Guidance' heading, which matches the GAAP EPS guidance of $10.03 p",,,,,,
01H0GXPK00KAM41S93CKS2CNMB,"The Home Depot, Inc.",HD,0000354950,"The Home Depot, Inc. expects comparable sales of -5% to -2% for FY2023.",Sales and comparable sales to decline between 2% and 5% compared to fiscal 2022,comparable sales,-5.0,-2.0,percent,FY2023,2023-05-16,https://www.sec.gov/Archives/edgar/data/354950/000035495023000110/hd_exhibit991x4302023.htm,0000354950-23-000110,8-K,2023-05-16,2026-10-01T12:43:22Z,687745f6483c30a0759a6d26ae0488de1a630ec1180f2977033671344d1c14b7,Sales and comparable sales to decline between 2% and 5% compared to fiscal 2022,-3.2,2024-02-20,https://www.sec.gov/Archives/edgar/data/354950/000035495024000031/hd_exhibit991x1282024.htm,0000354950-24-000031,8-K,2024-02-20,2026-10-01T12:43:29Z,ffed1a907c6e304dbb90802db72bd0099f7f760a886480291bc108eb2698e307,"Comparable sales for fiscal 2023 decreased 3.2%, and comparable sales in the U.S. decreased 3.5%.","reported value falls outside [-5, -2]",open,,,,,,,,,280,,2026-10-02,navneet,false,false,,false,false,false,met,sentence,Fiscal 2023 Guidance,The company is providing the following updated guidance for fiscal 2023:,,,,,,yes,"Excerpt states 'comparable sales to decline between 2% and 5%' which matches the claim of -5% to -2% (a decline of 2-5% expressed as negative range), for fiscal 2023 as stated in the guidance section ",,,,,,
01H7V7W000N9E9KMFXQSFTZCPD,"The Home Depot, Inc.",HD,0000354950,"The Home Depot, Inc. expects comparable sales of -5% to -2% for FY2023.",Sales and comparable sales to decline between 2% and 5% compared to fiscal 2022,comparable sales,-5.0,-2.0,percent,FY2023,2023-08-15,https://www.sec.gov/Archives/edgar/data/354950/000035495023000180/hd_exhibit991x7302023.htm,0000354950-23-000180,8-K,2023-08-15,2026-10-01T12:43:24Z,e2c008c4399e8e4e544536b9f736844da4439b025d66c181116769247afb80ce,Sales and comparable sales to decline between 2% and 5% compared to fiscal 2022,-3.2,2024-02-20,https://www.sec.gov/Archives/edgar/data/354950/000035495024000031/hd_exhibit991x1282024.htm,0000354950-24-000031,8-K,2024-02-20,2026-10-01T12:43:29Z,ffed1a907c6e304dbb90802db72bd0099f7f760a886480291bc108eb2698e307,"Comparable sales for fiscal 2023 decreased 3.2%, and comparable sales in the U.S. decreased 3.5%.","reported value falls outside [-5, -2]",open,,,,,,,,,189,,2026-10-02,navneet,false,false,,false,false,false,met,sentence,The company reaffirmed fiscal 2023 guidance:,The company reaffirmed fiscal 2023 guidance:,,,,,,yes,"Excerpt states 'comparable sales to decline between 2% and 5%' which matches the claim of -5% to -2% (a decline of 2-5% expressed as negative range), for fiscal 2023 guidance.",,,,,,
01HF5J1D00VWGXWJHYAH6Z7QTS,"The Home Depot, Inc.",HD,0000354950,"The Home Depot, Inc. expects comparable sales of -4% to -3% for FY2023.",Sales and comparable sales to decline between 3% and 4% compared to fiscal 2022,comparable sales,-4.0,-3.0,percent,FY2023,2023-11-14,https://www.sec.gov/Archives/edgar/data/354950/000035495023000228/hd_exhibit991x10292023.htm,0000354950-23-000228,8-K,2023-11-14,2026-10-01T12:43:26Z,d30814b517fa391cc6325da800e99b31d3cdec6e2cf8ee190714e42b83b21759,Sales and comparable sales to decline between 3% and 4% compared to fiscal 2022,-3.2,2024-02-20,https://www.sec.gov/Archives/edgar/data/354950/000035495024000031/hd_exhibit991x1282024.htm,0000354950-24-000031,8-K,2024-02-20,2026-10-01T12:43:29Z,ffed1a907c6e304dbb90802db72bd0099f7f760a886480291bc108eb2698e307,"Comparable sales for fiscal 2023 decreased 3.2%, and comparable sales in the U.S. decreased 3.5%.","reported value falls outside [-4, -3]",open,,,,,,,,,98,,2026-10-02,navneet,false,false,,false,false,false,met,sentence,Fiscal 2023 Guidance,The company narrowed its prior fiscal 2023 guidance range:,,,,,,yes,"Excerpt states 'comparable sales to decline between 3% and 4%' which matches the claim of -4% to -3% (a decline of 3-4% is equivalent to a range of -4% to -3%), for fiscal 2023 guidance.",,,,,,
01HQ1WZV00D2RWGDZM37GN8MNE,"The Home Depot, Inc.",HD,0000354950,"The Home Depot, Inc. expects EPS GAAP of $0.3 per share for FY2024.",53rd week expected to contribute approximately $0.30 of diluted earnings per share,EPS GAAP,0.3,0.3,USD per share,FY2024,2024-02-20,https://www.sec.gov/Archives/edgar/data/354950/000035495024000031/hd_exhibit991x1282024.htm,0000354950-24-000031,8-K,2024-02-20,2026-10-01T12:43:29Z,ffed1a907c6e304dbb90802db72bd0099f7f760a886480291bc108eb2698e307,53rd week expected to contribute approximately $0.30 of diluted earnings per share,,,,,,,,,,reported value differs from 0.3 by more than 0.5%,open,,,,,,,,,,,2026-10-02,navneet,false,false,,false,false,false,unresolved,sentence,Fiscal 2024 Guidance,The company will have 53 weeks of operating results in fiscal 2024 and provides the following guidance for fiscal 2024:,,,model output rejected,,,yes,"The excerpt states the 53rd week is expected to contribute approximately $0.30 of diluted earnings per share, which matches the guidance of $0.3 per share for FY2024.",,,,,,
01HXT6C700H9M3GKMTB3NAJ5M0,"The Home Depot, Inc.",HD,0000354950,"The Home Depot, Inc. expects EPS GAAP of $0.3 per share for FY2024.",53rd week expected to contribute approximately $0.30 of diluted earnings per share,EPS GAAP,0.3,0.3,USD per share,FY2024,2024-05-14,https://www.sec.gov/Archives/edgar/data/354950/000035495024000118/hd_exhibit991x4282024.htm,0000354950-24-000118,8-K,2024-05-14,2026-10-01T12:43:32Z,137d2a452f1f76010da290af85ab24f2676501a54013e10adc3298efa19688b7,53rd week expected to contribute approximately $0.30 of diluted earnings per share,,,,,,,,,,reported value differs from 0.3 by more than 0.5%,open,,,,,,,,,,,2026-10-02,navneet,false,false,,false,false,false,unresolved,sentence,Fiscal 2024 Guidance,"The company reaffirms its fiscal 2024 guidance, which includes 53 weeks of operating results. In addition, in March, the Company entered into a definitive agreement to acquire SRS Distribution Inc. (SRS). Since the acquisition has not closed, the following guidance does not reflect any impacts from the SRS acquisition:",,,model output rejected,,,yes,"The excerpt states the 53rd week is expected to contribute approximately $0.30 of diluted earnings per share, which matches the claimed EPS GAAP of $0.3 per share for FY2024.",,,,,,
01J54GHM00MXHQRDXM03HE6Z82,"The Home Depot, Inc.",HD,0000354950,"The Home Depot, Inc. expects comparable sales of -4% to -3% for FY2024.",Comparable sales to decline between 3% and 4% for the 52-week period compared to fiscal 2023,comparable sales,-4.0,-3.0,percent,FY2024,2024-08-13,https://www.sec.gov/Archives/edgar/data/354950/000035495024000189/hd_exhibit991x7282024.htm,0000354950-24-000189,8-K,2024-08-13,2026-10-01T12:43:35Z,0fb09f92afd583c70139fc6770c687827fef03ff3ccb921085dd9861e57c55e2,Comparable sales to decline between 3% and 4% for the 52-week period compared to fiscal 2023,-1.8,2025-02-25,https://www.sec.gov/Archives/edgar/data/354950/000035495025000030/hd_exhibit991x02022025.htm,0000354950-25-000030,8-K,2025-02-25,2026-10-01T12:43:38Z,fe8cf8ee6c4374091e7d5913e5080e8031d51783ba100fe00ddded602c293dd9,"Comparable sales for fiscal 2024 decreased 1.8%, and comparable sales in the U.S. decreased 1.8%.","reported value falls outside [-4, -3]",open,,,,,,,,,196,,2026-10-02,navneet,false,false,,false,false,false,missed,sentence,Fiscal 2024 Guidance,"The company updated its fiscal 2024 guidance, which includes 53 weeks of operating results, to reflect the performance in the first half of fiscal 2024 and include SRS:",,,,,,yes,"The excerpt states comparable sales will 'decline between 3% and 4%' for fiscal 2024, which is equivalent to a range of -4% to -3% when expressed as negative numbers.",,,,,,
01JCETQ1000FWFQGN4HNEYXJP0,"The Home Depot, Inc.",HD,0000354950,"The Home Depot, Inc. expects comparable sales of -2.5% for FY2024.",Comparable sales to decline approximately 2.5% for the 52-week period compared to fiscal 2023,comparable sales,-2.5,-2.5,percent,FY2024,2024-11-12,https://www.sec.gov/Archives/edgar/data/354950/000035495024000227/hd_exhibit991x10272024.htm,0000354950-24-000227,8-K,2024-11-12,2026-10-01T12:43:36Z,b2cdc24f19af4b154407565584b5f7471a7f4a29c999209aab33da4e236bfa7c,Comparable sales to decline approximately 2.5% for the 52-week period compared to fiscal 2023,-1.8,2025-02-25,https://www.sec.gov/Archives/edgar/data/354950/000035495025000030/hd_exhibit991x02022025.htm,0000354950-25-000030,8-K,2025-02-25,2026-10-01T12:43:38Z,fe8cf8ee6c4374091e7d5913e5080e8031d51783ba100fe00ddded602c293dd9,"Comparable sales for fiscal 2024 decreased 1.8%, and comparable sales in the U.S. decreased 1.8%.",reported value differs from -2.5 by more than 0.5%,open,,,,,,,,,105,,2026-10-02,navneet,false,false,,false,false,false,missed,sentence,Fiscal 2024 Guidance,"The company updated its fiscal 2024 guidance, which includes 53 weeks of operating results:",,,,,,yes,"The excerpt states comparable sales will 'decline approximately 2.5%' for fiscal 2024, which matches the claim of -2.5% comparable sales for FY2024.",,,,,,
