record_id,company,ticker,cik,claim,assumption.text,assumption.metric,assumption.target_low,assumption.target_high,assumption.unit,assumption.target_period,assumption.stated_at,assumption.evidence.source_url,assumption.evidence.accession_number,assumption.evidence.filing_type,assumption.evidence.filed_at,assumption.evidence.fetched_at,assumption.evidence.content_sha256,assumption.evidence.excerpt,outcome.reported_value,outcome.reported_at,outcome.evidence.source_url,outcome.evidence.accession_number,outcome.evidence.filing_type,outcome.evidence.filed_at,outcome.evidence.fetched_at,outcome.evidence.content_sha256,outcome.evidence.excerpt,invalidation_condition,status,acknowledged_at,acknowledgement_evidence.source_url,acknowledgement_evidence.accession_number,acknowledgement_evidence.filing_type,acknowledgement_evidence.filed_at,acknowledgement_evidence.fetched_at,acknowledgement_evidence.content_sha256,acknowledgement_evidence.excerpt,days_to_falsifiable,days_to_acknowledged,last_reviewed_at,reviewer,approved,hand_verified,reviewer_note,conflict,empty_block,aid_proposed_status,aid_capture_method,aid_heading,aid_lead_in,aid_table_header,aid_outcome_note,aid_flag_note,aid_withdrawal_note,aid_verify,aid_verify_reason
01D5300100XWHQJGPYDMZ2QG94,"Salesforce, Inc.",CRM,0001108524,"Salesforce, Inc. expects tax rate of 40% for Q4 FY2020.","The company's GAAP tax provision is expected to be approximately 40% for the three months ended April 30, 2019 and approximately 40% for the year ended January 31, 2020.",tax rate,40.0,40.0,percent,Q4 FY2020,2019-03-04,https://www.sec.gov/Archives/edgar/data/1108524/000110852419000007/crm-q4fy19xexhibit991.htm,0001108524-19-000007,8-K,2019-03-04,2026-09-20T06:44:05Z,502655adec28dacc769a73f88d0fc6ae4254945110135de9abb450da326dd5e7,"The company's GAAP tax provision is expected to be approximately 40% for the three months ended April 30, 2019 and approximately 40% for the year ended January 31, 2020.",72.0,2020-02-25,https://www.sec.gov/Archives/edgar/data/1108524/000110852420000008/crm-q4fy20xexhibit991.htm,0001108524-20-000008,8-K,2020-02-25,2026-09-20T06:44:15Z,fb6da88c30b2da621dbfcd3ef5a114745fa683327fca2c44965e475a8715f894,"(1) The Company's GAAP tax rate is expected to be approximately 72% for the three months ended April 30, 2020, and for the year ended January 31, 2021.",reported value differs from 40 by more than 0.5%,open,,,,,,,,,358,,2026-09-20,navneet,false,false,,false,false,missed,sentence,,,,,,,no,"The excerpt discusses Q4 ending April 30, 2019 and FY ending January 31, 2020, not Q4 FY2020 (which would end January 31, 2020 as a full year, not a quarterly period)"
01DT31QM00QZKV2W3JC00R25GN,"Salesforce, Inc.",CRM,0001108524,"Salesforce, Inc. expects revenue of $34 billion to $35 billion for FY2024.","Guidance excludes future M&A. 2FY24: Long range target for FY24 high end of range $34B to $35B as of November 20, 2019.",revenue,34.0,35.0,USD billions,FY2024,2019-11-20,https://www.sec.gov/Archives/edgar/data/1108524/000110852419000067/investorday2019.htm,0001108524-19-000067,8-K,2019-11-20,2026-09-20T06:44:13Z,afb50a23122829fda31c9f152083e38c0e756bd1196ac756fcfce9933e56881f,"Guidance excludes future M&A. 2FY24: Long range target for FY24 high end of range $34B to $35B as of November 20, 2019.",,,,,,,,,,"reported value falls outside [34, 35]",open,,,,,,,,,,,2026-09-20,navneet,false,false,,false,false,unresolved,sentence,,,,no later 8-K release for that period found,,,no,"The excerpt references guidance 'as of November 20, 2019' which predates FY2024, and the phrasing 'Long range target' suggests this is not current FY2024 guidance but rather a historical projection fr"
01DV4GWZ002WYJ1A8V8XEKTWR1,"Salesforce, Inc.",CRM,0001108524,"Salesforce, Inc. expects EPS GAAP of $-0.04 per share to $-0.03 per share for Q4 FY2020.",GAAP (loss) earnings per share ($0.04) - ($0.03) $0.44 -$0.45 N/A N/A,EPS GAAP,-0.04,-0.03,USD per share,Q4 FY2020,2019-12-03,https://www.sec.gov/Archives/edgar/data/1108524/000110852419000070/crm-q3fy20xexhibit991.htm,0001108524-19-000070,8-K,2019-12-03,2026-09-20T06:44:13Z,0c3926c72808dc40f30b291d4fa2692601aaad266a611f9d2793437de3604c4c,GAAP (loss) earnings per share ($0.04) - ($0.03) $0.44 -$0.45 N/A N/A,-0.28,2020-02-25,https://www.sec.gov/Archives/edgar/data/1108524/000110852420000008/crm-q4fy20xexhibit991.htm,0001108524-20-000008,8-K,2020-02-25,2026-09-20T06:44:15Z,fb6da88c30b2da621dbfcd3ef5a114745fa683327fca2c44965e475a8715f894,"Fourth quarter GAAP loss per share was $(0.28), and non-GAAP diluted earnings per share was $0.66.","reported value falls outside [-0.04, -0.03]",open,,,,,,,,,84,,2026-09-20,navneet,false,false,,false,false,missed,section,Guidance,Salesforce delivered the following results for its fiscal third quarter:,Q4 FY20 | Guidance Full Year FY20 | Guidance Q1 FY21 | Guidance Full Year FY21,,,,no,The excerpt shows a range of ($0.04) to ($0.03) but does not specify which period this guidance is for; the table header context is missing from the excerpt provided.
01E1WT9B0071PWNF43VYXHSNH7,"Salesforce, Inc.",CRM,0001108524,"Salesforce, Inc. expects revenue of $21 billion to $21.1 billion for FY2021.",Raises FY21 Revenue Guidance to $21.0 Billion to $21.1 Billion,revenue,21.0,21.1,USD billions,FY2021,2020-02-25,https://www.sec.gov/Archives/edgar/data/1108524/000110852420000008/crm-q4fy20xexhibit991.htm,0001108524-20-000008,8-K,2020-02-25,2026-09-20T06:44:15Z,fb6da88c30b2da621dbfcd3ef5a114745fa683327fca2c44965e475a8715f894,Raises FY21 Revenue Guidance to $21.0 Billion to $21.1 Billion,21.25,2021-02-25,https://www.sec.gov/Archives/edgar/data/1108524/000110852421000007/crm-q4fy21xexhibit991.htm,0001108524-21-000007,8-K,2021-02-25,2026-09-20T06:44:25Z,536fa036b203312884c5c56b646ac78e6211dd8978e29673e0b47cae131030c1,"FY21 Revenue of $21.25 Billion, up 24% Year-Over-Year, 24% in Constant Currency","reported value falls outside [21, 21.1]",open,,,,,,,,,366,,2026-09-20,navneet,false,false,,false,false,missed,sentence,,,,,,,no,"The excerpt states '$21.0 Billion to $21.1 Billion' but the claim specifies '$21 billion to $21.1 billion' - the lower bound is $21.0B in the excerpt, not $21B as claimed."
01E1WT9B007W2B968DGXPBVN6N,"Salesforce, Inc.",CRM,0001108524,"Salesforce, Inc. expects EPS non-GAAP of $0.7 per share to $0.71 per share for Q1 FY2021.",Non-GAAP earnings per share $0.70 - $0.71 $3.16 - $3.18,EPS non-GAAP,0.7,0.71,USD per share,Q1 FY2021,2020-02-25,https://www.sec.gov/Archives/edgar/data/1108524/000110852420000008/crm-q4fy20xexhibit991.htm,0001108524-20-000008,8-K,2020-02-25,2026-09-20T06:44:15Z,fb6da88c30b2da621dbfcd3ef5a114745fa683327fca2c44965e475a8715f894,Non-GAAP earnings per share $0.70 - $0.71 $3.16 - $3.18,0.7,2020-05-28,https://www.sec.gov/Archives/edgar/data/1108524/000110852420000026/crm-q1fy21xexhibit991.htm,0001108524-20-000026,8-K,2020-05-28,2026-09-20T06:44:18Z,6363a28b307979e38b16f569f8051d4d5efdcb4f965d05accdffa1da2ef0cf0b,"First quarter GAAP earnings per share was $0.11, and non-GAAP diluted earnings per share was $0.70.","reported value falls outside [0.7, 0.71]",open,,,,,,,,,93,,2026-09-20,navneet,false,false,,false,false,met,section,Guidance,Earnings per Share:,Q1 FY21 | Guidance Full Year FY21,,,,no,"The excerpt shows a range of $0.70 - $0.71, but the guidance claim specifies $0.7 per share to $0.71 per share; while $0.7 and $0.70 are equivalent, the excerpt does not specify which period this rang"
01E9C98600HFDQXSQHSASPWAQ5,"Salesforce, Inc.",CRM,0001108524,"Salesforce, Inc. expects tax rate of 81% for Q1 FY2021.","(1) The Company's GAAP tax provision is expected to be approximately 81% for the three months ended July 31, 2020, and approximately 104% for the year ended January 31, 2021.",tax rate,81.0,81.0,percent,Q1 FY2021,2020-05-28,https://www.sec.gov/Archives/edgar/data/1108524/000110852420000026/crm-q1fy21xexhibit991.htm,0001108524-20-000026,8-K,2020-05-28,2026-09-20T06:44:18Z,6363a28b307979e38b16f569f8051d4d5efdcb4f965d05accdffa1da2ef0cf0b,"(1) The Company's GAAP tax provision is expected to be approximately 81% for the three months ended July 31, 2020, and approximately 104% for the year ended January 31, 2021.",,,,,,,,,,reported value differs from 81 by more than 0.5%,open,,,,,,,,,,,2026-09-20,navneet,false,false,,false,false,unresolved,sentence,,The following is a per share reconciliation of GAAP diluted loss per share to non-GAAP diluted earnings per share guidance for the next quarter and the full year:,,no later 8-K release for that period found,,,no,"The excerpt states guidance for 'three months ended July 31, 2020' (Q1 FY2021), but this is a GAAP tax provision, not a tax rate, and the context suggests this is an unusually high provision rather th"
01EGHEM50045QREN430XTJJX0B,"Salesforce, Inc.",CRM,0001108524,"Salesforce, Inc. expects tax rate of -20% for Q3 FY2021.","(1) The company's GAAP tax provision is expected to be approximately (20%) for the three months ended October 31, 2020, and approximately (146%) for the year ended January 31, 2021.",tax rate,-20.0,-20.0,percent,Q3 FY2021,2020-08-25,https://www.sec.gov/Archives/edgar/data/1108524/000110852420000038/crm-q2fy21xexhibit991.htm,0001108524-20-000038,8-K,2020-08-25,2026-09-20T06:44:20Z,fc3829ae175502b16b90503805fc1d3e52ed7f4625766a3010236d263fd5a532,"(1) The company's GAAP tax provision is expected to be approximately (20%) for the three months ended October 31, 2020, and approximately (146%) for the year ended January 31, 2021.",,,,,,,,,,reported value differs from -20 by more than 0.5%,open,,,,,,,,,,,2026-09-20,navneet,false,false,,false,false,unresolved,sentence,,The following is a per share reconciliation of GAAP diluted earnings per share to non-GAAP diluted earnings per share guidance for the next quarter and the full year:,,the model found no line reporting that metric for that period,,,no,"The excerpt is for Q3 ending October 31, 2020, not Q3 FY2021, and the tax rate is stated as approximately (20%), not -20%"
01EGHEM500AFFS91Z45D9TTDXW,"Salesforce, Inc.",CRM,0001108524,"Salesforce, Inc. expects tax rate of -146% for FY2021.","(1) The company's GAAP tax provision is expected to be approximately (20%) for the three months ended October 31, 2020, and approximately (146%) for the year ended January 31, 2021.",tax rate,-146.0,-146.0,percent,FY2021,2020-08-25,https://www.sec.gov/Archives/edgar/data/1108524/000110852420000038/crm-q2fy21xexhibit991.htm,0001108524-20-000038,8-K,2020-08-25,2026-09-20T06:44:20Z,fc3829ae175502b16b90503805fc1d3e52ed7f4625766a3010236d263fd5a532,"(1) The company's GAAP tax provision is expected to be approximately (20%) for the three months ended October 31, 2020, and approximately (146%) for the year ended January 31, 2021.",,,,,,,,,,reported value differs from -146 by more than 0.5%,open,,,,,,,,,,,2026-09-20,navneet,false,false,,false,false,unresolved,sentence,,The following is a per share reconciliation of GAAP diluted earnings per share to non-GAAP diluted earnings per share guidance for the next quarter and the full year:,,the model found no line reporting that metric for that period,,,no,"The excerpt states a tax provision of approximately 146% (positive), not -146% (negative) for FY2021."
01EZB7RD00QPG33QVEPJJBTHD8,"Salesforce, Inc.",CRM,0001108524,"Salesforce, Inc. expects EPS GAAP of $-0.44 per share to $-0.42 per share for FY2022.",GAAP earnings (loss) per share $0.56 - $0.57 ($0.44) - ($0.42),EPS GAAP,-0.44,-0.42,USD per share,FY2022,2021-02-25,https://www.sec.gov/Archives/edgar/data/1108524/000110852421000007/crm-q4fy21xexhibit991.htm,0001108524-21-000007,8-K,2021-02-25,2026-09-20T06:44:25Z,536fa036b203312884c5c56b646ac78e6211dd8978e29673e0b47cae131030c1,GAAP earnings (loss) per share $0.56 - $0.57 ($0.44) - ($0.42),1.48,2022-03-01,https://www.sec.gov/Archives/edgar/data/1108524/000110852422000010/crm-q4fy22xexhibit991.htm,0001108524-22-000010,8-K,2022-03-01,2026-09-20T06:44:35Z,9d5b1056895ede2b6d3d02c3423ad7a109a1be49934d1ec821faf670704e7d4b,"Fiscal 2022 GAAP diluted earnings per share was $1.48, and non-GAAP diluted earnings per share was $4.78.","reported value falls outside [-0.44, -0.42]",open,,,,,,,,,369,,2026-09-20,navneet,false,false,,false,false,missed,section,Guidance,Salesforce delivered the following results for its fiscal fourth quarter and full fiscal year:,Q1 FY22 | Guidance Full Year FY22,,,,no,"The excerpt shows positive GAAP EPS of $0.56-$0.57, not the negative range of ($0.44)-($0.42) as claimed; the parenthetical figures appear to be a separate metric or adjustment, not the stated GAAP EP"
01F6NHXT000CBWZYCS8CZNJZRM,"Salesforce, Inc.",CRM,0001108524,"Salesforce, Inc. expects EPS GAAP of $-0.1 per share to $-0.09 per share for Q2 FY2022.",GAAP earnings (loss) per share ($0.10) - ($0.09) $0.22 - $0.24,EPS GAAP,-0.1,-0.09,USD per share,Q2 FY2022,2021-05-27,https://www.sec.gov/Archives/edgar/data/1108524/000110852421000027/crm-q1fy22xexhibit991.htm,0001108524-21-000027,8-K,2021-05-27,2026-09-20T06:44:27Z,989f5c5536c775a130c316f1198a3f85c69013595e6f9b2264a2962db970def0,GAAP earnings (loss) per share ($0.10) - ($0.09) $0.22 - $0.24,0.56,2021-08-25,https://www.sec.gov/Archives/edgar/data/1108524/000110852421000044/crm-q2fy22xexhibit991.htm,0001108524-21-000044,8-K,2021-08-25,2026-09-20T06:44:31Z,54cca360ded678e5635d154dab078838ab3b767edd02e8c200ee113542880122,"Earnings per Share: Second quarter GAAP diluted earnings per share was $0.56, and non-GAAP diluted earnings per share was $1.48.","reported value falls outside [-0.1, -0.09]",open,,,,,,,,,90,,2026-09-20,navneet,false,false,,false,false,missed,section,Guidance,Salesforce delivered the following results for its fiscal first quarter:,Q2 FY22 | Guidance Full Year FY22,,,,no,"The excerpt shows positive GAAP EPS guidance of $0.22-$0.24, not negative EPS of -$0.10 to -$0.09 as claimed."
01FDX9PG009KESXSTED1Z52BA8,"Salesforce, Inc.",CRM,0001108524,"Salesforce, Inc. expects EPS GAAP of $-0.06 per share to $-0.05 per share for Q3 FY2022.",GAAP earnings (loss) per share ($0.06) - ($0.05) $0.81 - $0.83,EPS GAAP,-0.06,-0.05,USD per share,Q3 FY2022,2021-08-25,https://www.sec.gov/Archives/edgar/data/1108524/000110852421000044/crm-q2fy22xexhibit991.htm,0001108524-21-000044,8-K,2021-08-25,2026-09-20T06:44:31Z,54cca360ded678e5635d154dab078838ab3b767edd02e8c200ee113542880122,GAAP earnings (loss) per share ($0.06) - ($0.05) $0.81 - $0.83,0.47,2021-11-30,https://www.sec.gov/Archives/edgar/data/1108524/000110852421000051/crm-q3fy22xexhibit991.htm,0001108524-21-000051,8-K,2021-11-30,2026-09-20T06:44:33Z,859d3b9f232026bcc01259f2fbeedbfa902ae05d9972acdfa692ebed63bbfafd,"Earnings per Share: Third quarter GAAP diluted earnings per share was $0.47, and non-GAAP diluted earnings per share was $1.27.","reported value falls outside [-0.06, -0.05]",open,,,,,,,,,97,,2026-09-20,navneet,false,false,,false,false,missed,section,Guidance,Salesforce delivered the following results for its fiscal second quarter:,Q3 FY22 | Guidance Full Year FY22,,,,no,"The excerpt shows positive GAAP EPS of $0.81-$0.83, not the negative range of -$0.06 to -$0.05 as claimed."
01FDX9PG00W1CXEHQ77AWMMECH,"Salesforce, Inc.",CRM,0001108524,"Salesforce, Inc. expects tax rate of 67% for Q3 FY2022.","(1)The Company's GAAP tax provision is expected to be approximately 67% for the three months ended October 31, 2021, and approximately 23% for the year ended January 31, 2022.",tax rate,67.0,67.0,percent,Q3 FY2022,2021-08-25,https://www.sec.gov/Archives/edgar/data/1108524/000110852421000044/crm-q2fy22xexhibit991.htm,0001108524-21-000044,8-K,2021-08-25,2026-09-20T06:44:31Z,54cca360ded678e5635d154dab078838ab3b767edd02e8c200ee113542880122,"(1)The Company's GAAP tax provision is expected to be approximately 67% for the three months ended October 31, 2021, and approximately 23% for the year ended January 31, 2022.",,,,,,,,,,reported value differs from 67 by more than 0.5%,open,,,,,,,,,,,2026-09-20,navneet,false,false,,false,false,unresolved,sentence,,The following is a per share reconciliation of GAAP diluted earnings (loss) per share to non-GAAP diluted earnings per share guidance for the next quarter and the full year:,,the model found no line reporting that metric for that period,,,no,"The excerpt states guidance for 'three months ended October 31, 2021' (Q1 FY2022) and 'year ended January 31, 2022' (FY2022), not Q3 FY2022."
01FNQ28700N8F2DBW79GPWV8QR,"Salesforce, Inc.",CRM,0001108524,"Salesforce, Inc. expects EPS GAAP of $-0.24 per share to $-0.23 per share for Q4 FY2022.",GAAP earnings (loss) per share ($0.24) - ($0.23) $1.28 - $1.29 N/A N/A,EPS GAAP,-0.24,-0.23,USD per share,Q4 FY2022,2021-11-30,https://www.sec.gov/Archives/edgar/data/1108524/000110852421000051/crm-q3fy22xexhibit991.htm,0001108524-21-000051,8-K,2021-11-30,2026-09-20T06:44:33Z,859d3b9f232026bcc01259f2fbeedbfa902ae05d9972acdfa692ebed63bbfafd,GAAP earnings (loss) per share ($0.24) - ($0.23) $1.28 - $1.29 N/A N/A,-0.03,2022-03-01,https://www.sec.gov/Archives/edgar/data/1108524/000110852422000010/crm-q4fy22xexhibit991.htm,0001108524-22-000010,8-K,2022-03-01,2026-09-20T06:44:35Z,9d5b1056895ede2b6d3d02c3423ad7a109a1be49934d1ec821faf670704e7d4b,"Earnings per Share: Fourth quarter GAAP diluted loss per share was $(0.03), and non-GAAP diluted earnings per share was $0.84.","reported value falls outside [-0.24, -0.23]",open,,,,,,,,,91,,2026-09-20,navneet,false,false,,false,false,missed,section,Guidance,Salesforce delivered the following results for its fiscal third quarter:,Q4 FY22 | Guidance Full Year FY22 | Guidance Q1 FY23 | Guidance Full Year FY23,,,,no,"The excerpt shows a range of $0.24 to $0.23 in parentheses (indicating negative values), but the guidance claim specifies $-0.24 to $-0.23; the excerpt's format and context do not clearly establish th"
01FNQ28700B3YVQWHAN2KX60TN,"Salesforce, Inc.",CRM,0001108524,"Salesforce, Inc. expects tax rate of 34% for Q4 FY2022.","(1)The Company's GAAP tax provision is expected to be approximately 34% for the three months ended January 31, 2022, and approximately 11% for the year ended January 31, 2022.",tax rate,34.0,34.0,percent,Q4 FY2022,2021-11-30,https://www.sec.gov/Archives/edgar/data/1108524/000110852421000051/crm-q3fy22xexhibit991.htm,0001108524-21-000051,8-K,2021-11-30,2026-09-20T06:44:33Z,859d3b9f232026bcc01259f2fbeedbfa902ae05d9972acdfa692ebed63bbfafd,"(1)The Company's GAAP tax provision is expected to be approximately 34% for the three months ended January 31, 2022, and approximately 11% for the year ended January 31, 2022.",,,,,,,,,,reported value differs from 34 by more than 0.5%,open,,,,,,,,,,,2026-09-20,navneet,false,false,,false,false,unresolved,sentence,Guidance,The following is a per share reconciliation of GAAP diluted earnings (loss) per share to non-GAAP diluted earnings per share guidance for the next quarter and the full year:,,the model found no line reporting that metric for that period,,,no,"The excerpt states guidance for 'three months ended January 31, 2022' (Q4 FY2022) at 34%, but this is GAAP tax provision, not the generic 'tax rate' metric, and the period reference is ambiguous as to"
01FX1CDM0065EMB329J46NQ99S,"Salesforce, Inc.",CRM,0001108524,"Salesforce, Inc. expects tax rate of 40% for Q1 FY2023.","(1)The Company's GAAP tax provision is expected to be approximately 40% for the three months ended April 30, 2022, and approximately 40% for the year ended January 31, 2023.",tax rate,40.0,40.0,percent,Q1 FY2023,2022-03-01,https://www.sec.gov/Archives/edgar/data/1108524/000110852422000010/crm-q4fy22xexhibit991.htm,0001108524-22-000010,8-K,2022-03-01,2026-09-20T06:44:35Z,9d5b1056895ede2b6d3d02c3423ad7a109a1be49934d1ec821faf670704e7d4b,"(1)The Company's GAAP tax provision is expected to be approximately 40% for the three months ended April 30, 2022, and approximately 40% for the year ended January 31, 2023.",25.0,2022-05-31,https://www.sec.gov/Archives/edgar/data/1108524/000110852422000019/crm-q1fy23xexhibit991.htm,0001108524-22-000019,8-K,2022-05-31,2026-09-20T06:44:37Z,68a29fec0f77cd87fb23a2b00ace225314119adaab60f62ddbd69233c1aabd51,diluted earnings per share by $0.01 based on a U.S. tax rate of 25% and non-GAAP diluted earnings per share by $0.01 based on a non-GAAP tax rate of 22%.,reported value differs from 40 by more than 0.5%,open,,,,,,,,,91,,2026-09-20,navneet,false,false,,false,false,missed,sentence,Guidance,The following is a per share reconciliation of GAAP diluted earnings (loss) per share to non-GAAP diluted earnings per share guidance for the next quarter and the full year:,,,,,no,"The excerpt states guidance for 'three months ended April 30, 2022' and 'year ended January 31, 2023', not for Q1 FY2023 (which would be three months ended April 30, 2023)"
01G4BPK10095XCYP4H61EKRZR4,"Salesforce, Inc.",CRM,0001108524,"Salesforce, Inc. expects EPS GAAP of $-0.03 per share to $-0.02 per share for Q2 FY2023.",GAAP earnings (loss) per share ($0.03) - ($0.02) $0.38 - $0.40,EPS GAAP,-0.03,-0.02,USD per share,Q2 FY2023,2022-05-31,https://www.sec.gov/Archives/edgar/data/1108524/000110852422000019/crm-q1fy23xexhibit991.htm,0001108524-22-000019,8-K,2022-05-31,2026-09-20T06:44:37Z,68a29fec0f77cd87fb23a2b00ace225314119adaab60f62ddbd69233c1aabd51,GAAP earnings (loss) per share ($0.03) - ($0.02) $0.38 - $0.40,0.07,2022-08-24,https://www.sec.gov/Archives/edgar/data/1108524/000110852422000038/crm-q2fy23xexhibit991.htm,0001108524-22-000038,8-K,2022-08-24,2026-09-20T06:44:38Z,4a7173411df20794f636dd8e879c2ae30924ab899047531ec761e08b86f32d6f,"GAAP Earnings per Share (""EPS"") of $0.07 and Non-GAAP EPS of $1.19","reported value falls outside [-0.03, -0.02]",open,,,,,,,,,85,,2026-09-20,navneet,false,false,,false,false,missed,section,Guidance,Salesforce delivered the following results for its fiscal first quarter:,Q2 FY23 | Guidance Full Year FY23,,,,no,"The excerpt shows positive guidance of $0.38-$0.40 per share, not the negative range of -$0.03 to -$0.02 per share claimed."
01G4BPK1008AKG4YPW1GVWK33T,"Salesforce, Inc.",CRM,0001108524,"Salesforce, Inc. expects tax rate of 57% for Q1 FY2023.","(1) The Company's GAAP tax provision is expected to be approximately 57% for the three months ended July 30, 2022, and approximately 55% for the year ended January 31, 2023.",tax rate,57.0,57.0,percent,Q1 FY2023,2022-05-31,https://www.sec.gov/Archives/edgar/data/1108524/000110852422000019/crm-q1fy23xexhibit991.htm,0001108524-22-000019,8-K,2022-05-31,2026-09-20T06:44:37Z,68a29fec0f77cd87fb23a2b00ace225314119adaab60f62ddbd69233c1aabd51,"(1) The Company's GAAP tax provision is expected to be approximately 57% for the three months ended July 30, 2022, and approximately 55% for the year ended January 31, 2023.",,,,,,,,,,reported value differs from 57 by more than 0.5%,open,,,,,,,,,,,2026-09-20,navneet,false,false,,false,false,unresolved,sentence,Guidance,The following is a per share reconciliation of GAAP diluted earnings (loss) per share to non-GAAP diluted earnings per share guidance for the next quarter and the full year:,,no later 8-K release for that period found,,,no,"The excerpt states the tax rate for 'the three months ended July 30, 2022' and 'the year ended January 31, 2023', not for Q1 FY2023 (which would be the quarter ended October 29, 2022)"
01GB6JC400TSHE44M60728639A,"Salesforce, Inc.",CRM,0001108524,"Salesforce, Inc. expects EPS non-GAAP of $1.2 per share to $1.21 per share for Q3 FY2023.","Non-GAAP earnings per share(3)
$1.20 - $1.21 $4.71 - $4.73",EPS non-GAAP,1.2,1.21,USD per share,Q3 FY2023,2022-08-24,https://www.sec.gov/Archives/edgar/data/1108524/000110852422000038/crm-q2fy23xexhibit991.htm,0001108524-22-000038,8-K,2022-08-24,2026-09-20T06:44:38Z,4a7173411df20794f636dd8e879c2ae30924ab899047531ec761e08b86f32d6f,"Non-GAAP earnings per share(3)
$1.20 - $1.21 $4.71 - $4.73",1.4,2022-11-30,https://www.sec.gov/Archives/edgar/data/1108524/000110852422000058/crm-q3fy23xexhibit991.htm,0001108524-22-000058,8-K,2022-11-30,2026-09-20T06:44:41Z,28b9968a41044387eedb7e008998d007687c8b0a6c8be54bb403912dadcea114,"GAAP Earnings per Share (""EPS"") of $0.21 and Non-GAAP EPS of $1.40","reported value falls outside [1.2, 1.21]",open,,,,,,,,,98,,2026-09-20,navneet,false,false,,false,false,missed,section,Guidance,Salesforce delivered the following results for its fiscal second quarter:,Q3 FY23 | Guidance Full Year FY23,,,,no,"The excerpt shows a range of $1.20 - $1.21, not $1.2 - $1.21 as stated in the guidance claim; the lower bound differs ($1.20 vs $1.2)."
01GB6JC4009NF9WPRE42ABQZR3,"Salesforce, Inc.",CRM,0001108524,"Salesforce, Inc. expects tax rate of 60% for Q3 FY2023.","(1) The Company's GAAP tax provision is expected to be approximately 60% for the three months ended October 31, 2022, and approximately 54% for the year ended January 31, 2023.",tax rate,60.0,60.0,percent,Q3 FY2023,2022-08-24,https://www.sec.gov/Archives/edgar/data/1108524/000110852422000038/crm-q2fy23xexhibit991.htm,0001108524-22-000038,8-K,2022-08-24,2026-09-20T06:44:38Z,4a7173411df20794f636dd8e879c2ae30924ab899047531ec761e08b86f32d6f,"(1) The Company's GAAP tax provision is expected to be approximately 60% for the three months ended October 31, 2022, and approximately 54% for the year ended January 31, 2023.",,,,,,,,,,reported value differs from 60 by more than 0.5%,open,,,,,,,,,,,2026-09-20,navneet,false,false,,false,false,unresolved,sentence,,,,the model found no line reporting that metric for that period,,,no,"The excerpt states guidance for 'three months ended October 31, 2022' and 'year ended January 31, 2023', neither of which matches the claimed period of Q3 FY2023."
01GTD7FZ00AWFABAS09N4FCC6J,"Salesforce, Inc.",CRM,0001108524,"Salesforce, Inc. expects EPS non-GAAP of $1.6 per share to $1.61 per share for Q1 FY2024.","Non-GAAP Earnings per Share(2)
$1.60 - $1.61 $7.12 - $7.14",EPS non-GAAP,1.6,1.61,USD per share,Q1 FY2024,2023-03-01,https://www.sec.gov/Archives/edgar/data/1108524/000110852423000007/crm-q4fy23xexhibit991.htm,0001108524-23-000007,8-K,2023-03-01,2026-09-20T06:44:44Z,dc52d7f38d351cdff27726a5eedbee15f59bdaa42f4a619cbee2bf242f6a0798,"Non-GAAP Earnings per Share(2)
$1.60 - $1.61 $7.12 - $7.14",1.69,2023-05-31,https://www.sec.gov/Archives/edgar/data/1108524/000110852423000021/crm-q1fy24xexhibit991.htm,0001108524-23-000021,8-K,2023-05-31,2026-09-20T06:44:45Z,3cd39bdc5ac40e257a60b37ffe00b02bdad05731de70b95ae608d7b317201ac5,"First Quarter GAAP Diluted Earnings per Share (""EPS"") of $0.20 and Non-GAAP Diluted EPS of $1.69","reported value falls outside [1.6, 1.61]",open,,,,,,,,,91,,2026-09-20,navneet,false,false,,false,false,missed,section,Guidance,Salesforce delivered the following results for its fiscal fourth quarter and full fiscal year:,Q1 FY24 | Guidance Full Year FY24,,,,no,"The excerpt shows a range of $1.60 - $1.61, not $1.6 - $1.61 as stated in the guidance claim; the lower bound differs by $0.00 (1.60 vs 1.6 are equivalent), but more critically, the excerpt does not s"
01GTD7FZ00N9X5RKK4YHY4TQYP,"Salesforce, Inc.",CRM,0001108524,"Salesforce, Inc. expects tax rate of 30% for Q3 FY2023.","(1) The Company's GAAP tax provision is expected to be approximately 30% for the three months ended April 30, 2023, and approximately 30% for the year ended January 31, 2024.",tax rate,30.0,30.0,percent,Q3 FY2023,2023-03-01,https://www.sec.gov/Archives/edgar/data/1108524/000110852423000007/crm-q4fy23xexhibit991.htm,0001108524-23-000007,8-K,2023-03-01,2026-09-20T06:44:44Z,dc52d7f38d351cdff27726a5eedbee15f59bdaa42f4a619cbee2bf242f6a0798,"(1) The Company's GAAP tax provision is expected to be approximately 30% for the three months ended April 30, 2023, and approximately 30% for the year ended January 31, 2024.",,,,,,,,,,reported value differs from 30 by more than 0.5%,open,,,,,,,,,,,2026-09-20,navneet,false,false,,false,false,unresolved,sentence,Guidance,,,no later 8-K release for that period found,,,no,"The excerpt refers to 'three months ended April 30, 2023' and 'year ended January 31, 2024', neither of which matches Q3 FY2023 period."
01H1QHNC00YB414G098DZ4B5SG,"Salesforce, Inc.",CRM,0001108524,"Salesforce, Inc. expects tax rate of 30% for Q1 FY2024.","(1) The Company's GAAP tax provision is expected to be approximately 30% for the three months ended July 31, 2023, and approximately 31% for the year ended January 31, 2024.",tax rate,30.0,30.0,percent,Q1 FY2024,2023-05-31,https://www.sec.gov/Archives/edgar/data/1108524/000110852423000021/crm-q1fy24xexhibit991.htm,0001108524-23-000021,8-K,2023-05-31,2026-09-20T06:44:45Z,3cd39bdc5ac40e257a60b37ffe00b02bdad05731de70b95ae608d7b317201ac5,"(1) The Company's GAAP tax provision is expected to be approximately 30% for the three months ended July 31, 2023, and approximately 31% for the year ended January 31, 2024.",,,,,,,,,,reported value differs from 30 by more than 0.5%,open,,,,,,,,,,,2026-09-20,navneet,false,false,,false,false,unresolved,sentence,,,,no later 8-K release for that period found,,,no,"The excerpt provides guidance for 'three months ended July 31, 2023' and 'year ended January 31, 2024', neither of which matches the specified period 'Q1 FY2024'."
01H91VTS000NH3X4QXGGV8T20K,"Salesforce, Inc.",CRM,0001108524,"Salesforce, Inc. expects tax rate of 27% for Q3 FY2024.","(1) The Company's GAAP tax provision is expected to be approximately 27% for the three months ended October 31, 2023, and approximately 25% for the year ended January 31, 2024.",tax rate,27.0,27.0,percent,Q3 FY2024,2023-08-30,https://www.sec.gov/Archives/edgar/data/1108524/000110852423000037/crm-q2fy24xexhibit991.htm,0001108524-23-000037,8-K,2023-08-30,2026-09-20T06:44:47Z,2dc591a2ff4a3b6ddc057a395e65fd5543f515eee1db243622f6ba32afea90d5,"(1) The Company's GAAP tax provision is expected to be approximately 27% for the three months ended October 31, 2023, and approximately 25% for the year ended January 31, 2024.",,,,,,,,,,reported value differs from 27 by more than 0.5%,open,,,,,,,,,,,2026-09-20,navneet,false,false,,false,false,unresolved,sentence,,,,the model found no line reporting that metric for that period,,,no,"The excerpt states guidance for 'three months ended October 31, 2023' (Q1 FY2024) and 'year ended January 31, 2024', not Q3 FY2024."
01HQPG5K008CB82C65YJVJ2EZC,"Salesforce, Inc.",CRM,0001108524,"Salesforce, Inc. expects tax rate of 22.5% for Q1 FY2025.","(1) The Company's GAAP tax provision is expected to be approximately 22.5% for the three months ended April 30, 2024, and approximately 22.5% for the year ended January 31, 2025. The GAAP tax rates may fluctuate due to discrete tax items and related effects in conjunction with certain provisions in the Tax Cuts and Jobs Act, future acquisitions or other transactions.",tax rate,22.5,22.5,percent,Q1 FY2025,2024-02-28,https://www.sec.gov/Archives/edgar/data/1108524/000110852424000002/crm-q4fy24xexhibit991.htm,0001108524-24-000002,8-K,2024-02-28,2026-09-20T06:44:49Z,99d02e164cf57707be75d84a81b706d252e3fbf4d09abf95729a28aca86d7d36,"(1) The Company's GAAP tax provision is expected to be approximately 22.5% for the three months ended April 30, 2024, and approximately 22.5% for the year ended January 31, 2025. The GAAP tax rates may fluctuate due to discrete tax items and related effects in conjunction with certain provisions in the Tax Cuts and Jobs Act, future acquisitions or other transactions.",,,,,,,,,,reported value differs from 22.5 by more than 0.5%,open,,,,,,,,,,,2026-09-20,navneet,false,false,,false,false,unresolved,section,Guidance,The following is a reconciliation of GAAP operating margin guidance to non-GAAP operating margin guidance for the full year:,,the model found no line reporting that metric for that period,,,no,"The excerpt states guidance for 'the three months ended April 30, 2024' and 'the year ended January 31, 2025', but neither of these periods matches 'Q1 FY2025' (which would typically be the first quar"
01HQPG5K00ZNEH4WD189X31MWF,"Salesforce, Inc.",CRM,0001108524,"Salesforce, Inc. expects tax rate of 22.5% for Q3 FY2025.","(1) The Company's GAAP tax provision is expected to be approximately 22.5% for the three months ended April 30, 2024, and approximately 22.5% for the year ended January 31, 2025.",tax rate,22.5,22.5,percent,Q3 FY2025,2024-02-28,https://www.sec.gov/Archives/edgar/data/1108524/000110852424000002/crm-q4fy24xexhibit991.htm,0001108524-24-000002,8-K,2024-02-28,2026-09-20T06:44:49Z,99d02e164cf57707be75d84a81b706d252e3fbf4d09abf95729a28aca86d7d36,"(1) The Company's GAAP tax provision is expected to be approximately 22.5% for the three months ended April 30, 2024, and approximately 22.5% for the year ended January 31, 2025.",,,,,,,,,,reported value differs from 22.5 by more than 0.5%,open,,,,,,,,,,,2026-09-20,navneet,false,false,,false,false,unresolved,sentence,Guidance,,,the model found no line reporting that metric for that period,,,no,"The excerpt states guidance for 'three months ended April 30, 2024' and 'year ended January 31, 2025', neither of which matches the specified period 'Q3 FY2025'."
01HQPG5K00V2WC7QY35N582CFG,"Salesforce, Inc.",CRM,0001108524,"Salesforce, Inc. expects tax rate of 22.5% for FY2025.","(1) The Company's GAAP tax provision is expected to be approximately 22.5% for the three months ended April 30, 2024, and approximately 22.5% for the year ended January 31, 2025.",tax rate,22.5,22.5,percent,FY2025,2024-02-28,https://www.sec.gov/Archives/edgar/data/1108524/000110852424000002/crm-q4fy24xexhibit991.htm,0001108524-24-000002,8-K,2024-02-28,2026-09-20T06:44:49Z,99d02e164cf57707be75d84a81b706d252e3fbf4d09abf95729a28aca86d7d36,"(1) The Company's GAAP tax provision is expected to be approximately 22.5% for the three months ended April 30, 2024, and approximately 22.5% for the year ended January 31, 2025.",,,,,,,,,,reported value differs from 22.5 by more than 0.5%,open,,,,,,,,,,,2026-09-20,navneet,false,false,,false,false,unresolved,sentence,Guidance,,,the model found no line reporting that metric for that period,,,no,"The excerpt states guidance for 'the year ended January 31, 2025' which is FY2025, but the metric is 'GAAP tax provision' not 'tax rate' - these are different metrics (provision vs. rate)."
01HZ0TB000NSKGK23CM1CPK9PC,"Salesforce, Inc.",CRM,0001108524,"Salesforce, Inc. expects tax rate of 24.5% for Q2 FY2025.","(1) The Company's GAAP tax provision is expected to be approximately 24.5% for the three months ended July 31, 2024, and approximately 23.0% for the year ended January 31, 2025.",tax rate,24.5,24.5,percent,Q2 FY2025,2024-05-29,https://www.sec.gov/Archives/edgar/data/1108524/000110852424000007/crm-q1fy25xexhibit991.htm,0001108524-24-000007,8-K,2024-05-29,2026-09-20T06:44:50Z,e2c579b27fd55c4c7789e9df73bf684c5049ea0d6b53c8688687ef2301ce6a89,"(1) The Company's GAAP tax provision is expected to be approximately 24.5% for the three months ended July 31, 2024, and approximately 23.0% for the year ended January 31, 2025.",24.5,2024-08-28,https://www.sec.gov/Archives/edgar/data/1108524/000110852424000020/crm-q2fy25xexhibit991.htm,0001108524-24-000020,8-K,2024-08-28,2026-09-20T06:44:52Z,4890faa10e3d65e8421010a17e4780cc87171e57a2d4fb3d2314e52bd8b1df85,"(3)During the three months ended July 31, 2024 and 2023, losses on strategic investments impacted GAAP diluted EPS by $(0.03) and $(0.02) based on a U.S. tax rate of 24.5% and non-GAAP diluted EPS by $(0.03) and $(0.02) based on a non-GAAP tax rate of 22.0% and 23.5%, respectively.",reported value differs from 24.5 by more than 0.5%,open,,,,,,,,,91,,2026-09-20,navneet,false,false,,false,false,met,sentence,,,,,,,no,"The excerpt states guidance for 'three months ended July 31, 2024' and 'year ended January 31, 2025', not 'Q2 FY2025' which would typically refer to a different fiscal period."
01J6B4GD00FZH5WQ9TJQZQ58J3,"Salesforce, Inc.",CRM,0001108524,"Salesforce, Inc. expects tax rate of 24% for Q3 FY2025.","(1) The Company's GAAP tax provision is expected to be approximately 24% for the three months ended October 31, 2024, and approximately 22.0% for the year ended January 31, 2025.",tax rate,24.0,24.0,percent,Q3 FY2025,2024-08-28,https://www.sec.gov/Archives/edgar/data/1108524/000110852424000020/crm-q2fy25xexhibit991.htm,0001108524-24-000020,8-K,2024-08-28,2026-09-20T06:44:52Z,4890faa10e3d65e8421010a17e4780cc87171e57a2d4fb3d2314e52bd8b1df85,"(1) The Company's GAAP tax provision is expected to be approximately 24% for the three months ended October 31, 2024, and approximately 22.0% for the year ended January 31, 2025.",24.5,2024-12-03,https://www.sec.gov/Archives/edgar/data/1108524/000110852424000033/crm-q3fy25xexhibit991.htm,0001108524-24-000033,8-K,2024-12-03,2026-09-20T06:44:54Z,d02ed6279db0d14469a5c0f039d450d6089a45640f9acd1f6513578a17d3d274,"During the three months ended October 31, 2024, losses on strategic investments impacted GAAP diluted net income per share by $(0.17) on a U.S. tax rate of 24.5% and non-GAAP diluted net income per share by $(0.18) on a non-GAAP tax rate of 22.0%.",reported value differs from 24 by more than 0.5%,open,,,,,,,,,97,,2026-09-20,navneet,false,false,,false,false,missed,sentence,,,,,,,no,"The excerpt provides guidance for 'three months ended October 31, 2024' and 'year ended January 31, 2025', but does not specify Q3 FY2025 as the period, making the period identification ambiguous rela"
01JMZRV700M4PTXF7FT9TH4QD4,"Salesforce, Inc.",CRM,0001108524,"Salesforce, Inc. expects EPS non-GAAP of $2.53 per share to $2.55 per share for Q1 FY2026.","Non-GAAP diluted net income per share(2)
$2.53 - $2.55 $11.09 - $11.17",EPS non-GAAP,2.53,2.55,USD per share,Q1 FY2026,2025-02-26,https://www.sec.gov/Archives/edgar/data/1108524/000110852425000002/crm-q4fy25xexhibit991.htm,0001108524-25-000002,8-K,2025-02-26,2026-09-20T06:44:56Z,3837bb129e89a5a00d26d2aa03ee07192420f45bbee522b011bb9317b950a5d7,"Non-GAAP diluted net income per share(2)
$2.53 - $2.55 $11.09 - $11.17",,,,,,,,,,"reported value falls outside [2.53, 2.55]",open,,,,,,,,,,,2026-09-20,navneet,false,false,,false,false,unresolved,section,Guidance,,Q1 FY26 | Full Year FY26,the matching release has no line naming the metric with a number,,,no,Excerpt shows a range of $2.53-$2.55 but does not specify the period (Q1 FY2026) that this guidance applies to.
01JMZRV700N78YG5RFYC6NCZV4,"Salesforce, Inc.",CRM,0001108524,"Salesforce, Inc. expects tax rate of 23.5% for Q3 FY2026.","(1) The Company's GAAP tax provision is expected to be approximately 23.5% for the three months ended April 30, 2025 and approximately 23.5% for the year ended January 31, 2026.",tax rate,23.5,23.5,percent,Q3 FY2026,2025-02-26,https://www.sec.gov/Archives/edgar/data/1108524/000110852425000002/crm-q4fy25xexhibit991.htm,0001108524-25-000002,8-K,2025-02-26,2026-09-20T06:44:56Z,3837bb129e89a5a00d26d2aa03ee07192420f45bbee522b011bb9317b950a5d7,"(1) The Company's GAAP tax provision is expected to be approximately 23.5% for the three months ended April 30, 2025 and approximately 23.5% for the year ended January 31, 2026.",,,,,,,,,,reported value differs from 23.5 by more than 0.5%,open,,,,,,,,,,,2026-09-20,navneet,false,false,,false,false,unresolved,sentence,,,,the model found no line reporting that metric for that period,,,no,"The excerpt states guidance for 'three months ended April 30, 2025' and 'year ended January 31, 2026', neither of which matches the specified period 'Q3 FY2026'."
01JMZRV700N947ZYAESAAJ5B1Z,"Salesforce, Inc.",CRM,0001108524,"Salesforce, Inc. expects tax rate of 23.5% for FY2026.","(1) The Company's GAAP tax provision is expected to be approximately 23.5% for the three months ended April 30, 2025 and approximately 23.5% for the year ended January 31, 2026.",tax rate,23.5,23.5,percent,FY2026,2025-02-26,https://www.sec.gov/Archives/edgar/data/1108524/000110852425000002/crm-q4fy25xexhibit991.htm,0001108524-25-000002,8-K,2025-02-26,2026-09-20T06:44:56Z,3837bb129e89a5a00d26d2aa03ee07192420f45bbee522b011bb9317b950a5d7,"(1) The Company's GAAP tax provision is expected to be approximately 23.5% for the three months ended April 30, 2025 and approximately 23.5% for the year ended January 31, 2026.",23.5,2026-02-25,https://www.sec.gov/Archives/edgar/data/1108524/000110852426000056/crm-q4fy26xexhibit991.htm,0001108524-26-000056,8-K,2026-02-25,2026-09-20T07:25:46Z,52944bccb712946c9b86e8a1f5a4ae9cab2f449ca9503bec89e75e70931ac603,"and 2025, gains (losses) on strategic investments impacted GAAP diluted EPS by $0.81 and $(0.09) based on a U.S. tax rate of 23.5% and 24.0%, respectively, and non-GAAP diluted EPS by $0.83 and $(0.10) based on a non-GAAP tax rate of 22.0%.",reported value differs from 23.5 by more than 0.5%,open,,,,,,,,,364,,2026-09-20,navneet,false,false,,false,false,met,sentence,,,,,,,no,"The excerpt states guidance for 'the year ended January 31, 2026' which is FY2026, but the metric is 'GAAP tax provision' not 'tax rate' - these are different metrics."
01JWA30M00MSEH0XQEV7KB4CRB,"Salesforce, Inc.",CRM,0001108524,"Salesforce, Inc. expects EPS GAAP of $1.8 per share to $1.82 per share for Q2 FY2026.","Diluted net income per share
$1.80 - $1.82 $2.76 - $2.78",EPS GAAP,1.8,1.82,USD per share,Q2 FY2026,2025-05-28,https://www.sec.gov/Archives/edgar/data/1108524/000110852425000027/crm-q1fy26xexhibit991.htm,0001108524-25-000027,8-K,2025-05-28,2026-09-20T06:44:58Z,baabf4093c0bdec537a29c3d99e3e68e5aa41e439f87a9698a6b2f9c36d0c5c9,"Diluted net income per share
$1.80 - $1.82 $2.76 - $2.78",,,,,,,,,,"reported value falls outside [1.8, 1.82]",open,,,,,,,,,,,2026-09-20,navneet,false,false,,false,false,unresolved,section,Q2 FY26 Guidance,Salesforce's guidance includes GAAP and non-GAAP financial measures. The following tables summarize Salesforce's guidance for the second quarter fiscal 2026 and full-year fiscal 2026:,,the model found no line reporting that metric for that period,,,no,"The excerpt shows '$1.80 - $1.82' but the guidance specifies '$1.8 per share to $1.82 per share'; while $1.8 and $1.80 are equivalent, the excerpt does not explicitly state the period (Q2 FY2026) or c"
01JWA30M00R5ZEKB3T6AVCTYZR,"Salesforce, Inc.",CRM,0001108524,"Salesforce, Inc. expects EPS non-GAAP of $2.76 per share to $2.78 per share for Q2 FY2026.","Diluted net income per share
$1.80 - $1.82 $2.76 - $2.78",EPS non-GAAP,2.76,2.78,USD per share,Q2 FY2026,2025-05-28,https://www.sec.gov/Archives/edgar/data/1108524/000110852425000027/crm-q1fy26xexhibit991.htm,0001108524-25-000027,8-K,2025-05-28,2026-09-20T06:44:58Z,baabf4093c0bdec537a29c3d99e3e68e5aa41e439f87a9698a6b2f9c36d0c5c9,"Diluted net income per share
$1.80 - $1.82 $2.76 - $2.78",,,,,,,,,,"reported value falls outside [2.76, 2.78]",open,,,,,,,,,,,2026-09-20,navneet,false,false,,false,false,unresolved,section,Q2 FY26 Guidance,Salesforce's guidance includes GAAP and non-GAAP financial measures. The following tables summarize Salesforce's guidance for the second quarter fiscal 2026 and full-year fiscal 2026:,,the model found no line reporting that metric for that period,,,no,Excerpt shows 'Diluted net income per share' (GAAP metric) not non-GAAP EPS; the $2.76-$2.78 range appears to be a second metric but is not labeled as non-GAAP EPS in the excerpt.
01JWA30M001Z4YYBKJB34QXFSG,"Salesforce, Inc.",CRM,0001108524,"Salesforce, Inc. expects EPS GAAP of $7.15 per share to $7.21 per share for FY2026.","Diluted net income per share
$7.15 - $7.21 $11.27 - $11.33",EPS GAAP,7.15,7.21,USD per share,FY2026,2025-05-28,https://www.sec.gov/Archives/edgar/data/1108524/000110852425000027/crm-q1fy26xexhibit991.htm,0001108524-25-000027,8-K,2025-05-28,2026-09-20T06:44:58Z,baabf4093c0bdec537a29c3d99e3e68e5aa41e439f87a9698a6b2f9c36d0c5c9,"Diluted net income per share
$7.15 - $7.21 $11.27 - $11.33",,,,,,,,,,"reported value falls outside [7.15, 7.21]",open,,,,,,,,,,,2026-09-20,navneet,false,false,,false,false,unresolved,section,Full Year FY26 Guidance,Salesforce's guidance includes GAAP and non-GAAP financial measures. The following tables summarize Salesforce's guidance for the second quarter fiscal 2026 and full-year fiscal 2026:,,the model found no line reporting that metric for that period,,,no,Excerpt shows two ranges of EPS but does not specify which range corresponds to FY2026 or identify the period for either figure.
01JWA30M009QAQX7K3K5KBEDD6,"Salesforce, Inc.",CRM,0001108524,"Salesforce, Inc. expects tax rate of 22.5% for Q3 FY2026.","(1) The Company's GAAP tax provision is expected to be approximately 22.5% for the three months ended July 31, 2025 and the year ended January 31, 2026.",tax rate,22.5,22.5,percent,Q3 FY2026,2025-05-28,https://www.sec.gov/Archives/edgar/data/1108524/000110852425000027/crm-q1fy26xexhibit991.htm,0001108524-25-000027,8-K,2025-05-28,2026-09-20T06:44:58Z,baabf4093c0bdec537a29c3d99e3e68e5aa41e439f87a9698a6b2f9c36d0c5c9,"(1) The Company's GAAP tax provision is expected to be approximately 22.5% for the three months ended July 31, 2025 and the year ended January 31, 2026.",,,,,,,,,,reported value differs from 22.5 by more than 0.5%,open,,,,,,,,,,,2026-09-20,navneet,false,false,,false,false,unresolved,sentence,,,,the model found no line reporting that metric for that period,,,no,"The excerpt states guidance for 'the three months ended July 31, 2025' and 'the year ended January 31, 2026', not for Q3 FY2026 (which would be the three months ended October 31, 2025)"
01K46DZ200WN627TBFGWTZ46P5,"Salesforce, Inc.",CRM,0001108524,"Salesforce, Inc. expects EPS GAAP of $1.6 per share to $1.62 per share for Q3 FY2026.","Diluted net income per share
$1.60 - $1.62 $2.84 - $2.86",EPS GAAP,1.6,1.62,USD per share,Q3 FY2026,2025-09-03,https://www.sec.gov/Archives/edgar/data/1108524/000110852425000083/crm-q2fy26xexhibit991.htm,0001108524-25-000083,8-K,2025-09-03,2026-09-20T06:45:00Z,8e631388bbf3df3b8e70cad4548d6632d7ba2c588ebff6c596c7bdf93d0b6f84,"Diluted net income per share
$1.60 - $1.62 $2.84 - $2.86",,,,,,,,,,"reported value falls outside [1.6, 1.62]",open,,,,,,,,,,,2026-09-20,navneet,false,false,,false,false,unresolved,section,Q3 FY26 Guidance,Salesforce's guidance includes GAAP and non-GAAP financial measures. The following tables summarize Salesforce's guidance for the third quarter fiscal 2026 and full-year fiscal 2026:,,the model found no line reporting that metric for that period,,,no,"The excerpt shows '$1.60 - $1.62' but the guidance specifies '$1.6 per share to $1.62 per share'; while $1.60 and $1.6 are equivalent, the excerpt does not indicate which period these figures apply to"
01K46DZ2008D1VQSNMT37JDCGQ,"Salesforce, Inc.",CRM,0001108524,"Salesforce, Inc. expects EPS non-GAAP of $2.84 per share to $2.86 per share for Q3 FY2026.","Diluted net income per share
$1.60 - $1.62 $2.84 - $2.86",EPS non-GAAP,2.84,2.86,USD per share,Q3 FY2026,2025-09-03,https://www.sec.gov/Archives/edgar/data/1108524/000110852425000083/crm-q2fy26xexhibit991.htm,0001108524-25-000083,8-K,2025-09-03,2026-09-20T06:45:00Z,8e631388bbf3df3b8e70cad4548d6632d7ba2c588ebff6c596c7bdf93d0b6f84,"Diluted net income per share
$1.60 - $1.62 $2.84 - $2.86",,,,,,,,,,"reported value falls outside [2.84, 2.86]",open,,,,,,,,,,,2026-09-20,navneet,false,false,,false,false,unresolved,section,Q3 FY26 Guidance,Salesforce's guidance includes GAAP and non-GAAP financial measures. The following tables summarize Salesforce's guidance for the third quarter fiscal 2026 and full-year fiscal 2026:,,the model found no line reporting that metric for that period,,,no,"Excerpt shows 'Diluted net income per share' (GAAP metric), not non-GAAP EPS; the $2.84-$2.86 range appears to be a different metric without clarification of what it represents."
01K46DZ20000TFW0B9HWC6WVNX,"Salesforce, Inc.",CRM,0001108524,"Salesforce, Inc. expects EPS GAAP of $6.99 per share to $7.03 per share for FY2026.","Diluted net income per share
$6.99 - $7.03 $11.33 - $11.37",EPS GAAP,6.99,7.03,USD per share,FY2026,2025-09-03,https://www.sec.gov/Archives/edgar/data/1108524/000110852425000083/crm-q2fy26xexhibit991.htm,0001108524-25-000083,8-K,2025-09-03,2026-09-20T06:45:00Z,8e631388bbf3df3b8e70cad4548d6632d7ba2c588ebff6c596c7bdf93d0b6f84,"Diluted net income per share
$6.99 - $7.03 $11.33 - $11.37",,,,,,,,,,"reported value falls outside [6.99, 7.03]",open,,,,,,,,,,,2026-09-20,navneet,false,false,,false,false,unresolved,section,Full Year FY26 Guidance,Salesforce's guidance includes GAAP and non-GAAP financial measures. The following tables summarize Salesforce's guidance for the third quarter fiscal 2026 and full-year fiscal 2026:,,the model found no line reporting that metric for that period,,,no,Excerpt shows two ranges of EPS but does not specify which range corresponds to FY2026 or identify the period for either figure.
01K46DZ200F7YWDWZPXDT12T3Q,"Salesforce, Inc.",CRM,0001108524,"Salesforce, Inc. expects tax rate of 23% for Q3 FY2026.","(1) The Company's GAAP tax provision is expected to be approximately 23.0% for the three months ended October 31, 2025 and 22.5% for the year ended January 31, 2026.",tax rate,23.0,23.0,percent,Q3 FY2026,2025-09-03,https://www.sec.gov/Archives/edgar/data/1108524/000110852425000083/crm-q2fy26xexhibit991.htm,0001108524-25-000083,8-K,2025-09-03,2026-09-20T06:45:00Z,8e631388bbf3df3b8e70cad4548d6632d7ba2c588ebff6c596c7bdf93d0b6f84,"(1) The Company's GAAP tax provision is expected to be approximately 23.0% for the three months ended October 31, 2025 and 22.5% for the year ended January 31, 2026.",23.5,2025-12-03,https://www.sec.gov/Archives/edgar/data/1108524/000110852425000234/crm-q3fy26xexhibit991.htm,0001108524-25-000234,8-K,2025-12-03,2026-09-20T06:45:02Z,d722802fc96f564c4f82ecefb8beab77b837d679897f4053cf9627dc11d8a4e5,"(3)During the three months ended October 31, 2025 and 2024, gains (losses) on strategic investments impacted GAAP diluted net income per share by $0.21 and $(0.17) based on a U.S. tax rate of 23.5% and 24.5%, respectively, and non-GAAP diluted net income per share by $0.22 and $(0.18) based on a non-GAAP tax rate of 22.0%.",reported value differs from 23 by more than 0.5%,open,,,,,,,,,91,,2026-09-20,navneet,false,false,,false,false,missed,sentence,,,,,,,no,"The excerpt provides guidance for Q3 ending October 31, 2025 and FY2026 ending January 31, 2026, but the period requested is 'Q3 FY2026' which would be October 31, 2026, not October 31, 2025."
01KBGR4F00W6WKVVC8ZHD2M71J,"Salesforce, Inc.",CRM,0001108524,"Salesforce, Inc. expects EPS GAAP of $1.47 per share to $1.49 per share for Q4 FY2026.","Diluted net income per share
$1.47 - $1.49 $3.02 - $3.04",EPS GAAP,1.47,1.49,USD per share,Q4 FY2026,2025-12-03,https://www.sec.gov/Archives/edgar/data/1108524/000110852425000234/crm-q3fy26xexhibit991.htm,0001108524-25-000234,8-K,2025-12-03,2026-09-20T06:45:02Z,d722802fc96f564c4f82ecefb8beab77b837d679897f4053cf9627dc11d8a4e5,"Diluted net income per share
$1.47 - $1.49 $3.02 - $3.04",,,,,,,,,,"reported value falls outside [1.47, 1.49]",open,,,,,,,,,,,2026-09-20,navneet,false,false,,false,false,unresolved,section,Q4 FY26 Guidance,Salesforce's guidance includes GAAP and non-GAAP financial measures. The following tables summarize Salesforce's guidance for the fourth quarter fiscal 2026 and full-year fiscal 2026:,,the model found no line reporting that metric for that period,,,no,Excerpt shows a range of $1.47-$1.49 but does not specify the period (Q4 FY2026) that this guidance applies to.
01KBGR4F00EYS0YXDGTQAWFQ8S,"Salesforce, Inc.",CRM,0001108524,"Salesforce, Inc. expects EPS non-GAAP of $3.02 per share to $3.04 per share for Q4 FY2026.","Diluted net income per share
$1.47 - $1.49 $3.02 - $3.04",EPS non-GAAP,3.02,3.04,USD per share,Q4 FY2026,2025-12-03,https://www.sec.gov/Archives/edgar/data/1108524/000110852425000234/crm-q3fy26xexhibit991.htm,0001108524-25-000234,8-K,2025-12-03,2026-09-20T06:45:02Z,d722802fc96f564c4f82ecefb8beab77b837d679897f4053cf9627dc11d8a4e5,"Diluted net income per share
$1.47 - $1.49 $3.02 - $3.04",,,,,,,,,,"reported value falls outside [3.02, 3.04]",open,,,,,,,,,,,2026-09-20,navneet,false,false,,false,false,unresolved,section,Q4 FY26 Guidance,Salesforce's guidance includes GAAP and non-GAAP financial measures. The following tables summarize Salesforce's guidance for the fourth quarter fiscal 2026 and full-year fiscal 2026:,,the model found no line reporting that metric for that period,,,no,"Excerpt shows 'Diluted net income per share' (GAAP metric), not non-GAAP EPS; the $3.02-$3.04 range appears to be for a different period or metric than Q4 FY2026 based on context."
01KBGR4F00GGGC8AZS72ASMHTS,"Salesforce, Inc.",CRM,0001108524,"Salesforce, Inc. expects EPS GAAP of $7.22 per share to $7.24 per share for FY2026.","Diluted net income per share
$7.22 - $7.24 $11.75 - $11.77",EPS GAAP,7.22,7.24,USD per share,FY2026,2025-12-03,https://www.sec.gov/Archives/edgar/data/1108524/000110852425000234/crm-q3fy26xexhibit991.htm,0001108524-25-000234,8-K,2025-12-03,2026-09-20T06:45:02Z,d722802fc96f564c4f82ecefb8beab77b837d679897f4053cf9627dc11d8a4e5,"Diluted net income per share
$7.22 - $7.24 $11.75 - $11.77",,,,,,,,,,"reported value falls outside [7.22, 7.24]",open,,,,,,,,,,,2026-09-20,navneet,false,false,,false,false,unresolved,section,Full Year FY26 Guidance,,,the model found no line reporting that metric for that period,,,no,Excerpt shows two different EPS ranges without specifying which is for FY2026; the second range ($11.75-$11.77) appears to be for a different period.
01KJ91GV00BB40QSF8G5347FSX,"Salesforce, Inc.",CRM,0001108524,"Salesforce, Inc. expects EPS GAAP of $1.77 per share to $1.79 per share for Q1 FY2027.","Diluted net income per share
$1.77 - $1.79 $3.11 - $3.13",EPS GAAP,1.77,1.79,USD per share,Q1 FY2027,2026-02-25,https://www.sec.gov/Archives/edgar/data/1108524/000110852426000056/crm-q4fy26xexhibit991.htm,0001108524-26-000056,8-K,2026-02-25,2026-09-20T07:25:46Z,52944bccb712946c9b86e8a1f5a4ae9cab2f449ca9503bec89e75e70931ac603,"Diluted net income per share
$1.77 - $1.79 $3.11 - $3.13",2.42,2026-05-27,https://www.sec.gov/Archives/edgar/data/1108524/000110852426000125/crm-q1fy27xexhibit991.htm,0001108524-26-000125,8-K,2026-05-27,2026-09-20T07:25:49Z,07653b4c191fc126ff92e83e3a7c73ab6d4e31bbdae4ecd59844d8f6751695c3,"GAAP EPS $2.42, up 52% Y/Y, Non-GAAP EPS $3.88, up 50% Y/Y","reported value falls outside [1.77, 1.79]",open,,,,,,,,,91,,2026-09-20,navneet,false,false,,false,false,missed,section,Q1 FY27 Guidance,Salesforce's guidance includes GAAP and non-GAAP financial measures. The following tables summarize Salesforce's guidance for the first quarter fiscal 2027 and full-year fiscal 2027:,,,,,no,Excerpt does not specify which period each guidance range applies to; cannot confirm the $1.77-$1.79 range is for Q1 FY2027 rather than another period.
01KJ91GV0033SFS7NX3YXTET4X,"Salesforce, Inc.",CRM,0001108524,"Salesforce, Inc. expects EPS non-GAAP of $3.11 per share to $3.13 per share for Q1 FY2027.","Diluted net income per share
$1.77 - $1.79 $3.11 - $3.13",EPS non-GAAP,3.11,3.13,USD per share,Q1 FY2027,2026-02-25,https://www.sec.gov/Archives/edgar/data/1108524/000110852426000056/crm-q4fy26xexhibit991.htm,0001108524-26-000056,8-K,2026-02-25,2026-09-20T07:25:46Z,52944bccb712946c9b86e8a1f5a4ae9cab2f449ca9503bec89e75e70931ac603,"Diluted net income per share
$1.77 - $1.79 $3.11 - $3.13",,,,,,,,,,"reported value falls outside [3.11, 3.13]",open,,,,,,,,,,,2026-09-20,navneet,false,false,,false,false,unresolved,section,Q1 FY27 Guidance,Salesforce's guidance includes GAAP and non-GAAP financial measures. The following tables summarize Salesforce's guidance for the first quarter fiscal 2027 and full-year fiscal 2027:,,the model found no line reporting that metric for that period,,,no,Excerpt shows 'Diluted net income per share' (GAAP metric) not non-GAAP EPS; the $3.11-$3.13 range appears to be a different metric without clarification of what it represents.
01KJ91GV00HQ9F5SZJGCX1RF0Z,"Salesforce, Inc.",CRM,0001108524,"Salesforce, Inc. expects EPS GAAP of $7.85 per share to $7.93 per share for FY2027.","Diluted net income per share
$7.85 - $7.93 $13.11 - $13.19",EPS GAAP,7.85,7.93,USD per share,FY2027,2026-02-25,https://www.sec.gov/Archives/edgar/data/1108524/000110852426000056/crm-q4fy26xexhibit991.htm,0001108524-26-000056,8-K,2026-02-25,2026-09-20T07:25:46Z,52944bccb712946c9b86e8a1f5a4ae9cab2f449ca9503bec89e75e70931ac603,"Diluted net income per share
$7.85 - $7.93 $13.11 - $13.19",,,,,,,,,,"reported value falls outside [7.85, 7.93]",open,,,,,,,,,,,2026-09-20,navneet,false,false,,false,false,unresolved,section,Full Year FY27 Guidance,,,no later 8-K release for that period found,,,no,Excerpt does not specify which period each range applies to; cannot confirm the $7.85-$7.93 range is for FY2027 rather than another period.
01KJ91GV00KYPQQFPDE3EMX976,"Salesforce, Inc.",CRM,0001108524,"Salesforce, Inc. expects tax rate of 21% for Q1 FY2027.","(1) The Company's GAAP tax provision is expected to be approximately 21.0% for the three months ended April 30, 2026 and for the year ended January 31, 2027.",tax rate,21.0,21.0,percent,Q1 FY2027,2026-02-25,https://www.sec.gov/Archives/edgar/data/1108524/000110852426000056/crm-q4fy26xexhibit991.htm,0001108524-26-000056,8-K,2026-02-25,2026-09-20T07:25:46Z,52944bccb712946c9b86e8a1f5a4ae9cab2f449ca9503bec89e75e70931ac603,"(1) The Company's GAAP tax provision is expected to be approximately 21.0% for the three months ended April 30, 2026 and for the year ended January 31, 2027.",,,,,,,,,,reported value differs from 21 by more than 0.5%,open,,,,,,,,,,,2026-09-20,navneet,false,false,,false,false,unresolved,sentence,Guidance,,,the model found no line reporting that metric for that period,,,no,"The excerpt specifies guidance for 'the three months ended April 30, 2026' and 'the year ended January 31, 2027', not Q1 FY2027 (which would be the quarter ended April 30, 2027)"
01KJ91GV00HNWYTYJK716T9S7K,"Salesforce, Inc.",CRM,0001108524,"Salesforce, Inc. expects tax rate of 21% for FY2027.","(1) The Company's GAAP tax provision is expected to be approximately 21.0% for the three months ended April 30, 2026 and for the year ended January 31, 2027.",tax rate,21.0,21.0,percent,FY2027,2026-02-25,https://www.sec.gov/Archives/edgar/data/1108524/000110852426000056/crm-q4fy26xexhibit991.htm,0001108524-26-000056,8-K,2026-02-25,2026-09-20T07:25:46Z,52944bccb712946c9b86e8a1f5a4ae9cab2f449ca9503bec89e75e70931ac603,"(1) The Company's GAAP tax provision is expected to be approximately 21.0% for the three months ended April 30, 2026 and for the year ended January 31, 2027.",,,,,,,,,,reported value differs from 21 by more than 0.5%,open,,,,,,,,,,,2026-09-20,navneet,false,false,,false,false,unresolved,sentence,Guidance,,,no later 8-K release for that period found,,,no,"The excerpt specifies guidance for 'the year ended January 31, 2027' not 'FY2027', and more critically, it also includes guidance for 'the three months ended April 30, 2026' which is a different perio"
01KSKBP8008Y7YZBFEJB2PDEVY,"Salesforce, Inc.",CRM,0001108524,"Salesforce, Inc. expects EPS GAAP of $1.74 per share to $1.76 per share for Q2 FY2027.","Diluted net income per share
$1.74 - $1.76 $3.25 - $3.27",EPS GAAP,1.74,1.76,USD per share,Q2 FY2027,2026-05-27,https://www.sec.gov/Archives/edgar/data/1108524/000110852426000125/crm-q1fy27xexhibit991.htm,0001108524-26-000125,8-K,2026-05-27,2026-09-20T07:25:49Z,07653b4c191fc126ff92e83e3a7c73ab6d4e31bbdae4ecd59844d8f6751695c3,"Diluted net income per share
$1.74 - $1.76 $3.25 - $3.27",,,,,,,,,,"reported value falls outside [1.74, 1.76]",open,,,,,,,,,,,2026-09-20,navneet,false,false,,false,false,unresolved,section,Q2 FY27 Guidance,Salesforce's guidance includes GAAP and non-GAAP financial measures. The following tables summarize Salesforce's guidance for the second quarter fiscal 2027 and full-year fiscal 2027:,,the matching release has no line naming the metric with a number,,,no,Excerpt shows a range of $1.74-$1.76 but does not specify the period (Q2 FY2027) that this guidance applies to.
01KSKBP800FFF1C90JAQ3QY373,"Salesforce, Inc.",CRM,0001108524,"Salesforce, Inc. expects EPS non-GAAP of $3.25 per share to $3.27 per share for Q2 FY2027.","Diluted net income per share
$1.74 - $1.76 $3.25 - $3.27",EPS non-GAAP,3.25,3.27,USD per share,Q2 FY2027,2026-05-27,https://www.sec.gov/Archives/edgar/data/1108524/000110852426000125/crm-q1fy27xexhibit991.htm,0001108524-26-000125,8-K,2026-05-27,2026-09-20T07:25:49Z,07653b4c191fc126ff92e83e3a7c73ab6d4e31bbdae4ecd59844d8f6751695c3,"Diluted net income per share
$1.74 - $1.76 $3.25 - $3.27",,,,,,,,,,"reported value falls outside [3.25, 3.27]",open,,,,,,,,,,,2026-09-20,navneet,false,false,,false,false,unresolved,section,Q2 FY27 Guidance,Salesforce's guidance includes GAAP and non-GAAP financial measures. The following tables summarize Salesforce's guidance for the second quarter fiscal 2027 and full-year fiscal 2027:,,the matching release has no line naming the metric with a number,,,no,"Excerpt shows 'Diluted net income per share' (GAAP metric), not non-GAAP EPS; the $3.25-$3.27 range appears to be for a different period or metric than Q2 FY2027."
01KSKBP800DQXYSV5SCG85YR9V,"Salesforce, Inc.",CRM,0001108524,"Salesforce, Inc. expects EPS GAAP of $7.93 per share to $7.99 per share for FY2027.","Diluted net income per share
$7.93 - $7.99 $14.06 - $14.12",EPS GAAP,7.93,7.99,USD per share,FY2027,2026-05-27,https://www.sec.gov/Archives/edgar/data/1108524/000110852426000125/crm-q1fy27xexhibit991.htm,0001108524-26-000125,8-K,2026-05-27,2026-09-20T07:25:49Z,07653b4c191fc126ff92e83e3a7c73ab6d4e31bbdae4ecd59844d8f6751695c3,"Diluted net income per share
$7.93 - $7.99 $14.06 - $14.12",,,,,,,,,,"reported value falls outside [7.93, 7.99]",open,,,,,,,,,,,2026-09-20,navneet,false,false,,false,false,unresolved,section,Full Year FY27 Guidance,,,no later 8-K release for that period found,,,no,Excerpt does not specify which period each range applies to; cannot confirm the $7.93-$7.99 range is for FY2027 rather than another period.
01KSKBP800SKQZSR9NKV3GB3T6,"Salesforce, Inc.",CRM,0001108524,"Salesforce, Inc. expects tax rate of 21.5% for Q2 FY2027.","(1) The Company's GAAP tax provision is expected to be approximately 21.5% for the three months ended July 31, 2026 and 22.0% for the year ended January 31, 2027.",tax rate,21.5,21.5,percent,Q2 FY2027,2026-05-27,https://www.sec.gov/Archives/edgar/data/1108524/000110852426000125/crm-q1fy27xexhibit991.htm,0001108524-26-000125,8-K,2026-05-27,2026-09-20T07:25:49Z,07653b4c191fc126ff92e83e3a7c73ab6d4e31bbdae4ecd59844d8f6751695c3,"(1) The Company's GAAP tax provision is expected to be approximately 21.5% for the three months ended July 31, 2026 and 22.0% for the year ended January 31, 2027.",,,,,,,,,,reported value differs from 21.5 by more than 0.5%,open,,,,,,,,,,,2026-09-20,navneet,false,false,,false,false,unresolved,sentence,,,,the model found no line reporting that metric for that period,,,no,"The excerpt provides guidance for Q2 FY2026 (three months ended July 31, 2026) and FY2027 (year ended January 31, 2027), not Q2 FY2027; the 21.5% figure is for the wrong period."
01M0XNVN00C80T5ZQMVZ2BA40Z,"Salesforce, Inc.",CRM,0001108524,"Salesforce, Inc. expects EPS GAAP of $1.81 per share to $1.83 per share for Q3 FY2027.","Diluted net income per share
$1.81 - $1.83 $3.42 - $3.44",EPS GAAP,1.81,1.83,USD per share,Q3 FY2027,2026-08-26,https://www.sec.gov/Archives/edgar/data/1108524/000110852426000187/crm-q2fy27xexhibit991.htm,0001108524-26-000187,8-K,2026-08-26,2026-09-20T07:25:51Z,9a8bbc2283ad42dacd4209d7885c48310072f28184b3ed792f75a506c6ecef77,"Diluted net income per share
$1.81 - $1.83 $3.42 - $3.44",,,,,,,,,,"reported value falls outside [1.81, 1.83]",open,,,,,,,,,,,2026-09-20,navneet,false,false,,false,false,unresolved,section,Q3 FY27 Guidance,Salesforce's guidance includes GAAP and non-GAAP financial measures. The following tables summarize Salesforce's guidance for the third quarter fiscal 2027 and full-year fiscal 2027:,,no later 8-K release for that period found,,,no,Excerpt does not specify the period (Q3 FY2027) for the $1.81-$1.83 range; it only shows two ranges without period labels.
01M0XNVN00Z28GRD9DQ8A5G073,"Salesforce, Inc.",CRM,0001108524,"Salesforce, Inc. expects EPS non-GAAP of $3.42 per share to $3.44 per share for Q3 FY2027.","Diluted net income per share
$1.81 - $1.83 $3.42 - $3.44",EPS non-GAAP,3.42,3.44,USD per share,Q3 FY2027,2026-08-26,https://www.sec.gov/Archives/edgar/data/1108524/000110852426000187/crm-q2fy27xexhibit991.htm,0001108524-26-000187,8-K,2026-08-26,2026-09-20T07:25:51Z,9a8bbc2283ad42dacd4209d7885c48310072f28184b3ed792f75a506c6ecef77,"Diluted net income per share
$1.81 - $1.83 $3.42 - $3.44",,,,,,,,,,"reported value falls outside [3.42, 3.44]",open,,,,,,,,,,,2026-09-20,navneet,false,false,,false,false,unresolved,section,Q3 FY27 Guidance,Salesforce's guidance includes GAAP and non-GAAP financial measures. The following tables summarize Salesforce's guidance for the third quarter fiscal 2027 and full-year fiscal 2027:,,no later 8-K release for that period found,,,no,Excerpt shows 'Diluted net income per share' (GAAP metric) not non-GAAP EPS; the $3.42-$3.44 range appears to be a different metric without clarification of what it represents.
01M0XNVN0035BBSDY8B503JWFY,"Salesforce, Inc.",CRM,0001108524,"Salesforce, Inc. expects EPS GAAP of $10.21 per share to $10.25 per share for FY2027.","Diluted net income per share
$10.21 - $10.25 $16.67 - $16.71",EPS GAAP,10.21,10.25,USD per share,FY2027,2026-08-26,https://www.sec.gov/Archives/edgar/data/1108524/000110852426000187/crm-q2fy27xexhibit991.htm,0001108524-26-000187,8-K,2026-08-26,2026-09-20T07:25:51Z,9a8bbc2283ad42dacd4209d7885c48310072f28184b3ed792f75a506c6ecef77,"Diluted net income per share
$10.21 - $10.25 $16.67 - $16.71",,,,,,,,,,"reported value falls outside [10.21, 10.25]",open,,,,,,,,,,,2026-09-20,navneet,false,false,,false,false,unresolved,section,Full Year FY27 Guidance,,,no later 8-K release for that period found,,,no,"The excerpt shows two ranges of EPS figures but does not specify which range corresponds to FY2027 or any other period, making it impossible to verify the period matches."
01M0XNVN0039W4ZTAQE7DNSGQT,"Salesforce, Inc.",CRM,0001108524,"Salesforce, Inc. expects EPS non-GAAP of $16.67 per share to $16.71 per share for FY2027.","Diluted net income per share
$10.21 - $10.25 $16.67 - $16.71",EPS non-GAAP,16.67,16.71,USD per share,FY2027,2026-08-26,https://www.sec.gov/Archives/edgar/data/1108524/000110852426000187/crm-q2fy27xexhibit991.htm,0001108524-26-000187,8-K,2026-08-26,2026-09-20T07:25:51Z,9a8bbc2283ad42dacd4209d7885c48310072f28184b3ed792f75a506c6ecef77,"Diluted net income per share
$10.21 - $10.25 $16.67 - $16.71",,,,,,,,,,"reported value falls outside [16.67, 16.71]",open,,,,,,,,,,,2026-09-20,navneet,false,false,,false,false,unresolved,section,Full Year FY27 Guidance,,,no later 8-K release for that period found,,,no,"Excerpt reports 'Diluted net income per share' (GAAP metric), not 'EPS non-GAAP' as specified in the guidance claim."
01M0XNVN00EG3H7EVEH4DN9M65,"Salesforce, Inc.",CRM,0001108524,"Salesforce, Inc. expects tax rate of 21.8% for Q3 FY2027.","(1) The Company's GAAP tax provision is expected to be approximately 21.8% for the three months ended October 31, 2026 and 22.3% for the year ended January 31, 2027.",tax rate,21.8,21.8,percent,Q3 FY2027,2026-08-26,https://www.sec.gov/Archives/edgar/data/1108524/000110852426000187/crm-q2fy27xexhibit991.htm,0001108524-26-000187,8-K,2026-08-26,2026-09-20T07:25:51Z,9a8bbc2283ad42dacd4209d7885c48310072f28184b3ed792f75a506c6ecef77,"(1) The Company's GAAP tax provision is expected to be approximately 21.8% for the three months ended October 31, 2026 and 22.3% for the year ended January 31, 2027.",,,,,,,,,,reported value differs from 21.8 by more than 0.5%,open,,,,,,,,,,,2026-09-20,navneet,false,false,,false,false,unresolved,sentence,,,,no later 8-K release for that period found,,,no,"The excerpt states guidance for 'three months ended October 31, 2026' and 'year ended January 31, 2027', not Q3 FY2027 (which would be three months ended October 31, 2027)"
01D53001007DQZM5KP9HR4X7HM,"Salesforce, Inc.",CRM,0001108524,"Salesforce, Inc. expects revenue of $3.67 billion to $3.68 billion for Q1 FY2020.","Revenue
$3.67 - $3.68 billion",revenue,3.67,3.68,USD billions,Q1 FY2020,2019-03-04,https://www.sec.gov/Archives/edgar/data/1108524/000110852419000007/crm-q4fy19xexhibit991.htm,0001108524-19-000007,8-K,2019-03-04,2026-09-20T06:44:05Z,502655adec28dacc769a73f88d0fc6ae4254945110135de9abb450da326dd5e7,"Revenue
$3.67 - $3.68 billion",3.74,2019-06-04,https://www.sec.gov/Archives/edgar/data/1108524/000110852419000022/crm-q1fy20xexhibit991.htm,0001108524-19-000022,8-K,2019-06-04,2026-09-20T06:44:07Z,771f9372ca0e25523df6d293fc4282256005deec90e6133c3507b9391ff49c4c,"First Quarter Revenue of $3.74 Billion, up 24% Year-Over-Year, 26% in Constant Currency","reported value falls outside [3.67, 3.68]",open,,,,,,,,,92,,2026-09-20,navneet,false,false,,false,false,missed,section,Guidance,Salesforce delivered the following results for its fiscal fourth quarter and full fiscal year 2019:,Q1 FY20 | Full Year FY20,,,,yes,"Excerpt states revenue guidance of $3.67 - $3.68 billion matching the specified metric, number range, and unit."
01D5300100Q1VJHSM91BPRTYH5,"Salesforce, Inc.",CRM,0001108524,"Salesforce, Inc. expects revenue of $15.95 billion to $16.05 billion for FY2020.","Revenue
$3.67 - $3.68 billion
$15.95 - $16.05 billion",revenue,15.95,16.05,USD billions,FY2020,2019-03-04,https://www.sec.gov/Archives/edgar/data/1108524/000110852419000007/crm-q4fy19xexhibit991.htm,0001108524-19-000007,8-K,2019-03-04,2026-09-20T06:44:05Z,502655adec28dacc769a73f88d0fc6ae4254945110135de9abb450da326dd5e7,"Revenue
$3.67 - $3.68 billion
$15.95 - $16.05 billion",17.1,2020-02-25,https://www.sec.gov/Archives/edgar/data/1108524/000110852420000008/crm-q4fy20xexhibit991.htm,0001108524-20-000008,8-K,2020-02-25,2026-09-20T06:44:15Z,fb6da88c30b2da621dbfcd3ef5a114745fa683327fca2c44965e475a8715f894,"Total Fiscal 2020 revenue was $17.1 billion, up 29% year-over-year, and 29% in constant currency.","reported value falls outside [15.95, 16.05]",open,,,,,,,,,358,,2026-09-20,navneet,false,false,,false,false,missed,section,Guidance,Salesforce delivered the following results for its fiscal fourth quarter and full fiscal year 2019:,Q1 FY20 | Full Year FY20,,,,yes,"Excerpt states revenue guidance of '$15.95 - $16.05 billion' which matches the specified range exactly, and the context indicates this is forward guidance for the relevant period."
01D5300100X38C3TJD4GHEPKWR,"Salesforce, Inc.",CRM,0001108524,"Salesforce, Inc. expects EPS GAAP of $0.1 per share to $0.11 per share for Q1 FY2020.","GAAP EPS
$0.10 - $0.11",EPS GAAP,0.1,0.11,USD per share,Q1 FY2020,2019-03-04,https://www.sec.gov/Archives/edgar/data/1108524/000110852419000007/crm-q4fy19xexhibit991.htm,0001108524-19-000007,8-K,2019-03-04,2026-09-20T06:44:05Z,502655adec28dacc769a73f88d0fc6ae4254945110135de9abb450da326dd5e7,"GAAP EPS
$0.10 - $0.11",0.49,2019-06-04,https://www.sec.gov/Archives/edgar/data/1108524/000110852419000022/crm-q1fy20xexhibit991.htm,0001108524-19-000022,8-K,2019-06-04,2026-09-20T06:44:07Z,771f9372ca0e25523df6d293fc4282256005deec90e6133c3507b9391ff49c4c,"Earnings per Share: First quarter GAAP diluted earnings per share was $0.49, and non-GAAP diluted earnings per share was $0.93.","reported value falls outside [0.1, 0.11]",open,,,,,,,,,92,,2026-09-20,navneet,false,false,,false,false,missed,section,Guidance,Salesforce delivered the following results for its fiscal fourth quarter and full fiscal year 2019:,Q1 FY20 | Full Year FY20,,,,yes,"Excerpt states 'GAAP EPS $0.10 - $0.11' which matches the guidance metric, range, and unit, with $0.10 equivalent to $0.1 per share."
01D5300100F7M1NHJBWHAJDCFX,"Salesforce, Inc.",CRM,0001108524,"Salesforce, Inc. expects EPS GAAP of $0.66 per share to $0.68 per share for FY2020.","GAAP EPS
$0.10 - $0.11
$0.66 - $0.68",EPS GAAP,0.66,0.68,USD per share,FY2020,2019-03-04,https://www.sec.gov/Archives/edgar/data/1108524/000110852419000007/crm-q4fy19xexhibit991.htm,0001108524-19-000007,8-K,2019-03-04,2026-09-20T06:44:05Z,502655adec28dacc769a73f88d0fc6ae4254945110135de9abb450da326dd5e7,"GAAP EPS
$0.10 - $0.11
$0.66 - $0.68",0.15,2020-02-25,https://www.sec.gov/Archives/edgar/data/1108524/000110852420000008/crm-q4fy20xexhibit991.htm,0001108524-20-000008,8-K,2020-02-25,2026-09-20T06:44:15Z,fb6da88c30b2da621dbfcd3ef5a114745fa683327fca2c44965e475a8715f894,"Fiscal 2020 GAAP earnings per share was $0.15, and non-GAAP diluted earnings per share was $2.99.","reported value falls outside [0.66, 0.68]",open,,,,,,,,,358,,2026-09-20,navneet,false,false,,false,false,missed,section,Guidance,Salesforce delivered the following results for its fiscal fourth quarter and full fiscal year 2019:,Q1 FY20 | Full Year FY20,,,,yes,"Excerpt states 'GAAP EPS $0.66 - $0.68' which matches the metric, range, and unit exactly; the second line of the guidance corresponds to FY2020 based on standard SEC filing format."
01D5300100189MSG6TPGMVYRWH,"Salesforce, Inc.",CRM,0001108524,"Salesforce, Inc. expects EPS non-GAAP of $0.6 per share to $0.61 per share for Q1 FY2020.","Non-GAAP EPS
$0.60 - $0.61",EPS non-GAAP,0.6,0.61,USD per share,Q1 FY2020,2019-03-04,https://www.sec.gov/Archives/edgar/data/1108524/000110852419000007/crm-q4fy19xexhibit991.htm,0001108524-19-000007,8-K,2019-03-04,2026-09-20T06:44:05Z,502655adec28dacc769a73f88d0fc6ae4254945110135de9abb450da326dd5e7,"Non-GAAP EPS
$0.60 - $0.61",0.93,2019-06-04,https://www.sec.gov/Archives/edgar/data/1108524/000110852419000022/crm-q1fy20xexhibit991.htm,0001108524-19-000022,8-K,2019-06-04,2026-09-20T06:44:07Z,771f9372ca0e25523df6d293fc4282256005deec90e6133c3507b9391ff49c4c,"Earnings per Share: First quarter GAAP diluted earnings per share was $0.49, and non-GAAP diluted earnings per share was $0.93.","reported value falls outside [0.6, 0.61]",open,,,,,,,,,92,,2026-09-20,navneet,false,false,,false,false,missed,section,Guidance,Salesforce delivered the following results for its fiscal fourth quarter and full fiscal year 2019:,Q1 FY20 | Full Year FY20,,,,yes,"Excerpt states 'Non-GAAP EPS $0.60 - $0.61' which matches the metric, number range, and unit specified, though period is not explicitly stated in excerpt."
01D53001001F3XG81R3G7KAXR7,"Salesforce, Inc.",CRM,0001108524,"Salesforce, Inc. expects EPS non-GAAP of $2.74 per share to $2.76 per share for FY2020.","Non-GAAP EPS
$0.60 - $0.61
$2.74 - $2.76",EPS non-GAAP,2.74,2.76,USD per share,FY2020,2019-03-04,https://www.sec.gov/Archives/edgar/data/1108524/000110852419000007/crm-q4fy19xexhibit991.htm,0001108524-19-000007,8-K,2019-03-04,2026-09-20T06:44:05Z,502655adec28dacc769a73f88d0fc6ae4254945110135de9abb450da326dd5e7,"Non-GAAP EPS
$0.60 - $0.61
$2.74 - $2.76",2.99,2020-02-25,https://www.sec.gov/Archives/edgar/data/1108524/000110852420000008/crm-q4fy20xexhibit991.htm,0001108524-20-000008,8-K,2020-02-25,2026-09-20T06:44:15Z,fb6da88c30b2da621dbfcd3ef5a114745fa683327fca2c44965e475a8715f894,"Fiscal 2020 GAAP earnings per share was $0.15, and non-GAAP diluted earnings per share was $2.99.","reported value falls outside [2.74, 2.76]",open,,,,,,,,,358,,2026-09-20,navneet,false,false,,false,false,missed,section,Guidance,Salesforce delivered the following results for its fiscal fourth quarter and full fiscal year 2019:,Q1 FY20 | Full Year FY20,,,,yes,"Excerpt states 'Non-GAAP EPS $2.74 - $2.76' which matches the metric, number range, and unit exactly."
01DCFWJ500H9SERAD715DS4QEG,"Salesforce, Inc.",CRM,0001108524,"Salesforce, Inc. expects revenue of $16.1 billion to $16.25 billion for FY2020.","Revenue
$3.94 - $3.95 billion
$16.10 - $16.25 billion",revenue,16.1,16.25,USD billions,FY2020,2019-06-04,https://www.sec.gov/Archives/edgar/data/1108524/000110852419000022/crm-q1fy20xexhibit991.htm,0001108524-19-000022,8-K,2019-06-04,2026-09-20T06:44:07Z,771f9372ca0e25523df6d293fc4282256005deec90e6133c3507b9391ff49c4c,"Revenue
$3.94 - $3.95 billion
$16.10 - $16.25 billion",17.1,2020-02-25,https://www.sec.gov/Archives/edgar/data/1108524/000110852420000008/crm-q4fy20xexhibit991.htm,0001108524-20-000008,8-K,2020-02-25,2026-09-20T06:44:15Z,fb6da88c30b2da621dbfcd3ef5a114745fa683327fca2c44965e475a8715f894,"Total Fiscal 2020 revenue was $17.1 billion, up 29% year-over-year, and 29% in constant currency.","reported value falls outside [16.1, 16.25]",open,,,,,,,,,266,,2026-09-20,navneet,false,false,,false,false,missed,section,Guidance,Salesforce delivered the following results for its fiscal first quarter:,Q2 FY20 | Full Year FY20,,,,yes,"Excerpt states revenue guidance of $16.10 - $16.25 billion, matching the provided range exactly"
01DCFWJ500K3DMXDD3REJJ4MSC,"Salesforce, Inc.",CRM,0001108524,"Salesforce, Inc. expects EPS non-GAAP of $0.46 per share to $0.47 per share for Q2 FY2020.","Non-GAAP earnings per share
$0.46 - $0.47",EPS non-GAAP,0.46,0.47,USD per share,Q2 FY2020,2019-06-04,https://www.sec.gov/Archives/edgar/data/1108524/000110852419000022/crm-q1fy20xexhibit991.htm,0001108524-19-000022,8-K,2019-06-04,2026-09-20T06:44:07Z,771f9372ca0e25523df6d293fc4282256005deec90e6133c3507b9391ff49c4c,"Non-GAAP earnings per share
$0.46 - $0.47",0.66,2019-08-22,https://www.sec.gov/Archives/edgar/data/1108524/000110852419000050/crm-q2fy20xexhibit991.htm,0001108524-19-000050,8-K,2019-08-22,2026-09-20T06:44:11Z,d033b52c53b395f3537193d268a852cbbbe925fb751ccd23a42291430eed4690,"Earnings per Share: Second quarter GAAP diluted earnings per share was $0.11, and non-GAAP diluted earnings per share was $0.66.","reported value falls outside [0.46, 0.47]",open,,,,,,,,,79,,2026-09-20,navneet,false,false,,false,false,missed,section,Guidance,Salesforce delivered the following results for its fiscal first quarter:,Q2 FY20 | Full Year FY20,,,,yes,"Excerpt states 'Non-GAAP earnings per share $0.46 - $0.47' which matches the metric, range, and unit exactly."
01DJV9YY00PG26Q7X1TY442YX5,"Salesforce, Inc.",CRM,0001108524,"Salesforce, Inc. expects EPS GAAP of $0.28 per share to $0.3 per share for FY2020.","GAAP (loss) earnings per share
($0.21) - ($0.20)
$0.28 - $0.30",EPS GAAP,0.28,0.3,USD per share,FY2020,2019-08-22,https://www.sec.gov/Archives/edgar/data/1108524/000110852419000050/crm-q2fy20xexhibit991.htm,0001108524-19-000050,8-K,2019-08-22,2026-09-20T06:44:11Z,d033b52c53b395f3537193d268a852cbbbe925fb751ccd23a42291430eed4690,"GAAP (loss) earnings per share
($0.21) - ($0.20)
$0.28 - $0.30",0.15,2020-02-25,https://www.sec.gov/Archives/edgar/data/1108524/000110852420000008/crm-q4fy20xexhibit991.htm,0001108524-20-000008,8-K,2020-02-25,2026-09-20T06:44:15Z,fb6da88c30b2da621dbfcd3ef5a114745fa683327fca2c44965e475a8715f894,"Fiscal 2020 GAAP earnings per share was $0.15, and non-GAAP diluted earnings per share was $2.99.","reported value falls outside [0.28, 0.3]",open,,,,,,,,,187,,2026-09-20,navneet,false,false,,false,false,missed,section,Guidance,Salesforce delivered the following results for its fiscal second quarter:,Q3 FY20 | Full Year FY20,,,,yes,Excerpt states 'GAAP (loss) earnings per share' with range '$0.28 - $0.30' matching the guidance claim exactly
01DJV9YY00NX4T9RKK4GEH5P34,"Salesforce, Inc.",CRM,0001108524,"Salesforce, Inc. expects EPS non-GAAP of $0.65 per share to $0.66 per share for Q3 FY2020.","Non-GAAP earnings per share
$0.65 - $0.66",EPS non-GAAP,0.65,0.66,USD per share,Q3 FY2020,2019-08-22,https://www.sec.gov/Archives/edgar/data/1108524/000110852419000050/crm-q2fy20xexhibit991.htm,0001108524-19-000050,8-K,2019-08-22,2026-09-20T06:44:11Z,d033b52c53b395f3537193d268a852cbbbe925fb751ccd23a42291430eed4690,"Non-GAAP earnings per share
$0.65 - $0.66",0.75,2019-12-03,https://www.sec.gov/Archives/edgar/data/1108524/000110852419000070/crm-q3fy20xexhibit991.htm,0001108524-19-000070,8-K,2019-12-03,2026-09-20T06:44:13Z,0c3926c72808dc40f30b291d4fa2692601aaad266a611f9d2793437de3604c4c,"Earnings per Share: Third quarter GAAP loss per share was $0.12, and non-GAAP diluted earnings per share was $0.75.","reported value falls outside [0.65, 0.66]",open,,,,,,,,,103,,2026-09-20,navneet,false,false,,false,false,missed,section,Guidance,Salesforce delivered the following results for its fiscal second quarter:,Q3 FY20 | Full Year FY20,,,,yes,"Excerpt states 'Non-GAAP earnings per share $0.65 - $0.66' which matches the metric, range, and unit exactly."
01DJV9YY0015K2EPC6E5X8HK6G,"Salesforce, Inc.",CRM,0001108524,"Salesforce, Inc. expects EPS non-GAAP of $2.82 per share to $2.84 per share for FY2020.","Non-GAAP earnings per share
$0.65 - $0.66
$2.82 - $2.84",EPS non-GAAP,2.82,2.84,USD per share,FY2020,2019-08-22,https://www.sec.gov/Archives/edgar/data/1108524/000110852419000050/crm-q2fy20xexhibit991.htm,0001108524-19-000050,8-K,2019-08-22,2026-09-20T06:44:11Z,d033b52c53b395f3537193d268a852cbbbe925fb751ccd23a42291430eed4690,"Non-GAAP earnings per share
$0.65 - $0.66
$2.82 - $2.84",2.99,2020-02-25,https://www.sec.gov/Archives/edgar/data/1108524/000110852420000008/crm-q4fy20xexhibit991.htm,0001108524-20-000008,8-K,2020-02-25,2026-09-20T06:44:15Z,fb6da88c30b2da621dbfcd3ef5a114745fa683327fca2c44965e475a8715f894,"Fiscal 2020 GAAP earnings per share was $0.15, and non-GAAP diluted earnings per share was $2.99.","reported value falls outside [2.82, 2.84]",open,,,,,,,,,187,,2026-09-20,navneet,false,false,,false,false,missed,section,Guidance,Salesforce delivered the following results for its fiscal second quarter:,Q3 FY20 | Full Year FY20,,,,yes,"Excerpt shows 'Non-GAAP earnings per share' with range '$2.82 - $2.84' matching the metric, number, and unit provided."
01DV4GWZ00WRQDRSTT7AC9M4BZ,"Salesforce, Inc.",CRM,0001108524,"Salesforce, Inc. expects revenue of $16.99 billion to $17 billion for FY2020.",Revenue $4.743 - $4.753 billion $16.99 - $17.00 billion $4.800 - $4.835 billion $20.80 - $20.90 billion,revenue,16.99,17.0,USD billions,FY2020,2019-12-03,https://www.sec.gov/Archives/edgar/data/1108524/000110852419000070/crm-q3fy20xexhibit991.htm,0001108524-19-000070,8-K,2019-12-03,2026-09-20T06:44:13Z,0c3926c72808dc40f30b291d4fa2692601aaad266a611f9d2793437de3604c4c,Revenue $4.743 - $4.753 billion $16.99 - $17.00 billion $4.800 - $4.835 billion $20.80 - $20.90 billion,17.1,2020-02-25,https://www.sec.gov/Archives/edgar/data/1108524/000110852420000008/crm-q4fy20xexhibit991.htm,0001108524-20-000008,8-K,2020-02-25,2026-09-20T06:44:15Z,fb6da88c30b2da621dbfcd3ef5a114745fa683327fca2c44965e475a8715f894,"Total Fiscal 2020 revenue was $17.1 billion, up 29% year-over-year, and 29% in constant currency.","reported value falls outside [16.99, 17]",open,,,,,,,,,84,,2026-09-20,navneet,false,false,,false,false,missed,section,Guidance,Salesforce delivered the following results for its fiscal third quarter:,Q4 FY20 | Guidance Full Year FY20 | Guidance Q1 FY21 | Guidance Full Year FY21,,,,yes,Excerpt contains '$16.99 - $17.00 billion' which matches the guidance range of $16.99 billion to $17 billion for revenue.
01DV4GWZ00SR1ZG4JVCNYENGMG,"Salesforce, Inc.",CRM,0001108524,"Salesforce, Inc. expects revenue of $20.8 billion to $20.9 billion for FY2021.",Revenue $4.743 - $4.753 billion $16.99 - $17.00 billion $4.800 - $4.835 billion $20.80 - $20.90 billion,revenue,20.8,20.9,USD billions,FY2021,2019-12-03,https://www.sec.gov/Archives/edgar/data/1108524/000110852419000070/crm-q3fy20xexhibit991.htm,0001108524-19-000070,8-K,2019-12-03,2026-09-20T06:44:13Z,0c3926c72808dc40f30b291d4fa2692601aaad266a611f9d2793437de3604c4c,Revenue $4.743 - $4.753 billion $16.99 - $17.00 billion $4.800 - $4.835 billion $20.80 - $20.90 billion,21.25,2021-02-25,https://www.sec.gov/Archives/edgar/data/1108524/000110852421000007/crm-q4fy21xexhibit991.htm,0001108524-21-000007,8-K,2021-02-25,2026-09-20T06:44:25Z,536fa036b203312884c5c56b646ac78e6211dd8978e29673e0b47cae131030c1,"Total fiscal 2021 revenue was $21.25 billion, up 24% year-over-year, and 24% in constant currency.","reported value falls outside [20.8, 20.9]",open,,,,,,,,,450,,2026-09-20,navneet,false,false,,false,false,missed,section,Guidance,Salesforce delivered the following results for its fiscal third quarter:,Q4 FY20 | Guidance Full Year FY20 | Guidance Q1 FY21 | Guidance Full Year FY21,,,,yes,Excerpt states '$20.80 - $20.90 billion' which matches the guidance of $20.8 billion to $20.9 billion for revenue in FY2021.
01DV4GWZ00XJST7YQ2EKYG8F09,"Salesforce, Inc.",CRM,0001108524,"Salesforce, Inc. expects EPS GAAP of $0.44 per share to $0.45 per share for FY2020.",GAAP (loss) earnings per share ($0.04) - ($0.03) $0.44 -$0.45 N/A N/A,EPS GAAP,0.44,0.45,USD per share,FY2020,2019-12-03,https://www.sec.gov/Archives/edgar/data/1108524/000110852419000070/crm-q3fy20xexhibit991.htm,0001108524-19-000070,8-K,2019-12-03,2026-09-20T06:44:13Z,0c3926c72808dc40f30b291d4fa2692601aaad266a611f9d2793437de3604c4c,GAAP (loss) earnings per share ($0.04) - ($0.03) $0.44 -$0.45 N/A N/A,0.15,2020-02-25,https://www.sec.gov/Archives/edgar/data/1108524/000110852420000008/crm-q4fy20xexhibit991.htm,0001108524-20-000008,8-K,2020-02-25,2026-09-20T06:44:15Z,fb6da88c30b2da621dbfcd3ef5a114745fa683327fca2c44965e475a8715f894,"Fiscal 2020 GAAP earnings per share was $0.15, and non-GAAP diluted earnings per share was $2.99.","reported value falls outside [0.44, 0.45]",open,,,,,,,,,84,,2026-09-20,navneet,false,false,,false,false,missed,section,Guidance,Salesforce delivered the following results for its fiscal third quarter:,Q4 FY20 | Guidance Full Year FY20 | Guidance Q1 FY21 | Guidance Full Year FY21,,,,yes,Excerpt states 'GAAP (loss) earnings per share' with range '$0.44 -$0.45' matching the guidance for EPS GAAP of $0.44 to $0.45 per share
01DV4GWZ00J5NMNAS178M0F1NP,"Salesforce, Inc.",CRM,0001108524,"Salesforce, Inc. expects EPS non-GAAP of $0.54 per share to $0.55 per share for Q4 FY2020.",Non-GAAP earnings per share $0.54 - $0.55 $2.89 - $2.90 N/A N/A,EPS non-GAAP,0.54,0.55,USD per share,Q4 FY2020,2019-12-03,https://www.sec.gov/Archives/edgar/data/1108524/000110852419000070/crm-q3fy20xexhibit991.htm,0001108524-19-000070,8-K,2019-12-03,2026-09-20T06:44:13Z,0c3926c72808dc40f30b291d4fa2692601aaad266a611f9d2793437de3604c4c,Non-GAAP earnings per share $0.54 - $0.55 $2.89 - $2.90 N/A N/A,0.66,2020-02-25,https://www.sec.gov/Archives/edgar/data/1108524/000110852420000008/crm-q4fy20xexhibit991.htm,0001108524-20-000008,8-K,2020-02-25,2026-09-20T06:44:15Z,fb6da88c30b2da621dbfcd3ef5a114745fa683327fca2c44965e475a8715f894,"Fourth quarter GAAP loss per share was $(0.28), and non-GAAP diluted earnings per share was $0.66.","reported value falls outside [0.54, 0.55]",open,,,,,,,,,84,,2026-09-20,navneet,false,false,,false,false,missed,section,Guidance,Salesforce delivered the following results for its fiscal third quarter:,Q4 FY20 | Guidance Full Year FY20 | Guidance Q1 FY21 | Guidance Full Year FY21,,,,yes,"Excerpt states 'Non-GAAP earnings per share $0.54 - $0.55' which matches the metric, number range, and unit exactly."
01DV4GWZ00HAQXJNPZTZFGRVBW,"Salesforce, Inc.",CRM,0001108524,"Salesforce, Inc. expects EPS non-GAAP of $2.89 per share to $2.9 per share for FY2020.",Non-GAAP earnings per share $0.54 - $0.55 $2.89 - $2.90 N/A N/A,EPS non-GAAP,2.89,2.9,USD per share,FY2020,2019-12-03,https://www.sec.gov/Archives/edgar/data/1108524/000110852419000070/crm-q3fy20xexhibit991.htm,0001108524-19-000070,8-K,2019-12-03,2026-09-20T06:44:13Z,0c3926c72808dc40f30b291d4fa2692601aaad266a611f9d2793437de3604c4c,Non-GAAP earnings per share $0.54 - $0.55 $2.89 - $2.90 N/A N/A,2.99,2020-02-25,https://www.sec.gov/Archives/edgar/data/1108524/000110852420000008/crm-q4fy20xexhibit991.htm,0001108524-20-000008,8-K,2020-02-25,2026-09-20T06:44:15Z,fb6da88c30b2da621dbfcd3ef5a114745fa683327fca2c44965e475a8715f894,"Fiscal 2020 GAAP earnings per share was $0.15, and non-GAAP diluted earnings per share was $2.99.","reported value falls outside [2.89, 2.9]",open,,,,,,,,,84,,2026-09-20,navneet,false,false,,false,false,missed,section,Guidance,Salesforce delivered the following results for its fiscal third quarter:,Q4 FY20 | Guidance Full Year FY20 | Guidance Q1 FY21 | Guidance Full Year FY21,,,,yes,"Excerpt states 'Non-GAAP earnings per share $2.89 - $2.90' which matches the metric, number range, and unit given; the context indicates this is FY2020 guidance."
01E1WT9B00G1ZK1BJ8C4JXVD3N,"Salesforce, Inc.",CRM,0001108524,"Salesforce, Inc. expects EPS GAAP of $0 per share to $0.01 per share for Q1 FY2021.",GAAP earnings per share $0.00 - $0.01 $0.12 - $0.14,EPS GAAP,0.0,0.01,USD per share,Q1 FY2021,2020-02-25,https://www.sec.gov/Archives/edgar/data/1108524/000110852420000008/crm-q4fy20xexhibit991.htm,0001108524-20-000008,8-K,2020-02-25,2026-09-20T06:44:15Z,fb6da88c30b2da621dbfcd3ef5a114745fa683327fca2c44965e475a8715f894,GAAP earnings per share $0.00 - $0.01 $0.12 - $0.14,,,,,,,,,,"reported value falls outside [0, 0.01]",open,,,,,,,,,,,2026-09-20,navneet,false,false,,false,false,unresolved,section,Guidance,Earnings per Share:,Q1 FY21 | Guidance Full Year FY21,model output rejected,,,yes,"Excerpt states 'GAAP earnings per share $0.00 - $0.01' which matches the metric, range, unit, and period guidance provided."
01E1WT9B00PQ6XJSE59NWY8HR8,"Salesforce, Inc.",CRM,0001108524,"Salesforce, Inc. expects EPS GAAP of $0.12 per share to $0.14 per share for FY2021.",GAAP earnings per share $0.00 - $0.01 $0.12 - $0.14,EPS GAAP,0.12,0.14,USD per share,FY2021,2020-02-25,https://www.sec.gov/Archives/edgar/data/1108524/000110852420000008/crm-q4fy20xexhibit991.htm,0001108524-20-000008,8-K,2020-02-25,2026-09-20T06:44:15Z,fb6da88c30b2da621dbfcd3ef5a114745fa683327fca2c44965e475a8715f894,GAAP earnings per share $0.00 - $0.01 $0.12 - $0.14,,,,,,,,,,"reported value falls outside [0.12, 0.14]",open,,,,,,,,,,,2026-09-20,navneet,false,false,,false,false,unresolved,section,Guidance,Earnings per Share:,Q1 FY21 | Guidance Full Year FY21,model output rejected,,,yes,"Excerpt states 'GAAP earnings per share $0.12 - $0.14' which matches the metric, range, and unit exactly."
01E1WT9B00BA6H4JNYKQ7XARMH,"Salesforce, Inc.",CRM,0001108524,"Salesforce, Inc. expects EPS non-GAAP of $3.16 per share to $3.18 per share for FY2021.",Non-GAAP earnings per share $0.70 - $0.71 $3.16 - $3.18,EPS non-GAAP,3.16,3.18,USD per share,FY2021,2020-02-25,https://www.sec.gov/Archives/edgar/data/1108524/000110852420000008/crm-q4fy20xexhibit991.htm,0001108524-20-000008,8-K,2020-02-25,2026-09-20T06:44:15Z,fb6da88c30b2da621dbfcd3ef5a114745fa683327fca2c44965e475a8715f894,Non-GAAP earnings per share $0.70 - $0.71 $3.16 - $3.18,4.92,2021-02-25,https://www.sec.gov/Archives/edgar/data/1108524/000110852421000007/crm-q4fy21xexhibit991.htm,0001108524-21-000007,8-K,2021-02-25,2026-09-20T06:44:25Z,536fa036b203312884c5c56b646ac78e6211dd8978e29673e0b47cae131030c1,"Fiscal 2021 GAAP diluted earnings per share was $4.38, and non-GAAP diluted earnings per share was $4.92.","reported value falls outside [3.16, 3.18]",open,,,,,,,,,366,,2026-09-20,navneet,false,false,,false,false,missed,section,Guidance,Earnings per Share:,Q1 FY21 | Guidance Full Year FY21,,,,yes,Excerpt states 'Non-GAAP earnings per share' with range '$3.16 - $3.18' matching the guidance claim exactly.
01E9C98600A3EJBMX629XPFQD4,"Salesforce, Inc.",CRM,0001108524,"Salesforce, Inc. expects EPS non-GAAP of $0.66 per share to $0.67 per share for Q2 FY2021.",Non-GAAP earnings per share $0.66 - $0.67 $2.93 - $2.95,EPS non-GAAP,0.66,0.67,USD per share,Q2 FY2021,2020-05-28,https://www.sec.gov/Archives/edgar/data/1108524/000110852420000026/crm-q1fy21xexhibit991.htm,0001108524-20-000026,8-K,2020-05-28,2026-09-20T06:44:18Z,6363a28b307979e38b16f569f8051d4d5efdcb4f965d05accdffa1da2ef0cf0b,Non-GAAP earnings per share $0.66 - $0.67 $2.93 - $2.95,1.44,2020-08-25,https://www.sec.gov/Archives/edgar/data/1108524/000110852420000038/crm-q2fy21xexhibit991.htm,0001108524-20-000038,8-K,2020-08-25,2026-09-20T06:44:20Z,fc3829ae175502b16b90503805fc1d3e52ed7f4625766a3010236d263fd5a532,"Earnings per Share: Second quarter GAAP diluted earnings per share was $2.85, and non-GAAP diluted earnings per share was $1.44.","reported value falls outside [0.66, 0.67]",open,,,,,,,,,89,,2026-09-20,navneet,false,false,,false,false,missed,section,Guidance,Earnings per Share:,Q2 FY21 | Guidance Full Year FY21,,,,yes,"Excerpt states 'Non-GAAP earnings per share $0.66 - $0.67' which matches the metric, range, and unit exactly."
01E9C9860078HQDKBM6QTZ978R,"Salesforce, Inc.",CRM,0001108524,"Salesforce, Inc. expects EPS non-GAAP of $2.93 per share to $2.95 per share for FY2021.",Non-GAAP earnings per share $0.66 - $0.67 $2.93 - $2.95,EPS non-GAAP,2.93,2.95,USD per share,FY2021,2020-05-28,https://www.sec.gov/Archives/edgar/data/1108524/000110852420000026/crm-q1fy21xexhibit991.htm,0001108524-20-000026,8-K,2020-05-28,2026-09-20T06:44:18Z,6363a28b307979e38b16f569f8051d4d5efdcb4f965d05accdffa1da2ef0cf0b,Non-GAAP earnings per share $0.66 - $0.67 $2.93 - $2.95,4.92,2021-02-25,https://www.sec.gov/Archives/edgar/data/1108524/000110852421000007/crm-q4fy21xexhibit991.htm,0001108524-21-000007,8-K,2021-02-25,2026-09-20T06:44:25Z,536fa036b203312884c5c56b646ac78e6211dd8978e29673e0b47cae131030c1,"Fiscal 2021 GAAP diluted earnings per share was $4.38, and non-GAAP diluted earnings per share was $4.92.","reported value falls outside [2.93, 2.95]",open,,,,,,,,,273,,2026-09-20,navneet,false,false,,false,false,missed,section,Guidance,Earnings per Share:,Q2 FY21 | Guidance Full Year FY21,,,,yes,Excerpt states 'Non-GAAP earnings per share' with range '$2.93 - $2.95' matching the guidance claim exactly.
01EGHEM500AAS5AQB56Y83W3S1,"Salesforce, Inc.",CRM,0001108524,"Salesforce, Inc. expects EPS GAAP of $0.03 per share to $0.04 per share for Q3 FY2021.",GAAP earnings per share $0.03 - $0.04 $3.12 - $3.14,EPS GAAP,0.03,0.04,USD per share,Q3 FY2021,2020-08-25,https://www.sec.gov/Archives/edgar/data/1108524/000110852420000038/crm-q2fy21xexhibit991.htm,0001108524-20-000038,8-K,2020-08-25,2026-09-20T06:44:20Z,fc3829ae175502b16b90503805fc1d3e52ed7f4625766a3010236d263fd5a532,GAAP earnings per share $0.03 - $0.04 $3.12 - $3.14,,,,,,,,,,"reported value falls outside [0.03, 0.04]",open,,,,,,,,,,,2026-09-20,navneet,false,false,,false,false,unresolved,section,Guidance,Salesforce delivered the following results for its fiscal second quarter:,Q3 FY21 | Guidance Full Year FY21,model output rejected,,,yes,"Excerpt states 'GAAP earnings per share $0.03 - $0.04' which matches the metric, range, and unit exactly."
01EGHEM500H91FMHYKC866YN5V,"Salesforce, Inc.",CRM,0001108524,"Salesforce, Inc. expects EPS GAAP of $3.12 per share to $3.14 per share for FY2021.",GAAP earnings per share $0.03 - $0.04 $3.12 - $3.14,EPS GAAP,3.12,3.14,USD per share,FY2021,2020-08-25,https://www.sec.gov/Archives/edgar/data/1108524/000110852420000038/crm-q2fy21xexhibit991.htm,0001108524-20-000038,8-K,2020-08-25,2026-09-20T06:44:20Z,fc3829ae175502b16b90503805fc1d3e52ed7f4625766a3010236d263fd5a532,GAAP earnings per share $0.03 - $0.04 $3.12 - $3.14,4.38,2021-02-25,https://www.sec.gov/Archives/edgar/data/1108524/000110852421000007/crm-q4fy21xexhibit991.htm,0001108524-21-000007,8-K,2021-02-25,2026-09-20T06:44:25Z,536fa036b203312884c5c56b646ac78e6211dd8978e29673e0b47cae131030c1,"Fiscal 2021 GAAP diluted earnings per share was $4.38, and non-GAAP diluted earnings per share was $4.92.","reported value falls outside [3.12, 3.14]",open,,,,,,,,,184,,2026-09-20,navneet,false,false,,false,false,missed,section,Guidance,Salesforce delivered the following results for its fiscal second quarter:,Q3 FY21 | Guidance Full Year FY21,,,,yes,"Excerpt states 'GAAP earnings per share $3.12 - $3.14' which matches the metric, range, and unit exactly for the specified period."
01EGHEM500QENKGJVNNB17A3PW,"Salesforce, Inc.",CRM,0001108524,"Salesforce, Inc. expects EPS non-GAAP of $0.73 per share to $0.74 per share for Q3 FY2021.",Non-GAAP earnings per share $0.73 - $0.74 $3.72 - $3.74,EPS non-GAAP,0.73,0.74,USD per share,Q3 FY2021,2020-08-25,https://www.sec.gov/Archives/edgar/data/1108524/000110852420000038/crm-q2fy21xexhibit991.htm,0001108524-20-000038,8-K,2020-08-25,2026-09-20T06:44:20Z,fc3829ae175502b16b90503805fc1d3e52ed7f4625766a3010236d263fd5a532,Non-GAAP earnings per share $0.73 - $0.74 $3.72 - $3.74,1.74,2020-12-01,https://www.sec.gov/Archives/edgar/data/1108524/000119312520307200/d18491dex991.htm,0001193125-20-307200,8-K,2020-12-01,2026-09-20T06:44:21Z,011d68c13b169e92649dec35f9feb606f020cf9b7e9e4c99f9d043f1e898637b,"Earnings per Share: Third quarter GAAP diluted earnings per share was $1.15, and non-GAAP diluted earnings per share was $1.74.","reported value falls outside [0.73, 0.74]",open,,,,,,,,,98,,2026-09-20,navneet,false,false,,false,false,missed,section,Guidance,Salesforce delivered the following results for its fiscal second quarter:,Q3 FY21 | Guidance Full Year FY21,,,,yes,"Excerpt states 'Non-GAAP earnings per share $0.73 - $0.74' which matches the metric, range, and unit exactly."
01EGHEM500PSNVMCC965W5K4N6,"Salesforce, Inc.",CRM,0001108524,"Salesforce, Inc. expects EPS non-GAAP of $3.72 per share to $3.74 per share for FY2021.",Non-GAAP earnings per share $0.73 - $0.74 $3.72 - $3.74,EPS non-GAAP,3.72,3.74,USD per share,FY2021,2020-08-25,https://www.sec.gov/Archives/edgar/data/1108524/000110852420000038/crm-q2fy21xexhibit991.htm,0001108524-20-000038,8-K,2020-08-25,2026-09-20T06:44:20Z,fc3829ae175502b16b90503805fc1d3e52ed7f4625766a3010236d263fd5a532,Non-GAAP earnings per share $0.73 - $0.74 $3.72 - $3.74,4.92,2021-02-25,https://www.sec.gov/Archives/edgar/data/1108524/000110852421000007/crm-q4fy21xexhibit991.htm,0001108524-21-000007,8-K,2021-02-25,2026-09-20T06:44:25Z,536fa036b203312884c5c56b646ac78e6211dd8978e29673e0b47cae131030c1,"Fiscal 2021 GAAP diluted earnings per share was $4.38, and non-GAAP diluted earnings per share was $4.92.","reported value falls outside [3.72, 3.74]",open,,,,,,,,,184,,2026-09-20,navneet,false,false,,false,false,missed,section,Guidance,Salesforce delivered the following results for its fiscal second quarter:,Q3 FY21 | Guidance Full Year FY21,,,,yes,Excerpt states 'Non-GAAP earnings per share' with range '$3.72 - $3.74' matching the guidance claim exactly.
01ERDSJK00DC53DYMXK5SVBH5S,"Salesforce, Inc.",CRM,0001108524,"Salesforce, Inc. expects EPS GAAP of $0.05 per share to $0.06 per share for Q4 FY2021.","GAAP earnings per share
$0.05 - $0.06",EPS GAAP,0.05,0.06,USD per share,Q4 FY2021,2020-12-01,https://www.sec.gov/Archives/edgar/data/1108524/000119312520307200/d18491dex991.htm,0001193125-20-307200,8-K,2020-12-01,2026-09-20T06:44:21Z,011d68c13b169e92649dec35f9feb606f020cf9b7e9e4c99f9d043f1e898637b,"GAAP earnings per share
$0.05 - $0.06",,,,,,,,,,"reported value falls outside [0.05, 0.06]",open,,,,,,,,,,,2026-09-20,navneet,false,false,,false,false,unresolved,section,Guidance,,Q4 FY21 | Full Year FY21 | Q1 FY22 Guidance | Full Year FY22,model output rejected,,,yes,"Excerpt states 'GAAP earnings per share $0.05 - $0.06' which matches the metric, number range, and unit exactly."
01ERDSJK004PYRNSWYWFF3F1QZ,"Salesforce, Inc.",CRM,0001108524,"Salesforce, Inc. expects EPS GAAP of $4.14 per share to $4.15 per share for FY2021.","GAAP earnings per share
$0.05 - $0.06
$4.14 - $4.15",EPS GAAP,4.14,4.15,USD per share,FY2021,2020-12-01,https://www.sec.gov/Archives/edgar/data/1108524/000119312520307200/d18491dex991.htm,0001193125-20-307200,8-K,2020-12-01,2026-09-20T06:44:21Z,011d68c13b169e92649dec35f9feb606f020cf9b7e9e4c99f9d043f1e898637b,"GAAP earnings per share
$0.05 - $0.06
$4.14 - $4.15",4.38,2021-02-25,https://www.sec.gov/Archives/edgar/data/1108524/000110852421000007/crm-q4fy21xexhibit991.htm,0001108524-21-000007,8-K,2021-02-25,2026-09-20T06:44:25Z,536fa036b203312884c5c56b646ac78e6211dd8978e29673e0b47cae131030c1,"Fiscal 2021 GAAP diluted earnings per share was $4.38, and non-GAAP diluted earnings per share was $4.92.","reported value falls outside [4.14, 4.15]",open,,,,,,,,,86,,2026-09-20,navneet,false,false,,false,false,missed,section,Guidance,,Q4 FY21 | Full Year FY21 | Q1 FY22 Guidance | Full Year FY22,,,,yes,"Excerpt states 'GAAP earnings per share $4.14 - $4.15' which matches the metric, range, and unit exactly."
01ERDSJK000BC5RK9QRQVS2PDX,"Salesforce, Inc.",CRM,0001108524,"Salesforce, Inc. expects EPS non-GAAP of $0.73 per share to $0.74 per share for Q4 FY2021.","Non-GAAP earnings per share
$0.73 - $0.74",EPS non-GAAP,0.73,0.74,USD per share,Q4 FY2021,2020-12-01,https://www.sec.gov/Archives/edgar/data/1108524/000119312520307200/d18491dex991.htm,0001193125-20-307200,8-K,2020-12-01,2026-09-20T06:44:21Z,011d68c13b169e92649dec35f9feb606f020cf9b7e9e4c99f9d043f1e898637b,"Non-GAAP earnings per share
$0.73 - $0.74",1.04,2021-02-25,https://www.sec.gov/Archives/edgar/data/1108524/000110852421000007/crm-q4fy21xexhibit991.htm,0001108524-21-000007,8-K,2021-02-25,2026-09-20T06:44:25Z,536fa036b203312884c5c56b646ac78e6211dd8978e29673e0b47cae131030c1,"Earnings per Share: Fourth quarter GAAP diluted earnings per share was $0.28, and non-GAAP diluted earnings per share was $1.04.","reported value falls outside [0.73, 0.74]",open,,,,,,,,,86,,2026-09-20,navneet,false,false,,false,false,missed,section,Guidance,,Q4 FY21 | Full Year FY21 | Q1 FY22 Guidance | Full Year FY22,,,,yes,"Excerpt states 'Non-GAAP earnings per share $0.73 - $0.74' which matches the metric, range, and unit exactly."
01ERDSJK0065NS391E4W21SXDX,"Salesforce, Inc.",CRM,0001108524,"Salesforce, Inc. expects EPS non-GAAP of $4.62 per share to $4.63 per share for FY2021.","Non-GAAP earnings per share
$0.73 - $0.74
$4.62 - $4.63",EPS non-GAAP,4.62,4.63,USD per share,FY2021,2020-12-01,https://www.sec.gov/Archives/edgar/data/1108524/000119312520307200/d18491dex991.htm,0001193125-20-307200,8-K,2020-12-01,2026-09-20T06:44:21Z,011d68c13b169e92649dec35f9feb606f020cf9b7e9e4c99f9d043f1e898637b,"Non-GAAP earnings per share
$0.73 - $0.74
$4.62 - $4.63",4.92,2021-02-25,https://www.sec.gov/Archives/edgar/data/1108524/000110852421000007/crm-q4fy21xexhibit991.htm,0001108524-21-000007,8-K,2021-02-25,2026-09-20T06:44:25Z,536fa036b203312884c5c56b646ac78e6211dd8978e29673e0b47cae131030c1,"Fiscal 2021 GAAP diluted earnings per share was $4.38, and non-GAAP diluted earnings per share was $4.92.","reported value falls outside [4.62, 4.63]",open,,,,,,,,,86,,2026-09-20,navneet,false,false,,false,false,missed,section,Guidance,,Q4 FY21 | Full Year FY21 | Q1 FY22 Guidance | Full Year FY22,,,,yes,"Excerpt states 'Non-GAAP earnings per share $4.62 - $4.63' which matches the metric, number range, and unit exactly."
01EZB7RD00X5N2CRX7WGTWF5NK,"Salesforce, Inc.",CRM,0001108524,"Salesforce, Inc. expects operating margin non-GAAP of 17.7% for Q1 FY2022.",Non-GAAP operating margin N/A ~17.7%,operating margin non-GAAP,17.7,17.7,percent,Q1 FY2022,2021-02-25,https://www.sec.gov/Archives/edgar/data/1108524/000110852421000007/crm-q4fy21xexhibit991.htm,0001108524-21-000007,8-K,2021-02-25,2026-09-20T06:44:25Z,536fa036b203312884c5c56b646ac78e6211dd8978e29673e0b47cae131030c1,Non-GAAP operating margin N/A ~17.7%,20.2,2021-05-27,https://www.sec.gov/Archives/edgar/data/1108524/000110852421000027/crm-q1fy22xexhibit991.htm,0001108524-21-000027,8-K,2021-05-27,2026-09-20T06:44:27Z,989f5c5536c775a130c316f1198a3f85c69013595e6f9b2264a2962db970def0,First Quarter GAAP Operating Margin of 5.9% and Non-GAAP Operating Margin of 20.2%,reported value differs from 17.7 by more than 0.5%,open,,,,,,,,,91,,2026-09-20,navneet,false,false,,false,false,missed,section,Guidance,Salesforce delivered the following results for its fiscal fourth quarter and full fiscal year:,Q1 FY22 | Guidance Full Year FY22,,,,yes,"Excerpt states 'Non-GAAP operating margin' with '~17.7%' which matches the metric, number (with rounding symbol), and unit given."
01EZB7RD00B6RN35SYG6X1QK9P,"Salesforce, Inc.",CRM,0001108524,"Salesforce, Inc. expects EPS GAAP of $0.56 per share to $0.57 per share for Q1 FY2022.",GAAP earnings (loss) per share $0.56 - $0.57 ($0.44) - ($0.42),EPS GAAP,0.56,0.57,USD per share,Q1 FY2022,2021-02-25,https://www.sec.gov/Archives/edgar/data/1108524/000110852421000007/crm-q4fy21xexhibit991.htm,0001108524-21-000007,8-K,2021-02-25,2026-09-20T06:44:25Z,536fa036b203312884c5c56b646ac78e6211dd8978e29673e0b47cae131030c1,GAAP earnings (loss) per share $0.56 - $0.57 ($0.44) - ($0.42),0.5,2021-05-27,https://www.sec.gov/Archives/edgar/data/1108524/000110852421000027/crm-q1fy22xexhibit991.htm,0001108524-21-000027,8-K,2021-05-27,2026-09-20T06:44:27Z,989f5c5536c775a130c316f1198a3f85c69013595e6f9b2264a2962db970def0,"Earnings per Share: First quarter GAAP diluted earnings per share was $0.50, and non-GAAP diluted earnings per share was $1.21.","reported value falls outside [0.56, 0.57]",open,,,,,,,,,91,,2026-09-20,navneet,false,false,,false,false,missed,section,Guidance,Salesforce delivered the following results for its fiscal fourth quarter and full fiscal year:,Q1 FY22 | Guidance Full Year FY22,,,,yes,"Excerpt states 'GAAP earnings (loss) per share $0.56 - $0.57' which matches the metric, range, and unit exactly."
01EZB7RD00DY7PFN462MEF8BCZ,"Salesforce, Inc.",CRM,0001108524,"Salesforce, Inc. expects EPS non-GAAP of $0.88 per share to $0.89 per share for Q1 FY2022.",Non-GAAP earnings per share $0.88 - $0.89 $3.39 - $3.41,EPS non-GAAP,0.88,0.89,USD per share,Q1 FY2022,2021-02-25,https://www.sec.gov/Archives/edgar/data/1108524/000110852421000007/crm-q4fy21xexhibit991.htm,0001108524-21-000007,8-K,2021-02-25,2026-09-20T06:44:25Z,536fa036b203312884c5c56b646ac78e6211dd8978e29673e0b47cae131030c1,Non-GAAP earnings per share $0.88 - $0.89 $3.39 - $3.41,1.21,2021-05-27,https://www.sec.gov/Archives/edgar/data/1108524/000110852421000027/crm-q1fy22xexhibit991.htm,0001108524-21-000027,8-K,2021-05-27,2026-09-20T06:44:27Z,989f5c5536c775a130c316f1198a3f85c69013595e6f9b2264a2962db970def0,"Earnings per Share: First quarter GAAP diluted earnings per share was $0.50, and non-GAAP diluted earnings per share was $1.21.","reported value falls outside [0.88, 0.89]",open,,,,,,,,,91,,2026-09-20,navneet,false,false,,false,false,missed,section,Guidance,Salesforce delivered the following results for its fiscal fourth quarter and full fiscal year:,Q1 FY22 | Guidance Full Year FY22,,,,yes,"Excerpt states 'Non-GAAP earnings per share $0.88 - $0.89' which matches the metric, number range, and unit exactly."
01EZB7RD00HVAYAQZPSR3TMSED,"Salesforce, Inc.",CRM,0001108524,"Salesforce, Inc. expects EPS non-GAAP of $3.39 per share to $3.41 per share for FY2022.",Non-GAAP earnings per share $0.88 - $0.89 $3.39 - $3.41,EPS non-GAAP,3.39,3.41,USD per share,FY2022,2021-02-25,https://www.sec.gov/Archives/edgar/data/1108524/000110852421000007/crm-q4fy21xexhibit991.htm,0001108524-21-000007,8-K,2021-02-25,2026-09-20T06:44:25Z,536fa036b203312884c5c56b646ac78e6211dd8978e29673e0b47cae131030c1,Non-GAAP earnings per share $0.88 - $0.89 $3.39 - $3.41,4.78,2022-03-01,https://www.sec.gov/Archives/edgar/data/1108524/000110852422000010/crm-q4fy22xexhibit991.htm,0001108524-22-000010,8-K,2022-03-01,2026-09-20T06:44:35Z,9d5b1056895ede2b6d3d02c3423ad7a109a1be49934d1ec821faf670704e7d4b,"Fiscal 2022 GAAP diluted earnings per share was $1.48, and non-GAAP diluted earnings per share was $4.78.","reported value falls outside [3.39, 3.41]",open,,,,,,,,,369,,2026-09-20,navneet,false,false,,false,false,missed,section,Guidance,Salesforce delivered the following results for its fiscal fourth quarter and full fiscal year:,Q1 FY22 | Guidance Full Year FY22,,,,yes,"Excerpt states 'Non-GAAP earnings per share $3.39 - $3.41' which matches the metric, range, and unit exactly; the period FY2022 is implied as this is forward guidance from an annual filing."
01F6NHXT00BM97QTD9NJQENZEP,"Salesforce, Inc.",CRM,0001108524,"Salesforce, Inc. expects operating margin non-GAAP of 18% for Q2 FY2022.",Non-GAAP operating margin N/A ~18.0%,operating margin non-GAAP,18.0,18.0,percent,Q2 FY2022,2021-05-27,https://www.sec.gov/Archives/edgar/data/1108524/000110852421000027/crm-q1fy22xexhibit991.htm,0001108524-21-000027,8-K,2021-05-27,2026-09-20T06:44:27Z,989f5c5536c775a130c316f1198a3f85c69013595e6f9b2264a2962db970def0,Non-GAAP operating margin N/A ~18.0%,20.4,2021-08-25,https://www.sec.gov/Archives/edgar/data/1108524/000110852421000044/crm-q2fy22xexhibit991.htm,0001108524-21-000044,8-K,2021-08-25,2026-09-20T06:44:31Z,54cca360ded678e5635d154dab078838ab3b767edd02e8c200ee113542880122,Second Quarter GAAP Operating Margin of 5.2% and Non-GAAP Operating Margin of 20.4%,reported value differs from 18 by more than 0.5%,open,,,,,,,,,90,,2026-09-20,navneet,false,false,,false,false,missed,section,Guidance,Salesforce delivered the following results for its fiscal first quarter:,Q2 FY22 | Guidance Full Year FY22,,,,yes,"Excerpt states 'Non-GAAP operating margin' at '~18.0%' which matches the metric, number (with rounding symbol), and unit given."
01F6NHXT00GT629QQEE9FK3295,"Salesforce, Inc.",CRM,0001108524,"Salesforce, Inc. expects EPS GAAP of $0.22 per share to $0.24 per share for FY2022.",GAAP earnings (loss) per share ($0.10) - ($0.09) $0.22 - $0.24,EPS GAAP,0.22,0.24,USD per share,FY2022,2021-05-27,https://www.sec.gov/Archives/edgar/data/1108524/000110852421000027/crm-q1fy22xexhibit991.htm,0001108524-21-000027,8-K,2021-05-27,2026-09-20T06:44:27Z,989f5c5536c775a130c316f1198a3f85c69013595e6f9b2264a2962db970def0,GAAP earnings (loss) per share ($0.10) - ($0.09) $0.22 - $0.24,,,,,,,,,,"reported value falls outside [0.22, 0.24]",open,,,,,,,,,,,2026-09-20,navneet,false,false,,false,false,unresolved,section,Guidance,Salesforce delivered the following results for its fiscal first quarter:,Q2 FY22 | Guidance Full Year FY22,model output rejected,,,yes,Excerpt states 'GAAP earnings (loss) per share' with range '$0.22 - $0.24' matching the guidance claim exactly.
01F6NHXT00A06MWFFRF95PRNXC,"Salesforce, Inc.",CRM,0001108524,"Salesforce, Inc. expects EPS non-GAAP of $0.91 per share to $0.92 per share for Q2 FY2022.",Non-GAAP earnings per share $0.91 - $0.92 $3.79 - $3.81,EPS non-GAAP,0.91,0.92,USD per share,Q2 FY2022,2021-05-27,https://www.sec.gov/Archives/edgar/data/1108524/000110852421000027/crm-q1fy22xexhibit991.htm,0001108524-21-000027,8-K,2021-05-27,2026-09-20T06:44:27Z,989f5c5536c775a130c316f1198a3f85c69013595e6f9b2264a2962db970def0,Non-GAAP earnings per share $0.91 - $0.92 $3.79 - $3.81,1.48,2021-08-25,https://www.sec.gov/Archives/edgar/data/1108524/000110852421000044/crm-q2fy22xexhibit991.htm,0001108524-21-000044,8-K,2021-08-25,2026-09-20T06:44:31Z,54cca360ded678e5635d154dab078838ab3b767edd02e8c200ee113542880122,"Earnings per Share: Second quarter GAAP diluted earnings per share was $0.56, and non-GAAP diluted earnings per share was $1.48.","reported value falls outside [0.91, 0.92]",open,,,,,,,,,90,,2026-09-20,navneet,false,false,,false,false,missed,section,Guidance,Salesforce delivered the following results for its fiscal first quarter:,Q2 FY22 | Guidance Full Year FY22,,,,yes,"Excerpt states 'Non-GAAP earnings per share $0.91 - $0.92' which matches the metric, range, and unit exactly."
01F6NHXT0015THMDC6BSFYQXA2,"Salesforce, Inc.",CRM,0001108524,"Salesforce, Inc. expects EPS non-GAAP of $3.79 per share to $3.81 per share for FY2022.",Non-GAAP earnings per share $0.91 - $0.92 $3.79 - $3.81,EPS non-GAAP,3.79,3.81,USD per share,FY2022,2021-05-27,https://www.sec.gov/Archives/edgar/data/1108524/000110852421000027/crm-q1fy22xexhibit991.htm,0001108524-21-000027,8-K,2021-05-27,2026-09-20T06:44:27Z,989f5c5536c775a130c316f1198a3f85c69013595e6f9b2264a2962db970def0,Non-GAAP earnings per share $0.91 - $0.92 $3.79 - $3.81,4.78,2022-03-01,https://www.sec.gov/Archives/edgar/data/1108524/000110852422000010/crm-q4fy22xexhibit991.htm,0001108524-22-000010,8-K,2022-03-01,2026-09-20T06:44:35Z,9d5b1056895ede2b6d3d02c3423ad7a109a1be49934d1ec821faf670704e7d4b,"Fiscal 2022 GAAP diluted earnings per share was $1.48, and non-GAAP diluted earnings per share was $4.78.","reported value falls outside [3.79, 3.81]",open,,,,,,,,,278,,2026-09-20,navneet,false,false,,false,false,missed,section,Guidance,Salesforce delivered the following results for its fiscal first quarter:,Q2 FY22 | Guidance Full Year FY22,,,,yes,Excerpt states 'Non-GAAP earnings per share' with range '$3.79 - $3.81' matching the guidance claim exactly.
01FDX9PG00AWY0RVYP33FS7YAZ,"Salesforce, Inc.",CRM,0001108524,"Salesforce, Inc. expects EPS GAAP of $0.81 per share to $0.83 per share for FY2022.",GAAP earnings (loss) per share ($0.06) - ($0.05) $0.81 - $0.83,EPS GAAP,0.81,0.83,USD per share,FY2022,2021-08-25,https://www.sec.gov/Archives/edgar/data/1108524/000110852421000044/crm-q2fy22xexhibit991.htm,0001108524-21-000044,8-K,2021-08-25,2026-09-20T06:44:31Z,54cca360ded678e5635d154dab078838ab3b767edd02e8c200ee113542880122,GAAP earnings (loss) per share ($0.06) - ($0.05) $0.81 - $0.83,1.48,2022-03-01,https://www.sec.gov/Archives/edgar/data/1108524/000110852422000010/crm-q4fy22xexhibit991.htm,0001108524-22-000010,8-K,2022-03-01,2026-09-20T06:44:35Z,9d5b1056895ede2b6d3d02c3423ad7a109a1be49934d1ec821faf670704e7d4b,"Fiscal 2022 GAAP diluted earnings per share was $1.48, and non-GAAP diluted earnings per share was $4.78.","reported value falls outside [0.81, 0.83]",open,,,,,,,,,188,,2026-09-20,navneet,false,false,,false,false,missed,section,Guidance,Salesforce delivered the following results for its fiscal second quarter:,Q3 FY22 | Guidance Full Year FY22,,,,yes,Excerpt states 'GAAP earnings (loss) per share' with range '$0.81 - $0.83' matching the guidance claim exactly.
01FDX9PG00H5XNRWCM8QB3WVRA,"Salesforce, Inc.",CRM,0001108524,"Salesforce, Inc. expects EPS non-GAAP of $0.91 per share to $0.92 per share for Q3 FY2022.",Non-GAAP earnings per share $0.91 - $0.92 $4.36 - $4.38,EPS non-GAAP,0.91,0.92,USD per share,Q3 FY2022,2021-08-25,https://www.sec.gov/Archives/edgar/data/1108524/000110852421000044/crm-q2fy22xexhibit991.htm,0001108524-21-000044,8-K,2021-08-25,2026-09-20T06:44:31Z,54cca360ded678e5635d154dab078838ab3b767edd02e8c200ee113542880122,Non-GAAP earnings per share $0.91 - $0.92 $4.36 - $4.38,1.27,2021-11-30,https://www.sec.gov/Archives/edgar/data/1108524/000110852421000051/crm-q3fy22xexhibit991.htm,0001108524-21-000051,8-K,2021-11-30,2026-09-20T06:44:33Z,859d3b9f232026bcc01259f2fbeedbfa902ae05d9972acdfa692ebed63bbfafd,"Earnings per Share: Third quarter GAAP diluted earnings per share was $0.47, and non-GAAP diluted earnings per share was $1.27.","reported value falls outside [0.91, 0.92]",open,,,,,,,,,97,,2026-09-20,navneet,false,false,,false,false,missed,section,Guidance,Salesforce delivered the following results for its fiscal second quarter:,Q3 FY22 | Guidance Full Year FY22,,,,yes,"Excerpt states 'Non-GAAP earnings per share $0.91 - $0.92' which matches the metric, range, and unit exactly."
01FDX9PG00A8DMFK2WRX3HV6GC,"Salesforce, Inc.",CRM,0001108524,"Salesforce, Inc. expects EPS non-GAAP of $4.36 per share to $4.38 per share for FY2022.",Non-GAAP earnings per share $0.91 - $0.92 $4.36 - $4.38,EPS non-GAAP,4.36,4.38,USD per share,FY2022,2021-08-25,https://www.sec.gov/Archives/edgar/data/1108524/000110852421000044/crm-q2fy22xexhibit991.htm,0001108524-21-000044,8-K,2021-08-25,2026-09-20T06:44:31Z,54cca360ded678e5635d154dab078838ab3b767edd02e8c200ee113542880122,Non-GAAP earnings per share $0.91 - $0.92 $4.36 - $4.38,4.78,2022-03-01,https://www.sec.gov/Archives/edgar/data/1108524/000110852422000010/crm-q4fy22xexhibit991.htm,0001108524-22-000010,8-K,2022-03-01,2026-09-20T06:44:35Z,9d5b1056895ede2b6d3d02c3423ad7a109a1be49934d1ec821faf670704e7d4b,"Fiscal 2022 GAAP diluted earnings per share was $1.48, and non-GAAP diluted earnings per share was $4.78.","reported value falls outside [4.36, 4.38]",open,,,,,,,,,188,,2026-09-20,navneet,false,false,,false,false,missed,section,Guidance,Salesforce delivered the following results for its fiscal second quarter:,Q3 FY22 | Guidance Full Year FY22,,,,yes,Excerpt states 'Non-GAAP earnings per share' with range '$4.36 - $4.38' matching the guidance claim exactly.
01FNQ287000CXP7G64XGXKJ6GA,"Salesforce, Inc.",CRM,0001108524,"Salesforce, Inc. expects EPS GAAP of $1.28 per share to $1.29 per share for FY2022.",GAAP earnings (loss) per share ($0.24) - ($0.23) $1.28 - $1.29 N/A N/A,EPS GAAP,1.28,1.29,USD per share,FY2022,2021-11-30,https://www.sec.gov/Archives/edgar/data/1108524/000110852421000051/crm-q3fy22xexhibit991.htm,0001108524-21-000051,8-K,2021-11-30,2026-09-20T06:44:33Z,859d3b9f232026bcc01259f2fbeedbfa902ae05d9972acdfa692ebed63bbfafd,GAAP earnings (loss) per share ($0.24) - ($0.23) $1.28 - $1.29 N/A N/A,1.48,2022-03-01,https://www.sec.gov/Archives/edgar/data/1108524/000110852422000010/crm-q4fy22xexhibit991.htm,0001108524-22-000010,8-K,2022-03-01,2026-09-20T06:44:35Z,9d5b1056895ede2b6d3d02c3423ad7a109a1be49934d1ec821faf670704e7d4b,"Fiscal 2022 GAAP diluted earnings per share was $1.48, and non-GAAP diluted earnings per share was $4.78.","reported value falls outside [1.28, 1.29]",open,,,,,,,,,91,,2026-09-20,navneet,false,false,,false,false,missed,section,Guidance,Salesforce delivered the following results for its fiscal third quarter:,Q4 FY22 | Guidance Full Year FY22 | Guidance Q1 FY23 | Guidance Full Year FY23,,,,yes,"Excerpt states 'GAAP earnings (loss) per share' with range '$1.28 - $1.29' matching the metric, numbers, and unit provided."
01FNQ28700DGJC3NTMXVVJFKFK,"Salesforce, Inc.",CRM,0001108524,"Salesforce, Inc. expects EPS non-GAAP of $0.72 per share to $0.73 per share for Q4 FY2022.",Non-GAAP earnings per share $0.72 - $0.73 $4.68 - $4.69 N/A N/A,EPS non-GAAP,0.72,0.73,USD per share,Q4 FY2022,2021-11-30,https://www.sec.gov/Archives/edgar/data/1108524/000110852421000051/crm-q3fy22xexhibit991.htm,0001108524-21-000051,8-K,2021-11-30,2026-09-20T06:44:33Z,859d3b9f232026bcc01259f2fbeedbfa902ae05d9972acdfa692ebed63bbfafd,Non-GAAP earnings per share $0.72 - $0.73 $4.68 - $4.69 N/A N/A,0.84,2022-03-01,https://www.sec.gov/Archives/edgar/data/1108524/000110852422000010/crm-q4fy22xexhibit991.htm,0001108524-22-000010,8-K,2022-03-01,2026-09-20T06:44:35Z,9d5b1056895ede2b6d3d02c3423ad7a109a1be49934d1ec821faf670704e7d4b,"Earnings per Share: Fourth quarter GAAP diluted loss per share was $(0.03), and non-GAAP diluted earnings per share was $0.84.","reported value falls outside [0.72, 0.73]",open,,,,,,,,,91,,2026-09-20,navneet,false,false,,false,false,missed,section,Guidance,Salesforce delivered the following results for its fiscal third quarter:,Q4 FY22 | Guidance Full Year FY22 | Guidance Q1 FY23 | Guidance Full Year FY23,,,,yes,"Excerpt states 'Non-GAAP earnings per share $0.72 - $0.73' which matches the metric, number range, and unit exactly."
01FNQ28700DZEENDZ2EBPPYAH0,"Salesforce, Inc.",CRM,0001108524,"Salesforce, Inc. expects EPS non-GAAP of $4.68 per share to $4.69 per share for FY2022.",Non-GAAP earnings per share $0.72 - $0.73 $4.68 - $4.69 N/A N/A,EPS non-GAAP,4.68,4.69,USD per share,FY2022,2021-11-30,https://www.sec.gov/Archives/edgar/data/1108524/000110852421000051/crm-q3fy22xexhibit991.htm,0001108524-21-000051,8-K,2021-11-30,2026-09-20T06:44:33Z,859d3b9f232026bcc01259f2fbeedbfa902ae05d9972acdfa692ebed63bbfafd,Non-GAAP earnings per share $0.72 - $0.73 $4.68 - $4.69 N/A N/A,4.78,2022-03-01,https://www.sec.gov/Archives/edgar/data/1108524/000110852422000010/crm-q4fy22xexhibit991.htm,0001108524-22-000010,8-K,2022-03-01,2026-09-20T06:44:35Z,9d5b1056895ede2b6d3d02c3423ad7a109a1be49934d1ec821faf670704e7d4b,"Fiscal 2022 GAAP diluted earnings per share was $1.48, and non-GAAP diluted earnings per share was $4.78.","reported value falls outside [4.68, 4.69]",open,,,,,,,,,91,,2026-09-20,navneet,false,false,,false,false,missed,section,Guidance,Salesforce delivered the following results for its fiscal third quarter:,Q4 FY22 | Guidance Full Year FY22 | Guidance Q1 FY23 | Guidance Full Year FY23,,,,yes,"Excerpt states 'Non-GAAP earnings per share $4.68 - $4.69' which matches the metric, range, and unit exactly."
01FX1CDM00E7KE53NY16J2E1FF,"Salesforce, Inc.",CRM,0001108524,"Salesforce, Inc. expects operating margin non-GAAP of 20% for Q1 FY2023.",Non-GAAP operating margin N/A ~20%,operating margin non-GAAP,20.0,20.0,percent,Q1 FY2023,2022-03-01,https://www.sec.gov/Archives/edgar/data/1108524/000110852422000010/crm-q4fy22xexhibit991.htm,0001108524-22-000010,8-K,2022-03-01,2026-09-20T06:44:35Z,9d5b1056895ede2b6d3d02c3423ad7a109a1be49934d1ec821faf670704e7d4b,Non-GAAP operating margin N/A ~20%,17.6,2022-05-31,https://www.sec.gov/Archives/edgar/data/1108524/000110852422000019/crm-q1fy23xexhibit991.htm,0001108524-22-000019,8-K,2022-05-31,2026-09-20T06:44:37Z,68a29fec0f77cd87fb23a2b00ace225314119adaab60f62ddbd69233c1aabd51,First quarter non-GAAP operating margin was 17.6%.,reported value differs from 20 by more than 0.5%,open,,,,,,,,,91,,2026-09-20,navneet,false,false,,false,false,missed,section,Guidance,Salesforce delivered the following results for its fiscal fourth quarter and full fiscal year:,Q1 FY23 | Guidance Full Year FY23,,,,yes,"Excerpt states 'Non-GAAP operating margin' with '~20%' which matches the metric, number (with rounding symbol), and unit given."
01FX1CDM00C0G5571DKR1WT55C,"Salesforce, Inc.",CRM,0001108524,"Salesforce, Inc. expects EPS GAAP of $-0.05 per share to $-0.04 per share for Q1 FY2023.",GAAP earnings (loss) per share ($0.05) - ($0.04) $0.46 - $0.48,EPS GAAP,-0.05,-0.04,USD per share,Q1 FY2023,2022-03-01,https://www.sec.gov/Archives/edgar/data/1108524/000110852422000010/crm-q4fy22xexhibit991.htm,0001108524-22-000010,8-K,2022-03-01,2026-09-20T06:44:35Z,9d5b1056895ede2b6d3d02c3423ad7a109a1be49934d1ec821faf670704e7d4b,GAAP earnings (loss) per share ($0.05) - ($0.04) $0.46 - $0.48,0.03,2022-05-31,https://www.sec.gov/Archives/edgar/data/1108524/000110852422000019/crm-q1fy23xexhibit991.htm,0001108524-22-000019,8-K,2022-05-31,2026-09-20T06:44:37Z,68a29fec0f77cd87fb23a2b00ace225314119adaab60f62ddbd69233c1aabd51,"Earnings per Share: First quarter GAAP diluted earnings per share was $0.03, and non-GAAP diluted earnings per share was $0.98.","reported value falls outside [-0.05, -0.04]",open,,,,,,,,,91,,2026-09-20,navneet,false,false,,false,false,missed,section,Guidance,Salesforce delivered the following results for its fiscal fourth quarter and full fiscal year:,Q1 FY23 | Guidance Full Year FY23,,,,yes,Excerpt states 'GAAP earnings (loss) per share ($0.05) - ($0.04)' which matches the negative EPS guidance range of -$0.05 to -$0.04 per share for the specified period.
01FX1CDM00EQVZST6R9TNQNPPH,"Salesforce, Inc.",CRM,0001108524,"Salesforce, Inc. expects EPS GAAP of $0.46 per share to $0.48 per share for FY2023.",GAAP earnings (loss) per share ($0.05) - ($0.04) $0.46 - $0.48,EPS GAAP,0.46,0.48,USD per share,FY2023,2022-03-01,https://www.sec.gov/Archives/edgar/data/1108524/000110852422000010/crm-q4fy22xexhibit991.htm,0001108524-22-000010,8-K,2022-03-01,2026-09-20T06:44:35Z,9d5b1056895ede2b6d3d02c3423ad7a109a1be49934d1ec821faf670704e7d4b,GAAP earnings (loss) per share ($0.05) - ($0.04) $0.46 - $0.48,0.21,2023-03-01,https://www.sec.gov/Archives/edgar/data/1108524/000110852423000007/crm-q4fy23xexhibit991.htm,0001108524-23-000007,8-K,2023-03-01,2026-09-20T06:44:44Z,dc52d7f38d351cdff27726a5eedbee15f59bdaa42f4a619cbee2bf242f6a0798,"Fiscal 2023 GAAP diluted EPS was $0.21, and non-GAAP diluted EPS was $5.24.","reported value falls outside [0.46, 0.48]",open,,,,,,,,,365,,2026-09-20,navneet,false,false,,false,false,missed,section,Guidance,Salesforce delivered the following results for its fiscal fourth quarter and full fiscal year:,Q1 FY23 | Guidance Full Year FY23,,,,yes,Excerpt states 'GAAP earnings (loss) per share' with range '$0.46 - $0.48' matching the guidance claim exactly.
01FX1CDM00EN1N8G8S6H73RWNQ,"Salesforce, Inc.",CRM,0001108524,"Salesforce, Inc. expects EPS non-GAAP of $0.93 per share to $0.94 per share for Q1 FY2023.",Non-GAAP earnings per share $0.93 - $0.94 $4.62 - $4.64,EPS non-GAAP,0.93,0.94,USD per share,Q1 FY2023,2022-03-01,https://www.sec.gov/Archives/edgar/data/1108524/000110852422000010/crm-q4fy22xexhibit991.htm,0001108524-22-000010,8-K,2022-03-01,2026-09-20T06:44:35Z,9d5b1056895ede2b6d3d02c3423ad7a109a1be49934d1ec821faf670704e7d4b,Non-GAAP earnings per share $0.93 - $0.94 $4.62 - $4.64,0.98,2022-05-31,https://www.sec.gov/Archives/edgar/data/1108524/000110852422000019/crm-q1fy23xexhibit991.htm,0001108524-22-000019,8-K,2022-05-31,2026-09-20T06:44:37Z,68a29fec0f77cd87fb23a2b00ace225314119adaab60f62ddbd69233c1aabd51,"Earnings per Share: First quarter GAAP diluted earnings per share was $0.03, and non-GAAP diluted earnings per share was $0.98.","reported value falls outside [0.93, 0.94]",open,,,,,,,,,91,,2026-09-20,navneet,false,false,,false,false,missed,section,Guidance,Salesforce delivered the following results for its fiscal fourth quarter and full fiscal year:,Q1 FY23 | Guidance Full Year FY23,,,,yes,"Excerpt states 'Non-GAAP earnings per share $0.93 - $0.94' which matches the metric, number range, and unit exactly."
01FX1CDM00MW7ZDWAKJC27ZA47,"Salesforce, Inc.",CRM,0001108524,"Salesforce, Inc. expects EPS non-GAAP of $4.62 per share to $4.64 per share for FY2023.",Non-GAAP earnings per share $0.93 - $0.94 $4.62 - $4.64,EPS non-GAAP,4.62,4.64,USD per share,FY2023,2022-03-01,https://www.sec.gov/Archives/edgar/data/1108524/000110852422000010/crm-q4fy22xexhibit991.htm,0001108524-22-000010,8-K,2022-03-01,2026-09-20T06:44:35Z,9d5b1056895ede2b6d3d02c3423ad7a109a1be49934d1ec821faf670704e7d4b,Non-GAAP earnings per share $0.93 - $0.94 $4.62 - $4.64,5.24,2023-03-01,https://www.sec.gov/Archives/edgar/data/1108524/000110852423000007/crm-q4fy23xexhibit991.htm,0001108524-23-000007,8-K,2023-03-01,2026-09-20T06:44:44Z,dc52d7f38d351cdff27726a5eedbee15f59bdaa42f4a619cbee2bf242f6a0798,"Fiscal 2023 GAAP diluted EPS was $0.21, and non-GAAP diluted EPS was $5.24.","reported value falls outside [4.62, 4.64]",open,,,,,,,,,365,,2026-09-20,navneet,false,false,,false,false,missed,section,Guidance,Salesforce delivered the following results for its fiscal fourth quarter and full fiscal year:,Q1 FY23 | Guidance Full Year FY23,,,,yes,Excerpt states 'Non-GAAP earnings per share' with range '$4.62 - $4.64' matching the guidance claim exactly.
01G4BPK100YKMPBJ202NDN99Z6,"Salesforce, Inc.",CRM,0001108524,"Salesforce, Inc. expects EPS GAAP of $0.38 per share to $0.4 per share for FY2023.",GAAP earnings (loss) per share ($0.03) - ($0.02) $0.38 - $0.40,EPS GAAP,0.38,0.4,USD per share,FY2023,2022-05-31,https://www.sec.gov/Archives/edgar/data/1108524/000110852422000019/crm-q1fy23xexhibit991.htm,0001108524-22-000019,8-K,2022-05-31,2026-09-20T06:44:37Z,68a29fec0f77cd87fb23a2b00ace225314119adaab60f62ddbd69233c1aabd51,GAAP earnings (loss) per share ($0.03) - ($0.02) $0.38 - $0.40,0.21,2023-03-01,https://www.sec.gov/Archives/edgar/data/1108524/000110852423000007/crm-q4fy23xexhibit991.htm,0001108524-23-000007,8-K,2023-03-01,2026-09-20T06:44:44Z,dc52d7f38d351cdff27726a5eedbee15f59bdaa42f4a619cbee2bf242f6a0798,"Fiscal 2023 GAAP diluted EPS was $0.21, and non-GAAP diluted EPS was $5.24.","reported value falls outside [0.38, 0.4]",open,,,,,,,,,274,,2026-09-20,navneet,false,false,,false,false,missed,section,Guidance,Salesforce delivered the following results for its fiscal first quarter:,Q2 FY23 | Guidance Full Year FY23,,,,yes,Excerpt states 'GAAP earnings (loss) per share' with range '$0.38 - $0.40' matching the guidance claim exactly.
01G4BPK100RXM1DGEB11CA6VRE,"Salesforce, Inc.",CRM,0001108524,"Salesforce, Inc. expects EPS non-GAAP of $1.01 per share to $1.02 per share for Q2 FY2023.",Non-GAAP earnings per share $1.01 - $1.02 $4.74 - $4.76,EPS non-GAAP,1.01,1.02,USD per share,Q2 FY2023,2022-05-31,https://www.sec.gov/Archives/edgar/data/1108524/000110852422000019/crm-q1fy23xexhibit991.htm,0001108524-22-000019,8-K,2022-05-31,2026-09-20T06:44:37Z,68a29fec0f77cd87fb23a2b00ace225314119adaab60f62ddbd69233c1aabd51,Non-GAAP earnings per share $1.01 - $1.02 $4.74 - $4.76,1.19,2022-08-24,https://www.sec.gov/Archives/edgar/data/1108524/000110852422000038/crm-q2fy23xexhibit991.htm,0001108524-22-000038,8-K,2022-08-24,2026-09-20T06:44:38Z,4a7173411df20794f636dd8e879c2ae30924ab899047531ec761e08b86f32d6f,"GAAP Earnings per Share (""EPS"") of $0.07 and Non-GAAP EPS of $1.19","reported value falls outside [1.01, 1.02]",open,,,,,,,,,85,,2026-09-20,navneet,false,false,,false,false,missed,section,Guidance,Salesforce delivered the following results for its fiscal first quarter:,Q2 FY23 | Guidance Full Year FY23,,,,yes,"Excerpt states 'Non-GAAP earnings per share $1.01 - $1.02' which matches the metric, number range, and unit exactly."
01G4BPK100B474TY0P0ZME1X1J,"Salesforce, Inc.",CRM,0001108524,"Salesforce, Inc. expects EPS non-GAAP of $4.74 per share to $4.76 per share for FY2023.",Non-GAAP earnings per share $1.01 - $1.02 $4.74 - $4.76,EPS non-GAAP,4.74,4.76,USD per share,FY2023,2022-05-31,https://www.sec.gov/Archives/edgar/data/1108524/000110852422000019/crm-q1fy23xexhibit991.htm,0001108524-22-000019,8-K,2022-05-31,2026-09-20T06:44:37Z,68a29fec0f77cd87fb23a2b00ace225314119adaab60f62ddbd69233c1aabd51,Non-GAAP earnings per share $1.01 - $1.02 $4.74 - $4.76,5.24,2023-03-01,https://www.sec.gov/Archives/edgar/data/1108524/000110852423000007/crm-q4fy23xexhibit991.htm,0001108524-23-000007,8-K,2023-03-01,2026-09-20T06:44:44Z,dc52d7f38d351cdff27726a5eedbee15f59bdaa42f4a619cbee2bf242f6a0798,"Fiscal 2023 GAAP diluted EPS was $0.21, and non-GAAP diluted EPS was $5.24.","reported value falls outside [4.74, 4.76]",open,,,,,,,,,274,,2026-09-20,navneet,false,false,,false,false,missed,section,Guidance,Salesforce delivered the following results for its fiscal first quarter:,Q2 FY23 | Guidance Full Year FY23,,,,yes,Excerpt states 'Non-GAAP earnings per share' with range '$4.74 - $4.76' matching the guidance claim exactly.
01GB6JC400X10FCP6KWYWY8VWB,"Salesforce, Inc.",CRM,0001108524,"Salesforce, Inc. expects EPS GAAP of $0.09 per share to $0.1 per share for Q3 FY2023.","GAAP earnings per share(3)
$0.09 - $0.10 $0.38 - $0.40",EPS GAAP,0.09,0.1,USD per share,Q3 FY2023,2022-08-24,https://www.sec.gov/Archives/edgar/data/1108524/000110852422000038/crm-q2fy23xexhibit991.htm,0001108524-22-000038,8-K,2022-08-24,2026-09-20T06:44:38Z,4a7173411df20794f636dd8e879c2ae30924ab899047531ec761e08b86f32d6f,"GAAP earnings per share(3)
$0.09 - $0.10 $0.38 - $0.40",0.21,2022-11-30,https://www.sec.gov/Archives/edgar/data/1108524/000110852422000058/crm-q3fy23xexhibit991.htm,0001108524-22-000058,8-K,2022-11-30,2026-09-20T06:44:41Z,28b9968a41044387eedb7e008998d007687c8b0a6c8be54bb403912dadcea114,"GAAP Earnings per Share (""EPS"") of $0.21 and Non-GAAP EPS of $1.40","reported value falls outside [0.09, 0.1]",open,,,,,,,,,98,,2026-09-20,navneet,false,false,,false,false,missed,section,Guidance,Salesforce delivered the following results for its fiscal second quarter:,Q3 FY23 | Guidance Full Year FY23,,,,yes,Excerpt states 'GAAP earnings per share' with range '$0.09 - $0.10' matching the guidance provided
01GB6JC4009QVWM0SDHHMNNRCW,"Salesforce, Inc.",CRM,0001108524,"Salesforce, Inc. expects EPS GAAP of $0.38 per share to $0.4 per share for FY2023.","GAAP earnings per share(3)
$0.09 - $0.10 $0.38 - $0.40",EPS GAAP,0.38,0.4,USD per share,FY2023,2022-08-24,https://www.sec.gov/Archives/edgar/data/1108524/000110852422000038/crm-q2fy23xexhibit991.htm,0001108524-22-000038,8-K,2022-08-24,2026-09-20T06:44:38Z,4a7173411df20794f636dd8e879c2ae30924ab899047531ec761e08b86f32d6f,"GAAP earnings per share(3)
$0.09 - $0.10 $0.38 - $0.40",0.21,2023-03-01,https://www.sec.gov/Archives/edgar/data/1108524/000110852423000007/crm-q4fy23xexhibit991.htm,0001108524-23-000007,8-K,2023-03-01,2026-09-20T06:44:44Z,dc52d7f38d351cdff27726a5eedbee15f59bdaa42f4a619cbee2bf242f6a0798,"Fiscal 2023 GAAP diluted EPS was $0.21, and non-GAAP diluted EPS was $5.24.","reported value falls outside [0.38, 0.4]",open,,,,,,,,,189,,2026-09-20,navneet,false,false,,false,false,missed,section,Guidance,Salesforce delivered the following results for its fiscal second quarter:,Q3 FY23 | Guidance Full Year FY23,,,,yes,Excerpt states 'GAAP earnings per share' with range '$0.38 - $0.40' matching the guidance claim exactly.
01GB6JC400WNK9DNW2KHEFD5Y6,"Salesforce, Inc.",CRM,0001108524,"Salesforce, Inc. expects EPS non-GAAP of $4.71 per share to $4.73 per share for FY2023.","Non-GAAP earnings per share(3)
$1.20 - $1.21 $4.71 - $4.73",EPS non-GAAP,4.71,4.73,USD per share,FY2023,2022-08-24,https://www.sec.gov/Archives/edgar/data/1108524/000110852422000038/crm-q2fy23xexhibit991.htm,0001108524-22-000038,8-K,2022-08-24,2026-09-20T06:44:38Z,4a7173411df20794f636dd8e879c2ae30924ab899047531ec761e08b86f32d6f,"Non-GAAP earnings per share(3)
$1.20 - $1.21 $4.71 - $4.73",5.24,2023-03-01,https://www.sec.gov/Archives/edgar/data/1108524/000110852423000007/crm-q4fy23xexhibit991.htm,0001108524-23-000007,8-K,2023-03-01,2026-09-20T06:44:44Z,dc52d7f38d351cdff27726a5eedbee15f59bdaa42f4a619cbee2bf242f6a0798,"Fiscal 2023 GAAP diluted EPS was $0.21, and non-GAAP diluted EPS was $5.24.","reported value falls outside [4.71, 4.73]",open,,,,,,,,,189,,2026-09-20,navneet,false,false,,false,false,missed,section,Guidance,Salesforce delivered the following results for its fiscal second quarter:,Q3 FY23 | Guidance Full Year FY23,,,,yes,Excerpt shows 'Non-GAAP earnings per share' with range '$4.71 - $4.73' matching the guidance claim exactly.
01GK2XAJ00QBK4852YXVV2GQBB,"Salesforce, Inc.",CRM,0001108524,"Salesforce, Inc. expects EPS GAAP of $0.23 per share to $0.25 per share for Q4 FY2023.","GAAP earnings per share(3)
$0.23 - $0.25 $0.55 - $0.57",EPS GAAP,0.23,0.25,USD per share,Q4 FY2023,2022-11-30,https://www.sec.gov/Archives/edgar/data/1108524/000110852422000058/crm-q3fy23xexhibit991.htm,0001108524-22-000058,8-K,2022-11-30,2026-09-20T06:44:41Z,28b9968a41044387eedb7e008998d007687c8b0a6c8be54bb403912dadcea114,"GAAP earnings per share(3)
$0.23 - $0.25 $0.55 - $0.57",-0.1,2023-03-01,https://www.sec.gov/Archives/edgar/data/1108524/000110852423000007/crm-q4fy23xexhibit991.htm,0001108524-23-000007,8-K,2023-03-01,2026-09-20T06:44:44Z,dc52d7f38d351cdff27726a5eedbee15f59bdaa42f4a619cbee2bf242f6a0798,"Fourth Quarter GAAP Diluted Loss per Share of $(0.10) and Non-GAAP Diluted Earnings per Share (""EPS"") of $1.68","reported value falls outside [0.23, 0.25]",open,,,,,,,,,91,,2026-09-20,navneet,false,false,,false,false,missed,section,Guidance,Salesforce delivered the following results for its fiscal third quarter:,Q4 FY23 | Guidance Full Year FY23,,,,yes,Excerpt states 'GAAP earnings per share' with range '$0.23 - $0.25' matching the guidance provided
01GK2XAJ00YP9XPER1C88T5SR7,"Salesforce, Inc.",CRM,0001108524,"Salesforce, Inc. expects EPS GAAP of $0.55 per share to $0.57 per share for FY2023.","GAAP earnings per share(3)
$0.23 - $0.25 $0.55 - $0.57",EPS GAAP,0.55,0.57,USD per share,FY2023,2022-11-30,https://www.sec.gov/Archives/edgar/data/1108524/000110852422000058/crm-q3fy23xexhibit991.htm,0001108524-22-000058,8-K,2022-11-30,2026-09-20T06:44:41Z,28b9968a41044387eedb7e008998d007687c8b0a6c8be54bb403912dadcea114,"GAAP earnings per share(3)
$0.23 - $0.25 $0.55 - $0.57",0.21,2023-03-01,https://www.sec.gov/Archives/edgar/data/1108524/000110852423000007/crm-q4fy23xexhibit991.htm,0001108524-23-000007,8-K,2023-03-01,2026-09-20T06:44:44Z,dc52d7f38d351cdff27726a5eedbee15f59bdaa42f4a619cbee2bf242f6a0798,"Fiscal 2023 GAAP diluted EPS was $0.21, and non-GAAP diluted EPS was $5.24.","reported value falls outside [0.55, 0.57]",open,,,,,,,,,91,,2026-09-20,navneet,false,false,,false,false,missed,section,Guidance,Salesforce delivered the following results for its fiscal third quarter:,Q4 FY23 | Guidance Full Year FY23,,,,yes,Excerpt states 'GAAP earnings per share' with range '$0.55 - $0.57' matching the guidance claim exactly.
01GK2XAJ00MY6RCT1MGZ6S8283,"Salesforce, Inc.",CRM,0001108524,"Salesforce, Inc. expects EPS non-GAAP of $1.35 per share to $1.37 per share for Q4 FY2023.","Non-GAAP earnings per share(3)
$1.35 - $1.37 $4.92 - $4.94",EPS non-GAAP,1.35,1.37,USD per share,Q4 FY2023,2022-11-30,https://www.sec.gov/Archives/edgar/data/1108524/000110852422000058/crm-q3fy23xexhibit991.htm,0001108524-22-000058,8-K,2022-11-30,2026-09-20T06:44:41Z,28b9968a41044387eedb7e008998d007687c8b0a6c8be54bb403912dadcea114,"Non-GAAP earnings per share(3)
$1.35 - $1.37 $4.92 - $4.94",1.68,2023-03-01,https://www.sec.gov/Archives/edgar/data/1108524/000110852423000007/crm-q4fy23xexhibit991.htm,0001108524-23-000007,8-K,2023-03-01,2026-09-20T06:44:44Z,dc52d7f38d351cdff27726a5eedbee15f59bdaa42f4a619cbee2bf242f6a0798,"Fourth Quarter GAAP Diluted Loss per Share of $(0.10) and Non-GAAP Diluted Earnings per Share (""EPS"") of $1.68","reported value falls outside [1.35, 1.37]",open,,,,,,,,,91,,2026-09-20,navneet,false,false,,false,false,missed,section,Guidance,Salesforce delivered the following results for its fiscal third quarter:,Q4 FY23 | Guidance Full Year FY23,,,,yes,Excerpt states 'Non-GAAP earnings per share' with range '$1.35 - $1.37' matching the guidance claim exactly.
01GK2XAJ00YZX1MX2SDA5ZMRC3,"Salesforce, Inc.",CRM,0001108524,"Salesforce, Inc. expects EPS non-GAAP of $4.92 per share to $4.94 per share for FY2023.","Non-GAAP earnings per share(3)
$1.35 - $1.37 $4.92 - $4.94",EPS non-GAAP,4.92,4.94,USD per share,FY2023,2022-11-30,https://www.sec.gov/Archives/edgar/data/1108524/000110852422000058/crm-q3fy23xexhibit991.htm,0001108524-22-000058,8-K,2022-11-30,2026-09-20T06:44:41Z,28b9968a41044387eedb7e008998d007687c8b0a6c8be54bb403912dadcea114,"Non-GAAP earnings per share(3)
$1.35 - $1.37 $4.92 - $4.94",5.24,2023-03-01,https://www.sec.gov/Archives/edgar/data/1108524/000110852423000007/crm-q4fy23xexhibit991.htm,0001108524-23-000007,8-K,2023-03-01,2026-09-20T06:44:44Z,dc52d7f38d351cdff27726a5eedbee15f59bdaa42f4a619cbee2bf242f6a0798,"Fiscal 2023 GAAP diluted EPS was $0.21, and non-GAAP diluted EPS was $5.24.","reported value falls outside [4.92, 4.94]",open,,,,,,,,,91,,2026-09-20,navneet,false,false,,false,false,missed,section,Guidance,Salesforce delivered the following results for its fiscal third quarter:,Q4 FY23 | Guidance Full Year FY23,,,,yes,Excerpt shows 'Non-GAAP earnings per share' with range '$4.92 - $4.94' matching the guidance claim exactly.
01GTD7FZ0029M044NQ2DXJZ005,"Salesforce, Inc.",CRM,0001108524,"Salesforce, Inc. expects revenue of $8.16 billion to $8.18 billion for Q1 FY2024.","Revenue
$8.16 - $8.18 Billion $34.5 - $34.7 Billion",revenue,8.16,8.18,USD billions,Q1 FY2024,2023-03-01,https://www.sec.gov/Archives/edgar/data/1108524/000110852423000007/crm-q4fy23xexhibit991.htm,0001108524-23-000007,8-K,2023-03-01,2026-09-20T06:44:44Z,dc52d7f38d351cdff27726a5eedbee15f59bdaa42f4a619cbee2bf242f6a0798,"Revenue
$8.16 - $8.18 Billion $34.5 - $34.7 Billion",8.25,2023-05-31,https://www.sec.gov/Archives/edgar/data/1108524/000110852423000021/crm-q1fy24xexhibit991.htm,0001108524-23-000021,8-K,2023-05-31,2026-09-20T06:44:45Z,3cd39bdc5ac40e257a60b37ffe00b02bdad05731de70b95ae608d7b317201ac5,"First Quarter Revenue of $8.25 Billion, up 11% Year-Over-Year (""Y/Y""), up 13% Constant Currency (""CC"")","reported value falls outside [8.16, 8.18]",open,,,,,,,,,91,,2026-09-20,navneet,false,false,,false,false,missed,section,Guidance,Salesforce delivered the following results for its fiscal fourth quarter and full fiscal year:,Q1 FY24 | Guidance Full Year FY24,,,,yes,"Excerpt states revenue guidance of $8.16 - $8.18 Billion, matching the metric, numbers, and unit provided; period Q1 FY2024 is implied as the first line item in the guidance table."
01GTD7FZ00J2PJ1T8PTCJ6Z4WT,"Salesforce, Inc.",CRM,0001108524,"Salesforce, Inc. expects EPS GAAP of $0.24 per share to $0.25 per share for Q1 FY2024.","GAAP Earnings per Share(2)
$0.24 - $0.25 $2.59 - $2.61",EPS GAAP,0.24,0.25,USD per share,Q1 FY2024,2023-03-01,https://www.sec.gov/Archives/edgar/data/1108524/000110852423000007/crm-q4fy23xexhibit991.htm,0001108524-23-000007,8-K,2023-03-01,2026-09-20T06:44:44Z,dc52d7f38d351cdff27726a5eedbee15f59bdaa42f4a619cbee2bf242f6a0798,"GAAP Earnings per Share(2)
$0.24 - $0.25 $2.59 - $2.61",0.2,2023-05-31,https://www.sec.gov/Archives/edgar/data/1108524/000110852423000021/crm-q1fy24xexhibit991.htm,0001108524-23-000021,8-K,2023-05-31,2026-09-20T06:44:45Z,3cd39bdc5ac40e257a60b37ffe00b02bdad05731de70b95ae608d7b317201ac5,"First Quarter GAAP Diluted Earnings per Share (""EPS"") of $0.20 and Non-GAAP Diluted EPS of $1.69","reported value falls outside [0.24, 0.25]",open,,,,,,,,,91,,2026-09-20,navneet,false,false,,false,false,missed,section,Guidance,Salesforce delivered the following results for its fiscal fourth quarter and full fiscal year:,Q1 FY24 | Guidance Full Year FY24,,,,yes,Excerpt states 'GAAP Earnings per Share' with range '$0.24 - $0.25' matching the guidance provided
01GTD7FZ007Q5G8VV35E3K2614,"Salesforce, Inc.",CRM,0001108524,"Salesforce, Inc. expects EPS GAAP of $2.59 per share to $2.61 per share for FY2024.","GAAP Earnings per Share(2)
$0.24 - $0.25 $2.59 - $2.61",EPS GAAP,2.59,2.61,USD per share,FY2024,2023-03-01,https://www.sec.gov/Archives/edgar/data/1108524/000110852423000007/crm-q4fy23xexhibit991.htm,0001108524-23-000007,8-K,2023-03-01,2026-09-20T06:44:44Z,dc52d7f38d351cdff27726a5eedbee15f59bdaa42f4a619cbee2bf242f6a0798,"GAAP Earnings per Share(2)
$0.24 - $0.25 $2.59 - $2.61",4.2,2024-02-28,https://www.sec.gov/Archives/edgar/data/1108524/000110852424000002/crm-q4fy24xexhibit991.htm,0001108524-24-000002,8-K,2024-02-28,2026-09-20T06:44:49Z,99d02e164cf57707be75d84a81b706d252e3fbf4d09abf95729a28aca86d7d36,Fiscal 2024 GAAP diluted EPS was $4.20 and non-GAAP diluted EPS was $8.22.,"reported value falls outside [2.59, 2.61]",open,,,,,,,,,364,,2026-09-20,navneet,false,false,,false,false,missed,section,Guidance,Salesforce delivered the following results for its fiscal fourth quarter and full fiscal year:,Q1 FY24 | Guidance Full Year FY24,,,,yes,"Excerpt shows 'GAAP Earnings per Share' with range '$2.59 - $2.61' matching the metric, numbers, and unit provided; the second row of figures corresponds to FY2024 guidance."
01GTD7FZ009VGKS87HD9AM0KEC,"Salesforce, Inc.",CRM,0001108524,"Salesforce, Inc. expects EPS non-GAAP of $7.12 per share to $7.14 per share for FY2024.","Non-GAAP Earnings per Share(2)
$1.60 - $1.61 $7.12 - $7.14",EPS non-GAAP,7.12,7.14,USD per share,FY2024,2023-03-01,https://www.sec.gov/Archives/edgar/data/1108524/000110852423000007/crm-q4fy23xexhibit991.htm,0001108524-23-000007,8-K,2023-03-01,2026-09-20T06:44:44Z,dc52d7f38d351cdff27726a5eedbee15f59bdaa42f4a619cbee2bf242f6a0798,"Non-GAAP Earnings per Share(2)
$1.60 - $1.61 $7.12 - $7.14",8.22,2024-02-28,https://www.sec.gov/Archives/edgar/data/1108524/000110852424000002/crm-q4fy24xexhibit991.htm,0001108524-24-000002,8-K,2024-02-28,2026-09-20T06:44:49Z,99d02e164cf57707be75d84a81b706d252e3fbf4d09abf95729a28aca86d7d36,Fiscal 2024 GAAP diluted EPS was $4.20 and non-GAAP diluted EPS was $8.22.,"reported value falls outside [7.12, 7.14]",open,,,,,,,,,364,,2026-09-20,navneet,false,false,,false,false,missed,section,Guidance,Salesforce delivered the following results for its fiscal fourth quarter and full fiscal year:,Q1 FY24 | Guidance Full Year FY24,,,,yes,Excerpt shows 'Non-GAAP Earnings per Share' with range '$7.12 - $7.14' matching the guidance claim exactly.
01H1QHNC004T53H6Y3XY49MKER,"Salesforce, Inc.",CRM,0001108524,"Salesforce, Inc. expects EPS GAAP of $0.79 per share to $0.8 per share for Q2 FY2024.","GAAP Earnings per Share(2)
$0.79 - $0.80 $2.67 - $2.69",EPS GAAP,0.79,0.8,USD per share,Q2 FY2024,2023-05-31,https://www.sec.gov/Archives/edgar/data/1108524/000110852423000021/crm-q1fy24xexhibit991.htm,0001108524-23-000021,8-K,2023-05-31,2026-09-20T06:44:45Z,3cd39bdc5ac40e257a60b37ffe00b02bdad05731de70b95ae608d7b317201ac5,"GAAP Earnings per Share(2)
$0.79 - $0.80 $2.67 - $2.69",1.28,2023-08-30,https://www.sec.gov/Archives/edgar/data/1108524/000110852423000037/crm-q2fy24xexhibit991.htm,0001108524-23-000037,8-K,2023-08-30,2026-09-20T06:44:47Z,2dc591a2ff4a3b6ddc057a395e65fd5543f515eee1db243622f6ba32afea90d5,"Second Quarter GAAP Diluted Earnings per Share (""EPS"") of $1.28 and Non-GAAP Diluted EPS of $2.12","reported value falls outside [0.79, 0.8]",open,,,,,,,,,91,,2026-09-20,navneet,false,false,,false,false,missed,section,Guidance,Salesforce delivered the following results for its fiscal first quarter:,Q2 FY24 | Full Year FY24,,,,yes,Excerpt states 'GAAP Earnings per Share' with range '$0.79 - $0.80' matching the guidance for the specified metric and numbers.
01H1QHNC009GMA3V81X3BD2SAX,"Salesforce, Inc.",CRM,0001108524,"Salesforce, Inc. expects EPS GAAP of $2.67 per share to $2.69 per share for FY2024.","GAAP Earnings per Share(2)
$0.79 - $0.80 $2.67 - $2.69",EPS GAAP,2.67,2.69,USD per share,FY2024,2023-05-31,https://www.sec.gov/Archives/edgar/data/1108524/000110852423000021/crm-q1fy24xexhibit991.htm,0001108524-23-000021,8-K,2023-05-31,2026-09-20T06:44:45Z,3cd39bdc5ac40e257a60b37ffe00b02bdad05731de70b95ae608d7b317201ac5,"GAAP Earnings per Share(2)
$0.79 - $0.80 $2.67 - $2.69",4.2,2024-02-28,https://www.sec.gov/Archives/edgar/data/1108524/000110852424000002/crm-q4fy24xexhibit991.htm,0001108524-24-000002,8-K,2024-02-28,2026-09-20T06:44:49Z,99d02e164cf57707be75d84a81b706d252e3fbf4d09abf95729a28aca86d7d36,Fiscal 2024 GAAP diluted EPS was $4.20 and non-GAAP diluted EPS was $8.22.,"reported value falls outside [2.67, 2.69]",open,,,,,,,,,273,,2026-09-20,navneet,false,false,,false,false,missed,section,Guidance,Salesforce delivered the following results for its fiscal first quarter:,Q2 FY24 | Full Year FY24,,,,yes,Excerpt states 'GAAP Earnings per Share' with range '$2.67 - $2.69' matching the guidance claim exactly.
01H1QHNC000KAJPWES4AY73KAV,"Salesforce, Inc.",CRM,0001108524,"Salesforce, Inc. expects EPS non-GAAP of $1.89 per share to $1.9 per share for Q2 FY2024.","Non-GAAP Earnings per Share(2)
$1.89 - $1.90 $7.41 - $7.43",EPS non-GAAP,1.89,1.9,USD per share,Q2 FY2024,2023-05-31,https://www.sec.gov/Archives/edgar/data/1108524/000110852423000021/crm-q1fy24xexhibit991.htm,0001108524-23-000021,8-K,2023-05-31,2026-09-20T06:44:45Z,3cd39bdc5ac40e257a60b37ffe00b02bdad05731de70b95ae608d7b317201ac5,"Non-GAAP Earnings per Share(2)
$1.89 - $1.90 $7.41 - $7.43",2.12,2023-08-30,https://www.sec.gov/Archives/edgar/data/1108524/000110852423000037/crm-q2fy24xexhibit991.htm,0001108524-23-000037,8-K,2023-08-30,2026-09-20T06:44:47Z,2dc591a2ff4a3b6ddc057a395e65fd5543f515eee1db243622f6ba32afea90d5,"Second Quarter GAAP Diluted Earnings per Share (""EPS"") of $1.28 and Non-GAAP Diluted EPS of $2.12","reported value falls outside [1.89, 1.9]",open,,,,,,,,,91,,2026-09-20,navneet,false,false,,false,false,missed,section,Guidance,Salesforce delivered the following results for its fiscal first quarter:,Q2 FY24 | Full Year FY24,,,,yes,Excerpt states 'Non-GAAP Earnings per Share' with range '$1.89 - $1.90' matching the guidance of $1.89 to $1.9 per share for the specified period.
01H1QHNC00481D8BB94188870M,"Salesforce, Inc.",CRM,0001108524,"Salesforce, Inc. expects EPS non-GAAP of $7.41 per share to $7.43 per share for FY2024.","Non-GAAP Earnings per Share(2)
$1.89 - $1.90 $7.41 - $7.43",EPS non-GAAP,7.41,7.43,USD per share,FY2024,2023-05-31,https://www.sec.gov/Archives/edgar/data/1108524/000110852423000021/crm-q1fy24xexhibit991.htm,0001108524-23-000021,8-K,2023-05-31,2026-09-20T06:44:45Z,3cd39bdc5ac40e257a60b37ffe00b02bdad05731de70b95ae608d7b317201ac5,"Non-GAAP Earnings per Share(2)
$1.89 - $1.90 $7.41 - $7.43",8.22,2024-02-28,https://www.sec.gov/Archives/edgar/data/1108524/000110852424000002/crm-q4fy24xexhibit991.htm,0001108524-24-000002,8-K,2024-02-28,2026-09-20T06:44:49Z,99d02e164cf57707be75d84a81b706d252e3fbf4d09abf95729a28aca86d7d36,Fiscal 2024 GAAP diluted EPS was $4.20 and non-GAAP diluted EPS was $8.22.,"reported value falls outside [7.41, 7.43]",open,,,,,,,,,273,,2026-09-20,navneet,false,false,,false,false,missed,section,Guidance,Salesforce delivered the following results for its fiscal first quarter:,Q2 FY24 | Full Year FY24,,,,yes,Excerpt shows 'Non-GAAP Earnings per Share' with range '$7.41 - $7.43' matching the guidance claim exactly.
01H91VTS00ZWC2W4P6HSBWEJAM,"Salesforce, Inc.",CRM,0001108524,"Salesforce, Inc. expects EPS GAAP of $1.02 per share to $1.03 per share for Q3 FY2024.","GAAP Diluted Earnings per Share(2)
$1.02 - $1.03 $3.50 - $3.52",EPS GAAP,1.02,1.03,USD per share,Q3 FY2024,2023-08-30,https://www.sec.gov/Archives/edgar/data/1108524/000110852423000037/crm-q2fy24xexhibit991.htm,0001108524-23-000037,8-K,2023-08-30,2026-09-20T06:44:47Z,2dc591a2ff4a3b6ddc057a395e65fd5543f515eee1db243622f6ba32afea90d5,"GAAP Diluted Earnings per Share(2)
$1.02 - $1.03 $3.50 - $3.52",1.25,2023-11-29,https://www.sec.gov/Archives/edgar/data/1108524/000110852423000046/crm-q3fy24xexhibit991.htm,0001108524-23-000046,8-K,2023-11-29,2026-09-20T06:44:48Z,ca916beb578c9bf18d01a5086c766f1ef1d81217dcc50c30a23e9a8b224650be,"Third Quarter GAAP Diluted Earnings per Share (""EPS"") of $1.25 and non-GAAP Diluted EPS of $2.11","reported value falls outside [1.02, 1.03]",open,,,,,,,,,91,,2026-09-20,navneet,false,false,,false,false,missed,section,Guidance,Salesforce delivered the following results for its fiscal second quarter:,Q3 FY24 | Full Year FY24,,,,yes,Excerpt states 'GAAP Diluted Earnings per Share' with range '$1.02 - $1.03' matching the guidance claim exactly.
01H91VTS00C32PZDC1WTA7FHYQ,"Salesforce, Inc.",CRM,0001108524,"Salesforce, Inc. expects EPS GAAP of $3.5 per share to $3.52 per share for FY2024.","GAAP Diluted Earnings per Share(2)
$1.02 - $1.03 $3.50 - $3.52",EPS GAAP,3.5,3.52,USD per share,FY2024,2023-08-30,https://www.sec.gov/Archives/edgar/data/1108524/000110852423000037/crm-q2fy24xexhibit991.htm,0001108524-23-000037,8-K,2023-08-30,2026-09-20T06:44:47Z,2dc591a2ff4a3b6ddc057a395e65fd5543f515eee1db243622f6ba32afea90d5,"GAAP Diluted Earnings per Share(2)
$1.02 - $1.03 $3.50 - $3.52",4.2,2024-02-28,https://www.sec.gov/Archives/edgar/data/1108524/000110852424000002/crm-q4fy24xexhibit991.htm,0001108524-24-000002,8-K,2024-02-28,2026-09-20T06:44:49Z,99d02e164cf57707be75d84a81b706d252e3fbf4d09abf95729a28aca86d7d36,Fiscal 2024 GAAP diluted EPS was $4.20 and non-GAAP diluted EPS was $8.22.,"reported value falls outside [3.5, 3.52]",open,,,,,,,,,182,,2026-09-20,navneet,false,false,,false,false,missed,section,Guidance,Salesforce delivered the following results for its fiscal second quarter:,Q3 FY24 | Full Year FY24,,,,yes,Excerpt shows 'GAAP Diluted Earnings per Share' with range '$3.50 - $3.52' matching the guidance for $3.5 to $3.52 per share for FY2024.
01H91VTS00ZFNZG9ASRM3YY36X,"Salesforce, Inc.",CRM,0001108524,"Salesforce, Inc. expects EPS non-GAAP of $2.05 per share to $2.06 per share for Q3 FY2024.","Non-GAAP Diluted Earnings per Share(2)
$2.05 - $2.06 $8.04 - $8.06",EPS non-GAAP,2.05,2.06,USD per share,Q3 FY2024,2023-08-30,https://www.sec.gov/Archives/edgar/data/1108524/000110852423000037/crm-q2fy24xexhibit991.htm,0001108524-23-000037,8-K,2023-08-30,2026-09-20T06:44:47Z,2dc591a2ff4a3b6ddc057a395e65fd5543f515eee1db243622f6ba32afea90d5,"Non-GAAP Diluted Earnings per Share(2)
$2.05 - $2.06 $8.04 - $8.06",2.11,2023-11-29,https://www.sec.gov/Archives/edgar/data/1108524/000110852423000046/crm-q3fy24xexhibit991.htm,0001108524-23-000046,8-K,2023-11-29,2026-09-20T06:44:48Z,ca916beb578c9bf18d01a5086c766f1ef1d81217dcc50c30a23e9a8b224650be,"Third Quarter GAAP Diluted Earnings per Share (""EPS"") of $1.25 and non-GAAP Diluted EPS of $2.11","reported value falls outside [2.05, 2.06]",open,,,,,,,,,91,,2026-09-20,navneet,false,false,,false,false,missed,section,Guidance,Salesforce delivered the following results for its fiscal second quarter:,Q3 FY24 | Full Year FY24,,,,yes,Excerpt states 'Non-GAAP Diluted Earnings per Share' with range '$2.05 - $2.06' matching the guidance claim exactly.
01H91VTS0016EEJ6QENJ941SR3,"Salesforce, Inc.",CRM,0001108524,"Salesforce, Inc. expects EPS non-GAAP of $8.04 per share to $8.06 per share for FY2024.","Non-GAAP Diluted Earnings per Share(2)
$2.05 - $2.06 $8.04 - $8.06",EPS non-GAAP,8.04,8.06,USD per share,FY2024,2023-08-30,https://www.sec.gov/Archives/edgar/data/1108524/000110852423000037/crm-q2fy24xexhibit991.htm,0001108524-23-000037,8-K,2023-08-30,2026-09-20T06:44:47Z,2dc591a2ff4a3b6ddc057a395e65fd5543f515eee1db243622f6ba32afea90d5,"Non-GAAP Diluted Earnings per Share(2)
$2.05 - $2.06 $8.04 - $8.06",8.22,2024-02-28,https://www.sec.gov/Archives/edgar/data/1108524/000110852424000002/crm-q4fy24xexhibit991.htm,0001108524-24-000002,8-K,2024-02-28,2026-09-20T06:44:49Z,99d02e164cf57707be75d84a81b706d252e3fbf4d09abf95729a28aca86d7d36,Fiscal 2024 GAAP diluted EPS was $4.20 and non-GAAP diluted EPS was $8.22.,"reported value falls outside [8.04, 8.06]",open,,,,,,,,,182,,2026-09-20,navneet,false,false,,false,false,missed,section,Guidance,Salesforce delivered the following results for its fiscal second quarter:,Q3 FY24 | Full Year FY24,,,,yes,"Excerpt shows 'Non-GAAP Diluted Earnings per Share' with range '$8.04 - $8.06' matching the metric, numbers, and unit specified for FY2024 guidance."
01HGC60600MKZBK4DA7C3WMK2G,"Salesforce, Inc.",CRM,0001108524,"Salesforce, Inc. expects EPS GAAP of $1.26 per share to $1.27 per share for Q4 FY2024.","GAAP Diluted Earnings per Share(2)
$1.26 - $1.27 $3.99 - $4.00",EPS GAAP,1.26,1.27,USD per share,Q4 FY2024,2023-11-29,https://www.sec.gov/Archives/edgar/data/1108524/000110852423000046/crm-q3fy24xexhibit991.htm,0001108524-23-000046,8-K,2023-11-29,2026-09-20T06:44:48Z,ca916beb578c9bf18d01a5086c766f1ef1d81217dcc50c30a23e9a8b224650be,"GAAP Diluted Earnings per Share(2)
$1.26 - $1.27 $3.99 - $4.00",1.47,2024-02-28,https://www.sec.gov/Archives/edgar/data/1108524/000110852424000002/crm-q4fy24xexhibit991.htm,0001108524-24-000002,8-K,2024-02-28,2026-09-20T06:44:49Z,99d02e164cf57707be75d84a81b706d252e3fbf4d09abf95729a28aca86d7d36,Earnings per Share: Fourth quarter GAAP diluted EPS was $1.47 and non-GAAP diluted EPS was $2.29.,"reported value falls outside [1.26, 1.27]",open,,,,,,,,,91,,2026-09-20,navneet,false,false,,false,false,missed,section,Guidance,Salesforce delivered the following results for its fiscal third quarter:,Q4 FY24 | Full Year FY24,,,,yes,"Excerpt states 'GAAP Diluted Earnings per Share' with range '$1.26 - $1.27' matching the guidance metric, number, and unit provided."
01HGC606003M3FCD5EQRR5ACBH,"Salesforce, Inc.",CRM,0001108524,"Salesforce, Inc. expects EPS GAAP of $3.99 per share to $4 per share for FY2024.","GAAP Diluted Earnings per Share(2)
$1.26 - $1.27 $3.99 - $4.00",EPS GAAP,3.99,4.0,USD per share,FY2024,2023-11-29,https://www.sec.gov/Archives/edgar/data/1108524/000110852423000046/crm-q3fy24xexhibit991.htm,0001108524-23-000046,8-K,2023-11-29,2026-09-20T06:44:48Z,ca916beb578c9bf18d01a5086c766f1ef1d81217dcc50c30a23e9a8b224650be,"GAAP Diluted Earnings per Share(2)
$1.26 - $1.27 $3.99 - $4.00",4.2,2024-02-28,https://www.sec.gov/Archives/edgar/data/1108524/000110852424000002/crm-q4fy24xexhibit991.htm,0001108524-24-000002,8-K,2024-02-28,2026-09-20T06:44:49Z,99d02e164cf57707be75d84a81b706d252e3fbf4d09abf95729a28aca86d7d36,Fiscal 2024 GAAP diluted EPS was $4.20 and non-GAAP diluted EPS was $8.22.,"reported value falls outside [3.99, 4]",open,,,,,,,,,91,,2026-09-20,navneet,false,false,,false,false,missed,section,Guidance,Salesforce delivered the following results for its fiscal third quarter:,Q4 FY24 | Full Year FY24,,,,yes,Excerpt shows 'GAAP Diluted Earnings per Share' with range '$3.99 - $4.00' matching the guidance for FY2024.
01HGC606004YNCP0PMG9EXE2MC,"Salesforce, Inc.",CRM,0001108524,"Salesforce, Inc. expects EPS non-GAAP of $2.25 per share to $2.26 per share for Q4 FY2024.","Non-GAAP Diluted Earnings per Share(2)
$2.25 - $2.26 $8.18 - $8.19",EPS non-GAAP,2.25,2.26,USD per share,Q4 FY2024,2023-11-29,https://www.sec.gov/Archives/edgar/data/1108524/000110852423000046/crm-q3fy24xexhibit991.htm,0001108524-23-000046,8-K,2023-11-29,2026-09-20T06:44:48Z,ca916beb578c9bf18d01a5086c766f1ef1d81217dcc50c30a23e9a8b224650be,"Non-GAAP Diluted Earnings per Share(2)
$2.25 - $2.26 $8.18 - $8.19",2.29,2024-02-28,https://www.sec.gov/Archives/edgar/data/1108524/000110852424000002/crm-q4fy24xexhibit991.htm,0001108524-24-000002,8-K,2024-02-28,2026-09-20T06:44:49Z,99d02e164cf57707be75d84a81b706d252e3fbf4d09abf95729a28aca86d7d36,Earnings per Share: Fourth quarter GAAP diluted EPS was $1.47 and non-GAAP diluted EPS was $2.29.,"reported value falls outside [2.25, 2.26]",open,,,,,,,,,91,,2026-09-20,navneet,false,false,,false,false,missed,section,Guidance,Salesforce delivered the following results for its fiscal third quarter:,Q4 FY24 | Full Year FY24,,,,yes,"Excerpt states 'Non-GAAP Diluted Earnings per Share' with range '$2.25 - $2.26' matching the guidance metric, number, and unit provided."
01HGC60600J1FV7YFE32T4FZNZ,"Salesforce, Inc.",CRM,0001108524,"Salesforce, Inc. expects EPS non-GAAP of $8.18 per share to $8.19 per share for FY2024.","Non-GAAP Diluted Earnings per Share(2)
$2.25 - $2.26 $8.18 - $8.19",EPS non-GAAP,8.18,8.19,USD per share,FY2024,2023-11-29,https://www.sec.gov/Archives/edgar/data/1108524/000110852423000046/crm-q3fy24xexhibit991.htm,0001108524-23-000046,8-K,2023-11-29,2026-09-20T06:44:48Z,ca916beb578c9bf18d01a5086c766f1ef1d81217dcc50c30a23e9a8b224650be,"Non-GAAP Diluted Earnings per Share(2)
$2.25 - $2.26 $8.18 - $8.19",8.22,2024-02-28,https://www.sec.gov/Archives/edgar/data/1108524/000110852424000002/crm-q4fy24xexhibit991.htm,0001108524-24-000002,8-K,2024-02-28,2026-09-20T06:44:49Z,99d02e164cf57707be75d84a81b706d252e3fbf4d09abf95729a28aca86d7d36,Fiscal 2024 GAAP diluted EPS was $4.20 and non-GAAP diluted EPS was $8.22.,"reported value falls outside [8.18, 8.19]",open,,,,,,,,,91,,2026-09-20,navneet,false,false,,false,false,missed,section,Guidance,Salesforce delivered the following results for its fiscal third quarter:,Q4 FY24 | Full Year FY24,,,,yes,Excerpt shows 'Non-GAAP Diluted Earnings per Share' with range '$8.18 - $8.19' matching the guidance claim exactly.
01HQPG5K0051E9BS1HG3YZXGBF,"Salesforce, Inc.",CRM,0001108524,"Salesforce, Inc. expects revenue of $9.12 billion to $9.17 billion for Q1 FY2025.","Total Revenue
$9.12 - $9.17 Billion $37.7 - $38.0 Billion",revenue,9.12,9.17,USD billions,Q1 FY2025,2024-02-28,https://www.sec.gov/Archives/edgar/data/1108524/000110852424000002/crm-q4fy24xexhibit991.htm,0001108524-24-000002,8-K,2024-02-28,2026-09-20T06:44:49Z,99d02e164cf57707be75d84a81b706d252e3fbf4d09abf95729a28aca86d7d36,"Total Revenue
$9.12 - $9.17 Billion $37.7 - $38.0 Billion",9.13,2024-05-29,https://www.sec.gov/Archives/edgar/data/1108524/000110852424000007/crm-q1fy25xexhibit991.htm,0001108524-24-000007,8-K,2024-05-29,2026-09-20T06:44:50Z,e2c579b27fd55c4c7789e9df73bf684c5049ea0d6b53c8688687ef2301ce6a89,"First Quarter Revenue of $9.13 Billion, up 11% Year-Over-Year (""Y/Y""), up 11% in Constant Currency (""CC""), inclusive of Subscription & Support Revenue of $8.59 Billion, up 12% Y/Y","reported value falls outside [9.12, 9.17]",open,,,,,,,,,91,,2026-09-20,navneet,false,false,,false,false,met,section,Guidance,,Q1 FY25 | Full Year FY25,,,,yes,"Excerpt states 'Total Revenue $9.12 - $9.17 Billion' which matches the metric, number range, and unit exactly; period Q1 FY2025 is implied as the first line item in guidance presentation."
01HQPG5K00G8Z25426JXDFH1D2,"Salesforce, Inc.",CRM,0001108524,"Salesforce, Inc. expects EPS GAAP of $1.42 per share to $1.44 per share for Q1 FY2025.","GAAP Diluted Earnings per Share(2)
$1.42 - $1.44 $6.07 - $6.15",EPS GAAP,1.42,1.44,USD per share,Q1 FY2025,2024-02-28,https://www.sec.gov/Archives/edgar/data/1108524/000110852424000002/crm-q4fy24xexhibit991.htm,0001108524-24-000002,8-K,2024-02-28,2026-09-20T06:44:49Z,99d02e164cf57707be75d84a81b706d252e3fbf4d09abf95729a28aca86d7d36,"GAAP Diluted Earnings per Share(2)
$1.42 - $1.44 $6.07 - $6.15",,,,,,,,,,"reported value falls outside [1.42, 1.44]",open,,,,,,,,,,,2026-09-20,navneet,false,false,,false,false,unresolved,section,Guidance,,Q1 FY25 | Full Year FY25,the model found no line reporting that metric for that period,,,yes,"Excerpt states 'GAAP Diluted Earnings per Share' with range '$1.42 - $1.44' matching the guidance metric, number, and unit provided."
01HQPG5K00XTCD186T4QWJHN79,"Salesforce, Inc.",CRM,0001108524,"Salesforce, Inc. expects EPS GAAP of $6.07 per share to $6.15 per share for FY2025.","GAAP Diluted Earnings per Share(2)
$1.42 - $1.44 $6.07 - $6.15",EPS GAAP,6.07,6.15,USD per share,FY2025,2024-02-28,https://www.sec.gov/Archives/edgar/data/1108524/000110852424000002/crm-q4fy24xexhibit991.htm,0001108524-24-000002,8-K,2024-02-28,2026-09-20T06:44:49Z,99d02e164cf57707be75d84a81b706d252e3fbf4d09abf95729a28aca86d7d36,"GAAP Diluted Earnings per Share(2)
$1.42 - $1.44 $6.07 - $6.15",,,,,,,,,,"reported value falls outside [6.07, 6.15]",open,,,,,,,,,,,2026-09-20,navneet,false,false,,false,false,unresolved,section,Guidance,,Q1 FY25 | Full Year FY25,the matching release has no line naming the metric with a number,,,yes,"Excerpt shows GAAP Diluted Earnings per Share of $6.07 - $6.15, matching the metric, range, and unit exactly; the right column indicates this is the full-year guidance."
01HQPG5K00PR10TZBBV1V5HDHW,"Salesforce, Inc.",CRM,0001108524,"Salesforce, Inc. expects EPS non-GAAP of $2.37 per share to $2.39 per share for Q1 FY2025.","Non-GAAP Diluted Earnings per Share(2)
$2.37 - $2.39 $9.68 - $9.76",EPS non-GAAP,2.37,2.39,USD per share,Q1 FY2025,2024-02-28,https://www.sec.gov/Archives/edgar/data/1108524/000110852424000002/crm-q4fy24xexhibit991.htm,0001108524-24-000002,8-K,2024-02-28,2026-09-20T06:44:49Z,99d02e164cf57707be75d84a81b706d252e3fbf4d09abf95729a28aca86d7d36,"Non-GAAP Diluted Earnings per Share(2)
$2.37 - $2.39 $9.68 - $9.76",,,,,,,,,,"reported value falls outside [2.37, 2.39]",open,,,,,,,,,,,2026-09-20,navneet,false,false,,false,false,unresolved,section,Guidance,,Q1 FY25 | Full Year FY25,the model found no line reporting that metric for that period,,,yes,"Excerpt states Non-GAAP Diluted Earnings per Share of $2.37 - $2.39, matching the metric, range, and unit exactly."
01HQPG5K009SRKHN6XB81ZEZ8B,"Salesforce, Inc.",CRM,0001108524,"Salesforce, Inc. expects EPS non-GAAP of $9.68 per share to $9.76 per share for FY2025.","Non-GAAP Diluted Earnings per Share(2)
$2.37 - $2.39 $9.68 - $9.76",EPS non-GAAP,9.68,9.76,USD per share,FY2025,2024-02-28,https://www.sec.gov/Archives/edgar/data/1108524/000110852424000002/crm-q4fy24xexhibit991.htm,0001108524-24-000002,8-K,2024-02-28,2026-09-20T06:44:49Z,99d02e164cf57707be75d84a81b706d252e3fbf4d09abf95729a28aca86d7d36,"Non-GAAP Diluted Earnings per Share(2)
$2.37 - $2.39 $9.68 - $9.76",,,,,,,,,,"reported value falls outside [9.68, 9.76]",open,,,,,,,,,,,2026-09-20,navneet,false,false,,false,false,unresolved,section,Guidance,,Q1 FY25 | Full Year FY25,the matching release has no line naming the metric with a number,,,yes,"Excerpt shows 'Non-GAAP Diluted Earnings per Share' with range '$9.68 - $9.76' matching the metric, numbers, and unit provided; context indicates this is FY2025 guidance."
01HZ0TB000GX80VR108QSKBJJN,"Salesforce, Inc.",CRM,0001108524,"Salesforce, Inc. expects EPS GAAP of $1.31 per share to $1.33 per share for Q2 FY2025.","GAAP Diluted Earnings per Share(3)
$1.31 - $1.33 $6.04 - $6.12",EPS GAAP,1.31,1.33,USD per share,Q2 FY2025,2024-05-29,https://www.sec.gov/Archives/edgar/data/1108524/000110852424000007/crm-q1fy25xexhibit991.htm,0001108524-24-000007,8-K,2024-05-29,2026-09-20T06:44:50Z,e2c579b27fd55c4c7789e9df73bf684c5049ea0d6b53c8688687ef2301ce6a89,"GAAP Diluted Earnings per Share(3)
$1.31 - $1.33 $6.04 - $6.12",,,,,,,,,,"reported value falls outside [1.31, 1.33]",open,,,,,,,,,,,2026-09-20,navneet,false,false,,false,false,unresolved,section,Guidance,,Q2 FY25 | Full Year FY25,the model found no line reporting that metric for that period,,,yes,"Excerpt states 'GAAP Diluted Earnings per Share' with range '$1.31 - $1.33' matching the guidance metric, number, and unit provided."
01HZ0TB000ZSEFWKX3GTF933V8,"Salesforce, Inc.",CRM,0001108524,"Salesforce, Inc. expects EPS GAAP of $6.04 per share to $6.12 per share for FY2025.","GAAP Diluted Earnings per Share(3)
$1.31 - $1.33 $6.04 - $6.12",EPS GAAP,6.04,6.12,USD per share,FY2025,2024-05-29,https://www.sec.gov/Archives/edgar/data/1108524/000110852424000007/crm-q1fy25xexhibit991.htm,0001108524-24-000007,8-K,2024-05-29,2026-09-20T06:44:50Z,e2c579b27fd55c4c7789e9df73bf684c5049ea0d6b53c8688687ef2301ce6a89,"GAAP Diluted Earnings per Share(3)
$1.31 - $1.33 $6.04 - $6.12",,,,,,,,,,"reported value falls outside [6.04, 6.12]",open,,,,,,,,,,,2026-09-20,navneet,false,false,,false,false,unresolved,section,Guidance,,Q2 FY25 | Full Year FY25,the matching release has no line naming the metric with a number,,,yes,Excerpt shows 'GAAP Diluted Earnings per Share' with range '$6.04 - $6.12' matching the guidance claim exactly.
01HZ0TB000Q00QMW0CXDFVW27T,"Salesforce, Inc.",CRM,0001108524,"Salesforce, Inc. expects EPS non-GAAP of $2.34 per share to $2.36 per share for Q2 FY2025.","Non-GAAP Diluted Earnings per Share(3)
$2.34 - $2.36 $9.86 - $9.94",EPS non-GAAP,2.34,2.36,USD per share,Q2 FY2025,2024-05-29,https://www.sec.gov/Archives/edgar/data/1108524/000110852424000007/crm-q1fy25xexhibit991.htm,0001108524-24-000007,8-K,2024-05-29,2026-09-20T06:44:50Z,e2c579b27fd55c4c7789e9df73bf684c5049ea0d6b53c8688687ef2301ce6a89,"Non-GAAP Diluted Earnings per Share(3)
$2.34 - $2.36 $9.86 - $9.94",,,,,,,,,,"reported value falls outside [2.34, 2.36]",open,,,,,,,,,,,2026-09-20,navneet,false,false,,false,false,unresolved,section,Guidance,,Q2 FY25 | Full Year FY25,the model found no line reporting that metric for that period,,,yes,"Excerpt states Non-GAAP Diluted Earnings per Share range of $2.34 - $2.36, matching the metric, numbers, and unit exactly; the first range corresponds to Q2 FY2025 guidance."
01HZ0TB000NWG5TVW7AHPEWYZY,"Salesforce, Inc.",CRM,0001108524,"Salesforce, Inc. expects EPS non-GAAP of $9.86 per share to $9.94 per share for FY2025.","Non-GAAP Diluted Earnings per Share(3)
$2.34 - $2.36 $9.86 - $9.94",EPS non-GAAP,9.86,9.94,USD per share,FY2025,2024-05-29,https://www.sec.gov/Archives/edgar/data/1108524/000110852424000007/crm-q1fy25xexhibit991.htm,0001108524-24-000007,8-K,2024-05-29,2026-09-20T06:44:50Z,e2c579b27fd55c4c7789e9df73bf684c5049ea0d6b53c8688687ef2301ce6a89,"Non-GAAP Diluted Earnings per Share(3)
$2.34 - $2.36 $9.86 - $9.94",,,,,,,,,,"reported value falls outside [9.86, 9.94]",open,,,,,,,,,,,2026-09-20,navneet,false,false,,false,false,unresolved,section,Guidance,,Q2 FY25 | Full Year FY25,the matching release has no line naming the metric with a number,,,yes,"Excerpt shows 'Non-GAAP Diluted Earnings per Share' with range '$9.86 - $9.94' matching the metric, number, and unit provided for FY2025."
01J6B4GD00M6QPSX9NXEPVS4SP,"Salesforce, Inc.",CRM,0001108524,"Salesforce, Inc. expects EPS GAAP of $1.41 per share to $1.43 per share for Q3 FY2025.","GAAP Diluted Earnings per Share(3)
$1.41 - $1.43 $6.05 - $6.13",EPS GAAP,1.41,1.43,USD per share,Q3 FY2025,2024-08-28,https://www.sec.gov/Archives/edgar/data/1108524/000110852424000020/crm-q2fy25xexhibit991.htm,0001108524-24-000020,8-K,2024-08-28,2026-09-20T06:44:52Z,4890faa10e3d65e8421010a17e4780cc87171e57a2d4fb3d2314e52bd8b1df85,"GAAP Diluted Earnings per Share(3)
$1.41 - $1.43 $6.05 - $6.13",,,,,,,,,,"reported value falls outside [1.41, 1.43]",open,,,,,,,,,,,2026-09-20,navneet,false,false,,false,false,unresolved,section,Guidance,,Q3 FY25 | Full Year FY25,the matching release has no line naming the metric with a number,,,yes,"Excerpt states 'GAAP Diluted Earnings per Share' with range '$1.41 - $1.43' matching the guidance metric, number, and unit provided."
01J6B4GD00A3PWD6X4VX0QC8BC,"Salesforce, Inc.",CRM,0001108524,"Salesforce, Inc. expects EPS GAAP of $6.05 per share to $6.13 per share for FY2025.","GAAP Diluted Earnings per Share(3)
$1.41 - $1.43 $6.05 - $6.13",EPS GAAP,6.05,6.13,USD per share,FY2025,2024-08-28,https://www.sec.gov/Archives/edgar/data/1108524/000110852424000020/crm-q2fy25xexhibit991.htm,0001108524-24-000020,8-K,2024-08-28,2026-09-20T06:44:52Z,4890faa10e3d65e8421010a17e4780cc87171e57a2d4fb3d2314e52bd8b1df85,"GAAP Diluted Earnings per Share(3)
$1.41 - $1.43 $6.05 - $6.13",,,,,,,,,,"reported value falls outside [6.05, 6.13]",open,,,,,,,,,,,2026-09-20,navneet,false,false,,false,false,unresolved,section,Guidance,,Q3 FY25 | Full Year FY25,the matching release has no line naming the metric with a number,,,yes,"Excerpt shows GAAP Diluted Earnings per Share of $6.05 - $6.13, matching the metric, range, and unit exactly; the second column appears to represent FY2025 guidance."
01J6B4GD00N3B4QACQ1WVDFQSA,"Salesforce, Inc.",CRM,0001108524,"Salesforce, Inc. expects EPS non-GAAP of $2.42 per share to $2.44 per share for Q3 FY2025.","Non-GAAP Diluted Earnings per Share(3)
$2.42 - $2.44 $10.03 - $10.11",EPS non-GAAP,2.42,2.44,USD per share,Q3 FY2025,2024-08-28,https://www.sec.gov/Archives/edgar/data/1108524/000110852424000020/crm-q2fy25xexhibit991.htm,0001108524-24-000020,8-K,2024-08-28,2026-09-20T06:44:52Z,4890faa10e3d65e8421010a17e4780cc87171e57a2d4fb3d2314e52bd8b1df85,"Non-GAAP Diluted Earnings per Share(3)
$2.42 - $2.44 $10.03 - $10.11",,,,,,,,,,"reported value falls outside [2.42, 2.44]",open,,,,,,,,,,,2026-09-20,navneet,false,false,,false,false,unresolved,section,Guidance,,Q3 FY25 | Full Year FY25,the matching release has no line naming the metric with a number,,,yes,Excerpt states 'Non-GAAP Diluted Earnings per Share' with range '$2.42 - $2.44' matching the guidance provided.
01J6B4GD00WBKA0HJF8ZP1PE37,"Salesforce, Inc.",CRM,0001108524,"Salesforce, Inc. expects EPS non-GAAP of $10.03 per share to $10.11 per share for FY2025.","Non-GAAP Diluted Earnings per Share(3)
$2.42 - $2.44 $10.03 - $10.11",EPS non-GAAP,10.03,10.11,USD per share,FY2025,2024-08-28,https://www.sec.gov/Archives/edgar/data/1108524/000110852424000020/crm-q2fy25xexhibit991.htm,0001108524-24-000020,8-K,2024-08-28,2026-09-20T06:44:52Z,4890faa10e3d65e8421010a17e4780cc87171e57a2d4fb3d2314e52bd8b1df85,"Non-GAAP Diluted Earnings per Share(3)
$2.42 - $2.44 $10.03 - $10.11",,,,,,,,,,"reported value falls outside [10.03, 10.11]",open,,,,,,,,,,,2026-09-20,navneet,false,false,,false,false,unresolved,section,Guidance,,Q3 FY25 | Full Year FY25,the matching release has no line naming the metric with a number,,,yes,"Excerpt shows 'Non-GAAP Diluted Earnings per Share' with range '$10.03 - $10.11' matching the metric, numbers, and unit specified for FY2025 guidance."
01JMZRV700PE7D5T4TVZ8EB5XH,"Salesforce, Inc.",CRM,0001108524,"Salesforce, Inc. expects revenue of $9.71 billion to $9.76 billion for Q1 FY2026.","Total revenue
$9.71 - $9.76 billion $40.5 - $40.9 billion",revenue,9.71,9.76,USD billions,Q1 FY2026,2025-02-26,https://www.sec.gov/Archives/edgar/data/1108524/000110852425000002/crm-q4fy25xexhibit991.htm,0001108524-25-000002,8-K,2025-02-26,2026-09-20T06:44:56Z,3837bb129e89a5a00d26d2aa03ee07192420f45bbee522b011bb9317b950a5d7,"Total revenue
$9.71 - $9.76 billion $40.5 - $40.9 billion",9.8,2025-05-28,https://www.sec.gov/Archives/edgar/data/1108524/000110852425000027/crm-q1fy26xexhibit991.htm,0001108524-25-000027,8-K,2025-05-28,2026-09-20T06:44:58Z,baabf4093c0bdec537a29c3d99e3e68e5aa41e439f87a9698a6b2f9c36d0c5c9,"First quarter revenue of $9.8 billion, up 8% both year-over-year (""Y/Y"") and in constant currency (""CC"")","reported value falls outside [9.71, 9.76]",open,,,,,,,,,91,,2026-09-20,navneet,false,false,,false,false,missed,section,Guidance,,Q1 FY26 | Full Year FY26,,,,yes,"Excerpt states 'Total revenue $9.71 - $9.76 billion' which matches the metric, number range, and unit exactly; period Q1 FY2026 is implied as the first quarter guidance in the context of forward guida"
01JMZRV700PP7SM2TH9AY5TS8A,"Salesforce, Inc.",CRM,0001108524,"Salesforce, Inc. expects EPS GAAP of $1.49 per share to $1.51 per share for Q1 FY2026.","GAAP diluted net income per share(2)
$1.49 - $1.51 $6.95 - $7.03",EPS GAAP,1.49,1.51,USD per share,Q1 FY2026,2025-02-26,https://www.sec.gov/Archives/edgar/data/1108524/000110852425000002/crm-q4fy25xexhibit991.htm,0001108524-25-000002,8-K,2025-02-26,2026-09-20T06:44:56Z,3837bb129e89a5a00d26d2aa03ee07192420f45bbee522b011bb9317b950a5d7,"GAAP diluted net income per share(2)
$1.49 - $1.51 $6.95 - $7.03",,,,,,,,,,"reported value falls outside [1.49, 1.51]",open,,,,,,,,,,,2026-09-20,navneet,false,false,,false,false,unresolved,section,Guidance,,Q1 FY26 | Full Year FY26,the matching release has no line naming the metric with a number,,,yes,"Excerpt states GAAP diluted net income per share of $1.49 - $1.51, matching the guidance metric, number range, and unit exactly."
01JMZRV700PXTF1HE0S6GWMMHS,"Salesforce, Inc.",CRM,0001108524,"Salesforce, Inc. expects EPS GAAP of $6.95 per share to $7.03 per share for FY2026.","GAAP diluted net income per share(2)
$1.49 - $1.51 $6.95 - $7.03",EPS GAAP,6.95,7.03,USD per share,FY2026,2025-02-26,https://www.sec.gov/Archives/edgar/data/1108524/000110852425000002/crm-q4fy25xexhibit991.htm,0001108524-25-000002,8-K,2025-02-26,2026-09-20T06:44:56Z,3837bb129e89a5a00d26d2aa03ee07192420f45bbee522b011bb9317b950a5d7,"GAAP diluted net income per share(2)
$1.49 - $1.51 $6.95 - $7.03",,,,,,,,,,"reported value falls outside [6.95, 7.03]",open,,,,,,,,,,,2026-09-20,navneet,false,false,,false,false,unresolved,section,Guidance,,Q1 FY26 | Full Year FY26,the model found no line reporting that metric for that period,,,yes,"Excerpt shows GAAP diluted net income per share of $6.95 - $7.03, matching the metric, range, unit, and implicitly the FY2026 period from context."
01JMZRV700MWZTB67QF0NKZQ01,"Salesforce, Inc.",CRM,0001108524,"Salesforce, Inc. expects EPS non-GAAP of $11.09 per share to $11.17 per share for FY2026.","Non-GAAP diluted net income per share(2)
$2.53 - $2.55 $11.09 - $11.17",EPS non-GAAP,11.09,11.17,USD per share,FY2026,2025-02-26,https://www.sec.gov/Archives/edgar/data/1108524/000110852425000002/crm-q4fy25xexhibit991.htm,0001108524-25-000002,8-K,2025-02-26,2026-09-20T06:44:56Z,3837bb129e89a5a00d26d2aa03ee07192420f45bbee522b011bb9317b950a5d7,"Non-GAAP diluted net income per share(2)
$2.53 - $2.55 $11.09 - $11.17",,,,,,,,,,"reported value falls outside [11.09, 11.17]",open,,,,,,,,,,,2026-09-20,navneet,false,false,,false,false,unresolved,section,Guidance,,Q1 FY26 | Full Year FY26,the model found no line reporting that metric for that period,,,yes,"Excerpt shows 'Non-GAAP diluted net income per share' with range '$11.09 - $11.17' matching the metric, numbers, and unit provided; period FY2026 is implied by context of guidance data."
01JWA30M00X2K61G3R7N5G18CP,"Salesforce, Inc.",CRM,0001108524,"Salesforce, Inc. expects EPS non-GAAP of $11.27 per share to $11.33 per share for FY2026.","Diluted net income per share
$7.15 - $7.21 $11.27 - $11.33",EPS non-GAAP,11.27,11.33,USD per share,FY2026,2025-05-28,https://www.sec.gov/Archives/edgar/data/1108524/000110852425000027/crm-q1fy26xexhibit991.htm,0001108524-25-000027,8-K,2025-05-28,2026-09-20T06:44:58Z,baabf4093c0bdec537a29c3d99e3e68e5aa41e439f87a9698a6b2f9c36d0c5c9,"Diluted net income per share
$7.15 - $7.21 $11.27 - $11.33",,,,,,,,,,"reported value falls outside [11.27, 11.33]",open,,,,,,,,,,,2026-09-20,navneet,false,false,,false,false,unresolved,section,Full Year FY26 Guidance,Salesforce's guidance includes GAAP and non-GAAP financial measures. The following tables summarize Salesforce's guidance for the second quarter fiscal 2026 and full-year fiscal 2026:,,the model found no line reporting that metric for that period,,,yes,"The excerpt shows '$11.27 - $11.33' which matches the given range for non-GAAP EPS, with the first row being GAAP and the second row being non-GAAP per standard SEC filing format."
01K46DZ200MNZ207WYV41CX8ST,"Salesforce, Inc.",CRM,0001108524,"Salesforce, Inc. expects EPS non-GAAP of $11.33 per share to $11.37 per share for FY2026.","Diluted net income per share
$6.99 - $7.03 $11.33 - $11.37",EPS non-GAAP,11.33,11.37,USD per share,FY2026,2025-09-03,https://www.sec.gov/Archives/edgar/data/1108524/000110852425000083/crm-q2fy26xexhibit991.htm,0001108524-25-000083,8-K,2025-09-03,2026-09-20T06:45:00Z,8e631388bbf3df3b8e70cad4548d6632d7ba2c588ebff6c596c7bdf93d0b6f84,"Diluted net income per share
$6.99 - $7.03 $11.33 - $11.37",,,,,,,,,,"reported value falls outside [11.33, 11.37]",open,,,,,,,,,,,2026-09-20,navneet,false,false,,false,false,unresolved,section,Full Year FY26 Guidance,Salesforce's guidance includes GAAP and non-GAAP financial measures. The following tables summarize Salesforce's guidance for the third quarter fiscal 2026 and full-year fiscal 2026:,,the model found no line reporting that metric for that period,,,yes,"Excerpt shows '$11.33 - $11.37' which matches the given range for non-GAAP EPS, with the second row representing the non-GAAP metric as is standard in SEC filings where GAAP results are shown first."
01KBGR4F00MV80T6MM4PTMZ2AY,"Salesforce, Inc.",CRM,0001108524,"Salesforce, Inc. expects revenue of $11.13 billion to $11.23 billion for Q4 FY2026.","Revenue
$11.13 - $11.23 billion",revenue,11.13,11.23,USD billions,Q4 FY2026,2025-12-03,https://www.sec.gov/Archives/edgar/data/1108524/000110852425000234/crm-q3fy26xexhibit991.htm,0001108524-25-000234,8-K,2025-12-03,2026-09-20T06:45:02Z,d722802fc96f564c4f82ecefb8beab77b837d679897f4053cf9627dc11d8a4e5,"Revenue
$11.13 - $11.23 billion",11.2,2026-02-25,https://www.sec.gov/Archives/edgar/data/1108524/000110852426000056/crm-q4fy26xexhibit991.htm,0001108524-26-000056,8-K,2026-02-25,2026-09-20T07:25:46Z,52944bccb712946c9b86e8a1f5a4ae9cab2f449ca9503bec89e75e70931ac603,"Fourth quarter revenue of $11.2 billion, up 12% Y/Y and 10% in CC, including $399 million Informatica contribution","reported value falls outside [11.13, 11.23]",open,,,,,,,,,84,,2026-09-20,navneet,false,false,,false,false,met,section,Q4 FY26 Guidance,Salesforce's guidance includes GAAP and non-GAAP financial measures. The following tables summarize Salesforce's guidance for the fourth quarter fiscal 2026 and full-year fiscal 2026:,,,,,yes,Excerpt states revenue guidance of $11.13 - $11.23 billion matching the provided range exactly.
01KBGR4F0069ZKDQA3Y9MJARRG,"Salesforce, Inc.",CRM,0001108524,"Salesforce, Inc. expects EPS non-GAAP of $11.75 per share to $11.77 per share for FY2026.","Diluted net income per share
$7.22 - $7.24 $11.75 - $11.77",EPS non-GAAP,11.75,11.77,USD per share,FY2026,2025-12-03,https://www.sec.gov/Archives/edgar/data/1108524/000110852425000234/crm-q3fy26xexhibit991.htm,0001108524-25-000234,8-K,2025-12-03,2026-09-20T06:45:02Z,d722802fc96f564c4f82ecefb8beab77b837d679897f4053cf9627dc11d8a4e5,"Diluted net income per share
$7.22 - $7.24 $11.75 - $11.77",,,,,,,,,,"reported value falls outside [11.75, 11.77]",open,,,,,,,,,,,2026-09-20,navneet,false,false,,false,false,unresolved,section,Full Year FY26 Guidance,,,the model found no line reporting that metric for that period,,,yes,"Excerpt shows '$11.75 - $11.77' which matches the given range for non-GAAP EPS, with the second row representing the non-GAAP metric as is standard in SEC filings where GAAP results are shown first."
01KJ91GV00CZGMDWV8JA7YM7G6,"Salesforce, Inc.",CRM,0001108524,"Salesforce, Inc. expects revenue of $11.03 billion to $11.08 billion for Q1 FY2027.","Revenue
$11.03 - $11.08 billion",revenue,11.03,11.08,USD billions,Q1 FY2027,2026-02-25,https://www.sec.gov/Archives/edgar/data/1108524/000110852426000056/crm-q4fy26xexhibit991.htm,0001108524-26-000056,8-K,2026-02-25,2026-09-20T07:25:46Z,52944bccb712946c9b86e8a1f5a4ae9cab2f449ca9503bec89e75e70931ac603,"Revenue
$11.03 - $11.08 billion",11.1,2026-05-27,https://www.sec.gov/Archives/edgar/data/1108524/000110852426000125/crm-q1fy27xexhibit991.htm,0001108524-26-000125,8-K,2026-05-27,2026-09-20T07:25:49Z,07653b4c191fc126ff92e83e3a7c73ab6d4e31bbdae4ecd59844d8f6751695c3,"First quarter revenue of $11.1 billion, up 13% Y/Y and 12% in CC, including $444 million Informatica contribution","reported value falls outside [11.03, 11.08]",open,,,,,,,,,91,,2026-09-20,navneet,false,false,,false,false,missed,section,Q1 FY27 Guidance,Salesforce's guidance includes GAAP and non-GAAP financial measures. The following tables summarize Salesforce's guidance for the first quarter fiscal 2027 and full-year fiscal 2027:,,,,,yes,"Excerpt states revenue guidance of $11.03 - $11.08 billion matching the specified metric, number range, and unit exactly."
01KJ91GV00WF4T9P56EA6FV15E,"Salesforce, Inc.",CRM,0001108524,"Salesforce, Inc. expects EPS non-GAAP of $13.11 per share to $13.19 per share for FY2027.","Diluted net income per share
$7.85 - $7.93 $13.11 - $13.19",EPS non-GAAP,13.11,13.19,USD per share,FY2027,2026-02-25,https://www.sec.gov/Archives/edgar/data/1108524/000110852426000056/crm-q4fy26xexhibit991.htm,0001108524-26-000056,8-K,2026-02-25,2026-09-20T07:25:46Z,52944bccb712946c9b86e8a1f5a4ae9cab2f449ca9503bec89e75e70931ac603,"Diluted net income per share
$7.85 - $7.93 $13.11 - $13.19",,,,,,,,,,"reported value falls outside [13.11, 13.19]",open,,,,,,,,,,,2026-09-20,navneet,false,false,,false,false,unresolved,section,Full Year FY27 Guidance,,,no later 8-K release for that period found,,,yes,"The excerpt shows the range '$13.11 - $13.19' which matches the given numbers exactly, and this appears to be non-GAAP EPS based on the context of two EPS lines being presented (the first being GAAP d"
01KSKBP800W76F3VY9F4WCJJT8,"Salesforce, Inc.",CRM,0001108524,"Salesforce, Inc. expects EPS non-GAAP of $14.06 per share to $14.12 per share for FY2027.","Diluted net income per share
$7.93 - $7.99 $14.06 - $14.12",EPS non-GAAP,14.06,14.12,USD per share,FY2027,2026-05-27,https://www.sec.gov/Archives/edgar/data/1108524/000110852426000125/crm-q1fy27xexhibit991.htm,0001108524-26-000125,8-K,2026-05-27,2026-09-20T07:25:49Z,07653b4c191fc126ff92e83e3a7c73ab6d4e31bbdae4ecd59844d8f6751695c3,"Diluted net income per share
$7.93 - $7.99 $14.06 - $14.12",,,,,,,,,,"reported value falls outside [14.06, 14.12]",open,,,,,,,,,,,2026-09-20,navneet,false,false,,false,false,unresolved,section,Full Year FY27 Guidance,,,no later 8-K release for that period found,,,yes,"The excerpt shows '$14.06 - $14.12' which matches the given range for non-GAAP EPS, and the context indicates this is forward guidance (presented alongside a lower GAAP range of $7.93 - $7.99)."
01D530010091KRKY90W2TX101R,"Salesforce, Inc.",CRM,0001108524,"Salesforce, Inc. expects revenue of $26 billion to $28 billion for FY2023.","“This is just the beginning, which is why we're now targeting $26 to $28 billion in revenue by FY23 – organically doubling our revenue again in the next four years.”",revenue,26.0,28.0,USD billions,FY2023,2019-03-04,https://www.sec.gov/Archives/edgar/data/1108524/000110852419000007/crm-q4fy19xexhibit991.htm,0001108524-19-000007,8-K,2019-03-04,2026-09-20T06:44:05Z,502655adec28dacc769a73f88d0fc6ae4254945110135de9abb450da326dd5e7,"“This is just the beginning, which is why we're now targeting $26 to $28 billion in revenue by FY23 – organically doubling our revenue again in the next four years.”",,,,,,,,,,"reported value falls outside [26, 28]",open,,,,,,,,,,,2026-09-20,navneet,false,false,,false,false,unresolved,sentence,,,,no later 8-K release for that period found,,,yes,"Excerpt states 'targeting $26 to $28 billion in revenue by FY23' which matches the metric (revenue), period (FY2023), and range ($26-28 billion USD) exactly."
01D53001001X09F5AE4FHK6EZG,"Salesforce, Inc.",CRM,0001108524,"Salesforce, Inc. expects tax rate of 40% for FY2020.","The company's GAAP tax provision is expected to be approximately 40% for the three months ended April 30, 2019 and approximately 40% for the year ended January 31, 2020.",tax rate,40.0,40.0,percent,FY2020,2019-03-04,https://www.sec.gov/Archives/edgar/data/1108524/000110852419000007/crm-q4fy19xexhibit991.htm,0001108524-19-000007,8-K,2019-03-04,2026-09-20T06:44:05Z,502655adec28dacc769a73f88d0fc6ae4254945110135de9abb450da326dd5e7,"The company's GAAP tax provision is expected to be approximately 40% for the three months ended April 30, 2019 and approximately 40% for the year ended January 31, 2020.",,,,,,,,,,reported value differs from 40 by more than 0.5%,open,,,,,,,,,,,2026-09-20,navneet,false,false,,false,false,unresolved,sentence,,,,the model found no line reporting that metric for that period,,,yes,"Excerpt states 'approximately 40% for the year ended January 31, 2020' which matches the FY2020 tax rate guidance."
01D8F4P700ZQ0KRAD8N5A74JKQ,"Salesforce, Inc.",CRM,0001108524,"Salesforce, Inc. expects revenue of $150 million to $200 million for FY2020.","FY20 Revenue: The combination with Salesforce.org is expected to increase the company’s full year fiscal 2020 revenue by approximately $150 million to $200 million, depending on the transaction close date.",revenue,150.0,200.0,USD millions,FY2020,2019-04-15,https://www.sec.gov/Archives/edgar/data/1108524/000110852419000012/crm-april152019ex991.htm,0001108524-19-000012,8-K,2019-04-15,2026-09-20T06:44:06Z,ef71b72b4155f424d6fe23e19fa55ad9472c5c571aee7461c8302d9ad5d0ad8b,"FY20 Revenue: The combination with Salesforce.org is expected to increase the company’s full year fiscal 2020 revenue by approximately $150 million to $200 million, depending on the transaction close date.",,,,,,,,,,"reported value falls outside [150, 200]",open,,,,,,,,,,,2026-09-20,navneet,false,false,,false,false,unresolved,sentence,,,,model output rejected,,,yes,"Excerpt states 'full year fiscal 2020 revenue by approximately $150 million to $200 million' which matches the metric (revenue), period (FY2020), and range ($150M-$200M) exactly."
01D8F4P700K3XSBS63WHZE4G28,"Salesforce, Inc.",CRM,0001108524,"Salesforce, Inc. expects EPS non-GAAP of $2.54 per share to $2.56 per share for FY2020.",The company now expects FY20 non-GAAP EPS of $2.54 to $2.56.,EPS non-GAAP,2.54,2.56,USD per share,FY2020,2019-04-15,https://www.sec.gov/Archives/edgar/data/1108524/000110852419000012/crm-april152019ex991.htm,0001108524-19-000012,8-K,2019-04-15,2026-09-20T06:44:06Z,ef71b72b4155f424d6fe23e19fa55ad9472c5c571aee7461c8302d9ad5d0ad8b,The company now expects FY20 non-GAAP EPS of $2.54 to $2.56.,2.99,2020-02-25,https://www.sec.gov/Archives/edgar/data/1108524/000110852420000008/crm-q4fy20xexhibit991.htm,0001108524-20-000008,8-K,2020-02-25,2026-09-20T06:44:15Z,fb6da88c30b2da621dbfcd3ef5a114745fa683327fca2c44965e475a8715f894,"Fiscal 2020 GAAP earnings per share was $0.15, and non-GAAP diluted earnings per share was $2.99.","reported value falls outside [2.54, 2.56]",open,,,,,,,,,316,,2026-09-20,navneet,false,false,,false,false,missed,sentence,,,,,,,yes,"Excerpt states 'FY20 non-GAAP EPS of $2.54 to $2.56' which matches the metric, range, unit, and period exactly."
01DCFWJ500WQ6445FKGPDMGJXV,"Salesforce, Inc.",CRM,0001108524,"Salesforce, Inc. expects revenue of $3.94 billion to $3.95 billion for Q2 FY2020.",Initiates Second Quarter Revenue Guidance of $3.94 Billion to $3.95 Billion,revenue,3.94,3.95,USD billions,Q2 FY2020,2019-06-04,https://www.sec.gov/Archives/edgar/data/1108524/000110852419000022/crm-q1fy20xexhibit991.htm,0001108524-19-000022,8-K,2019-06-04,2026-09-20T06:44:07Z,771f9372ca0e25523df6d293fc4282256005deec90e6133c3507b9391ff49c4c,Initiates Second Quarter Revenue Guidance of $3.94 Billion to $3.95 Billion,4.0,2019-08-22,https://www.sec.gov/Archives/edgar/data/1108524/000110852419000050/crm-q2fy20xexhibit991.htm,0001108524-19-000050,8-K,2019-08-22,2026-09-20T06:44:11Z,d033b52c53b395f3537193d268a852cbbbe925fb751ccd23a42291430eed4690,"Second Quarter Revenue of $4.0 Billion, up 22% Year-Over-Year, 23% in Constant Currency","reported value falls outside [3.94, 3.95]",open,,,,,,,,,79,,2026-09-20,navneet,false,false,,false,false,missed,sentence,,,,,,,yes,Excerpt states exactly the guidance: 'Second Quarter Revenue Guidance of $3.94 Billion to $3.95 Billion'
01DCFWJ500J5ZBD2S8AN8DPKPP,"Salesforce, Inc.",CRM,0001108524,"Salesforce, Inc. expects EPS GAAP of $0.78 per share to $0.8 per share for FY2020.",Raises FY20 GAAP Earnings Per Share Guidance to $0.78 to $0.80,EPS GAAP,0.78,0.8,USD per share,FY2020,2019-06-04,https://www.sec.gov/Archives/edgar/data/1108524/000110852419000022/crm-q1fy20xexhibit991.htm,0001108524-19-000022,8-K,2019-06-04,2026-09-20T06:44:07Z,771f9372ca0e25523df6d293fc4282256005deec90e6133c3507b9391ff49c4c,Raises FY20 GAAP Earnings Per Share Guidance to $0.78 to $0.80,,,,,,,,,,"reported value falls outside [0.78, 0.8]",open,,,,,,,,,,,2026-09-20,navneet,false,false,,false,false,unresolved,sentence,,,,model output rejected,,,yes,"Excerpt states 'Raises FY20 GAAP Earnings Per Share Guidance to $0.78 to $0.80' which matches the metric (EPS GAAP), period (FY2020), and range ($0.78 to $0.80 per share)."
01DCFWJ500Z4VJ1R5SYRGJVC4H,"Salesforce, Inc.",CRM,0001108524,"Salesforce, Inc. expects EPS non-GAAP of $2.88 per share to $2.9 per share for FY2020.",Raises FY20 Non-GAAP Earnings Per Share Guidance to $2.88 to $2.90,EPS non-GAAP,2.88,2.9,USD per share,FY2020,2019-06-04,https://www.sec.gov/Archives/edgar/data/1108524/000110852419000022/crm-q1fy20xexhibit991.htm,0001108524-19-000022,8-K,2019-06-04,2026-09-20T06:44:07Z,771f9372ca0e25523df6d293fc4282256005deec90e6133c3507b9391ff49c4c,Raises FY20 Non-GAAP Earnings Per Share Guidance to $2.88 to $2.90,2.99,2020-02-25,https://www.sec.gov/Archives/edgar/data/1108524/000110852420000008/crm-q4fy20xexhibit991.htm,0001108524-20-000008,8-K,2020-02-25,2026-09-20T06:44:15Z,fb6da88c30b2da621dbfcd3ef5a114745fa683327fca2c44965e475a8715f894,"Fiscal 2020 GAAP earnings per share was $0.15, and non-GAAP diluted earnings per share was $2.99.","reported value falls outside [2.88, 2.9]",open,,,,,,,,,266,,2026-09-20,navneet,false,false,,false,false,missed,sentence,,,,,,,yes,"Excerpt states 'Raises FY20 Non-GAAP Earnings Per Share Guidance to $2.88 to $2.90' which matches the metric (EPS non-GAAP), period (FY20/FY2020), and range ($2.88 to $2.90 per share)."
01DCFWJ5005KBFNAD1TSP1DKVX,"Salesforce, Inc.",CRM,0001108524,"Salesforce, Inc. expects tax rate of -58% for Q1 FY2020.","The Company's GAAP tax provision is expected to be approximately (58%) for the three months ended July 31, 2019 and approximately 37% for the year ended January 31, 2020.",tax rate,-58.0,-58.0,percent,Q1 FY2020,2019-06-04,https://www.sec.gov/Archives/edgar/data/1108524/000110852419000022/crm-q1fy20xexhibit991.htm,0001108524-19-000022,8-K,2019-06-04,2026-09-20T06:44:07Z,771f9372ca0e25523df6d293fc4282256005deec90e6133c3507b9391ff49c4c,"The Company's GAAP tax provision is expected to be approximately (58%) for the three months ended July 31, 2019 and approximately 37% for the year ended January 31, 2020.",,,,,,,,,,reported value differs from -58 by more than 0.5%,open,,,,,,,,,,,2026-09-20,navneet,false,false,,false,false,unresolved,sentence,,,,no later 8-K release for that period found,,,yes,"Excerpt states 'GAAP tax provision is expected to be approximately (58%)' for Q1 FY2020 (three months ended July 31, 2019), matching the guidance of -58% tax rate."
01DCFWJ500P85XVQYHTHJA7471,"Salesforce, Inc.",CRM,0001108524,"Salesforce, Inc. expects tax rate of 37% for FY2020.","The Company's GAAP tax provision is expected to be approximately (58%) for the three months ended July 31, 2019 and approximately 37% for the year ended January 31, 2020.",tax rate,37.0,37.0,percent,FY2020,2019-06-04,https://www.sec.gov/Archives/edgar/data/1108524/000110852419000022/crm-q1fy20xexhibit991.htm,0001108524-19-000022,8-K,2019-06-04,2026-09-20T06:44:07Z,771f9372ca0e25523df6d293fc4282256005deec90e6133c3507b9391ff49c4c,"The Company's GAAP tax provision is expected to be approximately (58%) for the three months ended July 31, 2019 and approximately 37% for the year ended January 31, 2020.",,,,,,,,,,reported value differs from 37 by more than 0.5%,open,,,,,,,,,,,2026-09-20,navneet,false,false,,false,false,unresolved,sentence,,,,the model found no line reporting that metric for that period,,,yes,"Excerpt states 'approximately 37% for the year ended January 31, 2020' which matches the FY2020 tax rate guidance of 37%"
01DCZAYF00PVRDFZBWYXRBCJES,"Salesforce, Inc.",CRM,0001108524,"Salesforce, Inc. expects revenue of $350 million to $400 million for FY2020.",FY20 Revenue: The transaction is expected to increase Salesforce’s FY20 total revenue by approximately $350 million to $400 million.,revenue,350.0,400.0,USD millions,FY2020,2019-06-10,https://www.sec.gov/Archives/edgar/data/1108524/000119312519168525/d750397dex991.htm,0001193125-19-168525,8-K,2019-06-10,2026-09-20T06:44:08Z,e5cac9beb2942eda80506ec4344426da3366c4ac73534023b5a670dc9cc5b954,FY20 Revenue: The transaction is expected to increase Salesforce’s FY20 total revenue by approximately $350 million to $400 million.,,,,,,,,,,"reported value falls outside [350, 400]",open,,,,,,,,,,,2026-09-20,navneet,false,false,,false,false,unresolved,sentence,,,,model output rejected,,,yes,"Excerpt states FY20 revenue guidance of '$350 million to $400 million' matching the metric, period, and range provided."
01DCZAYF00WTK2N4SQG8TR9TKM,"Salesforce, Inc.",CRM,0001108524,"Salesforce, Inc. expects EPS non-GAAP of $2.51 per share to $2.53 per share for FY2020.",FY20 Non-GAAP EPS is now expected to be $2.51 to $2.53.,EPS non-GAAP,2.51,2.53,USD per share,FY2020,2019-06-10,https://www.sec.gov/Archives/edgar/data/1108524/000119312519168525/d750397dex991.htm,0001193125-19-168525,8-K,2019-06-10,2026-09-20T06:44:08Z,e5cac9beb2942eda80506ec4344426da3366c4ac73534023b5a670dc9cc5b954,FY20 Non-GAAP EPS is now expected to be $2.51 to $2.53.,2.99,2020-02-25,https://www.sec.gov/Archives/edgar/data/1108524/000110852420000008/crm-q4fy20xexhibit991.htm,0001108524-20-000008,8-K,2020-02-25,2026-09-20T06:44:15Z,fb6da88c30b2da621dbfcd3ef5a114745fa683327fca2c44965e475a8715f894,"Fiscal 2020 GAAP earnings per share was $0.15, and non-GAAP diluted earnings per share was $2.99.","reported value falls outside [2.51, 2.53]",open,,,,,,,,,260,,2026-09-20,navneet,false,false,,false,false,missed,sentence,,,,,,,yes,"Excerpt states 'FY20 Non-GAAP EPS is now expected to be $2.51 to $2.53' which matches the metric, range, unit, and period exactly."
01DJV9YY00G3P1NXKH7JN1DCN0,"Salesforce, Inc.",CRM,0001108524,"Salesforce, Inc. expects revenue of $16.75 billion to $16.9 billion for FY2020.",Raises FY20 Revenue Guidance to $16.75 Billion to $16.90 Billion,revenue,16.75,16.9,USD billions,FY2020,2019-08-22,https://www.sec.gov/Archives/edgar/data/1108524/000110852419000050/crm-q2fy20xexhibit991.htm,0001108524-19-000050,8-K,2019-08-22,2026-09-20T06:44:11Z,d033b52c53b395f3537193d268a852cbbbe925fb751ccd23a42291430eed4690,Raises FY20 Revenue Guidance to $16.75 Billion to $16.90 Billion,17.1,2020-02-25,https://www.sec.gov/Archives/edgar/data/1108524/000110852420000008/crm-q4fy20xexhibit991.htm,0001108524-20-000008,8-K,2020-02-25,2026-09-20T06:44:15Z,fb6da88c30b2da621dbfcd3ef5a114745fa683327fca2c44965e475a8715f894,"FY20 Revenue of $17.1 Billion, up 29% Year-Over-Year, 29% in Constant Currency","reported value falls outside [16.75, 16.9]",open,,,,,,,,,187,,2026-09-20,navneet,false,false,,false,false,missed,sentence,,,,,,,yes,Excerpt states exactly the guidance: revenue of $16.75 billion to $16.90 billion for FY20
01DJV9YY00W9YVNMBF9ZQ6N4XS,"Salesforce, Inc.",CRM,0001108524,"Salesforce, Inc. expects revenue of $4.44 billion to $4.45 billion for Q3 FY2020.","Initiates Q3 FY20 Revenue Guidance of $4.44 Billion to $4.45 Billion, up 31% Year-Over-Year",revenue,4.44,4.45,USD billions,Q3 FY2020,2019-08-22,https://www.sec.gov/Archives/edgar/data/1108524/000110852419000050/crm-q2fy20xexhibit991.htm,0001108524-19-000050,8-K,2019-08-22,2026-09-20T06:44:11Z,d033b52c53b395f3537193d268a852cbbbe925fb751ccd23a42291430eed4690,"Initiates Q3 FY20 Revenue Guidance of $4.44 Billion to $4.45 Billion, up 31% Year-Over-Year",4.5,2019-12-03,https://www.sec.gov/Archives/edgar/data/1108524/000110852419000070/crm-q3fy20xexhibit991.htm,0001108524-19-000070,8-K,2019-12-03,2026-09-20T06:44:13Z,0c3926c72808dc40f30b291d4fa2692601aaad266a611f9d2793437de3604c4c,"Third Quarter Revenue of $4.5 Billion, up 33% Year-Over-Year, 34% in Constant Currency","reported value falls outside [4.44, 4.45]",open,,,,,,,,,103,,2026-09-20,navneet,false,false,,false,false,missed,sentence,,,,,,,yes,"Excerpt states 'Q3 FY20 Revenue Guidance of $4.44 Billion to $4.45 Billion' which matches the metric, period, and range exactly."
01DJV9YY00TRPHYDHDWPDY7X9Z,"Salesforce, Inc.",CRM,0001108524,"Salesforce, Inc. expects tax rate of -300% for Q3 FY2020.","The company's GAAP tax provision is expected to be approximately (300%) for the three months ended October 31, 2019 and approximately 48% for the year ended January 31, 2020.",tax rate,-300.0,-300.0,percent,Q3 FY2020,2019-08-22,https://www.sec.gov/Archives/edgar/data/1108524/000110852419000050/crm-q2fy20xexhibit991.htm,0001108524-19-000050,8-K,2019-08-22,2026-09-20T06:44:11Z,d033b52c53b395f3537193d268a852cbbbe925fb751ccd23a42291430eed4690,"The company's GAAP tax provision is expected to be approximately (300%) for the three months ended October 31, 2019 and approximately 48% for the year ended January 31, 2020.",,,,,,,,,,reported value differs from -300 by more than 0.5%,open,,,,,,,,,,,2026-09-20,navneet,false,false,,false,false,unresolved,sentence,,,,the model found no line reporting that metric for that period,,,yes,"Excerpt states 'GAAP tax provision is expected to be approximately (300%)' for Q3 FY2020 (three months ended October 31, 2019), matching the guidance of -300% tax rate."
01DJV9YY009FQEBG1DDHAT77CE,"Salesforce, Inc.",CRM,0001108524,"Salesforce, Inc. expects tax rate of 48% for FY2020.","The company's GAAP tax provision is expected to be approximately (300%) for the three months ended October 31, 2019 and approximately 48% for the year ended January 31, 2020.",tax rate,48.0,48.0,percent,FY2020,2019-08-22,https://www.sec.gov/Archives/edgar/data/1108524/000110852419000050/crm-q2fy20xexhibit991.htm,0001108524-19-000050,8-K,2019-08-22,2026-09-20T06:44:11Z,d033b52c53b395f3537193d268a852cbbbe925fb751ccd23a42291430eed4690,"The company's GAAP tax provision is expected to be approximately (300%) for the three months ended October 31, 2019 and approximately 48% for the year ended January 31, 2020.",,,,,,,,,,reported value differs from 48 by more than 0.5%,open,,,,,,,,,,,2026-09-20,navneet,false,false,,false,false,unresolved,sentence,,,,the model found no line reporting that metric for that period,,,yes,"Excerpt states 'approximately 48% for the year ended January 31, 2020' which matches the FY2020 tax rate guidance of 48%"
01DV4GWZ00WTRTP04BQJ6TSP5N,"Salesforce, Inc.",CRM,0001108524,"Salesforce, Inc. expects revenue of $4.743 billion to $4.753 billion for Q4 FY2020.","Initiates Q4 FY20 Revenue Guidance of $4.743 Billion to $4.753 Billion, up 32% Year-Over-Year",revenue,4.743,4.753,USD billions,Q4 FY2020,2019-12-03,https://www.sec.gov/Archives/edgar/data/1108524/000110852419000070/crm-q3fy20xexhibit991.htm,0001108524-19-000070,8-K,2019-12-03,2026-09-20T06:44:13Z,0c3926c72808dc40f30b291d4fa2692601aaad266a611f9d2793437de3604c4c,"Initiates Q4 FY20 Revenue Guidance of $4.743 Billion to $4.753 Billion, up 32% Year-Over-Year",4.85,2020-02-25,https://www.sec.gov/Archives/edgar/data/1108524/000110852420000008/crm-q4fy20xexhibit991.htm,0001108524-20-000008,8-K,2020-02-25,2026-09-20T06:44:15Z,fb6da88c30b2da621dbfcd3ef5a114745fa683327fca2c44965e475a8715f894,"Fourth Quarter Revenue of $4.85 Billion, up 35% Year-Over-Year, 34% in Constant Currency","reported value falls outside [4.743, 4.753]",open,,,,,,,,,84,,2026-09-20,navneet,false,false,,false,false,missed,sentence,,,,,,,yes,"Excerpt states exactly the metric (revenue), period (Q4 FY20), and range ($4.743 Billion to $4.753 Billion) as forward guidance."
01DV4GWZ00XT2K4K2M0FGKKA87,"Salesforce, Inc.",CRM,0001108524,"Salesforce, Inc. expects revenue of $4.8 billion to $4.835 billion for Q1 FY2021.","Initiates Q1 FY21 Revenue Guidance of $4.800 Billion to $4.835 Billion, up 28% to 29% Year-Over-Year",revenue,4.8,4.835,USD billions,Q1 FY2021,2019-12-03,https://www.sec.gov/Archives/edgar/data/1108524/000110852419000070/crm-q3fy20xexhibit991.htm,0001108524-19-000070,8-K,2019-12-03,2026-09-20T06:44:13Z,0c3926c72808dc40f30b291d4fa2692601aaad266a611f9d2793437de3604c4c,"Initiates Q1 FY21 Revenue Guidance of $4.800 Billion to $4.835 Billion, up 28% to 29% Year-Over-Year",4.87,2020-05-28,https://www.sec.gov/Archives/edgar/data/1108524/000110852420000026/crm-q1fy21xexhibit991.htm,0001108524-20-000026,8-K,2020-05-28,2026-09-20T06:44:18Z,6363a28b307979e38b16f569f8051d4d5efdcb4f965d05accdffa1da2ef0cf0b,"First Quarter Revenue of $4.87 Billion, up 30% Year-Over-Year, 31% in Constant Currency","reported value falls outside [4.8, 4.835]",open,,,,,,,,,177,,2026-09-20,navneet,false,false,,false,false,missed,sentence,,,,,,,yes,"Excerpt states Q1 FY21 revenue guidance of $4.800 Billion to $4.835 Billion, matching the metric, period, and range exactly."
01DV4GWZ009V8CVN3TGXXDXYCX,"Salesforce, Inc.",CRM,0001108524,"Salesforce, Inc. expects tax rate of 146% for Q4 FY2020.","(1) The Company's GAAP tax provision is expected to be approximately 146% for the three months ended January 31, 2020, and approximately 37% for the year ended January 31, 2020.",tax rate,146.0,146.0,percent,Q4 FY2020,2019-12-03,https://www.sec.gov/Archives/edgar/data/1108524/000110852419000070/crm-q3fy20xexhibit991.htm,0001108524-19-000070,8-K,2019-12-03,2026-09-20T06:44:13Z,0c3926c72808dc40f30b291d4fa2692601aaad266a611f9d2793437de3604c4c,"(1) The Company's GAAP tax provision is expected to be approximately 146% for the three months ended January 31, 2020, and approximately 37% for the year ended January 31, 2020.",,,,,,,,,,reported value differs from 146 by more than 0.5%,open,,,,,,,,,,,2026-09-20,navneet,false,false,,false,false,unresolved,sentence,,The following is a per share reconciliation of GAAP diluted (loss) earnings per share to non-GAAP diluted earnings per share guidance for the next quarter and the full year:,,the model found no line reporting that metric for that period,,,yes,"Excerpt states 'GAAP tax provision is expected to be approximately 146% for the three months ended January 31, 2020' which matches the Q4 FY2020 period and 146% figure as forward guidance."
01DV4GWZ00G2H2WW8MH5Q5GFHC,"Salesforce, Inc.",CRM,0001108524,"Salesforce, Inc. expects tax rate of 37% for FY2020.","(1) The Company's GAAP tax provision is expected to be approximately 146% for the three months ended January 31, 2020, and approximately 37% for the year ended January 31, 2020.",tax rate,37.0,37.0,percent,FY2020,2019-12-03,https://www.sec.gov/Archives/edgar/data/1108524/000110852419000070/crm-q3fy20xexhibit991.htm,0001108524-19-000070,8-K,2019-12-03,2026-09-20T06:44:13Z,0c3926c72808dc40f30b291d4fa2692601aaad266a611f9d2793437de3604c4c,"(1) The Company's GAAP tax provision is expected to be approximately 146% for the three months ended January 31, 2020, and approximately 37% for the year ended January 31, 2020.",,,,,,,,,,reported value differs from 37 by more than 0.5%,open,,,,,,,,,,,2026-09-20,navneet,false,false,,false,false,unresolved,sentence,,The following is a per share reconciliation of GAAP diluted (loss) earnings per share to non-GAAP diluted earnings per share guidance for the next quarter and the full year:,,the model found no line reporting that metric for that period,,,yes,"Excerpt states 'approximately 37% for the year ended January 31, 2020' which matches the FY2020 tax rate guidance of 37%"
01E1WT9B006K7W4GXXY9SNV05J,"Salesforce, Inc.",CRM,0001108524,"Salesforce, Inc. expects revenue of $4.875 billion to $4.885 billion for Q1 FY2021.","Raises Q1 FY21 Revenue Guidance to $4.875 Billion to $4.885 Billion, up Approximately 30% to 31% Year-Over-Year",revenue,4.875,4.885,USD billions,Q1 FY2021,2020-02-25,https://www.sec.gov/Archives/edgar/data/1108524/000110852420000008/crm-q4fy20xexhibit991.htm,0001108524-20-000008,8-K,2020-02-25,2026-09-20T06:44:15Z,fb6da88c30b2da621dbfcd3ef5a114745fa683327fca2c44965e475a8715f894,"Raises Q1 FY21 Revenue Guidance to $4.875 Billion to $4.885 Billion, up Approximately 30% to 31% Year-Over-Year",4.87,2020-05-28,https://www.sec.gov/Archives/edgar/data/1108524/000110852420000026/crm-q1fy21xexhibit991.htm,0001108524-20-000026,8-K,2020-05-28,2026-09-20T06:44:18Z,6363a28b307979e38b16f569f8051d4d5efdcb4f965d05accdffa1da2ef0cf0b,"First Quarter Revenue of $4.87 Billion, up 30% Year-Over-Year, 31% in Constant Currency","reported value falls outside [4.875, 4.885]",open,,,,,,,,,93,,2026-09-20,navneet,false,false,,false,false,missed,sentence,,,,,,,yes,"Excerpt states exactly 'Q1 FY21 Revenue Guidance to $4.875 Billion to $4.885 Billion' matching the metric, period, and range provided."
01E1WT9B0037T1C7AE0DQ7YN7Q,"Salesforce, Inc.",CRM,0001108524,"Salesforce, Inc. expects tax rate of 72% for Q3 FY2020.","(1) The Company's GAAP tax rate is expected to be approximately 72% for the three months ended April 30, 2020, and for the year ended January 31, 2021.",tax rate,72.0,72.0,percent,Q3 FY2020,2020-02-25,https://www.sec.gov/Archives/edgar/data/1108524/000110852420000008/crm-q4fy20xexhibit991.htm,0001108524-20-000008,8-K,2020-02-25,2026-09-20T06:44:15Z,fb6da88c30b2da621dbfcd3ef5a114745fa683327fca2c44965e475a8715f894,"(1) The Company's GAAP tax rate is expected to be approximately 72% for the three months ended April 30, 2020, and for the year ended January 31, 2021.",,,,,,,,,,reported value differs from 72 by more than 0.5%,open,,,,,,,,,,,2026-09-20,navneet,false,false,,false,false,unresolved,sentence,,The following is a per share reconciliation of GAAP diluted earnings per share to non-GAAP diluted earnings per share guidance for the next quarter and the full year:,,no later 8-K release for that period found,,,yes,"Excerpt states 'GAAP tax rate is expected to be approximately 72% for the three months ended April 30, 2020' which matches the Q3 FY2020 guidance of 72%"
01E1WT9B001F82ZPGVPV1QXXWW,"Salesforce, Inc.",CRM,0001108524,"Salesforce, Inc. expects tax rate of 72% for FY2021.","(1) The Company's GAAP tax rate is expected to be approximately 72% for the three months ended April 30, 2020, and for the year ended January 31, 2021.",tax rate,72.0,72.0,percent,FY2021,2020-02-25,https://www.sec.gov/Archives/edgar/data/1108524/000110852420000008/crm-q4fy20xexhibit991.htm,0001108524-20-000008,8-K,2020-02-25,2026-09-20T06:44:15Z,fb6da88c30b2da621dbfcd3ef5a114745fa683327fca2c44965e475a8715f894,"(1) The Company's GAAP tax rate is expected to be approximately 72% for the three months ended April 30, 2020, and for the year ended January 31, 2021.",,,,,,,,,,reported value differs from 72 by more than 0.5%,open,,,,,,,,,,,2026-09-20,navneet,false,false,,false,false,unresolved,sentence,,The following is a per share reconciliation of GAAP diluted earnings per share to non-GAAP diluted earnings per share guidance for the next quarter and the full year:,,the model found no line reporting that metric for that period,,,yes,"Excerpt states 'GAAP tax rate is expected to be approximately 72%' for 'the year ended January 31, 2021' which matches FY2021 guidance."
01E9C98600BHH6J898MQ8J5Y3D,"Salesforce, Inc.",CRM,0001108524,"Salesforce, Inc. expects revenue of $4.89 billion to $4.9 billion for Q2 FY2021.","Initiates Q2 FY21 Revenue Guidance of $4.89 Billion to $4.90 Billion, up Approximately 22% to 23% Year-Over-Year",revenue,4.89,4.9,USD billions,Q2 FY2021,2020-05-28,https://www.sec.gov/Archives/edgar/data/1108524/000110852420000026/crm-q1fy21xexhibit991.htm,0001108524-20-000026,8-K,2020-05-28,2026-09-20T06:44:18Z,6363a28b307979e38b16f569f8051d4d5efdcb4f965d05accdffa1da2ef0cf0b,"Initiates Q2 FY21 Revenue Guidance of $4.89 Billion to $4.90 Billion, up Approximately 22% to 23% Year-Over-Year",5.15,2020-08-25,https://www.sec.gov/Archives/edgar/data/1108524/000110852420000038/crm-q2fy21xexhibit991.htm,0001108524-20-000038,8-K,2020-08-25,2026-09-20T06:44:20Z,fc3829ae175502b16b90503805fc1d3e52ed7f4625766a3010236d263fd5a532,"Second Quarter Revenue of $5.15 Billion, up 29% Year-Over-Year, 29% in Constant Currency","reported value falls outside [4.89, 4.9]",open,,,,,,,,,89,,2026-09-20,navneet,false,false,,false,false,missed,sentence,,,,,,,yes,"Excerpt states 'Q2 FY21 Revenue Guidance of $4.89 Billion to $4.90 Billion' which matches the metric, period, and range provided."
01E9C98600FZANXDPF1A0NFE03,"Salesforce, Inc.",CRM,0001108524,"Salesforce, Inc. expects revenue of $20 billion for FY2021.","Updates FY21 Revenue Guidance to Approximately $20.0 Billion, up Approximately 17% Year-Over-Year",revenue,20.0,20.0,USD billions,FY2021,2020-05-28,https://www.sec.gov/Archives/edgar/data/1108524/000110852420000026/crm-q1fy21xexhibit991.htm,0001108524-20-000026,8-K,2020-05-28,2026-09-20T06:44:18Z,6363a28b307979e38b16f569f8051d4d5efdcb4f965d05accdffa1da2ef0cf0b,"Updates FY21 Revenue Guidance to Approximately $20.0 Billion, up Approximately 17% Year-Over-Year",21.25,2021-02-25,https://www.sec.gov/Archives/edgar/data/1108524/000110852421000007/crm-q4fy21xexhibit991.htm,0001108524-21-000007,8-K,2021-02-25,2026-09-20T06:44:25Z,536fa036b203312884c5c56b646ac78e6211dd8978e29673e0b47cae131030c1,"FY21 Revenue of $21.25 Billion, up 24% Year-Over-Year, 24% in Constant Currency",reported value differs from 20 by more than 0.5%,open,,,,,,,,,273,,2026-09-20,navneet,false,false,,false,false,missed,sentence,,,,,,,yes,"Excerpt states 'FY21 Revenue Guidance to Approximately $20.0 Billion' which matches the metric, number, unit, and period specified."
01E9C98600HEE1AQE0AESAAXN9,"Salesforce, Inc.",CRM,0001108524,"Salesforce, Inc. expects tax rate of 104% for FY2021.","(1) The Company's GAAP tax provision is expected to be approximately 81% for the three months ended July 31, 2020, and approximately 104% for the year ended January 31, 2021.",tax rate,104.0,104.0,percent,FY2021,2020-05-28,https://www.sec.gov/Archives/edgar/data/1108524/000110852420000026/crm-q1fy21xexhibit991.htm,0001108524-20-000026,8-K,2020-05-28,2026-09-20T06:44:18Z,6363a28b307979e38b16f569f8051d4d5efdcb4f965d05accdffa1da2ef0cf0b,"(1) The Company's GAAP tax provision is expected to be approximately 81% for the three months ended July 31, 2020, and approximately 104% for the year ended January 31, 2021.",,,,,,,,,,reported value differs from 104 by more than 0.5%,open,,,,,,,,,,,2026-09-20,navneet,false,false,,false,false,unresolved,sentence,,The following is a per share reconciliation of GAAP diluted loss per share to non-GAAP diluted earnings per share guidance for the next quarter and the full year:,,the model found no line reporting that metric for that period,,,yes,"Excerpt states 'approximately 104% for the year ended January 31, 2021' which matches the FY2021 tax rate guidance of 104%"
01EGHEM500QAVFDFCS4PR0KE8N,"Salesforce, Inc.",CRM,0001108524,"Salesforce, Inc. expects revenue of $20.7 billion to $20.8 billion for FY2021.","Raises FY21 Revenue Guidance to Approximately $20.7 Billion to $20.8 Billion, up Approximately 21% to 22% Year-Over-Year",revenue,20.7,20.8,USD billions,FY2021,2020-08-25,https://www.sec.gov/Archives/edgar/data/1108524/000110852420000038/crm-q2fy21xexhibit991.htm,0001108524-20-000038,8-K,2020-08-25,2026-09-20T06:44:20Z,fc3829ae175502b16b90503805fc1d3e52ed7f4625766a3010236d263fd5a532,"Raises FY21 Revenue Guidance to Approximately $20.7 Billion to $20.8 Billion, up Approximately 21% to 22% Year-Over-Year",21.25,2021-02-25,https://www.sec.gov/Archives/edgar/data/1108524/000110852421000007/crm-q4fy21xexhibit991.htm,0001108524-21-000007,8-K,2021-02-25,2026-09-20T06:44:25Z,536fa036b203312884c5c56b646ac78e6211dd8978e29673e0b47cae131030c1,"FY21 Revenue of $21.25 Billion, up 24% Year-Over-Year, 24% in Constant Currency","reported value falls outside [20.7, 20.8]",open,,,,,,,,,184,,2026-09-20,navneet,false,false,,false,false,missed,sentence,,,,,,,yes,"Excerpt states 'Raises FY21 Revenue Guidance to Approximately $20.7 Billion to $20.8 Billion' which matches the metric (revenue), period (FY2021), and range ($20.7B-$20.8B) exactly."
01EGHEM5008HC13JHRPXD92RC5,"Salesforce, Inc.",CRM,0001108524,"Salesforce, Inc. expects revenue of $5.24 billion to $5.25 billion for Q3 FY2021.","Initiates Q3 FY21 Revenue Guidance of $5.24 Billion to $5.25 Billion, up Approximately 16% Year-Over-Year",revenue,5.24,5.25,USD billions,Q3 FY2021,2020-08-25,https://www.sec.gov/Archives/edgar/data/1108524/000110852420000038/crm-q2fy21xexhibit991.htm,0001108524-20-000038,8-K,2020-08-25,2026-09-20T06:44:20Z,fc3829ae175502b16b90503805fc1d3e52ed7f4625766a3010236d263fd5a532,"Initiates Q3 FY21 Revenue Guidance of $5.24 Billion to $5.25 Billion, up Approximately 16% Year-Over-Year",5.42,2020-12-01,https://www.sec.gov/Archives/edgar/data/1108524/000119312520307200/d18491dex991.htm,0001193125-20-307200,8-K,2020-12-01,2026-09-20T06:44:21Z,011d68c13b169e92649dec35f9feb606f020cf9b7e9e4c99f9d043f1e898637b,"Third Quarter Revenue of $5.42 Billion, up 20% Year-Over-Year, 19% in Constant Currency","reported value falls outside [5.24, 5.25]",open,,,,,,,,,98,,2026-09-20,navneet,false,false,,false,false,missed,sentence,,,,,,,yes,"Excerpt states 'Q3 FY21 Revenue Guidance of $5.24 Billion to $5.25 Billion' which matches the metric, period, and range exactly."
01ERDSJK006DY8CDM3EPDQ4E72,"Salesforce, Inc.",CRM,0001108524,"Salesforce, Inc. expects revenue of $5.665 billion to $5.675 billion for Q4 FY2021.",Initiates Fourth Quarter FY21 Revenue Guidance of Approximately $5.665 Billion to $5.675,revenue,5.665,5.675,USD billions,Q4 FY2021,2020-12-01,https://www.sec.gov/Archives/edgar/data/1108524/000119312520307200/d18491dex991.htm,0001193125-20-307200,8-K,2020-12-01,2026-09-20T06:44:21Z,011d68c13b169e92649dec35f9feb606f020cf9b7e9e4c99f9d043f1e898637b,Initiates Fourth Quarter FY21 Revenue Guidance of Approximately $5.665 Billion to $5.675,5.82,2021-02-25,https://www.sec.gov/Archives/edgar/data/1108524/000110852421000007/crm-q4fy21xexhibit991.htm,0001108524-21-000007,8-K,2021-02-25,2026-09-20T06:44:25Z,536fa036b203312884c5c56b646ac78e6211dd8978e29673e0b47cae131030c1,"Fourth Quarter Revenue of $5.82 Billion, up 20% Year-Over-Year, 19% in Constant Currency","reported value falls outside [5.665, 5.675]",open,,,,,,,,,86,,2026-09-20,navneet,false,false,,false,false,missed,sentence,,,,,,,yes,"Excerpt states 'Fourth Quarter FY21 Revenue Guidance of Approximately $5.665 Billion to $5.675' matching the metric, period, and range provided."
01ERDSJK0033CN7NHT7F4KADGY,"Salesforce, Inc.",CRM,0001108524,"Salesforce, Inc. expects revenue of $21.1 billion to $21.11 billion for FY2021.","Raises FY21 Revenue Guidance to Approximately $21.10 Billion to $21.11 Billion, up Approximately",revenue,21.1,21.11,USD billions,FY2021,2020-12-01,https://www.sec.gov/Archives/edgar/data/1108524/000119312520307200/d18491dex991.htm,0001193125-20-307200,8-K,2020-12-01,2026-09-20T06:44:21Z,011d68c13b169e92649dec35f9feb606f020cf9b7e9e4c99f9d043f1e898637b,"Raises FY21 Revenue Guidance to Approximately $21.10 Billion to $21.11 Billion, up Approximately",21.25,2021-02-25,https://www.sec.gov/Archives/edgar/data/1108524/000110852421000007/crm-q4fy21xexhibit991.htm,0001108524-21-000007,8-K,2021-02-25,2026-09-20T06:44:25Z,536fa036b203312884c5c56b646ac78e6211dd8978e29673e0b47cae131030c1,"FY21 Revenue of $21.25 Billion, up 24% Year-Over-Year, 24% in Constant Currency","reported value falls outside [21.1, 21.11]",open,,,,,,,,,86,,2026-09-20,navneet,false,false,,false,false,missed,sentence,,,,,,,yes,Excerpt states FY21 revenue guidance of '$21.10 Billion to $21.11 Billion' which matches the given range of $21.1 billion to $21.11 billion.
01ERDSJK00TNFM3FKEQH87QYP1,"Salesforce, Inc.",CRM,0001108524,"Salesforce, Inc. expects operating margin GAAP of 2% for FY2021.",Initiates FY21 GAAP Operating Margin Guidance of Approximately 2.0% and maintains FY21 Non-GAAP Operating Margin Guidance of Approximately 17.6%,operating margin GAAP,2.0,2.0,percent,FY2021,2020-12-01,https://www.sec.gov/Archives/edgar/data/1108524/000119312520307200/d18491dex991.htm,0001193125-20-307200,8-K,2020-12-01,2026-09-20T06:44:21Z,011d68c13b169e92649dec35f9feb606f020cf9b7e9e4c99f9d043f1e898637b,Initiates FY21 GAAP Operating Margin Guidance of Approximately 2.0% and maintains FY21 Non-GAAP Operating Margin Guidance of Approximately 17.6%,2.1,2021-02-25,https://www.sec.gov/Archives/edgar/data/1108524/000110852421000007/crm-q4fy21xexhibit991.htm,0001108524-21-000007,8-K,2021-02-25,2026-09-20T06:44:25Z,536fa036b203312884c5c56b646ac78e6211dd8978e29673e0b47cae131030c1,Fiscal 2021 GAAP operating margin was 2.1%.,reported value differs from 2 by more than 0.5%,open,,,,,,,,,86,,2026-09-20,navneet,false,false,,false,false,missed,sentence,,,,,,,yes,"Excerpt states 'FY21 GAAP Operating Margin Guidance of Approximately 2.0%' which matches the metric, period, and number given."
01ERDSJK002QGMD0A3S7HF1NYB,"Salesforce, Inc.",CRM,0001108524,"Salesforce, Inc. expects operating margin non-GAAP of 17.6% for FY2021.",Initiates FY21 GAAP Operating Margin Guidance of Approximately 2.0% and maintains FY21 Non-GAAP Operating Margin Guidance of Approximately 17.6%,operating margin non-GAAP,17.6,17.6,percent,FY2021,2020-12-01,https://www.sec.gov/Archives/edgar/data/1108524/000119312520307200/d18491dex991.htm,0001193125-20-307200,8-K,2020-12-01,2026-09-20T06:44:21Z,011d68c13b169e92649dec35f9feb606f020cf9b7e9e4c99f9d043f1e898637b,Initiates FY21 GAAP Operating Margin Guidance of Approximately 2.0% and maintains FY21 Non-GAAP Operating Margin Guidance of Approximately 17.6%,17.7,2021-02-25,https://www.sec.gov/Archives/edgar/data/1108524/000110852421000007/crm-q4fy21xexhibit991.htm,0001108524-21-000007,8-K,2021-02-25,2026-09-20T06:44:25Z,536fa036b203312884c5c56b646ac78e6211dd8978e29673e0b47cae131030c1,Fiscal 2021 non-GAAP operating margin was 17.7%.,reported value differs from 17.6 by more than 0.5%,open,,,,,,,,,86,,2026-09-20,navneet,false,false,,false,false,missed,sentence,,,,,,,yes,"Excerpt states 'maintains FY21 Non-GAAP Operating Margin Guidance of Approximately 17.6%' which matches the metric, period, and number given."
01ERDSJK00HHH7T4PNFPZ1FSHN,"Salesforce, Inc.",CRM,0001108524,"Salesforce, Inc. expects revenue of $5.68 billion to $5.715 billion for Q1 FY2022.","Initiates First Quarter FY22 Revenue Guidance of Approximately $5.680 Billion to $5.715 Billion,",revenue,5.68,5.715,USD billions,Q1 FY2022,2020-12-01,https://www.sec.gov/Archives/edgar/data/1108524/000119312520307200/d18491dex991.htm,0001193125-20-307200,8-K,2020-12-01,2026-09-20T06:44:21Z,011d68c13b169e92649dec35f9feb606f020cf9b7e9e4c99f9d043f1e898637b,"Initiates First Quarter FY22 Revenue Guidance of Approximately $5.680 Billion to $5.715 Billion,",5.96,2021-05-27,https://www.sec.gov/Archives/edgar/data/1108524/000110852421000027/crm-q1fy22xexhibit991.htm,0001108524-21-000027,8-K,2021-05-27,2026-09-20T06:44:27Z,989f5c5536c775a130c316f1198a3f85c69013595e6f9b2264a2962db970def0,"First Quarter Revenue of $5.96 Billion, up 23% Year-Over-Year, 20% in Constant Currency","reported value falls outside [5.68, 5.715]",open,,,,,,,,,177,,2026-09-20,navneet,false,false,,false,false,missed,sentence,,,,,,,yes,"Excerpt states 'First Quarter FY22 Revenue Guidance of Approximately $5.680 Billion to $5.715 Billion' which matches the metric, period, and range provided."
01ERDSJK000EVPPWMRQZY1NPP6,"Salesforce, Inc.",CRM,0001108524,"Salesforce, Inc. expects revenue of $25.45 billion to $25.55 billion for FY2022.","Initiates FY22 Revenue Guidance of Approximately $25.45 Billion to $25.55 Billion, up",revenue,25.45,25.55,USD billions,FY2022,2020-12-01,https://www.sec.gov/Archives/edgar/data/1108524/000119312520307200/d18491dex991.htm,0001193125-20-307200,8-K,2020-12-01,2026-09-20T06:44:21Z,011d68c13b169e92649dec35f9feb606f020cf9b7e9e4c99f9d043f1e898637b,"Initiates FY22 Revenue Guidance of Approximately $25.45 Billion to $25.55 Billion, up",26.49,2022-03-01,https://www.sec.gov/Archives/edgar/data/1108524/000110852422000010/crm-q4fy22xexhibit991.htm,0001108524-22-000010,8-K,2022-03-01,2026-09-20T06:44:35Z,9d5b1056895ede2b6d3d02c3423ad7a109a1be49934d1ec821faf670704e7d4b,"FY22 Revenue of $26.49 Billion, up 25% Year-Over-Year, 24% in Constant Currency","reported value falls outside [25.45, 25.55]",open,,,,,,,,,455,,2026-09-20,navneet,false,false,,false,false,missed,sentence,,,,,,,yes,"Excerpt states 'FY22 Revenue Guidance of Approximately $25.45 Billion to $25.55 Billion' which matches the metric, range, unit, and period exactly."
01ERDSJK00ZNRA848HFN2QGJ34,"Salesforce, Inc.",CRM,0001108524,"Salesforce, Inc. expects tax rate of 33% for Q4 FY2021.",The Company’s GAAP tax provision is expected to be approximately 33% for the three months ended,tax rate,33.0,33.0,percent,Q4 FY2021,2020-12-01,https://www.sec.gov/Archives/edgar/data/1108524/000119312520307200/d18491dex991.htm,0001193125-20-307200,8-K,2020-12-01,2026-09-20T06:44:21Z,011d68c13b169e92649dec35f9feb606f020cf9b7e9e4c99f9d043f1e898637b,The Company’s GAAP tax provision is expected to be approximately 33% for the three months ended,,,,,,,,,,reported value differs from 33 by more than 0.5%,open,,,,,,,,,,,2026-09-20,navneet,false,false,,false,false,unresolved,sentence,,,,the model found no line reporting that metric for that period,,,yes,Excerpt states 'GAAP tax provision is expected to be approximately 33% for the three months ended' which matches the guidance for a 33% tax rate for Q4 FY2021.
01ERZTBM00DEJQY652GQANJ8K4,"Salesforce, Inc.",CRM,0001108524,"Salesforce, Inc. expects revenue of $50 billion for FY2026.","FY26: Long range target for FY26 of $50B inclusive of FY26 long range target for Slack of $4B as of December 8, 2020.",revenue,50.0,50.0,USD billions,FY2026,2020-12-08,https://www.sec.gov/Archives/edgar/data/1108524/000110852420000051/exhibit991-fy21investord.htm,0001108524-20-000051,8-K,2020-12-08,2026-09-20T06:44:24Z,7ecf3a86f3e124446794c0156f56e25037f0435b509cfc70dbf2beaa11476279,"FY26: Long range target for FY26 of $50B inclusive of FY26 long range target for Slack of $4B as of December 8, 2020.",,,,,,,,,,reported value differs from 50 by more than 0.5%,open,,,,,,,,,,,2026-09-20,navneet,false,false,,false,false,unresolved,sentence,,,,no later 8-K release for that period found,,,yes,"Excerpt explicitly states 'Long range target for FY26 of $50B' matching the metric (revenue), number ($50B), and period (FY26)"
01EZB7RD000D7YJXGC2EF46AFE,"Salesforce, Inc.",CRM,0001108524,"Salesforce, Inc. expects revenue of $25.65 billion to $25.75 billion for FY2022.",Raises FY22 Revenue Guidance to $25.65 Billion to $25.75 Billion,revenue,25.65,25.75,USD billions,FY2022,2021-02-25,https://www.sec.gov/Archives/edgar/data/1108524/000110852421000007/crm-q4fy21xexhibit991.htm,0001108524-21-000007,8-K,2021-02-25,2026-09-20T06:44:25Z,536fa036b203312884c5c56b646ac78e6211dd8978e29673e0b47cae131030c1,Raises FY22 Revenue Guidance to $25.65 Billion to $25.75 Billion,26.49,2022-03-01,https://www.sec.gov/Archives/edgar/data/1108524/000110852422000010/crm-q4fy22xexhibit991.htm,0001108524-22-000010,8-K,2022-03-01,2026-09-20T06:44:35Z,9d5b1056895ede2b6d3d02c3423ad7a109a1be49934d1ec821faf670704e7d4b,"Total fiscal 2022 revenue was $26.49 billion, up 25% year-over-year, and 24% in constant currency.","reported value falls outside [25.65, 25.75]",open,,,,,,,,,369,,2026-09-20,navneet,false,false,,false,false,missed,sentence,,,,,,,yes,Excerpt states exactly the guidance: 'FY22 Revenue Guidance to $25.65 Billion to $25.75 Billion'
01EZB7RD00SE4ZTZPQFB572Z5P,"Salesforce, Inc.",CRM,0001108524,"Salesforce, Inc. expects revenue of $5.875 billion to $5.885 billion for Q1 FY2022.","Raises First Quarter FY22 Revenue Guidance to Approximately $5.875 Billion to $5.885 Billion, up Approximately 21% Year-Over-Year",revenue,5.875,5.885,USD billions,Q1 FY2022,2021-02-25,https://www.sec.gov/Archives/edgar/data/1108524/000110852421000007/crm-q4fy21xexhibit991.htm,0001108524-21-000007,8-K,2021-02-25,2026-09-20T06:44:25Z,536fa036b203312884c5c56b646ac78e6211dd8978e29673e0b47cae131030c1,"Raises First Quarter FY22 Revenue Guidance to Approximately $5.875 Billion to $5.885 Billion, up Approximately 21% Year-Over-Year",5.96,2021-05-27,https://www.sec.gov/Archives/edgar/data/1108524/000110852421000027/crm-q1fy22xexhibit991.htm,0001108524-21-000027,8-K,2021-05-27,2026-09-20T06:44:27Z,989f5c5536c775a130c316f1198a3f85c69013595e6f9b2264a2962db970def0,"First Quarter Revenue of $5.96 Billion, up 23% Year-Over-Year, 20% in Constant Currency","reported value falls outside [5.875, 5.885]",open,,,,,,,,,91,,2026-09-20,navneet,false,false,,false,false,missed,sentence,,,,,,,yes,"Excerpt states 'First Quarter FY22 Revenue Guidance to Approximately $5.875 Billion to $5.885 Billion' which matches the metric (revenue), period (Q1 FY2022), and range ($5.875B-$5.885B) exactly."
01EZB7RD00TR3BCBVN1YGPZJNB,"Salesforce, Inc.",CRM,0001108524,"Salesforce, Inc. expects operating margin GAAP of 0.2% for FY2022.",Initiates FY22 GAAP Operating Margin Guidance of Approximately 0.2% and FY22 Non-GAAP Operating Margin Guidance of Approximately 17.7%,operating margin GAAP,0.2,0.2,percent,FY2022,2021-02-25,https://www.sec.gov/Archives/edgar/data/1108524/000110852421000007/crm-q4fy21xexhibit991.htm,0001108524-21-000007,8-K,2021-02-25,2026-09-20T06:44:25Z,536fa036b203312884c5c56b646ac78e6211dd8978e29673e0b47cae131030c1,Initiates FY22 GAAP Operating Margin Guidance of Approximately 0.2% and FY22 Non-GAAP Operating Margin Guidance of Approximately 17.7%,,,,,,,,,,reported value differs from 0.2 by more than 0.5%,open,,,,,,,,,,,2026-09-20,navneet,false,false,,false,false,unresolved,sentence,,,,model output rejected,,,yes,"Excerpt states 'FY22 GAAP Operating Margin Guidance of Approximately 0.2%' which matches the metric, period, and number given."
01EZB7RD00E6RHB068J8S8VE4Q,"Salesforce, Inc.",CRM,0001108524,"Salesforce, Inc. expects operating margin non-GAAP of 17.7% for FY2022.",Initiates FY22 GAAP Operating Margin Guidance of Approximately 0.2% and FY22 Non-GAAP Operating Margin Guidance of Approximately 17.7%,operating margin non-GAAP,17.7,17.7,percent,FY2022,2021-02-25,https://www.sec.gov/Archives/edgar/data/1108524/000110852421000007/crm-q4fy21xexhibit991.htm,0001108524-21-000007,8-K,2021-02-25,2026-09-20T06:44:25Z,536fa036b203312884c5c56b646ac78e6211dd8978e29673e0b47cae131030c1,Initiates FY22 GAAP Operating Margin Guidance of Approximately 0.2% and FY22 Non-GAAP Operating Margin Guidance of Approximately 17.7%,18.7,2022-03-01,https://www.sec.gov/Archives/edgar/data/1108524/000110852422000010/crm-q4fy22xexhibit991.htm,0001108524-22-000010,8-K,2022-03-01,2026-09-20T06:44:35Z,9d5b1056895ede2b6d3d02c3423ad7a109a1be49934d1ec821faf670704e7d4b,Fiscal 2022 non-GAAP operating margin was 18.7%.,reported value differs from 17.7 by more than 0.5%,open,,,,,,,,,369,,2026-09-20,navneet,false,false,,false,false,missed,sentence,,,,,,,yes,"Excerpt states 'FY22 Non-GAAP Operating Margin Guidance of Approximately 17.7%' which matches the metric, number, unit, and period exactly."
01EZB7RD00XR8RGKH3DS1KCKCM,"Salesforce, Inc.",CRM,0001108524,"Salesforce, Inc. expects tax rate of -130% for Q1 FY2022.","(1)The Company's GAAP tax provision is expected to be approximately (130%) for the three months ended April 30, 2021, and for the year ended January 31, 2022.",tax rate,-130.0,-130.0,percent,Q1 FY2022,2021-02-25,https://www.sec.gov/Archives/edgar/data/1108524/000110852421000007/crm-q4fy21xexhibit991.htm,0001108524-21-000007,8-K,2021-02-25,2026-09-20T06:44:25Z,536fa036b203312884c5c56b646ac78e6211dd8978e29673e0b47cae131030c1,"(1)The Company's GAAP tax provision is expected to be approximately (130%) for the three months ended April 30, 2021, and for the year ended January 31, 2022.",,,,,,,,,,reported value differs from -130 by more than 0.5%,open,,,,,,,,,,,2026-09-20,navneet,false,false,,false,false,unresolved,sentence,,The following is a per share reconciliation of GAAP diluted earnings per share to non-GAAP diluted earnings per share guidance for the next quarter and the full year:,,the model found no line reporting that metric for that period,,,yes,"Excerpt states 'GAAP tax provision is expected to be approximately (130%)' for Q1 FY2022 (three months ended April 30, 2021), matching the guidance of -130% tax rate."
01EZB7RD00G05M8APBHVA9J84Z,"Salesforce, Inc.",CRM,0001108524,"Salesforce, Inc. expects tax rate of -130% for FY2022.","(1)The Company's GAAP tax provision is expected to be approximately (130%) for the three months ended April 30, 2021, and for the year ended January 31, 2022.",tax rate,-130.0,-130.0,percent,FY2022,2021-02-25,https://www.sec.gov/Archives/edgar/data/1108524/000110852421000007/crm-q4fy21xexhibit991.htm,0001108524-21-000007,8-K,2021-02-25,2026-09-20T06:44:25Z,536fa036b203312884c5c56b646ac78e6211dd8978e29673e0b47cae131030c1,"(1)The Company's GAAP tax provision is expected to be approximately (130%) for the three months ended April 30, 2021, and for the year ended January 31, 2022.",,,,,,,,,,reported value differs from -130 by more than 0.5%,open,,,,,,,,,,,2026-09-20,navneet,false,false,,false,false,unresolved,sentence,,The following is a per share reconciliation of GAAP diluted earnings per share to non-GAAP diluted earnings per share guidance for the next quarter and the full year:,,the model found no line reporting that metric for that period,,,yes,"Excerpt states 'GAAP tax provision is expected to be approximately (130%)' for 'the year ended January 31, 2022' which matches the guidance for FY2022 tax rate of -130%."
01F6NHXT00E8W9MX6C9WEQTMEW,"Salesforce, Inc.",CRM,0001108524,"Salesforce, Inc. expects revenue of $25.9 billion to $26 billion for FY2022.",Raises FY22 Revenue Guidance to $25.9 Billion to $26.0 Billion,revenue,25.9,26.0,USD billions,FY2022,2021-05-27,https://www.sec.gov/Archives/edgar/data/1108524/000110852421000027/crm-q1fy22xexhibit991.htm,0001108524-21-000027,8-K,2021-05-27,2026-09-20T06:44:27Z,989f5c5536c775a130c316f1198a3f85c69013595e6f9b2264a2962db970def0,Raises FY22 Revenue Guidance to $25.9 Billion to $26.0 Billion,26.49,2022-03-01,https://www.sec.gov/Archives/edgar/data/1108524/000110852422000010/crm-q4fy22xexhibit991.htm,0001108524-22-000010,8-K,2022-03-01,2026-09-20T06:44:35Z,9d5b1056895ede2b6d3d02c3423ad7a109a1be49934d1ec821faf670704e7d4b,"FY22 Revenue of $26.49 Billion, up 25% Year-Over-Year, 24% in Constant Currency","reported value falls outside [25.9, 26]",open,,,,,,,,,278,,2026-09-20,navneet,false,false,,false,false,missed,sentence,,,,,,,yes,Excerpt states exactly the guidance: revenue of $25.9 billion to $26.0 billion for FY22
01F6NHXT001Y6GTSENA3PXG5A1,"Salesforce, Inc.",CRM,0001108524,"Salesforce, Inc. expects operating margin GAAP of 1.4% for FY2022.",Raises FY22 GAAP Operating Margin Guidance to Approximately 1.4% and Non-GAAP Operating Margin Guidance to Approximately 18.0%,operating margin GAAP,1.4,1.4,percent,FY2022,2021-05-27,https://www.sec.gov/Archives/edgar/data/1108524/000110852421000027/crm-q1fy22xexhibit991.htm,0001108524-21-000027,8-K,2021-05-27,2026-09-20T06:44:27Z,989f5c5536c775a130c316f1198a3f85c69013595e6f9b2264a2962db970def0,Raises FY22 GAAP Operating Margin Guidance to Approximately 1.4% and Non-GAAP Operating Margin Guidance to Approximately 18.0%,2.1,2022-03-01,https://www.sec.gov/Archives/edgar/data/1108524/000110852422000010/crm-q4fy22xexhibit991.htm,0001108524-22-000010,8-K,2022-03-01,2026-09-20T06:44:35Z,9d5b1056895ede2b6d3d02c3423ad7a109a1be49934d1ec821faf670704e7d4b,Fiscal 2022 GAAP operating margin was 2.1%.,reported value differs from 1.4 by more than 0.5%,open,,,,,,,,,278,,2026-09-20,navneet,false,false,,false,false,missed,sentence,,,,,,,yes,"Excerpt states 'Raises FY22 GAAP Operating Margin Guidance to Approximately 1.4%' which matches the metric, period, and number given."
01F6NHXT001K4RXSSN42KXNF6F,"Salesforce, Inc.",CRM,0001108524,"Salesforce, Inc. expects operating margin non-GAAP of 18% for FY2022.",Raises FY22 GAAP Operating Margin Guidance to Approximately 1.4% and Non-GAAP Operating Margin Guidance to Approximately 18.0%,operating margin non-GAAP,18.0,18.0,percent,FY2022,2021-05-27,https://www.sec.gov/Archives/edgar/data/1108524/000110852421000027/crm-q1fy22xexhibit991.htm,0001108524-21-000027,8-K,2021-05-27,2026-09-20T06:44:27Z,989f5c5536c775a130c316f1198a3f85c69013595e6f9b2264a2962db970def0,Raises FY22 GAAP Operating Margin Guidance to Approximately 1.4% and Non-GAAP Operating Margin Guidance to Approximately 18.0%,18.7,2022-03-01,https://www.sec.gov/Archives/edgar/data/1108524/000110852422000010/crm-q4fy22xexhibit991.htm,0001108524-22-000010,8-K,2022-03-01,2026-09-20T06:44:35Z,9d5b1056895ede2b6d3d02c3423ad7a109a1be49934d1ec821faf670704e7d4b,Fiscal 2022 non-GAAP operating margin was 18.7%.,reported value differs from 18 by more than 0.5%,open,,,,,,,,,278,,2026-09-20,navneet,false,false,,false,false,missed,sentence,,,,,,,yes,"Excerpt states 'Non-GAAP Operating Margin Guidance to Approximately 18.0%' for FY22, matching the metric, number, unit, and period specified."
01F6NHXT00YRQR4P60XQ2HDGJ6,"Salesforce, Inc.",CRM,0001108524,"Salesforce, Inc. expects revenue of $6.22 billion to $6.23 billion for Q2 FY2022.","Initiates Second Quarter FY22 Revenue Guidance of $6.22 Billion to $6.23 Billion, up Approximately 21% Year-Over-Year",revenue,6.22,6.23,USD billions,Q2 FY2022,2021-05-27,https://www.sec.gov/Archives/edgar/data/1108524/000110852421000027/crm-q1fy22xexhibit991.htm,0001108524-21-000027,8-K,2021-05-27,2026-09-20T06:44:27Z,989f5c5536c775a130c316f1198a3f85c69013595e6f9b2264a2962db970def0,"Initiates Second Quarter FY22 Revenue Guidance of $6.22 Billion to $6.23 Billion, up Approximately 21% Year-Over-Year",6.34,2021-08-25,https://www.sec.gov/Archives/edgar/data/1108524/000110852421000044/crm-q2fy22xexhibit991.htm,0001108524-21-000044,8-K,2021-08-25,2026-09-20T06:44:31Z,54cca360ded678e5635d154dab078838ab3b767edd02e8c200ee113542880122,"Second Quarter Revenue of $6.34 Billion, up 23% Year-Over-Year, 21% in Constant Currency","reported value falls outside [6.22, 6.23]",open,,,,,,,,,90,,2026-09-20,navneet,false,false,,false,false,missed,sentence,,,,,,,yes,"Excerpt states 'Second Quarter FY22 Revenue Guidance of $6.22 Billion to $6.23 Billion' which matches the metric, period, and range exactly."
01F6NHXT00P246WANVEX7TZATQ,"Salesforce, Inc.",CRM,0001108524,"Salesforce, Inc. expects tax rate of 132% for Q1 FY2022.","(1)The Company's GAAP tax provision is expected to be approximately 132% for the three months ended July 31, 2021, and approximately 44% for the year ended January 31, 2022.",tax rate,132.0,132.0,percent,Q1 FY2022,2021-05-27,https://www.sec.gov/Archives/edgar/data/1108524/000110852421000027/crm-q1fy22xexhibit991.htm,0001108524-21-000027,8-K,2021-05-27,2026-09-20T06:44:27Z,989f5c5536c775a130c316f1198a3f85c69013595e6f9b2264a2962db970def0,"(1)The Company's GAAP tax provision is expected to be approximately 132% for the three months ended July 31, 2021, and approximately 44% for the year ended January 31, 2022.",,,,,,,,,,reported value differs from 132 by more than 0.5%,open,,,,,,,,,,,2026-09-20,navneet,false,false,,false,false,unresolved,sentence,,The following is a per share reconciliation of GAAP diluted earnings (loss) per share to non-GAAP diluted earnings per share guidance for the next quarter and the full year:,,no later 8-K release for that period found,,,yes,"Excerpt states 'GAAP tax provision is expected to be approximately 132% for the three months ended July 31, 2021' which matches the metric (tax rate/provision), number (132%), unit (percent), and peri"
01F6NHXT00RGN105HFWJZD803J,"Salesforce, Inc.",CRM,0001108524,"Salesforce, Inc. expects tax rate of 44% for FY2022.","(1)The Company's GAAP tax provision is expected to be approximately 132% for the three months ended July 31, 2021, and approximately 44% for the year ended January 31, 2022.",tax rate,44.0,44.0,percent,FY2022,2021-05-27,https://www.sec.gov/Archives/edgar/data/1108524/000110852421000027/crm-q1fy22xexhibit991.htm,0001108524-21-000027,8-K,2021-05-27,2026-09-20T06:44:27Z,989f5c5536c775a130c316f1198a3f85c69013595e6f9b2264a2962db970def0,"(1)The Company's GAAP tax provision is expected to be approximately 132% for the three months ended July 31, 2021, and approximately 44% for the year ended January 31, 2022.",,,,,,,,,,reported value differs from 44 by more than 0.5%,open,,,,,,,,,,,2026-09-20,navneet,false,false,,false,false,unresolved,sentence,,The following is a per share reconciliation of GAAP diluted earnings (loss) per share to non-GAAP diluted earnings per share guidance for the next quarter and the full year:,,the model found no line reporting that metric for that period,,,yes,"Excerpt states 'approximately 44% for the year ended January 31, 2022' which matches the FY2022 tax rate guidance of 44%"
01FDX9PG00J7PJEDVZEQ0FQ9WA,"Salesforce, Inc.",CRM,0001108524,"Salesforce, Inc. expects revenue of $26.2 billion to $26.3 billion for FY2022.",Raises FY22 Revenue Guidance to $26.2 Billion to $26.3 Billion,revenue,26.2,26.3,USD billions,FY2022,2021-08-25,https://www.sec.gov/Archives/edgar/data/1108524/000110852421000044/crm-q2fy22xexhibit991.htm,0001108524-21-000044,8-K,2021-08-25,2026-09-20T06:44:31Z,54cca360ded678e5635d154dab078838ab3b767edd02e8c200ee113542880122,Raises FY22 Revenue Guidance to $26.2 Billion to $26.3 Billion,26.49,2022-03-01,https://www.sec.gov/Archives/edgar/data/1108524/000110852422000010/crm-q4fy22xexhibit991.htm,0001108524-22-000010,8-K,2022-03-01,2026-09-20T06:44:35Z,9d5b1056895ede2b6d3d02c3423ad7a109a1be49934d1ec821faf670704e7d4b,"FY22 Revenue of $26.49 Billion, up 25% Year-Over-Year, 24% in Constant Currency","reported value falls outside [26.2, 26.3]",open,,,,,,,,,188,,2026-09-20,navneet,false,false,,false,false,missed,sentence,,,,,,,yes,"Excerpt states exactly the guidance: 'Raises FY22 Revenue Guidance to $26.2 Billion to $26.3 Billion' matching the metric (revenue), period (FY2022), and range ($26.2B-$26.3B)."
01FDX9PG00CZ1EKPTQ363VDR97,"Salesforce, Inc.",CRM,0001108524,"Salesforce, Inc. expects operating margin GAAP of 1.8% for FY2022.",Raises FY22 GAAP Operating Margin Guidance to Approximately 1.8% and Non-GAAP Operating Margin Guidance to Approximately 18.5%,operating margin GAAP,1.8,1.8,percent,FY2022,2021-08-25,https://www.sec.gov/Archives/edgar/data/1108524/000110852421000044/crm-q2fy22xexhibit991.htm,0001108524-21-000044,8-K,2021-08-25,2026-09-20T06:44:31Z,54cca360ded678e5635d154dab078838ab3b767edd02e8c200ee113542880122,Raises FY22 GAAP Operating Margin Guidance to Approximately 1.8% and Non-GAAP Operating Margin Guidance to Approximately 18.5%,2.1,2022-03-01,https://www.sec.gov/Archives/edgar/data/1108524/000110852422000010/crm-q4fy22xexhibit991.htm,0001108524-22-000010,8-K,2022-03-01,2026-09-20T06:44:35Z,9d5b1056895ede2b6d3d02c3423ad7a109a1be49934d1ec821faf670704e7d4b,Fiscal 2022 GAAP operating margin was 2.1%.,reported value differs from 1.8 by more than 0.5%,open,,,,,,,,,188,,2026-09-20,navneet,false,false,,false,false,missed,sentence,,,,,,,yes,"Excerpt states 'Raises FY22 GAAP Operating Margin Guidance to Approximately 1.8%' which matches the metric, period, and number given."
01FDX9PG0027E16CBZYP7AA805,"Salesforce, Inc.",CRM,0001108524,"Salesforce, Inc. expects operating margin non-GAAP of 18.5% for FY2022.",Raises FY22 GAAP Operating Margin Guidance to Approximately 1.8% and Non-GAAP Operating Margin Guidance to Approximately 18.5%,operating margin non-GAAP,18.5,18.5,percent,FY2022,2021-08-25,https://www.sec.gov/Archives/edgar/data/1108524/000110852421000044/crm-q2fy22xexhibit991.htm,0001108524-21-000044,8-K,2021-08-25,2026-09-20T06:44:31Z,54cca360ded678e5635d154dab078838ab3b767edd02e8c200ee113542880122,Raises FY22 GAAP Operating Margin Guidance to Approximately 1.8% and Non-GAAP Operating Margin Guidance to Approximately 18.5%,18.7,2022-03-01,https://www.sec.gov/Archives/edgar/data/1108524/000110852422000010/crm-q4fy22xexhibit991.htm,0001108524-22-000010,8-K,2022-03-01,2026-09-20T06:44:35Z,9d5b1056895ede2b6d3d02c3423ad7a109a1be49934d1ec821faf670704e7d4b,Fiscal 2022 non-GAAP operating margin was 18.7%.,reported value differs from 18.5 by more than 0.5%,open,,,,,,,,,188,,2026-09-20,navneet,false,false,,false,false,missed,sentence,,,,,,,yes,"Excerpt states 'Non-GAAP Operating Margin Guidance to Approximately 18.5%' for FY22, matching the metric, number, unit, and period specified."
01FDX9PG00XWE9FSYK95XXSJEZ,"Salesforce, Inc.",CRM,0001108524,"Salesforce, Inc. expects revenue of $6.78 billion to $6.79 billion for Q3 FY2022.","Initiates Third Quarter FY22 Revenue Guidance of $6.78 Billion to $6.79 Billion, up Approximately 25% Year-Over-Year",revenue,6.78,6.79,USD billions,Q3 FY2022,2021-08-25,https://www.sec.gov/Archives/edgar/data/1108524/000110852421000044/crm-q2fy22xexhibit991.htm,0001108524-21-000044,8-K,2021-08-25,2026-09-20T06:44:31Z,54cca360ded678e5635d154dab078838ab3b767edd02e8c200ee113542880122,"Initiates Third Quarter FY22 Revenue Guidance of $6.78 Billion to $6.79 Billion, up Approximately 25% Year-Over-Year",6.86,2021-11-30,https://www.sec.gov/Archives/edgar/data/1108524/000110852421000051/crm-q3fy22xexhibit991.htm,0001108524-21-000051,8-K,2021-11-30,2026-09-20T06:44:33Z,859d3b9f232026bcc01259f2fbeedbfa902ae05d9972acdfa692ebed63bbfafd,"Third Quarter Revenue of $6.86 Billion, up 27% Year-Over-Year, 26% in Constant Currency","reported value falls outside [6.78, 6.79]",open,,,,,,,,,97,,2026-09-20,navneet,false,false,,false,false,missed,sentence,,,,,,,yes,"Excerpt states 'Third Quarter FY22 Revenue Guidance of $6.78 Billion to $6.79 Billion' which matches the metric, period, and range exactly."
01FDX9PG00FPQ2ZEW2R03XRKK7,"Salesforce, Inc.",CRM,0001108524,"Salesforce, Inc. expects tax rate of 23% for FY2022.","(1)The Company's GAAP tax provision is expected to be approximately 67% for the three months ended October 31, 2021, and approximately 23% for the year ended January 31, 2022.",tax rate,23.0,23.0,percent,FY2022,2021-08-25,https://www.sec.gov/Archives/edgar/data/1108524/000110852421000044/crm-q2fy22xexhibit991.htm,0001108524-21-000044,8-K,2021-08-25,2026-09-20T06:44:31Z,54cca360ded678e5635d154dab078838ab3b767edd02e8c200ee113542880122,"(1)The Company's GAAP tax provision is expected to be approximately 67% for the three months ended October 31, 2021, and approximately 23% for the year ended January 31, 2022.",,,,,,,,,,reported value differs from 23 by more than 0.5%,open,,,,,,,,,,,2026-09-20,navneet,false,false,,false,false,unresolved,sentence,,The following is a per share reconciliation of GAAP diluted earnings (loss) per share to non-GAAP diluted earnings per share guidance for the next quarter and the full year:,,the model found no line reporting that metric for that period,,,yes,"Excerpt states 'approximately 23% for the year ended January 31, 2022' which matches FY2022 tax rate guidance of 23%"
01FG7Z7B00DR5PM3YW6WM6V53M,"Salesforce, Inc.",CRM,0001108524,"Salesforce, Inc. expects revenue of $26.25 billion to $26.35 billion for FY2022.",Raises FY22 revenue guidance to a range of $26.25 billion to $26.35 billion.,revenue,26.25,26.35,USD billions,FY2022,2021-09-23,https://www.sec.gov/Archives/edgar/data/1108524/000119312521280079/d228337dex991.htm,0001193125-21-280079,8-K,2021-09-23,2026-09-20T06:44:32Z,bba3674424e226f5c640329ad1dd5fe8562b2d655e4f8fae97abbaf91de40eb1,Raises FY22 revenue guidance to a range of $26.25 billion to $26.35 billion.,26.49,2022-03-01,https://www.sec.gov/Archives/edgar/data/1108524/000110852422000010/crm-q4fy22xexhibit991.htm,0001108524-22-000010,8-K,2022-03-01,2026-09-20T06:44:35Z,9d5b1056895ede2b6d3d02c3423ad7a109a1be49934d1ec821faf670704e7d4b,"FY22 Revenue of $26.49 Billion, up 25% Year-Over-Year, 24% in Constant Currency","reported value falls outside [26.25, 26.35]",open,,,,,,,,,159,,2026-09-20,navneet,false,false,,false,false,missed,sentence,,,,,,,yes,"Excerpt explicitly states FY22 revenue guidance as '$26.25 billion to $26.35 billion', matching the metric, period, and range provided."
01FG7Z7B00C6K6HB85JZKHKKEC,"Salesforce, Inc.",CRM,0001108524,"Salesforce, Inc. expects revenue of $31.65 billion to $31.8 billion for FY2023.",Initiates FY23 revenue guidance of $31.65 billion to $31.80 billion.,revenue,31.65,31.8,USD billions,FY2023,2021-09-23,https://www.sec.gov/Archives/edgar/data/1108524/000119312521280079/d228337dex991.htm,0001193125-21-280079,8-K,2021-09-23,2026-09-20T06:44:32Z,bba3674424e226f5c640329ad1dd5fe8562b2d655e4f8fae97abbaf91de40eb1,Initiates FY23 revenue guidance of $31.65 billion to $31.80 billion.,31.4,2023-03-01,https://www.sec.gov/Archives/edgar/data/1108524/000110852423000007/crm-q4fy23xexhibit991.htm,0001108524-23-000007,8-K,2023-03-01,2026-09-20T06:44:44Z,dc52d7f38d351cdff27726a5eedbee15f59bdaa42f4a619cbee2bf242f6a0798,"FY23 Revenue of $31.4 Billion, up 18% Y/Y, up 22% CC","reported value falls outside [31.65, 31.8]",open,,,,,,,,,524,,2026-09-20,navneet,false,false,,false,false,missed,sentence,,,,,,,yes,"Excerpt states FY23 revenue guidance of $31.65 billion to $31.80 billion, matching the metric, period, and range provided."
01FG7Z7B00D2W6HVTRPJ1YJKZD,"Salesforce, Inc.",CRM,0001108524,"Salesforce, Inc. expects operating margin GAAP of 3% to 3.5% for FY2023.",Initiates FY23 GAAP operating margin guidance of 3.0% to 3.5% and,operating margin GAAP,3.0,3.5,percent,FY2023,2021-09-23,https://www.sec.gov/Archives/edgar/data/1108524/000119312521280079/d228337dex991.htm,0001193125-21-280079,8-K,2021-09-23,2026-09-20T06:44:32Z,bba3674424e226f5c640329ad1dd5fe8562b2d655e4f8fae97abbaf91de40eb1,Initiates FY23 GAAP operating margin guidance of 3.0% to 3.5% and,3.3,2023-03-01,https://www.sec.gov/Archives/edgar/data/1108524/000110852423000007/crm-q4fy23xexhibit991.htm,0001108524-23-000007,8-K,2023-03-01,2026-09-20T06:44:44Z,dc52d7f38d351cdff27726a5eedbee15f59bdaa42f4a619cbee2bf242f6a0798,FY23 GAAP Operating Margin of 3.3% and Non-GAAP Operating Margin of 22.5%,"reported value falls outside [3, 3.5]",open,,,,,,,,,524,,2026-09-20,navneet,false,false,,false,false,met,sentence,,,,,,,yes,"Excerpt states 'FY23 GAAP operating margin guidance of 3.0% to 3.5%' which matches the metric, period, and range given (3% to 3.5% is equivalent to 3.0% to 3.5%)."
01FG7Z7B003JN7HCEQVZZQJ6CW,"Salesforce, Inc.",CRM,0001108524,"Salesforce, Inc. expects operating margin non-GAAP of 20% for FY2023.",non-GAAP operating margin guidance of 20.0%.,operating margin non-GAAP,20.0,20.0,percent,FY2023,2021-09-23,https://www.sec.gov/Archives/edgar/data/1108524/000119312521280079/d228337dex991.htm,0001193125-21-280079,8-K,2021-09-23,2026-09-20T06:44:32Z,bba3674424e226f5c640329ad1dd5fe8562b2d655e4f8fae97abbaf91de40eb1,non-GAAP operating margin guidance of 20.0%.,22.5,2023-03-01,https://www.sec.gov/Archives/edgar/data/1108524/000110852423000007/crm-q4fy23xexhibit991.htm,0001108524-23-000007,8-K,2023-03-01,2026-09-20T06:44:44Z,dc52d7f38d351cdff27726a5eedbee15f59bdaa42f4a619cbee2bf242f6a0798,FY23 GAAP Operating Margin of 3.3% and Non-GAAP Operating Margin of 22.5%,reported value differs from 20 by more than 0.5%,open,,,,,,,,,524,,2026-09-20,navneet,false,false,,false,false,missed,sentence,,,,,,,yes,"Excerpt states 'non-GAAP operating margin guidance of 20.0%' which matches the metric, number, and unit specified."
01FGAHM200XD0TRPE534M275V1,"Salesforce, Inc.",CRM,0001108524,"Salesforce, Inc. expects revenue of $26.25 billion to $26.35 billion for FY2022.","driving revenue growth Raise in FY22 guidance $26.35B YoY ~24% Growth 26% FY14 to FY22E CAGR $4.1B Revenue $s FY14 FY15 FY16 FY17 FY18 FY19 FY20 FY21 FY22E High end of FY22E revenue guide of $26.25B to $26.35B as of September 23rd, 2021.",revenue,26.25,26.35,USD billions,FY2022,2021-09-24,https://www.sec.gov/Archives/edgar/data/1108524/000119312521280853/d233992dex991.htm,0001193125-21-280853,8-K,2021-09-24,2026-09-20T06:44:32Z,1d667ef3ca48ed2ad4de2c8d3403378e89c54cd52a7e81662955206c76e6ecac,"driving revenue growth Raise in FY22 guidance $26.35B YoY ~24% Growth 26% FY14 to FY22E CAGR $4.1B Revenue $s FY14 FY15 FY16 FY17 FY18 FY19 FY20 FY21 FY22E High end of FY22E revenue guide of $26.25B to $26.35B as of September 23rd, 2021.",26.49,2022-03-01,https://www.sec.gov/Archives/edgar/data/1108524/000110852422000010/crm-q4fy22xexhibit991.htm,0001108524-22-000010,8-K,2022-03-01,2026-09-20T06:44:35Z,9d5b1056895ede2b6d3d02c3423ad7a109a1be49934d1ec821faf670704e7d4b,"FY22 Revenue of $26.49 Billion, up 25% Year-Over-Year, 24% in Constant Currency","reported value falls outside [26.25, 26.35]",open,,,,,,,,,158,,2026-09-20,navneet,false,false,,false,false,missed,sentence,,"2016 $227M 27% $880M 36% $2.8B Acceleration 12x Revenue 3x Revenue MuleSoft 5x May 2018 $284M 38% $1,500M 44% $6.5B in three years 4x Revenue 23x Revenue Tableau August 2019 $1,288M 14% $1,725M 29% Strong Growth $15.7B 9x Revenue 12x Revenue Note:",,,,,yes,Excerpt explicitly states 'FY22E revenue guide of $26.25B to $26.35B' matching the exact range and period specified.
01FGAHM200P5FBAA8JSNDXD7QW,"Salesforce, Inc.",CRM,0001108524,"Salesforce, Inc. expects operating margin non-GAAP of 80 basis points for FY2022.",Revenue Guidance $800M Strong New Business Raise since initiation 4 out of 5 4 of the last 5 quarters with >20% Revenue growth +20% Success from Anywhere Disciplined Decision Making FY22 Non-GAAP Operating Margin 80 bps Guidance Raise since,operating margin non-GAAP,80.0,80.0,basis points,FY2022,2021-09-24,https://www.sec.gov/Archives/edgar/data/1108524/000119312521280853/d233992dex991.htm,0001193125-21-280853,8-K,2021-09-24,2026-09-20T06:44:32Z,1d667ef3ca48ed2ad4de2c8d3403378e89c54cd52a7e81662955206c76e6ecac,Revenue Guidance $800M Strong New Business Raise since initiation 4 out of 5 4 of the last 5 quarters with >20% Revenue growth +20% Success from Anywhere Disciplined Decision Making FY22 Non-GAAP Operating Margin 80 bps Guidance Raise since,,,,,,,,,,reported value differs from 80 by more than 0.5%,open,,,,,,,,,,,2026-09-20,navneet,false,false,,false,false,unresolved,sentence,,,,model output rejected,,,yes,"Excerpt explicitly states 'FY22 Non-GAAP Operating Margin 80 bps' which matches the metric, number, unit, and period exactly."
01FGAHM200H32P9DBECQATG8B8,"Salesforce, Inc.",CRM,0001108524,"Salesforce, Inc. expects operating margin non-GAAP of 125 basis points to 150 basis points for FY2023.",margin guidance FY22E Non-GAAP FY23 Core Margin FY23 Slack FY23E Non-GAAP Operating Margin Expansion Headwind Operating Margin ~125-150 bps 20% Non-GAAP Operating Margin is the proportion of non-GAAP income from operations as a percentage of GAAP,operating margin non-GAAP,125.0,150.0,basis points,FY2023,2021-09-24,https://www.sec.gov/Archives/edgar/data/1108524/000119312521280853/d233992dex991.htm,0001193125-21-280853,8-K,2021-09-24,2026-09-20T06:44:32Z,1d667ef3ca48ed2ad4de2c8d3403378e89c54cd52a7e81662955206c76e6ecac,margin guidance FY22E Non-GAAP FY23 Core Margin FY23 Slack FY23E Non-GAAP Operating Margin Expansion Headwind Operating Margin ~125-150 bps 20% Non-GAAP Operating Margin is the proportion of non-GAAP income from operations as a percentage of GAAP,,,,,,,,,,"reported value falls outside [125, 150]",open,,,,,,,,,,,2026-09-20,navneet,false,false,,false,false,unresolved,sentence,,,,model output rejected,,,yes,"Excerpt states 'Non-GAAP Operating Margin Expansion Headwind Operating Margin ~125-150 bps' for FY23, matching the metric, range, and period."
01FGAHM200R3B7YWN337PEQ0XG,"Salesforce, Inc.",CRM,0001108524,"Salesforce, Inc. expects revenue of at least $50 billion for FY2026.",$50B+ FY26 Target* Profitable Growth $31.8B FY23 Guidance* $26.3B FY22,revenue,50.0,,USD billions,FY2026,2021-09-24,https://www.sec.gov/Archives/edgar/data/1108524/000119312521280853/d233992dex991.htm,0001193125-21-280853,8-K,2021-09-24,2026-09-20T06:44:32Z,1d667ef3ca48ed2ad4de2c8d3403378e89c54cd52a7e81662955206c76e6ecac,$50B+ FY26 Target* Profitable Growth $31.8B FY23 Guidance* $26.3B FY22,,,,,,,,,,reported value is below 50,open,,,,,,,,,,,2026-09-20,navneet,false,false,,false,false,unresolved,sentence,,"Economy 90 Countries of Trust. 1300 Global Jobs Community Groups new Salesforce * economy jobs 9.3M by 2026 Global Economic Impact new business * revenue by $1.6T 2026 Source: IDC white paper sponsored by Salesforce, The Salesforce Economic Impact:",,no later 8-K release for that period found,,,yes,Excerpt states '$50B+ FY26 Target' which matches at least $50 billion USD for FY2026 as forward guidance.
01FGAHM2002QET5XGY913VARTN,"Salesforce, Inc.",CRM,0001108524,"Salesforce, Inc. expects revenue of at least $31.8 billion for FY2023.",$50B+ FY26 Target* Profitable Growth $31.8B FY23 Guidance* $26.3B FY22,revenue,31.8,,USD billions,FY2023,2021-09-24,https://www.sec.gov/Archives/edgar/data/1108524/000119312521280853/d233992dex991.htm,0001193125-21-280853,8-K,2021-09-24,2026-09-20T06:44:32Z,1d667ef3ca48ed2ad4de2c8d3403378e89c54cd52a7e81662955206c76e6ecac,$50B+ FY26 Target* Profitable Growth $31.8B FY23 Guidance* $26.3B FY22,31.4,2023-03-01,https://www.sec.gov/Archives/edgar/data/1108524/000110852423000007/crm-q4fy23xexhibit991.htm,0001108524-23-000007,8-K,2023-03-01,2026-09-20T06:44:44Z,dc52d7f38d351cdff27726a5eedbee15f59bdaa42f4a619cbee2bf242f6a0798,"FY23 Revenue of $31.4 Billion, up 18% Y/Y, up 22% CC",reported value is below 31.8,open,,,,,,,,,523,,2026-09-20,navneet,false,false,,false,false,missed,sentence,,"Economy 90 Countries of Trust. 1300 Global Jobs Community Groups new Salesforce * economy jobs 9.3M by 2026 Global Economic Impact new business * revenue by $1.6T 2026 Source: IDC white paper sponsored by Salesforce, The Salesforce Economic Impact:",,,,,yes,"Excerpt states '$31.8B FY23 Guidance' which matches the metric (revenue), number ($31.8 billion), unit (billions), and period (FY2023) given."
01FGAHM200KHJDXH4SJ2G8X079,"Salesforce, Inc.",CRM,0001108524,"Salesforce, Inc. expects operating margin GAAP of 3% to 3.5% for FY2023.","2023 Non-GAAP income from operations FY14 Guidance FY20 FY21 FY19 FY18 FY17 FY16 FY15 GAAP income from operations $455 $297 $535 $454 $64 $115 $(146) $(286) GAAP Operating Margin ~3.0% - 3.5% Plus: Amortization of purchased intangibles $1,121 $792",operating margin GAAP,3.0,3.5,percent,FY2023,2021-09-24,https://www.sec.gov/Archives/edgar/data/1108524/000119312521280853/d233992dex991.htm,0001193125-21-280853,8-K,2021-09-24,2026-09-20T06:44:32Z,1d667ef3ca48ed2ad4de2c8d3403378e89c54cd52a7e81662955206c76e6ecac,"2023 Non-GAAP income from operations FY14 Guidance FY20 FY21 FY19 FY18 FY17 FY16 FY15 GAAP income from operations $455 $297 $535 $454 $64 $115 $(146) $(286) GAAP Operating Margin ~3.0% - 3.5% Plus: Amortization of purchased intangibles $1,121 $792",3.3,2023-03-01,https://www.sec.gov/Archives/edgar/data/1108524/000110852423000007/crm-q4fy23xexhibit991.htm,0001108524-23-000007,8-K,2023-03-01,2026-09-20T06:44:44Z,dc52d7f38d351cdff27726a5eedbee15f59bdaa42f4a619cbee2bf242f6a0798,FY23 GAAP Operating Margin of 3.3% and Non-GAAP Operating Margin of 22.5%,"reported value falls outside [3, 3.5]",open,,,,,,,,,523,,2026-09-20,navneet,false,false,,false,false,met,sentence,,,,,,,yes,"Excerpt states 'GAAP Operating Margin ~3.0% - 3.5%' for FY2023, which matches the guidance range of 3% to 3.5% (rounding ~ 3.0% to 3% is acceptable)."
01FNQ28700FWEVZNM6C2QMH2HT,"Salesforce, Inc.",CRM,0001108524,"Salesforce, Inc. expects revenue of $31.7 billion to $31.8 billion for FY2023.",Reiterates FY23 Revenue Guidance of $31.7 Billion to $31.8 Billion,revenue,31.7,31.8,USD billions,FY2023,2021-11-30,https://www.sec.gov/Archives/edgar/data/1108524/000110852421000051/crm-q3fy22xexhibit991.htm,0001108524-21-000051,8-K,2021-11-30,2026-09-20T06:44:33Z,859d3b9f232026bcc01259f2fbeedbfa902ae05d9972acdfa692ebed63bbfafd,Reiterates FY23 Revenue Guidance of $31.7 Billion to $31.8 Billion,31.4,2023-03-01,https://www.sec.gov/Archives/edgar/data/1108524/000110852423000007/crm-q4fy23xexhibit991.htm,0001108524-23-000007,8-K,2023-03-01,2026-09-20T06:44:44Z,dc52d7f38d351cdff27726a5eedbee15f59bdaa42f4a619cbee2bf242f6a0798,"FY23 Revenue of $31.4 Billion, up 18% Y/Y, up 22% CC","reported value falls outside [31.7, 31.8]",open,,,,,,,,,456,,2026-09-20,navneet,false,false,,false,false,missed,sentence,,,,,,,yes,"Excerpt states 'FY23 Revenue Guidance of $31.7 Billion to $31.8 Billion' which matches the metric, period, and range exactly."
01FNQ28700MTHVMSC1EQ1F7QMP,"Salesforce, Inc.",CRM,0001108524,"Salesforce, Inc. expects revenue of $7.224 billion to $7.234 billion for Q4 FY2022.","Initiates Fourth Quarter FY22 Revenue Guidance of $7.224 Billion to $7.234 Billion, up Approximately 24% Year-Over-Year",revenue,7.224,7.234,USD billions,Q4 FY2022,2021-11-30,https://www.sec.gov/Archives/edgar/data/1108524/000110852421000051/crm-q3fy22xexhibit991.htm,0001108524-21-000051,8-K,2021-11-30,2026-09-20T06:44:33Z,859d3b9f232026bcc01259f2fbeedbfa902ae05d9972acdfa692ebed63bbfafd,"Initiates Fourth Quarter FY22 Revenue Guidance of $7.224 Billion to $7.234 Billion, up Approximately 24% Year-Over-Year",7.33,2022-03-01,https://www.sec.gov/Archives/edgar/data/1108524/000110852422000010/crm-q4fy22xexhibit991.htm,0001108524-22-000010,8-K,2022-03-01,2026-09-20T06:44:35Z,9d5b1056895ede2b6d3d02c3423ad7a109a1be49934d1ec821faf670704e7d4b,"Fourth Quarter Revenue of $7.33 Billion, up 26% Year-Over-Year, 27% in Constant Currency","reported value falls outside [7.224, 7.234]",open,,,,,,,,,91,,2026-09-20,navneet,false,false,,false,false,missed,sentence,,,,,,,yes,Excerpt states exactly the guidance: 'Fourth Quarter FY22 Revenue Guidance of $7.224 Billion to $7.234 Billion'
01FNQ28700BT085ETQE20B85DV,"Salesforce, Inc.",CRM,0001108524,"Salesforce, Inc. expects revenue of $26.39 billion to $26.4 billion for FY2022.","Raises FY22 Revenue Guidance to $26.39 Billion to $26.40 Billion, up Approximately 24% Year-Over-Year",revenue,26.39,26.4,USD billions,FY2022,2021-11-30,https://www.sec.gov/Archives/edgar/data/1108524/000110852421000051/crm-q3fy22xexhibit991.htm,0001108524-21-000051,8-K,2021-11-30,2026-09-20T06:44:33Z,859d3b9f232026bcc01259f2fbeedbfa902ae05d9972acdfa692ebed63bbfafd,"Raises FY22 Revenue Guidance to $26.39 Billion to $26.40 Billion, up Approximately 24% Year-Over-Year",26.49,2022-03-01,https://www.sec.gov/Archives/edgar/data/1108524/000110852422000010/crm-q4fy22xexhibit991.htm,0001108524-22-000010,8-K,2022-03-01,2026-09-20T06:44:35Z,9d5b1056895ede2b6d3d02c3423ad7a109a1be49934d1ec821faf670704e7d4b,"FY22 Revenue of $26.49 Billion, up 25% Year-Over-Year, 24% in Constant Currency","reported value falls outside [26.39, 26.4]",open,,,,,,,,,91,,2026-09-20,navneet,false,false,,false,false,missed,sentence,,,,,,,yes,"Excerpt states 'FY22 Revenue Guidance to $26.39 Billion to $26.40 Billion' which matches the metric, period, and range provided."
01FNQ28700J34A40JMBX1NFM1M,"Salesforce, Inc.",CRM,0001108524,"Salesforce, Inc. expects operating margin GAAP of 1.8% for FY2022.",Raises FY22 GAAP Operating Margin Guidance to Approximately 1.8% and Non-GAAP Operating Margin Guidance to Approximately 18.6%,operating margin GAAP,1.8,1.8,percent,FY2022,2021-11-30,https://www.sec.gov/Archives/edgar/data/1108524/000110852421000051/crm-q3fy22xexhibit991.htm,0001108524-21-000051,8-K,2021-11-30,2026-09-20T06:44:33Z,859d3b9f232026bcc01259f2fbeedbfa902ae05d9972acdfa692ebed63bbfafd,Raises FY22 GAAP Operating Margin Guidance to Approximately 1.8% and Non-GAAP Operating Margin Guidance to Approximately 18.6%,2.1,2022-03-01,https://www.sec.gov/Archives/edgar/data/1108524/000110852422000010/crm-q4fy22xexhibit991.htm,0001108524-22-000010,8-K,2022-03-01,2026-09-20T06:44:35Z,9d5b1056895ede2b6d3d02c3423ad7a109a1be49934d1ec821faf670704e7d4b,Fiscal 2022 GAAP operating margin was 2.1%.,reported value differs from 1.8 by more than 0.5%,open,,,,,,,,,91,,2026-09-20,navneet,false,false,,false,false,missed,sentence,,,,,,,yes,"Excerpt states 'Raises FY22 GAAP Operating Margin Guidance to Approximately 1.8%' which matches the metric, period, and number given."
01FNQ28700SQ8GRVQ3JMBCEBHK,"Salesforce, Inc.",CRM,0001108524,"Salesforce, Inc. expects operating margin non-GAAP of 18.6% for FY2022.",Raises FY22 GAAP Operating Margin Guidance to Approximately 1.8% and Non-GAAP Operating Margin Guidance to Approximately 18.6%,operating margin non-GAAP,18.6,18.6,percent,FY2022,2021-11-30,https://www.sec.gov/Archives/edgar/data/1108524/000110852421000051/crm-q3fy22xexhibit991.htm,0001108524-21-000051,8-K,2021-11-30,2026-09-20T06:44:33Z,859d3b9f232026bcc01259f2fbeedbfa902ae05d9972acdfa692ebed63bbfafd,Raises FY22 GAAP Operating Margin Guidance to Approximately 1.8% and Non-GAAP Operating Margin Guidance to Approximately 18.6%,18.7,2022-03-01,https://www.sec.gov/Archives/edgar/data/1108524/000110852422000010/crm-q4fy22xexhibit991.htm,0001108524-22-000010,8-K,2022-03-01,2026-09-20T06:44:35Z,9d5b1056895ede2b6d3d02c3423ad7a109a1be49934d1ec821faf670704e7d4b,Fiscal 2022 non-GAAP operating margin was 18.7%.,reported value differs from 18.6 by more than 0.5%,open,,,,,,,,,91,,2026-09-20,navneet,false,false,,false,false,missed,sentence,,,,,,,yes,"Excerpt states 'Non-GAAP Operating Margin Guidance to Approximately 18.6%' for FY22, matching the metric, number, unit, and period specified."
01FNQ28700ABM88DJPHZSHP9F9,"Salesforce, Inc.",CRM,0001108524,"Salesforce, Inc. expects revenue of $7.215 billion to $7.25 billion for Q1 FY2023.","Initiates First Quarter FY23 Revenue Guidance of $7.215 Billion to $7.250 Billion, up Approximately 21% to 22% Year-Over-Year",revenue,7.215,7.25,USD billions,Q1 FY2023,2021-11-30,https://www.sec.gov/Archives/edgar/data/1108524/000110852421000051/crm-q3fy22xexhibit991.htm,0001108524-21-000051,8-K,2021-11-30,2026-09-20T06:44:33Z,859d3b9f232026bcc01259f2fbeedbfa902ae05d9972acdfa692ebed63bbfafd,"Initiates First Quarter FY23 Revenue Guidance of $7.215 Billion to $7.250 Billion, up Approximately 21% to 22% Year-Over-Year",7.41,2022-05-31,https://www.sec.gov/Archives/edgar/data/1108524/000110852422000019/crm-q1fy23xexhibit991.htm,0001108524-22-000019,8-K,2022-05-31,2026-09-20T06:44:37Z,68a29fec0f77cd87fb23a2b00ace225314119adaab60f62ddbd69233c1aabd51,"First Quarter Revenue of $7.41 Billion, up 24% Year-Over-Year, 26% in Constant Currency","reported value falls outside [7.215, 7.25]",open,,,,,,,,,182,,2026-09-20,navneet,false,false,,false,false,missed,sentence,,,,,,,yes,"Excerpt states 'First Quarter FY23 Revenue Guidance of $7.215 Billion to $7.250 Billion' which matches the metric (revenue), period (Q1 FY2023), and range ($7.215B to $7.25B) exactly."
01FNQ28700Q553QQMHF1BNFCRD,"Salesforce, Inc.",CRM,0001108524,"Salesforce, Inc. expects operating margin GAAP of 3% to 3.5% for FY2023.",Reiterates FY23 GAAP Operating Margin Guidance of Approximately 3.0% to 3.5% and Non-GAAP Operating Margin of Approximately 20%,operating margin GAAP,3.0,3.5,percent,FY2023,2021-11-30,https://www.sec.gov/Archives/edgar/data/1108524/000110852421000051/crm-q3fy22xexhibit991.htm,0001108524-21-000051,8-K,2021-11-30,2026-09-20T06:44:33Z,859d3b9f232026bcc01259f2fbeedbfa902ae05d9972acdfa692ebed63bbfafd,Reiterates FY23 GAAP Operating Margin Guidance of Approximately 3.0% to 3.5% and Non-GAAP Operating Margin of Approximately 20%,3.3,2023-03-01,https://www.sec.gov/Archives/edgar/data/1108524/000110852423000007/crm-q4fy23xexhibit991.htm,0001108524-23-000007,8-K,2023-03-01,2026-09-20T06:44:44Z,dc52d7f38d351cdff27726a5eedbee15f59bdaa42f4a619cbee2bf242f6a0798,FY23 GAAP Operating Margin of 3.3% and Non-GAAP Operating Margin of 22.5%,"reported value falls outside [3, 3.5]",open,,,,,,,,,456,,2026-09-20,navneet,false,false,,false,false,met,sentence,,,,,,,yes,"Excerpt states 'FY23 GAAP Operating Margin Guidance of Approximately 3.0% to 3.5%' which matches the metric, period, and range given (3% to 3.5% is equivalent to 3.0% to 3.5%)"
01FNQ28700H3J7KXQPNGT8NB69,"Salesforce, Inc.",CRM,0001108524,"Salesforce, Inc. expects operating margin non-GAAP of 20% for FY2023.",Reiterates FY23 GAAP Operating Margin Guidance of Approximately 3.0% to 3.5% and Non-GAAP Operating Margin of Approximately 20%,operating margin non-GAAP,20.0,20.0,percent,FY2023,2021-11-30,https://www.sec.gov/Archives/edgar/data/1108524/000110852421000051/crm-q3fy22xexhibit991.htm,0001108524-21-000051,8-K,2021-11-30,2026-09-20T06:44:33Z,859d3b9f232026bcc01259f2fbeedbfa902ae05d9972acdfa692ebed63bbfafd,Reiterates FY23 GAAP Operating Margin Guidance of Approximately 3.0% to 3.5% and Non-GAAP Operating Margin of Approximately 20%,22.5,2023-03-01,https://www.sec.gov/Archives/edgar/data/1108524/000110852423000007/crm-q4fy23xexhibit991.htm,0001108524-23-000007,8-K,2023-03-01,2026-09-20T06:44:44Z,dc52d7f38d351cdff27726a5eedbee15f59bdaa42f4a619cbee2bf242f6a0798,Fiscal 2023 non-GAAP operating margin was 22.5%.,reported value differs from 20 by more than 0.5%,open,,,,,,,,,456,,2026-09-20,navneet,false,false,,false,false,missed,sentence,,,,,,,yes,"Excerpt states 'Non-GAAP Operating Margin of Approximately 20%' for FY23, matching the metric, number, unit, and period specified."
01FNQ28700VACRWXAQ5QQ1XAQT,"Salesforce, Inc.",CRM,0001108524,"Salesforce, Inc. expects tax rate of 11% for FY2022.","(1)The Company's GAAP tax provision is expected to be approximately 34% for the three months ended January 31, 2022, and approximately 11% for the year ended January 31, 2022.",tax rate,11.0,11.0,percent,FY2022,2021-11-30,https://www.sec.gov/Archives/edgar/data/1108524/000110852421000051/crm-q3fy22xexhibit991.htm,0001108524-21-000051,8-K,2021-11-30,2026-09-20T06:44:33Z,859d3b9f232026bcc01259f2fbeedbfa902ae05d9972acdfa692ebed63bbfafd,"(1)The Company's GAAP tax provision is expected to be approximately 34% for the three months ended January 31, 2022, and approximately 11% for the year ended January 31, 2022.",,,,,,,,,,reported value differs from 11 by more than 0.5%,open,,,,,,,,,,,2026-09-20,navneet,false,false,,false,false,unresolved,sentence,Guidance,The following is a per share reconciliation of GAAP diluted earnings (loss) per share to non-GAAP diluted earnings per share guidance for the next quarter and the full year:,,the model found no line reporting that metric for that period,,,yes,"Excerpt states 'approximately 11% for the year ended January 31, 2022' which matches the FY2022 tax rate guidance of 11%"
01FX1CDM009QJPX8NRX4K47SJF,"Salesforce, Inc.",CRM,0001108524,"Salesforce, Inc. expects revenue of $32 billion to $32.1 billion for FY2023.",Raises FY23 Revenue Guidance to $32.0 Billion to $32.1 Billion,revenue,32.0,32.1,USD billions,FY2023,2022-03-01,https://www.sec.gov/Archives/edgar/data/1108524/000110852422000010/crm-q4fy22xexhibit991.htm,0001108524-22-000010,8-K,2022-03-01,2026-09-20T06:44:35Z,9d5b1056895ede2b6d3d02c3423ad7a109a1be49934d1ec821faf670704e7d4b,Raises FY23 Revenue Guidance to $32.0 Billion to $32.1 Billion,31.4,2023-03-01,https://www.sec.gov/Archives/edgar/data/1108524/000110852423000007/crm-q4fy23xexhibit991.htm,0001108524-23-000007,8-K,2023-03-01,2026-09-20T06:44:44Z,dc52d7f38d351cdff27726a5eedbee15f59bdaa42f4a619cbee2bf242f6a0798,"FY23 Revenue of $31.4 Billion, up 18% Y/Y, up 22% CC","reported value falls outside [32, 32.1]",open,,,,,,,,,365,,2026-09-20,navneet,false,false,,false,false,missed,sentence,,,,,,,yes,"Excerpt states FY23 revenue guidance of $32.0 Billion to $32.1 Billion, matching the metric, period, and range provided."
01FX1CDM00Y0TGTAH9CGV6NCBF,"Salesforce, Inc.",CRM,0001108524,"Salesforce, Inc. expects revenue of $7.37 billion to $7.38 billion for Q1 FY2023.","Raises First Quarter FY23 Revenue Guidance to $7.37 Billion to $7.38 Billion, up Approximately 24% Year-Over-Year",revenue,7.37,7.38,USD billions,Q1 FY2023,2022-03-01,https://www.sec.gov/Archives/edgar/data/1108524/000110852422000010/crm-q4fy22xexhibit991.htm,0001108524-22-000010,8-K,2022-03-01,2026-09-20T06:44:35Z,9d5b1056895ede2b6d3d02c3423ad7a109a1be49934d1ec821faf670704e7d4b,"Raises First Quarter FY23 Revenue Guidance to $7.37 Billion to $7.38 Billion, up Approximately 24% Year-Over-Year",7.41,2022-05-31,https://www.sec.gov/Archives/edgar/data/1108524/000110852422000019/crm-q1fy23xexhibit991.htm,0001108524-22-000019,8-K,2022-05-31,2026-09-20T06:44:37Z,68a29fec0f77cd87fb23a2b00ace225314119adaab60f62ddbd69233c1aabd51,"First Quarter Revenue of $7.41 Billion, up 24% Year-Over-Year, 26% in Constant Currency","reported value falls outside [7.37, 7.38]",open,,,,,,,,,91,,2026-09-20,navneet,false,false,,false,false,missed,sentence,,,,,,,yes,"Excerpt states 'First Quarter FY23 Revenue Guidance to $7.37 Billion to $7.38 Billion' which matches the metric, period, and range exactly."
01FX1CDM00YKNEYBQNKXT9ZMJP,"Salesforce, Inc.",CRM,0001108524,"Salesforce, Inc. expects operating margin GAAP of 3.6% for FY2023.",Raises FY23 GAAP Operating Margin Guidance to Approximately 3.6% and Reiterates Non-GAAP Operating Margin Guidance of Approximately 20%,operating margin GAAP,3.6,3.6,percent,FY2023,2022-03-01,https://www.sec.gov/Archives/edgar/data/1108524/000110852422000010/crm-q4fy22xexhibit991.htm,0001108524-22-000010,8-K,2022-03-01,2026-09-20T06:44:35Z,9d5b1056895ede2b6d3d02c3423ad7a109a1be49934d1ec821faf670704e7d4b,Raises FY23 GAAP Operating Margin Guidance to Approximately 3.6% and Reiterates Non-GAAP Operating Margin Guidance of Approximately 20%,3.3,2023-03-01,https://www.sec.gov/Archives/edgar/data/1108524/000110852423000007/crm-q4fy23xexhibit991.htm,0001108524-23-000007,8-K,2023-03-01,2026-09-20T06:44:44Z,dc52d7f38d351cdff27726a5eedbee15f59bdaa42f4a619cbee2bf242f6a0798,FY23 GAAP Operating Margin of 3.3% and Non-GAAP Operating Margin of 22.5%,reported value differs from 3.6 by more than 0.5%,open,,,,,,,,,365,,2026-09-20,navneet,false,false,,false,false,missed,sentence,,,,,,,yes,"Excerpt states 'Raises FY23 GAAP Operating Margin Guidance to Approximately 3.6%' which matches the metric, period, and number given."
01FX1CDM00P0F46C0KA870EVXS,"Salesforce, Inc.",CRM,0001108524,"Salesforce, Inc. expects operating margin non-GAAP of 20% for FY2023.",Raises FY23 GAAP Operating Margin Guidance to Approximately 3.6% and Reiterates Non-GAAP Operating Margin Guidance of Approximately 20%,operating margin non-GAAP,20.0,20.0,percent,FY2023,2022-03-01,https://www.sec.gov/Archives/edgar/data/1108524/000110852422000010/crm-q4fy22xexhibit991.htm,0001108524-22-000010,8-K,2022-03-01,2026-09-20T06:44:35Z,9d5b1056895ede2b6d3d02c3423ad7a109a1be49934d1ec821faf670704e7d4b,Raises FY23 GAAP Operating Margin Guidance to Approximately 3.6% and Reiterates Non-GAAP Operating Margin Guidance of Approximately 20%,22.5,2023-03-01,https://www.sec.gov/Archives/edgar/data/1108524/000110852423000007/crm-q4fy23xexhibit991.htm,0001108524-23-000007,8-K,2023-03-01,2026-09-20T06:44:44Z,dc52d7f38d351cdff27726a5eedbee15f59bdaa42f4a619cbee2bf242f6a0798,Fiscal 2023 non-GAAP operating margin was 22.5%.,reported value differs from 20 by more than 0.5%,open,,,,,,,,,365,,2026-09-20,navneet,false,false,,false,false,missed,sentence,,,,,,,yes,"Excerpt states 'Non-GAAP Operating Margin Guidance of Approximately 20%' for FY23, matching the metric, number, unit, and period specified."
01FX1CDM00HWQX09F3K2Z0G3XJ,"Salesforce, Inc.",CRM,0001108524,"Salesforce, Inc. expects tax rate of 40% for FY2023.","(1)The Company's GAAP tax provision is expected to be approximately 40% for the three months ended April 30, 2022, and approximately 40% for the year ended January 31, 2023.",tax rate,40.0,40.0,percent,FY2023,2022-03-01,https://www.sec.gov/Archives/edgar/data/1108524/000110852422000010/crm-q4fy22xexhibit991.htm,0001108524-22-000010,8-K,2022-03-01,2026-09-20T06:44:35Z,9d5b1056895ede2b6d3d02c3423ad7a109a1be49934d1ec821faf670704e7d4b,"(1)The Company's GAAP tax provision is expected to be approximately 40% for the three months ended April 30, 2022, and approximately 40% for the year ended January 31, 2023.",,,,,,,,,,reported value differs from 40 by more than 0.5%,open,,,,,,,,,,,2026-09-20,navneet,false,false,,false,false,unresolved,sentence,Guidance,The following is a per share reconciliation of GAAP diluted earnings (loss) per share to non-GAAP diluted earnings per share guidance for the next quarter and the full year:,,the model found no line reporting that metric for that period,,,yes,"Excerpt states 'approximately 40% for the year ended January 31, 2023' which matches the FY2023 tax rate guidance."
01G4BPK1001S7RBBEP033TAPRT,"Salesforce, Inc.",CRM,0001108524,"Salesforce, Inc. expects operating margin GAAP of 3.8% for FY2023.",Raises FY23 GAAP Operating Margin Guidance to ~3.8% and Non-GAAP Operating Margin Guidance to ~20.4%,operating margin GAAP,3.8,3.8,percent,FY2023,2022-05-31,https://www.sec.gov/Archives/edgar/data/1108524/000110852422000019/crm-q1fy23xexhibit991.htm,0001108524-22-000019,8-K,2022-05-31,2026-09-20T06:44:37Z,68a29fec0f77cd87fb23a2b00ace225314119adaab60f62ddbd69233c1aabd51,Raises FY23 GAAP Operating Margin Guidance to ~3.8% and Non-GAAP Operating Margin Guidance to ~20.4%,3.3,2023-03-01,https://www.sec.gov/Archives/edgar/data/1108524/000110852423000007/crm-q4fy23xexhibit991.htm,0001108524-23-000007,8-K,2023-03-01,2026-09-20T06:44:44Z,dc52d7f38d351cdff27726a5eedbee15f59bdaa42f4a619cbee2bf242f6a0798,FY23 GAAP Operating Margin of 3.3% and Non-GAAP Operating Margin of 22.5%,reported value differs from 3.8 by more than 0.5%,open,,,,,,,,,274,,2026-09-20,navneet,false,false,,false,false,missed,sentence,,,,,,,yes,"Excerpt states 'Raises FY23 GAAP Operating Margin Guidance to ~3.8%' which matches the metric, number, unit, and period exactly."
01G4BPK1006FET6KCZW9P5D9VH,"Salesforce, Inc.",CRM,0001108524,"Salesforce, Inc. expects operating margin non-GAAP of 20.4% for FY2023.",Raises FY23 GAAP Operating Margin Guidance to ~3.8% and Non-GAAP Operating Margin Guidance to ~20.4%,operating margin non-GAAP,20.4,20.4,percent,FY2023,2022-05-31,https://www.sec.gov/Archives/edgar/data/1108524/000110852422000019/crm-q1fy23xexhibit991.htm,0001108524-22-000019,8-K,2022-05-31,2026-09-20T06:44:37Z,68a29fec0f77cd87fb23a2b00ace225314119adaab60f62ddbd69233c1aabd51,Raises FY23 GAAP Operating Margin Guidance to ~3.8% and Non-GAAP Operating Margin Guidance to ~20.4%,22.5,2023-03-01,https://www.sec.gov/Archives/edgar/data/1108524/000110852423000007/crm-q4fy23xexhibit991.htm,0001108524-23-000007,8-K,2023-03-01,2026-09-20T06:44:44Z,dc52d7f38d351cdff27726a5eedbee15f59bdaa42f4a619cbee2bf242f6a0798,Fiscal 2023 non-GAAP operating margin was 22.5%.,reported value differs from 20.4 by more than 0.5%,open,,,,,,,,,274,,2026-09-20,navneet,false,false,,false,false,missed,sentence,,,,,,,yes,"Excerpt states 'Non-GAAP Operating Margin Guidance to ~20.4%' for FY23, matching the metric, number, unit, and period exactly."
01G4BPK100BPAWDREF18HS6ST8,"Salesforce, Inc.",CRM,0001108524,"Salesforce, Inc. expects revenue of $7.69 billion to $7.7 billion for Q2 FY2023.","Initiates Second Quarter FY23 Revenue Guidance of $7.69 Billion to $7.70 Billion, up ~21% Year-Over-Year",revenue,7.69,7.7,USD billions,Q2 FY2023,2022-05-31,https://www.sec.gov/Archives/edgar/data/1108524/000110852422000019/crm-q1fy23xexhibit991.htm,0001108524-22-000019,8-K,2022-05-31,2026-09-20T06:44:37Z,68a29fec0f77cd87fb23a2b00ace225314119adaab60f62ddbd69233c1aabd51,"Initiates Second Quarter FY23 Revenue Guidance of $7.69 Billion to $7.70 Billion, up ~21% Year-Over-Year",7.72,2022-08-24,https://www.sec.gov/Archives/edgar/data/1108524/000110852422000038/crm-q2fy23xexhibit991.htm,0001108524-22-000038,8-K,2022-08-24,2026-09-20T06:44:38Z,4a7173411df20794f636dd8e879c2ae30924ab899047531ec761e08b86f32d6f,"Revenue of $7.72 Billion, up 22% Y/Y, 26% Constant Currency (""CC"")","reported value falls outside [7.69, 7.7]",open,,,,,,,,,85,,2026-09-20,navneet,false,false,,false,false,missed,sentence,,,,,,,yes,"Excerpt states 'Second Quarter FY23 Revenue Guidance of $7.69 Billion to $7.70 Billion' which matches the metric (revenue), period (Q2 FY2023), and range ($7.69B to $7.7B)."
01G4BPK1008S16ZT60FG25G6EW,"Salesforce, Inc.",CRM,0001108524,"Salesforce, Inc. expects revenue of $31.7 billion to $31.8 billion for FY2023.","Updates Full Year FY23 Revenue Guidance to $31.7 Billion to $31.8 Billion, up ~20% Year-Over-Year",revenue,31.7,31.8,USD billions,FY2023,2022-05-31,https://www.sec.gov/Archives/edgar/data/1108524/000110852422000019/crm-q1fy23xexhibit991.htm,0001108524-22-000019,8-K,2022-05-31,2026-09-20T06:44:37Z,68a29fec0f77cd87fb23a2b00ace225314119adaab60f62ddbd69233c1aabd51,"Updates Full Year FY23 Revenue Guidance to $31.7 Billion to $31.8 Billion, up ~20% Year-Over-Year",31.4,2023-03-01,https://www.sec.gov/Archives/edgar/data/1108524/000110852423000007/crm-q4fy23xexhibit991.htm,0001108524-23-000007,8-K,2023-03-01,2026-09-20T06:44:44Z,dc52d7f38d351cdff27726a5eedbee15f59bdaa42f4a619cbee2bf242f6a0798,"FY23 Revenue of $31.4 Billion, up 18% Y/Y, up 22% CC","reported value falls outside [31.7, 31.8]",open,,,,,,,,,274,,2026-09-20,navneet,false,false,,false,false,missed,sentence,,,,,,,yes,"Excerpt states 'Full Year FY23 Revenue Guidance to $31.7 Billion to $31.8 Billion' which matches the metric (revenue), period (FY2023), and range ($31.7B-$31.8B) exactly."
01G4BPK100QS6DR9Y0913M8X1B,"Salesforce, Inc.",CRM,0001108524,"Salesforce, Inc. expects tax rate of 55% for FY2023.","(1) The Company's GAAP tax provision is expected to be approximately 57% for the three months ended July 30, 2022, and approximately 55% for the year ended January 31, 2023.",tax rate,55.0,55.0,percent,FY2023,2022-05-31,https://www.sec.gov/Archives/edgar/data/1108524/000110852422000019/crm-q1fy23xexhibit991.htm,0001108524-22-000019,8-K,2022-05-31,2026-09-20T06:44:37Z,68a29fec0f77cd87fb23a2b00ace225314119adaab60f62ddbd69233c1aabd51,"(1) The Company's GAAP tax provision is expected to be approximately 57% for the three months ended July 30, 2022, and approximately 55% for the year ended January 31, 2023.",,,,,,,,,,reported value differs from 55 by more than 0.5%,open,,,,,,,,,,,2026-09-20,navneet,false,false,,false,false,unresolved,sentence,Guidance,The following is a per share reconciliation of GAAP diluted earnings (loss) per share to non-GAAP diluted earnings per share guidance for the next quarter and the full year:,,the model found no line reporting that metric for that period,,,yes,"Excerpt states 'approximately 55% for the year ended January 31, 2023' which matches the FY2023 tax rate guidance of 55%"
01GB6JC400XZVQB7R7B7YHNPWF,"Salesforce, Inc.",CRM,0001108524,"Salesforce, Inc. expects revenue of $7.82 billion to $7.83 billion for Q3 FY2023.","Third Quarter FY23 Revenue Guidance of $7.82 Billion to $7.83 Billion, up ~14% Y/Y, 18% CC",revenue,7.82,7.83,USD billions,Q3 FY2023,2022-08-24,https://www.sec.gov/Archives/edgar/data/1108524/000110852422000038/crm-q2fy23xexhibit991.htm,0001108524-22-000038,8-K,2022-08-24,2026-09-20T06:44:38Z,4a7173411df20794f636dd8e879c2ae30924ab899047531ec761e08b86f32d6f,"Third Quarter FY23 Revenue Guidance of $7.82 Billion to $7.83 Billion, up ~14% Y/Y, 18% CC",7.84,2022-11-30,https://www.sec.gov/Archives/edgar/data/1108524/000110852422000058/crm-q3fy23xexhibit991.htm,0001108524-22-000058,8-K,2022-11-30,2026-09-20T06:44:41Z,28b9968a41044387eedb7e008998d007687c8b0a6c8be54bb403912dadcea114,"Revenue of $7.84 Billion, up 14% Y/Y, up 19% Constant Currency (""CC"")","reported value falls outside [7.82, 7.83]",open,,,,,,,,,98,,2026-09-20,navneet,false,false,,false,false,missed,sentence,,,,,,,yes,"Excerpt states 'Third Quarter FY23 Revenue Guidance of $7.82 Billion to $7.83 Billion' which matches the metric (revenue), period (Q3 FY2023), and range ($7.82B-$7.83B) exactly."
01GB6JC4002E5W3XA221CCZZ66,"Salesforce, Inc.",CRM,0001108524,"Salesforce, Inc. expects revenue of $30.9 billion to $31 billion for FY2023.","Full Year FY23 Revenue Guidance of $30.9 Billion to $31.0 Billion, up ~17% Y/Y, 20% in CC",revenue,30.9,31.0,USD billions,FY2023,2022-08-24,https://www.sec.gov/Archives/edgar/data/1108524/000110852422000038/crm-q2fy23xexhibit991.htm,0001108524-22-000038,8-K,2022-08-24,2026-09-20T06:44:38Z,4a7173411df20794f636dd8e879c2ae30924ab899047531ec761e08b86f32d6f,"Full Year FY23 Revenue Guidance of $30.9 Billion to $31.0 Billion, up ~17% Y/Y, 20% in CC",31.4,2023-03-01,https://www.sec.gov/Archives/edgar/data/1108524/000110852423000007/crm-q4fy23xexhibit991.htm,0001108524-23-000007,8-K,2023-03-01,2026-09-20T06:44:44Z,dc52d7f38d351cdff27726a5eedbee15f59bdaa42f4a619cbee2bf242f6a0798,"FY23 Revenue of $31.4 Billion, up 18% Y/Y, up 22% CC","reported value falls outside [30.9, 31]",open,,,,,,,,,189,,2026-09-20,navneet,false,false,,false,false,missed,sentence,,,,,,,yes,"Excerpt states 'Full Year FY23 Revenue Guidance of $30.9 Billion to $31.0 Billion' which matches the metric (revenue), period (FY2023), and range ($30.9B to $31B) exactly."
01GB6JC400S8GE5YDY7Y01TC6E,"Salesforce, Inc.",CRM,0001108524,"Salesforce, Inc. expects operating margin GAAP of 3.6% for FY2023.",Full Year FY23 GAAP Operating Margin Guidance of ~3.6% and Non-GAAP Operating Margin Guidance of ~20.4%,operating margin GAAP,3.6,3.6,percent,FY2023,2022-08-24,https://www.sec.gov/Archives/edgar/data/1108524/000110852422000038/crm-q2fy23xexhibit991.htm,0001108524-22-000038,8-K,2022-08-24,2026-09-20T06:44:38Z,4a7173411df20794f636dd8e879c2ae30924ab899047531ec761e08b86f32d6f,Full Year FY23 GAAP Operating Margin Guidance of ~3.6% and Non-GAAP Operating Margin Guidance of ~20.4%,3.3,2023-03-01,https://www.sec.gov/Archives/edgar/data/1108524/000110852423000007/crm-q4fy23xexhibit991.htm,0001108524-23-000007,8-K,2023-03-01,2026-09-20T06:44:44Z,dc52d7f38d351cdff27726a5eedbee15f59bdaa42f4a619cbee2bf242f6a0798,FY23 GAAP Operating Margin of 3.3% and Non-GAAP Operating Margin of 22.5%,reported value differs from 3.6 by more than 0.5%,open,,,,,,,,,189,,2026-09-20,navneet,false,false,,false,false,missed,sentence,,,,,,,yes,"Excerpt states 'Full Year FY23 GAAP Operating Margin Guidance of ~3.6%' which matches the metric, period, and number given."
01GB6JC400SMRR20GHTZH3N1AW,"Salesforce, Inc.",CRM,0001108524,"Salesforce, Inc. expects operating margin non-GAAP of 20.4% for FY2023.",Full Year FY23 GAAP Operating Margin Guidance of ~3.6% and Non-GAAP Operating Margin Guidance of ~20.4%,operating margin non-GAAP,20.4,20.4,percent,FY2023,2022-08-24,https://www.sec.gov/Archives/edgar/data/1108524/000110852422000038/crm-q2fy23xexhibit991.htm,0001108524-22-000038,8-K,2022-08-24,2026-09-20T06:44:38Z,4a7173411df20794f636dd8e879c2ae30924ab899047531ec761e08b86f32d6f,Full Year FY23 GAAP Operating Margin Guidance of ~3.6% and Non-GAAP Operating Margin Guidance of ~20.4%,22.5,2023-03-01,https://www.sec.gov/Archives/edgar/data/1108524/000110852423000007/crm-q4fy23xexhibit991.htm,0001108524-23-000007,8-K,2023-03-01,2026-09-20T06:44:44Z,dc52d7f38d351cdff27726a5eedbee15f59bdaa42f4a619cbee2bf242f6a0798,Fiscal 2023 non-GAAP operating margin was 22.5%.,reported value differs from 20.4 by more than 0.5%,open,,,,,,,,,189,,2026-09-20,navneet,false,false,,false,false,missed,sentence,,,,,,,yes,"Excerpt states 'Non-GAAP Operating Margin Guidance of ~20.4%' for 'Full Year FY23', matching the metric, number, unit, and period exactly."
01GB6JC400WEN307PTSG7PV85S,"Salesforce, Inc.",CRM,0001108524,"Salesforce, Inc. expects tax rate of 54% for FY2023.","(1) The Company's GAAP tax provision is expected to be approximately 60% for the three months ended October 31, 2022, and approximately 54% for the year ended January 31, 2023.",tax rate,54.0,54.0,percent,FY2023,2022-08-24,https://www.sec.gov/Archives/edgar/data/1108524/000110852422000038/crm-q2fy23xexhibit991.htm,0001108524-22-000038,8-K,2022-08-24,2026-09-20T06:44:38Z,4a7173411df20794f636dd8e879c2ae30924ab899047531ec761e08b86f32d6f,"(1) The Company's GAAP tax provision is expected to be approximately 60% for the three months ended October 31, 2022, and approximately 54% for the year ended January 31, 2023.",,,,,,,,,,reported value differs from 54 by more than 0.5%,open,,,,,,,,,,,2026-09-20,navneet,false,false,,false,false,unresolved,sentence,,,,the model found no line reporting that metric for that period,,,yes,"Excerpt states 'approximately 54% for the year ended January 31, 2023' which matches the FY2023 tax rate guidance of 54%."
01GDENG800E426V0QXPMJWQ3VB,"Salesforce, Inc.",CRM,0001108524,"Salesforce, Inc. expects revenue of $30.9 billion to $31 billion for FY2023.","Path to $50B Long-term secular trends continue, offset by near-term macro & FX $8.4B FY17$6.7B FY16$5.4B FY15$4.1B FY14$3.1B FY13 $13.3B FY19 $10.5B FY18 $17.1B FY20 $21.3B FY21 $26.5B FY22 *High end of FY23 revenue guide of $30.9B to $31.0B. Long range target for FY26 inclusive of long range target for Slack for FY26.",revenue,30.9,31.0,USD billions,FY2023,2022-09-21,https://www.sec.gov/Archives/edgar/data/1108524/000110852422000047/vfinal_investordayxfy23x.htm,0001108524-22-000047,8-K,2022-09-21,2026-09-20T06:44:40Z,ad9a355f549f39f350dc40f9bbc1ecfd0e6277e48024ba73ca620fe089c605d7,"Path to $50B Long-term secular trends continue, offset by near-term macro & FX $8.4B FY17$6.7B FY16$5.4B FY15$4.1B FY14$3.1B FY13 $13.3B FY19 $10.5B FY18 $17.1B FY20 $21.3B FY21 $26.5B FY22 *High end of FY23 revenue guide of $30.9B to $31.0B. Long range target for FY26 inclusive of long range target for Slack for FY26.",31.4,2023-03-01,https://www.sec.gov/Archives/edgar/data/1108524/000110852423000007/crm-q4fy23xexhibit991.htm,0001108524-23-000007,8-K,2023-03-01,2026-09-20T06:44:44Z,dc52d7f38d351cdff27726a5eedbee15f59bdaa42f4a619cbee2bf242f6a0798,"FY23 Revenue of $31.4 Billion, up 18% Y/Y, up 22% CC","reported value falls outside [30.9, 31]",open,,,,,,,,,161,,2026-09-20,navneet,false,false,,false,false,missed,sentence,,,,,,,yes,"Excerpt explicitly states 'FY23 revenue guide of $30.9B to $31.0B' which matches the metric, period, and range provided."
01GDENG800WW89220B9XF8ZTAS,"Salesforce, Inc.",CRM,0001108524,"Salesforce, Inc. expects revenue of $50 billion for FY2026.","Path to $50B Long-term secular trends continue, offset by near-term macro & FX $8.4B FY17$6.7B FY16$5.4B FY15$4.1B FY14$3.1B FY13 $13.3B FY19 $10.5B FY18 $17.1B FY20 $21.3B FY21 $26.5B FY22 *High end of FY23 revenue guide of $30.9B to $31.0B. Long range target for FY26 inclusive of long range target for Slack for FY26.",revenue,50.0,50.0,USD billions,FY2026,2022-09-21,https://www.sec.gov/Archives/edgar/data/1108524/000110852422000047/vfinal_investordayxfy23x.htm,0001108524-22-000047,8-K,2022-09-21,2026-09-20T06:44:40Z,ad9a355f549f39f350dc40f9bbc1ecfd0e6277e48024ba73ca620fe089c605d7,"Path to $50B Long-term secular trends continue, offset by near-term macro & FX $8.4B FY17$6.7B FY16$5.4B FY15$4.1B FY14$3.1B FY13 $13.3B FY19 $10.5B FY18 $17.1B FY20 $21.3B FY21 $26.5B FY22 *High end of FY23 revenue guide of $30.9B to $31.0B. Long range target for FY26 inclusive of long range target for Slack for FY26.",,,,,,,,,,reported value differs from 50 by more than 0.5%,open,,,,,,,,,,,2026-09-20,navneet,false,false,,false,false,unresolved,sentence,,,,no later 8-K release for that period found,,,yes,"Excerpt states 'Long range target for FY26' with 'Path to $50B' at the beginning, establishing $50B as the FY2026 revenue target."
01GDENG800Z88QE4C85Y9ZNA4T,"Salesforce, Inc.",CRM,0001108524,"Salesforce, Inc. expects operating margin non-GAAP of at least 25% for FY2026.","Profitable Growth at Scale Average Free Cash Flow Return2 30-40%$10B Share Repurchase Authorization1 FY26 Revenue CAGR ~17% 25%+ FY26 Non-GAAP Operating Margin2 FY26 Revenue Target2 $50B 1$10B share repurchase authorization without expiration date 2Revenue target represents growth driven by current portfolio, Non-GAAP Operating Margin of 25%+ inclusive of future M&A, Avg.",operating margin non-GAAP,25.0,,percent,FY2026,2022-09-21,https://www.sec.gov/Archives/edgar/data/1108524/000110852422000047/vfinal_investordayxfy23x.htm,0001108524-22-000047,8-K,2022-09-21,2026-09-20T06:44:40Z,ad9a355f549f39f350dc40f9bbc1ecfd0e6277e48024ba73ca620fe089c605d7,"Profitable Growth at Scale Average Free Cash Flow Return2 30-40%$10B Share Repurchase Authorization1 FY26 Revenue CAGR ~17% 25%+ FY26 Non-GAAP Operating Margin2 FY26 Revenue Target2 $50B 1$10B share repurchase authorization without expiration date 2Revenue target represents growth driven by current portfolio, Non-GAAP Operating Margin of 25%+ inclusive of future M&A, Avg.",,,,,,,,,,reported value is below 25,open,,,,,,,,,,,2026-09-20,navneet,false,false,,false,false,unresolved,sentence,,,,no later 8-K release for that period found,,,yes,Excerpt states 'FY26 Non-GAAP Operating Margin2' with '25%+' which matches the guidance of at least 25% for FY2026.
01GK2XAJ00300PV249KMDSF0BX,"Salesforce, Inc.",CRM,0001108524,"Salesforce, Inc. expects revenue of $7.932 billion to $8.032 billion for Q4 FY2023.","Fourth Quarter FY23 Revenue Guidance of $7.932 Billion to $8.032 Billion, up 8% to 10% Y/Y, 12% to 13% CC",revenue,7.932,8.032,USD billions,Q4 FY2023,2022-11-30,https://www.sec.gov/Archives/edgar/data/1108524/000110852422000058/crm-q3fy23xexhibit991.htm,0001108524-22-000058,8-K,2022-11-30,2026-09-20T06:44:41Z,28b9968a41044387eedb7e008998d007687c8b0a6c8be54bb403912dadcea114,"Fourth Quarter FY23 Revenue Guidance of $7.932 Billion to $8.032 Billion, up 8% to 10% Y/Y, 12% to 13% CC",8.38,2023-03-01,https://www.sec.gov/Archives/edgar/data/1108524/000110852423000007/crm-q4fy23xexhibit991.htm,0001108524-23-000007,8-K,2023-03-01,2026-09-20T06:44:44Z,dc52d7f38d351cdff27726a5eedbee15f59bdaa42f4a619cbee2bf242f6a0798,"Fourth Quarter Revenue of $8.38 Billion, up 14% Year-Over-Year (""Y/Y""), up 17% Constant Currency (""CC"")","reported value falls outside [7.932, 8.032]",open,,,,,,,,,91,,2026-09-20,navneet,false,false,,false,false,missed,sentence,,,,,,,yes,"Excerpt states 'Fourth Quarter FY23 Revenue Guidance of $7.932 Billion to $8.032 Billion' which matches the metric, period, and range exactly."
01GK2XAJ00QN5RK8XTN7VRNV26,"Salesforce, Inc.",CRM,0001108524,"Salesforce, Inc. expects revenue of $30.9 billion to $31 billion for FY2023.","Full Year FY23 Revenue Guidance of $30.9 Billion to $31.0 Billion, up 17% Y/Y, 20% CC",revenue,30.9,31.0,USD billions,FY2023,2022-11-30,https://www.sec.gov/Archives/edgar/data/1108524/000110852422000058/crm-q3fy23xexhibit991.htm,0001108524-22-000058,8-K,2022-11-30,2026-09-20T06:44:41Z,28b9968a41044387eedb7e008998d007687c8b0a6c8be54bb403912dadcea114,"Full Year FY23 Revenue Guidance of $30.9 Billion to $31.0 Billion, up 17% Y/Y, 20% CC",31.4,2023-03-01,https://www.sec.gov/Archives/edgar/data/1108524/000110852423000007/crm-q4fy23xexhibit991.htm,0001108524-23-000007,8-K,2023-03-01,2026-09-20T06:44:44Z,dc52d7f38d351cdff27726a5eedbee15f59bdaa42f4a619cbee2bf242f6a0798,"FY23 Revenue of $31.4 Billion, up 18% Y/Y, up 22% CC","reported value falls outside [30.9, 31]",open,,,,,,,,,91,,2026-09-20,navneet,false,false,,false,false,missed,sentence,,,,,,,yes,"Excerpt states 'Full Year FY23 Revenue Guidance of $30.9 Billion to $31.0 Billion' which matches the metric, period, and range exactly."
01GK2XAJ00KXFNRYY8NNHWFQB0,"Salesforce, Inc.",CRM,0001108524,"Salesforce, Inc. expects operating margin GAAP of 3.8% for FY2023.",Full Year FY23 GAAP Operating Margin Guidance of ~3.8% and Non-GAAP Operating Margin Guidance of ~20.7%,operating margin GAAP,3.8,3.8,percent,FY2023,2022-11-30,https://www.sec.gov/Archives/edgar/data/1108524/000110852422000058/crm-q3fy23xexhibit991.htm,0001108524-22-000058,8-K,2022-11-30,2026-09-20T06:44:41Z,28b9968a41044387eedb7e008998d007687c8b0a6c8be54bb403912dadcea114,Full Year FY23 GAAP Operating Margin Guidance of ~3.8% and Non-GAAP Operating Margin Guidance of ~20.7%,3.3,2023-03-01,https://www.sec.gov/Archives/edgar/data/1108524/000110852423000007/crm-q4fy23xexhibit991.htm,0001108524-23-000007,8-K,2023-03-01,2026-09-20T06:44:44Z,dc52d7f38d351cdff27726a5eedbee15f59bdaa42f4a619cbee2bf242f6a0798,FY23 GAAP Operating Margin of 3.3% and Non-GAAP Operating Margin of 22.5%,reported value differs from 3.8 by more than 0.5%,open,,,,,,,,,91,,2026-09-20,navneet,false,false,,false,false,missed,sentence,,,,,,,yes,"Excerpt states 'Full Year FY23 GAAP Operating Margin Guidance of ~3.8%' which matches the metric, period, and number given."
01GK2XAJ0001TQV064WNK96RRJ,"Salesforce, Inc.",CRM,0001108524,"Salesforce, Inc. expects operating margin non-GAAP of 20.7% for FY2023.",Full Year FY23 GAAP Operating Margin Guidance of ~3.8% and Non-GAAP Operating Margin Guidance of ~20.7%,operating margin non-GAAP,20.7,20.7,percent,FY2023,2022-11-30,https://www.sec.gov/Archives/edgar/data/1108524/000110852422000058/crm-q3fy23xexhibit991.htm,0001108524-22-000058,8-K,2022-11-30,2026-09-20T06:44:41Z,28b9968a41044387eedb7e008998d007687c8b0a6c8be54bb403912dadcea114,Full Year FY23 GAAP Operating Margin Guidance of ~3.8% and Non-GAAP Operating Margin Guidance of ~20.7%,22.5,2023-03-01,https://www.sec.gov/Archives/edgar/data/1108524/000110852423000007/crm-q4fy23xexhibit991.htm,0001108524-23-000007,8-K,2023-03-01,2026-09-20T06:44:44Z,dc52d7f38d351cdff27726a5eedbee15f59bdaa42f4a619cbee2bf242f6a0798,Fiscal 2023 non-GAAP operating margin was 22.5%.,reported value differs from 20.7 by more than 0.5%,open,,,,,,,,,91,,2026-09-20,navneet,false,false,,false,false,missed,sentence,,,,,,,yes,"Excerpt states 'Non-GAAP Operating Margin Guidance of ~20.7%' for 'Full Year FY23', matching the metric, number, unit, and period exactly."
01GK2XAJ002CKVPMGH4DGW93SN,"Salesforce, Inc.",CRM,0001108524,"Salesforce, Inc. expects tax rate of 47% for Q4 FY2023.","(1) The Company's GAAP tax provision is expected to be approximately 47% for the three months ended January 31, 2023, and approximately 49% for the year ended January 31, 2023.",tax rate,47.0,47.0,percent,Q4 FY2023,2022-11-30,https://www.sec.gov/Archives/edgar/data/1108524/000110852422000058/crm-q3fy23xexhibit991.htm,0001108524-22-000058,8-K,2022-11-30,2026-09-20T06:44:41Z,28b9968a41044387eedb7e008998d007687c8b0a6c8be54bb403912dadcea114,"(1) The Company's GAAP tax provision is expected to be approximately 47% for the three months ended January 31, 2023, and approximately 49% for the year ended January 31, 2023.",,,,,,,,,,reported value differs from 47 by more than 0.5%,open,,,,,,,,,,,2026-09-20,navneet,false,false,,false,false,unresolved,sentence,,,,the model found no line reporting that metric for that period,,,yes,"Excerpt states 'GAAP tax provision is expected to be approximately 47% for the three months ended January 31, 2023' which matches Q4 FY2023 guidance of 47% tax rate."
01GK2XAJ006PMCST8ZK9R04NG3,"Salesforce, Inc.",CRM,0001108524,"Salesforce, Inc. expects tax rate of 49% for FY2023.","(1) The Company's GAAP tax provision is expected to be approximately 47% for the three months ended January 31, 2023, and approximately 49% for the year ended January 31, 2023.",tax rate,49.0,49.0,percent,FY2023,2022-11-30,https://www.sec.gov/Archives/edgar/data/1108524/000110852422000058/crm-q3fy23xexhibit991.htm,0001108524-22-000058,8-K,2022-11-30,2026-09-20T06:44:41Z,28b9968a41044387eedb7e008998d007687c8b0a6c8be54bb403912dadcea114,"(1) The Company's GAAP tax provision is expected to be approximately 47% for the three months ended January 31, 2023, and approximately 49% for the year ended January 31, 2023.",,,,,,,,,,reported value differs from 49 by more than 0.5%,open,,,,,,,,,,,2026-09-20,navneet,false,false,,false,false,unresolved,sentence,,,,the model found no line reporting that metric for that period,,,yes,"Excerpt states 'approximately 49% for the year ended January 31, 2023' which matches the FY2023 tax rate guidance of 49%"
01GTD7FZ00WCNQP4NTEFNDHG0X,"Salesforce, Inc.",CRM,0001108524,"Salesforce, Inc. expects revenue of $34.5 billion to $34.7 billion for FY2024.","Full Year FY24 Revenue Guidance of $34.5 Billion to $34.7 Billion, up ~10% Y/Y",revenue,34.5,34.7,USD billions,FY2024,2023-03-01,https://www.sec.gov/Archives/edgar/data/1108524/000110852423000007/crm-q4fy23xexhibit991.htm,0001108524-23-000007,8-K,2023-03-01,2026-09-20T06:44:44Z,dc52d7f38d351cdff27726a5eedbee15f59bdaa42f4a619cbee2bf242f6a0798,"Full Year FY24 Revenue Guidance of $34.5 Billion to $34.7 Billion, up ~10% Y/Y",34.9,2024-02-28,https://www.sec.gov/Archives/edgar/data/1108524/000110852424000002/crm-q4fy24xexhibit991.htm,0001108524-24-000002,8-K,2024-02-28,2026-09-20T06:44:49Z,99d02e164cf57707be75d84a81b706d252e3fbf4d09abf95729a28aca86d7d36,"FY24 Revenue of $34.9 Billion, up 11% Y/Y, up 11% CC","reported value falls outside [34.5, 34.7]",open,,,,,,,,,364,,2026-09-20,navneet,false,false,,false,false,missed,sentence,,,,,,,yes,"Excerpt states 'Full Year FY24 Revenue Guidance of $34.5 Billion to $34.7 Billion' which matches the metric, period, and range exactly."
01GTD7FZ00VFVZSXHH17CR45TS,"Salesforce, Inc.",CRM,0001108524,"Salesforce, Inc. expects operating margin GAAP of 10.8% for FY2024.",Full Year FY24 GAAP Operating Margin Guidance of ~10.8% and Non-GAAP Operating Margin Guidance of ~27.0%,operating margin GAAP,10.8,10.8,percent,FY2024,2023-03-01,https://www.sec.gov/Archives/edgar/data/1108524/000110852423000007/crm-q4fy23xexhibit991.htm,0001108524-23-000007,8-K,2023-03-01,2026-09-20T06:44:44Z,dc52d7f38d351cdff27726a5eedbee15f59bdaa42f4a619cbee2bf242f6a0798,Full Year FY24 GAAP Operating Margin Guidance of ~10.8% and Non-GAAP Operating Margin Guidance of ~27.0%,14.4,2024-02-28,https://www.sec.gov/Archives/edgar/data/1108524/000110852424000002/crm-q4fy24xexhibit991.htm,0001108524-24-000002,8-K,2024-02-28,2026-09-20T06:44:49Z,99d02e164cf57707be75d84a81b706d252e3fbf4d09abf95729a28aca86d7d36,FY24 GAAP Operating Margin of 14.4% and non-GAAP Operating Margin of 30.5%,reported value differs from 10.8 by more than 0.5%,open,,,,,,,,,364,,2026-09-20,navneet,false,false,,false,false,missed,sentence,,,,,,,yes,"Excerpt states 'Full Year FY24 GAAP Operating Margin Guidance of ~10.8%' which matches the metric, period, and number given."
01GTD7FZ00HVPG4YGQ58AGD8J1,"Salesforce, Inc.",CRM,0001108524,"Salesforce, Inc. expects operating margin non-GAAP of 27% for FY2024.",Full Year FY24 GAAP Operating Margin Guidance of ~10.8% and Non-GAAP Operating Margin Guidance of ~27.0%,operating margin non-GAAP,27.0,27.0,percent,FY2024,2023-03-01,https://www.sec.gov/Archives/edgar/data/1108524/000110852423000007/crm-q4fy23xexhibit991.htm,0001108524-23-000007,8-K,2023-03-01,2026-09-20T06:44:44Z,dc52d7f38d351cdff27726a5eedbee15f59bdaa42f4a619cbee2bf242f6a0798,Full Year FY24 GAAP Operating Margin Guidance of ~10.8% and Non-GAAP Operating Margin Guidance of ~27.0%,30.5,2024-02-28,https://www.sec.gov/Archives/edgar/data/1108524/000110852424000002/crm-q4fy24xexhibit991.htm,0001108524-24-000002,8-K,2024-02-28,2026-09-20T06:44:49Z,99d02e164cf57707be75d84a81b706d252e3fbf4d09abf95729a28aca86d7d36,Fiscal 2024 non-GAAP operating margin was 30.5%.,reported value differs from 27 by more than 0.5%,open,,,,,,,,,364,,2026-09-20,navneet,false,false,,false,false,missed,sentence,,,,,,,yes,"Excerpt states 'Non-GAAP Operating Margin Guidance of ~27.0%' for 'Full Year FY24', matching the metric, number, unit, and period specified."
01GTD7FZ00TX8ZWGBEC16552YK,"Salesforce, Inc.",CRM,0001108524,"Salesforce, Inc. expects tax rate of 30% for FY2024.","(1) The Company's GAAP tax provision is expected to be approximately 30% for the three months ended April 30, 2023, and approximately 30% for the year ended January 31, 2024.",tax rate,30.0,30.0,percent,FY2024,2023-03-01,https://www.sec.gov/Archives/edgar/data/1108524/000110852423000007/crm-q4fy23xexhibit991.htm,0001108524-23-000007,8-K,2023-03-01,2026-09-20T06:44:44Z,dc52d7f38d351cdff27726a5eedbee15f59bdaa42f4a619cbee2bf242f6a0798,"(1) The Company's GAAP tax provision is expected to be approximately 30% for the three months ended April 30, 2023, and approximately 30% for the year ended January 31, 2024.",,,,,,,,,,reported value differs from 30 by more than 0.5%,open,,,,,,,,,,,2026-09-20,navneet,false,false,,false,false,unresolved,sentence,Guidance,,,the model found no line reporting that metric for that period,,,yes,"Excerpt states 'approximately 30% for the year ended January 31, 2024' which matches the FY2024 tax rate guidance of 30%"
01H1QHNC00X1YNR64A5S2QKKH8,"Salesforce, Inc.",CRM,0001108524,"Salesforce, Inc. expects revenue of $8.51 billion to $8.53 billion for Q2 FY2024.","Initiates Second Quarter FY24 Revenue Guidance of $8.51 Billion to $8.53 Billion, up ~10% Y/Y",revenue,8.51,8.53,USD billions,Q2 FY2024,2023-05-31,https://www.sec.gov/Archives/edgar/data/1108524/000110852423000021/crm-q1fy24xexhibit991.htm,0001108524-23-000021,8-K,2023-05-31,2026-09-20T06:44:45Z,3cd39bdc5ac40e257a60b37ffe00b02bdad05731de70b95ae608d7b317201ac5,"Initiates Second Quarter FY24 Revenue Guidance of $8.51 Billion to $8.53 Billion, up ~10% Y/Y",8.6,2023-08-30,https://www.sec.gov/Archives/edgar/data/1108524/000110852423000037/crm-q2fy24xexhibit991.htm,0001108524-23-000037,8-K,2023-08-30,2026-09-20T06:44:47Z,2dc591a2ff4a3b6ddc057a395e65fd5543f515eee1db243622f6ba32afea90d5,"Second Quarter Revenue of $8.60 Billion, up 11% Year-Over-Year (""Y/Y""), up 11% in Constant Currency (""CC"")","reported value falls outside [8.51, 8.53]",open,,,,,,,,,91,,2026-09-20,navneet,false,false,,false,false,missed,sentence,,,,,,,yes,"Excerpt states 'Second Quarter FY24 Revenue Guidance of $8.51 Billion to $8.53 Billion' which matches the metric, period, and range exactly."
01H1QHNC00AM3QVX35MAVFN4SP,"Salesforce, Inc.",CRM,0001108524,"Salesforce, Inc. expects revenue of $34.5 billion to $34.7 billion for FY2024.","Reiterates Full Year FY24 Revenue Guidance of $34.5 Billion to $34.7 Billion, up ~10% Y/Y",revenue,34.5,34.7,USD billions,FY2024,2023-05-31,https://www.sec.gov/Archives/edgar/data/1108524/000110852423000021/crm-q1fy24xexhibit991.htm,0001108524-23-000021,8-K,2023-05-31,2026-09-20T06:44:45Z,3cd39bdc5ac40e257a60b37ffe00b02bdad05731de70b95ae608d7b317201ac5,"Reiterates Full Year FY24 Revenue Guidance of $34.5 Billion to $34.7 Billion, up ~10% Y/Y",34.9,2024-02-28,https://www.sec.gov/Archives/edgar/data/1108524/000110852424000002/crm-q4fy24xexhibit991.htm,0001108524-24-000002,8-K,2024-02-28,2026-09-20T06:44:49Z,99d02e164cf57707be75d84a81b706d252e3fbf4d09abf95729a28aca86d7d36,"FY24 Revenue of $34.9 Billion, up 11% Y/Y, up 11% CC","reported value falls outside [34.5, 34.7]",open,,,,,,,,,273,,2026-09-20,navneet,false,false,,false,false,missed,sentence,,,,,,,yes,"Excerpt states 'Full Year FY24 Revenue Guidance of $34.5 Billion to $34.7 Billion' which matches the metric, period, and range exactly."
01H1QHNC001J3QVKDEEKRRVX6M,"Salesforce, Inc.",CRM,0001108524,"Salesforce, Inc. expects operating margin GAAP of 11.4% for FY2024.",Raises Full Year FY24 GAAP Operating Margin Guidance to ~11.4% and Non-GAAP Operating Margin Guidance to ~28.0%,operating margin GAAP,11.4,11.4,percent,FY2024,2023-05-31,https://www.sec.gov/Archives/edgar/data/1108524/000110852423000021/crm-q1fy24xexhibit991.htm,0001108524-23-000021,8-K,2023-05-31,2026-09-20T06:44:45Z,3cd39bdc5ac40e257a60b37ffe00b02bdad05731de70b95ae608d7b317201ac5,Raises Full Year FY24 GAAP Operating Margin Guidance to ~11.4% and Non-GAAP Operating Margin Guidance to ~28.0%,14.4,2024-02-28,https://www.sec.gov/Archives/edgar/data/1108524/000110852424000002/crm-q4fy24xexhibit991.htm,0001108524-24-000002,8-K,2024-02-28,2026-09-20T06:44:49Z,99d02e164cf57707be75d84a81b706d252e3fbf4d09abf95729a28aca86d7d36,FY24 GAAP Operating Margin of 14.4% and non-GAAP Operating Margin of 30.5%,reported value differs from 11.4 by more than 0.5%,open,,,,,,,,,273,,2026-09-20,navneet,false,false,,false,false,missed,sentence,,,,,,,yes,"Excerpt states 'Raises Full Year FY24 GAAP Operating Margin Guidance to ~11.4%' which matches the metric, period, and number given."
01H1QHNC00AXW26GFHC6BDWB8M,"Salesforce, Inc.",CRM,0001108524,"Salesforce, Inc. expects operating margin non-GAAP of 28% for FY2024.",Raises Full Year FY24 GAAP Operating Margin Guidance to ~11.4% and Non-GAAP Operating Margin Guidance to ~28.0%,operating margin non-GAAP,28.0,28.0,percent,FY2024,2023-05-31,https://www.sec.gov/Archives/edgar/data/1108524/000110852423000021/crm-q1fy24xexhibit991.htm,0001108524-23-000021,8-K,2023-05-31,2026-09-20T06:44:45Z,3cd39bdc5ac40e257a60b37ffe00b02bdad05731de70b95ae608d7b317201ac5,Raises Full Year FY24 GAAP Operating Margin Guidance to ~11.4% and Non-GAAP Operating Margin Guidance to ~28.0%,30.5,2024-02-28,https://www.sec.gov/Archives/edgar/data/1108524/000110852424000002/crm-q4fy24xexhibit991.htm,0001108524-24-000002,8-K,2024-02-28,2026-09-20T06:44:49Z,99d02e164cf57707be75d84a81b706d252e3fbf4d09abf95729a28aca86d7d36,Fiscal 2024 non-GAAP operating margin was 30.5%.,reported value differs from 28 by more than 0.5%,open,,,,,,,,,273,,2026-09-20,navneet,false,false,,false,false,missed,sentence,,,,,,,yes,"Excerpt states 'Non-GAAP Operating Margin Guidance to ~28.0%' for full year FY24, matching the metric, number, unit, and period specified."
01H1QHNC00NTHRQ1D4SRGX4CNY,"Salesforce, Inc.",CRM,0001108524,"Salesforce, Inc. expects tax rate of 31% for FY2024.","(1) The Company's GAAP tax provision is expected to be approximately 30% for the three months ended July 31, 2023, and approximately 31% for the year ended January 31, 2024.",tax rate,31.0,31.0,percent,FY2024,2023-05-31,https://www.sec.gov/Archives/edgar/data/1108524/000110852423000021/crm-q1fy24xexhibit991.htm,0001108524-23-000021,8-K,2023-05-31,2026-09-20T06:44:45Z,3cd39bdc5ac40e257a60b37ffe00b02bdad05731de70b95ae608d7b317201ac5,"(1) The Company's GAAP tax provision is expected to be approximately 30% for the three months ended July 31, 2023, and approximately 31% for the year ended January 31, 2024.",,,,,,,,,,reported value differs from 31 by more than 0.5%,open,,,,,,,,,,,2026-09-20,navneet,false,false,,false,false,unresolved,sentence,,,,the model found no line reporting that metric for that period,,,yes,"Excerpt states 'approximately 31% for the year ended January 31, 2024' which matches the FY2024 tax rate guidance of 31%"
01H91VTS001AWT9JF7K86XDCPE,"Salesforce, Inc.",CRM,0001108524,"Salesforce, Inc. expects revenue of $8.7 billion to $8.72 billion for Q3 FY2024.","Initiates Third Quarter FY24 Revenue Guidance of $8.70 Billion to $8.72 Billion, up ~11% Y/Y",revenue,8.7,8.72,USD billions,Q3 FY2024,2023-08-30,https://www.sec.gov/Archives/edgar/data/1108524/000110852423000037/crm-q2fy24xexhibit991.htm,0001108524-23-000037,8-K,2023-08-30,2026-09-20T06:44:47Z,2dc591a2ff4a3b6ddc057a395e65fd5543f515eee1db243622f6ba32afea90d5,"Initiates Third Quarter FY24 Revenue Guidance of $8.70 Billion to $8.72 Billion, up ~11% Y/Y",8.72,2023-11-29,https://www.sec.gov/Archives/edgar/data/1108524/000110852423000046/crm-q3fy24xexhibit991.htm,0001108524-23-000046,8-K,2023-11-29,2026-09-20T06:44:48Z,ca916beb578c9bf18d01a5086c766f1ef1d81217dcc50c30a23e9a8b224650be,"Third Quarter Revenue of $8.72 Billion, up 11% Year-Over-Year (""Y/Y""), up 10% in Constant Currency (""CC"")","reported value falls outside [8.7, 8.72]",open,,,,,,,,,91,,2026-09-20,navneet,false,false,,false,false,met,sentence,,,,,,,yes,"Excerpt states 'Third Quarter FY24 Revenue Guidance of $8.70 Billion to $8.72 Billion' which matches the metric (revenue), period (Q3 FY2024), and range ($8.7B to $8.72B)."
01H91VTS00H90C0P5KDWAJ66TT,"Salesforce, Inc.",CRM,0001108524,"Salesforce, Inc. expects revenue of $34.7 billion to $34.8 billion for FY2024.","Raises Full Year FY24 Revenue Guidance to $34.7 Billion to $34.8 Billion, up ~11% Y/Y",revenue,34.7,34.8,USD billions,FY2024,2023-08-30,https://www.sec.gov/Archives/edgar/data/1108524/000110852423000037/crm-q2fy24xexhibit991.htm,0001108524-23-000037,8-K,2023-08-30,2026-09-20T06:44:47Z,2dc591a2ff4a3b6ddc057a395e65fd5543f515eee1db243622f6ba32afea90d5,"Raises Full Year FY24 Revenue Guidance to $34.7 Billion to $34.8 Billion, up ~11% Y/Y",34.9,2024-02-28,https://www.sec.gov/Archives/edgar/data/1108524/000110852424000002/crm-q4fy24xexhibit991.htm,0001108524-24-000002,8-K,2024-02-28,2026-09-20T06:44:49Z,99d02e164cf57707be75d84a81b706d252e3fbf4d09abf95729a28aca86d7d36,"FY24 Revenue of $34.9 Billion, up 11% Y/Y, up 11% CC","reported value falls outside [34.7, 34.8]",open,,,,,,,,,182,,2026-09-20,navneet,false,false,,false,false,missed,sentence,,,,,,,yes,"Excerpt states 'Full Year FY24 Revenue Guidance to $34.7 Billion to $34.8 Billion' which matches the metric, period, and range exactly."
01H91VTS001X993GZ6TRXYRWBE,"Salesforce, Inc.",CRM,0001108524,"Salesforce, Inc. expects operating margin GAAP of 13.3% for FY2024.",Raises Full Year FY24 GAAP Operating Margin Guidance to ~13.3% and Non-GAAP Operating Margin Guidance to ~30.0%,operating margin GAAP,13.3,13.3,percent,FY2024,2023-08-30,https://www.sec.gov/Archives/edgar/data/1108524/000110852423000037/crm-q2fy24xexhibit991.htm,0001108524-23-000037,8-K,2023-08-30,2026-09-20T06:44:47Z,2dc591a2ff4a3b6ddc057a395e65fd5543f515eee1db243622f6ba32afea90d5,Raises Full Year FY24 GAAP Operating Margin Guidance to ~13.3% and Non-GAAP Operating Margin Guidance to ~30.0%,14.4,2024-02-28,https://www.sec.gov/Archives/edgar/data/1108524/000110852424000002/crm-q4fy24xexhibit991.htm,0001108524-24-000002,8-K,2024-02-28,2026-09-20T06:44:49Z,99d02e164cf57707be75d84a81b706d252e3fbf4d09abf95729a28aca86d7d36,FY24 GAAP Operating Margin of 14.4% and non-GAAP Operating Margin of 30.5%,reported value differs from 13.3 by more than 0.5%,open,,,,,,,,,182,,2026-09-20,navneet,false,false,,false,false,missed,sentence,,,,,,,yes,"Excerpt states 'Raises Full Year FY24 GAAP Operating Margin Guidance to ~13.3%' which matches the metric, period, and number given."
01H91VTS006APWWV4NCGAE8Z00,"Salesforce, Inc.",CRM,0001108524,"Salesforce, Inc. expects operating margin non-GAAP of 30% for FY2024.",Raises Full Year FY24 GAAP Operating Margin Guidance to ~13.3% and Non-GAAP Operating Margin Guidance to ~30.0%,operating margin non-GAAP,30.0,30.0,percent,FY2024,2023-08-30,https://www.sec.gov/Archives/edgar/data/1108524/000110852423000037/crm-q2fy24xexhibit991.htm,0001108524-23-000037,8-K,2023-08-30,2026-09-20T06:44:47Z,2dc591a2ff4a3b6ddc057a395e65fd5543f515eee1db243622f6ba32afea90d5,Raises Full Year FY24 GAAP Operating Margin Guidance to ~13.3% and Non-GAAP Operating Margin Guidance to ~30.0%,30.5,2024-02-28,https://www.sec.gov/Archives/edgar/data/1108524/000110852424000002/crm-q4fy24xexhibit991.htm,0001108524-24-000002,8-K,2024-02-28,2026-09-20T06:44:49Z,99d02e164cf57707be75d84a81b706d252e3fbf4d09abf95729a28aca86d7d36,FY24 GAAP Operating Margin of 14.4% and non-GAAP Operating Margin of 30.5%,reported value differs from 30 by more than 0.5%,open,,,,,,,,,182,,2026-09-20,navneet,false,false,,false,false,missed,sentence,,,,,,,yes,"Excerpt states 'Non-GAAP Operating Margin Guidance to ~30.0%' for FY24, matching the metric, number, unit, and period specified."
01H91VTS007H1F875HE8HDPB0K,"Salesforce, Inc.",CRM,0001108524,"Salesforce, Inc. expects tax rate of 25% for FY2024.","(1) The Company's GAAP tax provision is expected to be approximately 27% for the three months ended October 31, 2023, and approximately 25% for the year ended January 31, 2024.",tax rate,25.0,25.0,percent,FY2024,2023-08-30,https://www.sec.gov/Archives/edgar/data/1108524/000110852423000037/crm-q2fy24xexhibit991.htm,0001108524-23-000037,8-K,2023-08-30,2026-09-20T06:44:47Z,2dc591a2ff4a3b6ddc057a395e65fd5543f515eee1db243622f6ba32afea90d5,"(1) The Company's GAAP tax provision is expected to be approximately 27% for the three months ended October 31, 2023, and approximately 25% for the year ended January 31, 2024.",,,,,,,,,,reported value differs from 25 by more than 0.5%,open,,,,,,,,,,,2026-09-20,navneet,false,false,,false,false,unresolved,sentence,,,,the model found no line reporting that metric for that period,,,yes,"Excerpt states 'approximately 25% for the year ended January 31, 2024' which is FY2024 tax guidance matching the 25% figure provided."
01HGC60600JD91XVAV2TZJJ1KQ,"Salesforce, Inc.",CRM,0001108524,"Salesforce, Inc. expects revenue of $9.18 billion to $9.23 billion for Q4 FY2024.","Initiates Fourth Quarter FY24 Revenue Guidance of $9.18 Billion to $9.23 Billion, up 10% Y/Y",revenue,9.18,9.23,USD billions,Q4 FY2024,2023-11-29,https://www.sec.gov/Archives/edgar/data/1108524/000110852423000046/crm-q3fy24xexhibit991.htm,0001108524-23-000046,8-K,2023-11-29,2026-09-20T06:44:48Z,ca916beb578c9bf18d01a5086c766f1ef1d81217dcc50c30a23e9a8b224650be,"Initiates Fourth Quarter FY24 Revenue Guidance of $9.18 Billion to $9.23 Billion, up 10% Y/Y",9.29,2024-02-28,https://www.sec.gov/Archives/edgar/data/1108524/000110852424000002/crm-q4fy24xexhibit991.htm,0001108524-24-000002,8-K,2024-02-28,2026-09-20T06:44:49Z,99d02e164cf57707be75d84a81b706d252e3fbf4d09abf95729a28aca86d7d36,"Fourth Quarter Revenue of $9.29 Billion, up 11% Year-Over-Year (""Y/Y""), up 10% in Constant Currency (""CC"")","reported value falls outside [9.18, 9.23]",open,,,,,,,,,91,,2026-09-20,navneet,false,false,,false,false,missed,sentence,,,,,,,yes,"Excerpt states 'Fourth Quarter FY24 Revenue Guidance of $9.18 Billion to $9.23 Billion' which matches the metric, period, and range exactly."
01HGC60600Z38F0PJ0JB24EYTX,"Salesforce, Inc.",CRM,0001108524,"Salesforce, Inc. expects revenue of $34.75 billion to $34.8 billion for FY2024.","Narrows Full Year FY24 Revenue Guidance to $34.75 Billion to $34.8 Billion, up 11% Y/Y",revenue,34.75,34.8,USD billions,FY2024,2023-11-29,https://www.sec.gov/Archives/edgar/data/1108524/000110852423000046/crm-q3fy24xexhibit991.htm,0001108524-23-000046,8-K,2023-11-29,2026-09-20T06:44:48Z,ca916beb578c9bf18d01a5086c766f1ef1d81217dcc50c30a23e9a8b224650be,"Narrows Full Year FY24 Revenue Guidance to $34.75 Billion to $34.8 Billion, up 11% Y/Y",34.9,2024-02-28,https://www.sec.gov/Archives/edgar/data/1108524/000110852424000002/crm-q4fy24xexhibit991.htm,0001108524-24-000002,8-K,2024-02-28,2026-09-20T06:44:49Z,99d02e164cf57707be75d84a81b706d252e3fbf4d09abf95729a28aca86d7d36,"FY24 Revenue of $34.9 Billion, up 11% Y/Y, up 11% CC","reported value falls outside [34.75, 34.8]",open,,,,,,,,,91,,2026-09-20,navneet,false,false,,false,false,missed,sentence,,,,,,,yes,"Excerpt states 'Full Year FY24 Revenue Guidance to $34.75 Billion to $34.8 Billion' which matches the metric, period, and range exactly."
01HGC60600FCM8BEKYVYM0MGQR,"Salesforce, Inc.",CRM,0001108524,"Salesforce, Inc. expects operating margin GAAP of 14.5% for FY2024.",Raises Full Year FY24 GAAP Operating Margin Guidance to 14.5% and non-GAAP Operating Margin Guidance to 30.5%,operating margin GAAP,14.5,14.5,percent,FY2024,2023-11-29,https://www.sec.gov/Archives/edgar/data/1108524/000110852423000046/crm-q3fy24xexhibit991.htm,0001108524-23-000046,8-K,2023-11-29,2026-09-20T06:44:48Z,ca916beb578c9bf18d01a5086c766f1ef1d81217dcc50c30a23e9a8b224650be,Raises Full Year FY24 GAAP Operating Margin Guidance to 14.5% and non-GAAP Operating Margin Guidance to 30.5%,14.4,2024-02-28,https://www.sec.gov/Archives/edgar/data/1108524/000110852424000002/crm-q4fy24xexhibit991.htm,0001108524-24-000002,8-K,2024-02-28,2026-09-20T06:44:49Z,99d02e164cf57707be75d84a81b706d252e3fbf4d09abf95729a28aca86d7d36,FY24 GAAP Operating Margin of 14.4% and non-GAAP Operating Margin of 30.5%,reported value differs from 14.5 by more than 0.5%,open,,,,,,,,,91,,2026-09-20,navneet,false,false,,false,false,missed,sentence,,,,,,,yes,"Excerpt explicitly states 'Full Year FY24 GAAP Operating Margin Guidance to 14.5%' matching the metric, period, and number given."
01HGC606000CJPFRW6048RXMCK,"Salesforce, Inc.",CRM,0001108524,"Salesforce, Inc. expects operating margin non-GAAP of 30.5% for FY2024.",Raises Full Year FY24 GAAP Operating Margin Guidance to 14.5% and non-GAAP Operating Margin Guidance to 30.5%,operating margin non-GAAP,30.5,30.5,percent,FY2024,2023-11-29,https://www.sec.gov/Archives/edgar/data/1108524/000110852423000046/crm-q3fy24xexhibit991.htm,0001108524-23-000046,8-K,2023-11-29,2026-09-20T06:44:48Z,ca916beb578c9bf18d01a5086c766f1ef1d81217dcc50c30a23e9a8b224650be,Raises Full Year FY24 GAAP Operating Margin Guidance to 14.5% and non-GAAP Operating Margin Guidance to 30.5%,30.5,2024-02-28,https://www.sec.gov/Archives/edgar/data/1108524/000110852424000002/crm-q4fy24xexhibit991.htm,0001108524-24-000002,8-K,2024-02-28,2026-09-20T06:44:49Z,99d02e164cf57707be75d84a81b706d252e3fbf4d09abf95729a28aca86d7d36,Fiscal 2024 non-GAAP operating margin was 30.5%.,reported value differs from 30.5 by more than 0.5%,open,,,,,,,,,91,,2026-09-20,navneet,false,false,,false,false,met,sentence,,,,,,,yes,"Excerpt states 'non-GAAP Operating Margin Guidance to 30.5%' for 'Full Year FY24', matching the metric, number, unit, and period exactly."
01HGC60600991C1P750DGVWF5H,"Salesforce, Inc.",CRM,0001108524,"Salesforce, Inc. expects tax rate of 26% for Q4 FY2024.","(1) The Company's GAAP tax provision is expected to be approximately 26% for the three months ended January 31, 2024, and approximately 21% for the year ended January 31, 2024.",tax rate,26.0,26.0,percent,Q4 FY2024,2023-11-29,https://www.sec.gov/Archives/edgar/data/1108524/000110852423000046/crm-q3fy24xexhibit991.htm,0001108524-23-000046,8-K,2023-11-29,2026-09-20T06:44:48Z,ca916beb578c9bf18d01a5086c766f1ef1d81217dcc50c30a23e9a8b224650be,"(1) The Company's GAAP tax provision is expected to be approximately 26% for the three months ended January 31, 2024, and approximately 21% for the year ended January 31, 2024.",,,,,,,,,,reported value differs from 26 by more than 0.5%,open,,,,,,,,,,,2026-09-20,navneet,false,false,,false,false,unresolved,sentence,,,,the model found no line reporting that metric for that period,,,yes,"Excerpt states 'GAAP tax provision is expected to be approximately 26% for the three months ended January 31, 2024' which matches Q4 FY2024 guidance at 26%"
01HGC606007Y0DMW12V0A1QV99,"Salesforce, Inc.",CRM,0001108524,"Salesforce, Inc. expects tax rate of 21% for FY2024.","(1) The Company's GAAP tax provision is expected to be approximately 26% for the three months ended January 31, 2024, and approximately 21% for the year ended January 31, 2024.",tax rate,21.0,21.0,percent,FY2024,2023-11-29,https://www.sec.gov/Archives/edgar/data/1108524/000110852423000046/crm-q3fy24xexhibit991.htm,0001108524-23-000046,8-K,2023-11-29,2026-09-20T06:44:48Z,ca916beb578c9bf18d01a5086c766f1ef1d81217dcc50c30a23e9a8b224650be,"(1) The Company's GAAP tax provision is expected to be approximately 26% for the three months ended January 31, 2024, and approximately 21% for the year ended January 31, 2024.",,,,,,,,,,reported value differs from 21 by more than 0.5%,open,,,,,,,,,,,2026-09-20,navneet,false,false,,false,false,unresolved,sentence,,,,the model found no line reporting that metric for that period,,,yes,"Excerpt states 'approximately 21% for the year ended January 31, 2024' which matches the FY2024 tax rate guidance of 21%"
01HQPG5K00YGKYXTGWBDXQ6KBS,"Salesforce, Inc.",CRM,0001108524,"Salesforce, Inc. expects revenue of $37.7 billion to $38 billion for FY2025.","Initiates Full Year FY25 Revenue Guidance of $37.7 Billion to $38.0 Billion, up 8% - 9% Y/Y",revenue,37.7,38.0,USD billions,FY2025,2024-02-28,https://www.sec.gov/Archives/edgar/data/1108524/000110852424000002/crm-q4fy24xexhibit991.htm,0001108524-24-000002,8-K,2024-02-28,2026-09-20T06:44:49Z,99d02e164cf57707be75d84a81b706d252e3fbf4d09abf95729a28aca86d7d36,"Initiates Full Year FY25 Revenue Guidance of $37.7 Billion to $38.0 Billion, up 8% - 9% Y/Y",37.9,2025-02-26,https://www.sec.gov/Archives/edgar/data/1108524/000110852425000002/crm-q4fy25xexhibit991.htm,0001108524-25-000002,8-K,2025-02-26,2026-09-20T06:44:56Z,3837bb129e89a5a00d26d2aa03ee07192420f45bbee522b011bb9317b950a5d7,"FY25 revenue of $37.9 billion, up 9% both Y/Y & in CC, inclusive of subscription & support revenue of $35.7 billion, up 10% both Y/Y & in CC","reported value falls outside [37.7, 38]",open,,,,,,,,,364,,2026-09-20,navneet,false,false,,false,false,met,sentence,,,,,,,yes,"Excerpt states 'Full Year FY25 Revenue Guidance of $37.7 Billion to $38.0 Billion' which matches the metric (revenue), period (FY2025), and range ($37.7B-$38B) exactly."
01HQPG5K0072VD1XA248BQSSRB,"Salesforce, Inc.",CRM,0001108524,"Salesforce, Inc. expects operating margin GAAP of 20.4% for FY2025.",Initiates Full Year FY25 GAAP Operating Margin Guidance of 20.4% and non-GAAP Operating Margin Guidance of 32.5%,operating margin GAAP,20.4,20.4,percent,FY2025,2024-02-28,https://www.sec.gov/Archives/edgar/data/1108524/000110852424000002/crm-q4fy24xexhibit991.htm,0001108524-24-000002,8-K,2024-02-28,2026-09-20T06:44:49Z,99d02e164cf57707be75d84a81b706d252e3fbf4d09abf95729a28aca86d7d36,Initiates Full Year FY25 GAAP Operating Margin Guidance of 20.4% and non-GAAP Operating Margin Guidance of 32.5%,19.0,2025-02-26,https://www.sec.gov/Archives/edgar/data/1108524/000110852425000002/crm-q4fy25xexhibit991.htm,0001108524-25-000002,8-K,2025-02-26,2026-09-20T06:44:56Z,3837bb129e89a5a00d26d2aa03ee07192420f45bbee522b011bb9317b950a5d7,FY25 GAAP operating margin of 19.0% and non-GAAP operating margin of 33.0%,reported value differs from 20.4 by more than 0.5%,open,,,,,,,,,364,,2026-09-20,navneet,false,false,,false,false,missed,sentence,,,,,,,yes,"Excerpt explicitly states 'Full Year FY25 GAAP Operating Margin Guidance of 20.4%' matching the metric, period, and number given."
01HQPG5K001H60F7VYWM22NB59,"Salesforce, Inc.",CRM,0001108524,"Salesforce, Inc. expects operating margin non-GAAP of 32.5% for FY2025.",Initiates Full Year FY25 GAAP Operating Margin Guidance of 20.4% and non-GAAP Operating Margin Guidance of 32.5%,operating margin non-GAAP,32.5,32.5,percent,FY2025,2024-02-28,https://www.sec.gov/Archives/edgar/data/1108524/000110852424000002/crm-q4fy24xexhibit991.htm,0001108524-24-000002,8-K,2024-02-28,2026-09-20T06:44:49Z,99d02e164cf57707be75d84a81b706d252e3fbf4d09abf95729a28aca86d7d36,Initiates Full Year FY25 GAAP Operating Margin Guidance of 20.4% and non-GAAP Operating Margin Guidance of 32.5%,33.0,2025-02-26,https://www.sec.gov/Archives/edgar/data/1108524/000110852425000002/crm-q4fy25xexhibit991.htm,0001108524-25-000002,8-K,2025-02-26,2026-09-20T06:44:56Z,3837bb129e89a5a00d26d2aa03ee07192420f45bbee522b011bb9317b950a5d7,Non-GAAP operating margin (4) 33.1 % 31.4 % 33.0 % 30.5 %,reported value differs from 32.5 by more than 0.5%,open,,,,,,,,,364,,2026-09-20,navneet,false,false,,false,false,missed,sentence,,,,,,,yes,Excerpt states 'non-GAAP Operating Margin Guidance of 32.5%' for 'Full Year FY25'
01HZ0TB000S3RECXM3DTXTBFNV,"Salesforce, Inc.",CRM,0001108524,"Salesforce, Inc. expects revenue of $9.2 billion to $9.25 billion for Q2 FY2025.","Initiates Second Quarter FY25 Revenue Guidance of $9.20 Billion to $9.25 Billion, up 7% - 8% Y/Y",revenue,9.2,9.25,USD billions,Q2 FY2025,2024-05-29,https://www.sec.gov/Archives/edgar/data/1108524/000110852424000007/crm-q1fy25xexhibit991.htm,0001108524-24-000007,8-K,2024-05-29,2026-09-20T06:44:50Z,e2c579b27fd55c4c7789e9df73bf684c5049ea0d6b53c8688687ef2301ce6a89,"Initiates Second Quarter FY25 Revenue Guidance of $9.20 Billion to $9.25 Billion, up 7% - 8% Y/Y",9.33,2024-08-28,https://www.sec.gov/Archives/edgar/data/1108524/000110852424000020/crm-q2fy25xexhibit991.htm,0001108524-24-000020,8-K,2024-08-28,2026-09-20T06:44:52Z,4890faa10e3d65e8421010a17e4780cc87171e57a2d4fb3d2314e52bd8b1df85,"Second Quarter Revenue of $9.33 Billion, up 8% Year-Over-Year (""Y/Y""), up 9% in Constant Currency (""CC""), inclusive of Subscription & Support Revenue of $8.76 Billion, up 9% Y/Y, up 10% Y/Y in CC","reported value falls outside [9.2, 9.25]",open,,,,,,,,,91,,2026-09-20,navneet,false,false,,false,false,missed,sentence,FY25 Guidance Highlights,,,,,,yes,"Excerpt states 'Second Quarter FY25 Revenue Guidance of $9.20 Billion to $9.25 Billion' which matches the metric (revenue), period (Q2 FY2025), and range ($9.2B-$9.25B) exactly."
01HZ0TB000RXTDM82BWKAB6D1V,"Salesforce, Inc.",CRM,0001108524,"Salesforce, Inc. expects revenue of $37.7 billion to $38 billion for FY2025.","Maintains Full Year FY25 Revenue Guidance of $37.7 Billion to $38.0 Billion, up 8% - 9% Y/Y and Lowers Full Year FY25 Subscription & Support Revenue Growth Guidance to Slightly Below 10% Y/Y & Approximately 10% in CC",revenue,37.7,38.0,USD billions,FY2025,2024-05-29,https://www.sec.gov/Archives/edgar/data/1108524/000110852424000007/crm-q1fy25xexhibit991.htm,0001108524-24-000007,8-K,2024-05-29,2026-09-20T06:44:50Z,e2c579b27fd55c4c7789e9df73bf684c5049ea0d6b53c8688687ef2301ce6a89,"Maintains Full Year FY25 Revenue Guidance of $37.7 Billion to $38.0 Billion, up 8% - 9% Y/Y and Lowers Full Year FY25 Subscription & Support Revenue Growth Guidance to Slightly Below 10% Y/Y & Approximately 10% in CC",37.9,2025-02-26,https://www.sec.gov/Archives/edgar/data/1108524/000110852425000002/crm-q4fy25xexhibit991.htm,0001108524-25-000002,8-K,2025-02-26,2026-09-20T06:44:56Z,3837bb129e89a5a00d26d2aa03ee07192420f45bbee522b011bb9317b950a5d7,"FY25 revenue of $37.9 billion, up 9% both Y/Y & in CC, inclusive of subscription & support revenue of $35.7 billion, up 10% both Y/Y & in CC","reported value falls outside [37.7, 38]",open,,,,,,,,,273,,2026-09-20,navneet,false,false,,false,false,met,sentence,FY25 Guidance Highlights,,,,,,yes,"Excerpt states 'Full Year FY25 Revenue Guidance of $37.7 Billion to $38.0 Billion' which exactly matches the metric, period, and range provided."
01HZ0TB000BQXDE7KE36VZ1W0Y,"Salesforce, Inc.",CRM,0001108524,"Salesforce, Inc. expects operating margin GAAP of 19.9% for FY2025.",Lowers Full Year FY25 GAAP Operating Margin Guidance to 19.9% and Maintains non-GAAP Operating Margin Guidance of 32.5%,operating margin GAAP,19.9,19.9,percent,FY2025,2024-05-29,https://www.sec.gov/Archives/edgar/data/1108524/000110852424000007/crm-q1fy25xexhibit991.htm,0001108524-24-000007,8-K,2024-05-29,2026-09-20T06:44:50Z,e2c579b27fd55c4c7789e9df73bf684c5049ea0d6b53c8688687ef2301ce6a89,Lowers Full Year FY25 GAAP Operating Margin Guidance to 19.9% and Maintains non-GAAP Operating Margin Guidance of 32.5%,19.0,2025-02-26,https://www.sec.gov/Archives/edgar/data/1108524/000110852425000002/crm-q4fy25xexhibit991.htm,0001108524-25-000002,8-K,2025-02-26,2026-09-20T06:44:56Z,3837bb129e89a5a00d26d2aa03ee07192420f45bbee522b011bb9317b950a5d7,FY25 GAAP operating margin of 19.0% and non-GAAP operating margin of 33.0%,reported value differs from 19.9 by more than 0.5%,open,,,,,,,,,273,,2026-09-20,navneet,false,false,,false,false,missed,sentence,FY25 Guidance Highlights,,,,,,yes,"Excerpt states 'Lowers Full Year FY25 GAAP Operating Margin Guidance to 19.9%' which matches the metric, period, and number exactly."
01HZ0TB000F49J2D1VQ8BPB5FW,"Salesforce, Inc.",CRM,0001108524,"Salesforce, Inc. expects operating margin non-GAAP of 32.5% for FY2025.",Lowers Full Year FY25 GAAP Operating Margin Guidance to 19.9% and Maintains non-GAAP Operating Margin Guidance of 32.5%,operating margin non-GAAP,32.5,32.5,percent,FY2025,2024-05-29,https://www.sec.gov/Archives/edgar/data/1108524/000110852424000007/crm-q1fy25xexhibit991.htm,0001108524-24-000007,8-K,2024-05-29,2026-09-20T06:44:50Z,e2c579b27fd55c4c7789e9df73bf684c5049ea0d6b53c8688687ef2301ce6a89,Lowers Full Year FY25 GAAP Operating Margin Guidance to 19.9% and Maintains non-GAAP Operating Margin Guidance of 32.5%,33.0,2025-02-26,https://www.sec.gov/Archives/edgar/data/1108524/000110852425000002/crm-q4fy25xexhibit991.htm,0001108524-25-000002,8-K,2025-02-26,2026-09-20T06:44:56Z,3837bb129e89a5a00d26d2aa03ee07192420f45bbee522b011bb9317b950a5d7,Non-GAAP operating margin (4) 33.1 % 31.4 % 33.0 % 30.5 %,reported value differs from 32.5 by more than 0.5%,open,,,,,,,,,273,,2026-09-20,navneet,false,false,,false,false,missed,sentence,FY25 Guidance Highlights,,,,,,yes,"Excerpt states 'Maintains non-GAAP Operating Margin Guidance of 32.5%' for FY25, matching the metric, number, unit, and period exactly."
01HZ0TB00050D1NB4P0B8F8FFS,"Salesforce, Inc.",CRM,0001108524,"Salesforce, Inc. expects tax rate of 23% for FY2025.","(1) The Company's GAAP tax provision is expected to be approximately 24.5% for the three months ended July 31, 2024, and approximately 23.0% for the year ended January 31, 2025.",tax rate,23.0,23.0,percent,FY2025,2024-05-29,https://www.sec.gov/Archives/edgar/data/1108524/000110852424000007/crm-q1fy25xexhibit991.htm,0001108524-24-000007,8-K,2024-05-29,2026-09-20T06:44:50Z,e2c579b27fd55c4c7789e9df73bf684c5049ea0d6b53c8688687ef2301ce6a89,"(1) The Company's GAAP tax provision is expected to be approximately 24.5% for the three months ended July 31, 2024, and approximately 23.0% for the year ended January 31, 2025.",24.0,2025-02-26,https://www.sec.gov/Archives/edgar/data/1108524/000110852425000002/crm-q4fy25xexhibit991.htm,0001108524-25-000002,8-K,2025-02-26,2026-09-20T06:44:56Z,3837bb129e89a5a00d26d2aa03ee07192420f45bbee522b011bb9317b950a5d7,"fiscal year ended January 31, 2025 and 2024, losses on strategic investments impacted GAAP diluted net income per share by $(0.09) and $(0.21) based on a U.S. tax rate of 24.0% and 24.5%, respectively, and non-GAAP diluted net income per share by $(0.10) and $(0.22) based on a non-GAAP tax rate of 22.0% and 23.5%, respectively.",reported value differs from 23 by more than 0.5%,open,,,,,,,,,273,,2026-09-20,navneet,false,false,,false,false,missed,sentence,,,,,,,yes,"Excerpt states 'approximately 23.0% for the year ended January 31, 2025' which matches the FY2025 tax rate guidance of 23%"
01J6B4GD00KRVM6SSQ5ZQ0D0EK,"Salesforce, Inc.",CRM,0001108524,"Salesforce, Inc. expects revenue of $9.31 billion to $9.36 billion for Q3 FY2025.","Initiates Third Quarter FY25 Revenue Guidance of $9.31 Billion to $9.36 Billion, up 7% Y/Y",revenue,9.31,9.36,USD billions,Q3 FY2025,2024-08-28,https://www.sec.gov/Archives/edgar/data/1108524/000110852424000020/crm-q2fy25xexhibit991.htm,0001108524-24-000020,8-K,2024-08-28,2026-09-20T06:44:52Z,4890faa10e3d65e8421010a17e4780cc87171e57a2d4fb3d2314e52bd8b1df85,"Initiates Third Quarter FY25 Revenue Guidance of $9.31 Billion to $9.36 Billion, up 7% Y/Y",9.44,2024-12-03,https://www.sec.gov/Archives/edgar/data/1108524/000110852424000033/crm-q3fy25xexhibit991.htm,0001108524-24-000033,8-K,2024-12-03,2026-09-20T06:44:54Z,d02ed6279db0d14469a5c0f039d450d6089a45640f9acd1f6513578a17d3d274,"Third Quarter Revenue of $9.44 Billion, up 8% both Year-Over-Year (""Y/Y"") & in Constant Currency (""CC""), inclusive of Subscription & Support Revenue of $8.88 Billion, up 9% both Y/Y & in CC","reported value falls outside [9.31, 9.36]",open,,,,,,,,,97,,2026-09-20,navneet,false,false,,false,false,missed,sentence,FY25 Guidance Highlights,,,,,,yes,"Excerpt states 'Third Quarter FY25 Revenue Guidance of $9.31 Billion to $9.36 Billion' which matches the metric, period, and range exactly."
01J6B4GD00MHTH2F67DVBJF2RN,"Salesforce, Inc.",CRM,0001108524,"Salesforce, Inc. expects revenue of $37.7 billion to $38 billion for FY2025.","Maintains Full Year FY25 Revenue Guidance of $37.7 Billion to $38.0 Billion, up 8% - 9% Y/Y and Maintains Full Year FY25 Subscription & Support Revenue Growth Guidance of Slightly Below 10% Y/Y & Approximately 10% in CC",revenue,37.7,38.0,USD billions,FY2025,2024-08-28,https://www.sec.gov/Archives/edgar/data/1108524/000110852424000020/crm-q2fy25xexhibit991.htm,0001108524-24-000020,8-K,2024-08-28,2026-09-20T06:44:52Z,4890faa10e3d65e8421010a17e4780cc87171e57a2d4fb3d2314e52bd8b1df85,"Maintains Full Year FY25 Revenue Guidance of $37.7 Billion to $38.0 Billion, up 8% - 9% Y/Y and Maintains Full Year FY25 Subscription & Support Revenue Growth Guidance of Slightly Below 10% Y/Y & Approximately 10% in CC",37.9,2025-02-26,https://www.sec.gov/Archives/edgar/data/1108524/000110852425000002/crm-q4fy25xexhibit991.htm,0001108524-25-000002,8-K,2025-02-26,2026-09-20T06:44:56Z,3837bb129e89a5a00d26d2aa03ee07192420f45bbee522b011bb9317b950a5d7,"FY25 revenue of $37.9 billion, up 9% both Y/Y & in CC, inclusive of subscription & support revenue of $35.7 billion, up 10% both Y/Y & in CC","reported value falls outside [37.7, 38]",open,,,,,,,,,182,,2026-09-20,navneet,false,false,,false,false,met,sentence,FY25 Guidance Highlights,,,,,,yes,"Excerpt states 'Full Year FY25 Revenue Guidance of $37.7 Billion to $38.0 Billion' which exactly matches the metric, range, unit, and period specified."
01J6B4GD00TPYZHDAW0Q3VRXS3,"Salesforce, Inc.",CRM,0001108524,"Salesforce, Inc. expects operating margin GAAP of 19.7% for FY2025.",Updates Full Year FY25 GAAP Operating Margin Guidance to 19.7% and Updates non-GAAP Operating Margin Guidance to 32.8%,operating margin GAAP,19.7,19.7,percent,FY2025,2024-08-28,https://www.sec.gov/Archives/edgar/data/1108524/000110852424000020/crm-q2fy25xexhibit991.htm,0001108524-24-000020,8-K,2024-08-28,2026-09-20T06:44:52Z,4890faa10e3d65e8421010a17e4780cc87171e57a2d4fb3d2314e52bd8b1df85,Updates Full Year FY25 GAAP Operating Margin Guidance to 19.7% and Updates non-GAAP Operating Margin Guidance to 32.8%,19.0,2025-02-26,https://www.sec.gov/Archives/edgar/data/1108524/000110852425000002/crm-q4fy25xexhibit991.htm,0001108524-25-000002,8-K,2025-02-26,2026-09-20T06:44:56Z,3837bb129e89a5a00d26d2aa03ee07192420f45bbee522b011bb9317b950a5d7,FY25 GAAP operating margin of 19.0% and non-GAAP operating margin of 33.0%,reported value differs from 19.7 by more than 0.5%,open,,,,,,,,,182,,2026-09-20,navneet,false,false,,false,false,missed,sentence,FY25 Guidance Highlights,,,,,,yes,"Excerpt explicitly states 'Updates Full Year FY25 GAAP Operating Margin Guidance to 19.7%' matching the metric, period, and number exactly."
01J6B4GD00CA57Z8K8ECNKF4TE,"Salesforce, Inc.",CRM,0001108524,"Salesforce, Inc. expects operating margin non-GAAP of 32.8% for FY2025.",Updates Full Year FY25 GAAP Operating Margin Guidance to 19.7% and Updates non-GAAP Operating Margin Guidance to 32.8%,operating margin non-GAAP,32.8,32.8,percent,FY2025,2024-08-28,https://www.sec.gov/Archives/edgar/data/1108524/000110852424000020/crm-q2fy25xexhibit991.htm,0001108524-24-000020,8-K,2024-08-28,2026-09-20T06:44:52Z,4890faa10e3d65e8421010a17e4780cc87171e57a2d4fb3d2314e52bd8b1df85,Updates Full Year FY25 GAAP Operating Margin Guidance to 19.7% and Updates non-GAAP Operating Margin Guidance to 32.8%,33.0,2025-02-26,https://www.sec.gov/Archives/edgar/data/1108524/000110852425000002/crm-q4fy25xexhibit991.htm,0001108524-25-000002,8-K,2025-02-26,2026-09-20T06:44:56Z,3837bb129e89a5a00d26d2aa03ee07192420f45bbee522b011bb9317b950a5d7,FY25 GAAP operating margin of 19.0% and non-GAAP operating margin of 33.0%,reported value differs from 32.8 by more than 0.5%,open,,,,,,,,,182,,2026-09-20,navneet,false,false,,false,false,missed,sentence,FY25 Guidance Highlights,,,,,,yes,"Excerpt states 'Updates non-GAAP Operating Margin Guidance to 32.8%' for FY25, matching the metric, number, unit, and period exactly."
01J6B4GD002XM0N2AP4BSJRCHK,"Salesforce, Inc.",CRM,0001108524,"Salesforce, Inc. expects tax rate of 22% for FY2025.","(1) The Company's GAAP tax provision is expected to be approximately 24% for the three months ended October 31, 2024, and approximately 22.0% for the year ended January 31, 2025.",tax rate,22.0,22.0,percent,FY2025,2024-08-28,https://www.sec.gov/Archives/edgar/data/1108524/000110852424000020/crm-q2fy25xexhibit991.htm,0001108524-24-000020,8-K,2024-08-28,2026-09-20T06:44:52Z,4890faa10e3d65e8421010a17e4780cc87171e57a2d4fb3d2314e52bd8b1df85,"(1) The Company's GAAP tax provision is expected to be approximately 24% for the three months ended October 31, 2024, and approximately 22.0% for the year ended January 31, 2025.",22.0,2025-02-26,https://www.sec.gov/Archives/edgar/data/1108524/000110852425000002/crm-q4fy25xexhibit991.htm,0001108524-25-000002,8-K,2025-02-26,2026-09-20T06:44:56Z,3837bb129e89a5a00d26d2aa03ee07192420f45bbee522b011bb9317b950a5d7,"fiscal year ended January 31, 2025 and 2024, losses on strategic investments impacted GAAP diluted net income per share by $(0.09) and $(0.21) based on a U.S. tax rate of 24.0% and 24.5%, respectively, and non-GAAP diluted net income per share by $(0.10) and $(0.22) based on a non-GAAP tax rate of 22.0% and 23.5%, respectively.",reported value differs from 22 by more than 0.5%,open,,,,,,,,,182,,2026-09-20,navneet,false,false,,false,false,met,sentence,,,,,,,yes,"Excerpt states 'approximately 22.0% for the year ended January 31, 2025' which matches the FY2025 tax rate guidance of 22%"
01JE4X2400C4CR8S92C40RC84S,"Salesforce, Inc.",CRM,0001108524,"Salesforce, Inc. expects revenue of $9.9 billion to $10.1 billion for Q4 FY2025.","Initiates Fourth Quarter FY25 Revenue Guidance of $9.90 Billion - $10.10 Billion, up 7% - 9% Y/Y",revenue,9.9,10.1,USD billions,Q4 FY2025,2024-12-03,https://www.sec.gov/Archives/edgar/data/1108524/000110852424000033/crm-q3fy25xexhibit991.htm,0001108524-24-000033,8-K,2024-12-03,2026-09-20T06:44:54Z,d02ed6279db0d14469a5c0f039d450d6089a45640f9acd1f6513578a17d3d274,"Initiates Fourth Quarter FY25 Revenue Guidance of $9.90 Billion - $10.10 Billion, up 7% - 9% Y/Y",10.0,2025-02-26,https://www.sec.gov/Archives/edgar/data/1108524/000110852425000002/crm-q4fy25xexhibit991.htm,0001108524-25-000002,8-K,2025-02-26,2026-09-20T06:44:56Z,3837bb129e89a5a00d26d2aa03ee07192420f45bbee522b011bb9317b950a5d7,"Fourth quarter revenue of $10.0 billion, up 8% Y/Y, up 9% in constant currency (""CC""), inclusive of subscription & support revenue of $9.5 billion, up 8% Y/Y, up 9% in CC","reported value falls outside [9.9, 10.1]",open,,,,,,,,,85,,2026-09-20,navneet,false,false,,false,false,met,sentence,FY25 Guidance Highlights,,,,,,yes,"Excerpt states 'Fourth Quarter FY25 Revenue Guidance of $9.90 Billion - $10.10 Billion' which matches the metric (revenue), period (Q4 FY2025), and range ($9.9B-$10.1B) exactly."
01JE4X2400G0HFZ76EV4QMM20Z,"Salesforce, Inc.",CRM,0001108524,"Salesforce, Inc. expects revenue of $37.8 billion to $38 billion for FY2025.","Raises Low End of Full Year FY25 Revenue Guidance to $37.8 Billion to $38.0 Billion, up 8% - 9% Y/Y and Maintains Full Year FY25 Subscription & Support Revenue Growth Guidance of Slightly Below 10% Y/Y & Approximately 10% in CC",revenue,37.8,38.0,USD billions,FY2025,2024-12-03,https://www.sec.gov/Archives/edgar/data/1108524/000110852424000033/crm-q3fy25xexhibit991.htm,0001108524-24-000033,8-K,2024-12-03,2026-09-20T06:44:54Z,d02ed6279db0d14469a5c0f039d450d6089a45640f9acd1f6513578a17d3d274,"Raises Low End of Full Year FY25 Revenue Guidance to $37.8 Billion to $38.0 Billion, up 8% - 9% Y/Y and Maintains Full Year FY25 Subscription & Support Revenue Growth Guidance of Slightly Below 10% Y/Y & Approximately 10% in CC",37.9,2025-02-26,https://www.sec.gov/Archives/edgar/data/1108524/000110852425000002/crm-q4fy25xexhibit991.htm,0001108524-25-000002,8-K,2025-02-26,2026-09-20T06:44:56Z,3837bb129e89a5a00d26d2aa03ee07192420f45bbee522b011bb9317b950a5d7,"FY25 revenue of $37.9 billion, up 9% both Y/Y & in CC, inclusive of subscription & support revenue of $35.7 billion, up 10% both Y/Y & in CC","reported value falls outside [37.8, 38]",open,,,,,,,,,85,,2026-09-20,navneet,false,false,,false,false,met,sentence,FY25 Guidance Highlights,,,,,,yes,"Excerpt states 'Full Year FY25 Revenue Guidance to $37.8 Billion to $38.0 Billion' which matches the metric, period, and range exactly."
01JE4X2400RWPA5SDE1WN1WY5W,"Salesforce, Inc.",CRM,0001108524,"Salesforce, Inc. expects operating margin GAAP of 19.8% for FY2025.",Raises Full Year FY25 GAAP Operating Margin Guidance to 19.8% and Raises non-GAAP Operating Margin Guidance to 32.9%,operating margin GAAP,19.8,19.8,percent,FY2025,2024-12-03,https://www.sec.gov/Archives/edgar/data/1108524/000110852424000033/crm-q3fy25xexhibit991.htm,0001108524-24-000033,8-K,2024-12-03,2026-09-20T06:44:54Z,d02ed6279db0d14469a5c0f039d450d6089a45640f9acd1f6513578a17d3d274,Raises Full Year FY25 GAAP Operating Margin Guidance to 19.8% and Raises non-GAAP Operating Margin Guidance to 32.9%,19.0,2025-02-26,https://www.sec.gov/Archives/edgar/data/1108524/000110852425000002/crm-q4fy25xexhibit991.htm,0001108524-25-000002,8-K,2025-02-26,2026-09-20T06:44:56Z,3837bb129e89a5a00d26d2aa03ee07192420f45bbee522b011bb9317b950a5d7,FY25 GAAP operating margin of 19.0% and non-GAAP operating margin of 33.0%,reported value differs from 19.8 by more than 0.5%,open,,,,,,,,,85,,2026-09-20,navneet,false,false,,false,false,missed,sentence,FY25 Guidance Highlights,,,,,,yes,"Excerpt states 'Raises Full Year FY25 GAAP Operating Margin Guidance to 19.8%' which matches the metric, period, and number exactly."
01JE4X2400RZMW63CP1PZNCGCV,"Salesforce, Inc.",CRM,0001108524,"Salesforce, Inc. expects operating margin non-GAAP of 32.9% for FY2025.",Raises Full Year FY25 GAAP Operating Margin Guidance to 19.8% and Raises non-GAAP Operating Margin Guidance to 32.9%,operating margin non-GAAP,32.9,32.9,percent,FY2025,2024-12-03,https://www.sec.gov/Archives/edgar/data/1108524/000110852424000033/crm-q3fy25xexhibit991.htm,0001108524-24-000033,8-K,2024-12-03,2026-09-20T06:44:54Z,d02ed6279db0d14469a5c0f039d450d6089a45640f9acd1f6513578a17d3d274,Raises Full Year FY25 GAAP Operating Margin Guidance to 19.8% and Raises non-GAAP Operating Margin Guidance to 32.9%,33.0,2025-02-26,https://www.sec.gov/Archives/edgar/data/1108524/000110852425000002/crm-q4fy25xexhibit991.htm,0001108524-25-000002,8-K,2025-02-26,2026-09-20T06:44:56Z,3837bb129e89a5a00d26d2aa03ee07192420f45bbee522b011bb9317b950a5d7,Non-GAAP operating margin (4) 33.1 % 31.4 % 33.0 % 30.5 %,reported value differs from 32.9 by more than 0.5%,open,,,,,,,,,85,,2026-09-20,navneet,false,false,,false,false,met,sentence,FY25 Guidance Highlights,,,,,,yes,"Excerpt states 'Raises non-GAAP Operating Margin Guidance to 32.9%' for full year FY25, matching the metric, number, unit, and period exactly."
01JE4X2400G9AQ5AKMW0MMTSEE,"Salesforce, Inc.",CRM,0001108524,"Salesforce, Inc. expects tax rate of 26% for Q4 FY2025.","(1) The Company's GAAP tax provision is expected to be approximately 26.0% for the three months ended January 31, 2025 and approximately 20.0% for the year ended January 31, 2025.",tax rate,26.0,26.0,percent,Q4 FY2025,2024-12-03,https://www.sec.gov/Archives/edgar/data/1108524/000110852424000033/crm-q3fy25xexhibit991.htm,0001108524-24-000033,8-K,2024-12-03,2026-09-20T06:44:54Z,d02ed6279db0d14469a5c0f039d450d6089a45640f9acd1f6513578a17d3d274,"(1) The Company's GAAP tax provision is expected to be approximately 26.0% for the three months ended January 31, 2025 and approximately 20.0% for the year ended January 31, 2025.",24.0,2025-02-26,https://www.sec.gov/Archives/edgar/data/1108524/000110852425000002/crm-q4fy25xexhibit991.htm,0001108524-25-000002,8-K,2025-02-26,2026-09-20T06:44:56Z,3837bb129e89a5a00d26d2aa03ee07192420f45bbee522b011bb9317b950a5d7,"(3)During the three months ended January 31, 2025 and 2024, gains (losses) on strategic investments impacted GAAP diluted net income per share by $0.07 and $(0.03) based on a U.S. tax rate of 24.0% and 24.5%, respectively, and non-GAAP diluted net income per share by $0.08 and $(0.03) based on a non-GAAP tax rate of 22.0% and 23.5%, respectively.",reported value differs from 26 by more than 0.5%,open,,,,,,,,,85,,2026-09-20,navneet,false,false,,false,false,missed,sentence,,,,,,,yes,"Excerpt states 'GAAP tax provision is expected to be approximately 26.0% for the three months ended January 31, 2025' which matches the Q4 FY2025 guidance of 26%"
01JE4X2400469FSNYMC6D0HEWQ,"Salesforce, Inc.",CRM,0001108524,"Salesforce, Inc. expects tax rate of 20% for FY2025.","(1) The Company's GAAP tax provision is expected to be approximately 26.0% for the three months ended January 31, 2025 and approximately 20.0% for the year ended January 31, 2025.",tax rate,20.0,20.0,percent,FY2025,2024-12-03,https://www.sec.gov/Archives/edgar/data/1108524/000110852424000033/crm-q3fy25xexhibit991.htm,0001108524-24-000033,8-K,2024-12-03,2026-09-20T06:44:54Z,d02ed6279db0d14469a5c0f039d450d6089a45640f9acd1f6513578a17d3d274,"(1) The Company's GAAP tax provision is expected to be approximately 26.0% for the three months ended January 31, 2025 and approximately 20.0% for the year ended January 31, 2025.",,,,,,,,,,reported value differs from 20 by more than 0.5%,open,,,,,,,,,,,2026-09-20,navneet,false,false,,false,false,unresolved,sentence,,,,the model found no line reporting that metric for that period,,,yes,"Excerpt states 'approximately 20.0% for the year ended January 31, 2025' which matches the FY2025 tax rate guidance of 20%"
01JMZRV7000J639QYVD0ZRWE8S,"Salesforce, Inc.",CRM,0001108524,"Salesforce, Inc. expects revenue of $40.5 billion to $40.9 billion for FY2026.","Initiates revenue guidance of $40.5 billion to $40.9 billion, up 7% - 8% both Y/Y & in CC",revenue,40.5,40.9,USD billions,FY2026,2025-02-26,https://www.sec.gov/Archives/edgar/data/1108524/000110852425000002/crm-q4fy25xexhibit991.htm,0001108524-25-000002,8-K,2025-02-26,2026-09-20T06:44:56Z,3837bb129e89a5a00d26d2aa03ee07192420f45bbee522b011bb9317b950a5d7,"Initiates revenue guidance of $40.5 billion to $40.9 billion, up 7% - 8% both Y/Y & in CC",41.5,2026-02-25,https://www.sec.gov/Archives/edgar/data/1108524/000110852426000056/crm-q4fy26xexhibit991.htm,0001108524-26-000056,8-K,2026-02-25,2026-09-20T07:25:46Z,52944bccb712946c9b86e8a1f5a4ae9cab2f449ca9503bec89e75e70931ac603,"FY26 revenue of $41.5 billion, up 10% Y/Y and 9% in CC, including $399 million Informatica contribution","reported value falls outside [40.5, 40.9]",open,,,,,,,,,364,,2026-09-20,navneet,false,false,,false,false,missed,sentence,Full Year FY26 Guidance,,,,,,yes,"Excerpt states 'revenue guidance of $40.5 billion to $40.9 billion' matching the metric, range, and unit provided, and 'Initiates' indicates forward guidance."
01JMZRV700HX80DCE4NFBB81F5,"Salesforce, Inc.",CRM,0001108524,"Salesforce, Inc. expects operating margin GAAP of 21.6% for FY2026.",Initiates GAAP operating margin guidance of 21.6% and non-GAAP operating margin guidance of 34.0%,operating margin GAAP,21.6,21.6,percent,FY2026,2025-02-26,https://www.sec.gov/Archives/edgar/data/1108524/000110852425000002/crm-q4fy25xexhibit991.htm,0001108524-25-000002,8-K,2025-02-26,2026-09-20T06:44:56Z,3837bb129e89a5a00d26d2aa03ee07192420f45bbee522b011bb9317b950a5d7,Initiates GAAP operating margin guidance of 21.6% and non-GAAP operating margin guidance of 34.0%,20.1,2026-02-25,https://www.sec.gov/Archives/edgar/data/1108524/000110852426000056/crm-q4fy26xexhibit991.htm,0001108524-26-000056,8-K,2026-02-25,2026-09-20T07:25:46Z,52944bccb712946c9b86e8a1f5a4ae9cab2f449ca9503bec89e75e70931ac603,FY26 GAAP operating margin of 20.1% and non-GAAP operating margin of 34.1%,reported value differs from 21.6 by more than 0.5%,open,,,,,,,,,364,,2026-09-20,navneet,false,false,,false,false,missed,sentence,Full Year FY26 Guidance,,,,,,yes,"Excerpt explicitly states 'GAAP operating margin guidance of 21.6%' matching the metric, number, and unit provided"
01JMZRV700QJTENZ7F9KMAECD3,"Salesforce, Inc.",CRM,0001108524,"Salesforce, Inc. expects operating margin non-GAAP of 34% for FY2026.",Initiates GAAP operating margin guidance of 21.6% and non-GAAP operating margin guidance of 34.0%,operating margin non-GAAP,34.0,34.0,percent,FY2026,2025-02-26,https://www.sec.gov/Archives/edgar/data/1108524/000110852425000002/crm-q4fy25xexhibit991.htm,0001108524-25-000002,8-K,2025-02-26,2026-09-20T06:44:56Z,3837bb129e89a5a00d26d2aa03ee07192420f45bbee522b011bb9317b950a5d7,Initiates GAAP operating margin guidance of 21.6% and non-GAAP operating margin guidance of 34.0%,34.1,2026-02-25,https://www.sec.gov/Archives/edgar/data/1108524/000110852426000056/crm-q4fy26xexhibit991.htm,0001108524-26-000056,8-K,2026-02-25,2026-09-20T07:25:46Z,52944bccb712946c9b86e8a1f5a4ae9cab2f449ca9503bec89e75e70931ac603,FY26 GAAP operating margin of 20.1% and non-GAAP operating margin of 34.1%,reported value differs from 34 by more than 0.5%,open,,,,,,,,,364,,2026-09-20,navneet,false,false,,false,false,met,sentence,Full Year FY26 Guidance,,,,,,yes,"Excerpt states 'non-GAAP operating margin guidance of 34.0%' which matches the metric, number, and unit specified."
01JWA30M00QTT630SBS2E6TR3W,"Salesforce, Inc.",CRM,0001108524,"Salesforce, Inc. expects revenue of $10.11 billion to $10.16 billion for Q2 FY2026.","Initiates second quarter FY26 revenue guidance of $10.11 billion to $10.16 billion, up 8% - 9% Y/Y and 7% - 8% in CC",revenue,10.11,10.16,USD billions,Q2 FY2026,2025-05-28,https://www.sec.gov/Archives/edgar/data/1108524/000110852425000027/crm-q1fy26xexhibit991.htm,0001108524-25-000027,8-K,2025-05-28,2026-09-20T06:44:58Z,baabf4093c0bdec537a29c3d99e3e68e5aa41e439f87a9698a6b2f9c36d0c5c9,"Initiates second quarter FY26 revenue guidance of $10.11 billion to $10.16 billion, up 8% - 9% Y/Y and 7% - 8% in CC",10.2,2025-09-03,https://www.sec.gov/Archives/edgar/data/1108524/000110852425000083/crm-q2fy26xexhibit991.htm,0001108524-25-000083,8-K,2025-09-03,2026-09-20T06:45:00Z,8e631388bbf3df3b8e70cad4548d6632d7ba2c588ebff6c596c7bdf93d0b6f84,"Second quarter revenue of $10.2 billion, up 10% year-over-year (""Y/Y"") and 9% in constant currency (""CC"")","reported value falls outside [10.11, 10.16]",open,,,,,,,,,98,,2026-09-20,navneet,false,false,,false,false,missed,sentence,Guidance,,,,,,yes,"Excerpt states 'second quarter FY26 revenue guidance of $10.11 billion to $10.16 billion' which matches the metric, period, and range exactly."
01JWA30M00E2NC45KS0YQM72AM,"Salesforce, Inc.",CRM,0001108524,"Salesforce, Inc. expects revenue of $41 billion to $41.3 billion for FY2026.","Raises full year FY26 revenue guidance to $41.0 billion to $41.3 billion, up 8% - 9% Y/Y and 8% in CC",revenue,41.0,41.3,USD billions,FY2026,2025-05-28,https://www.sec.gov/Archives/edgar/data/1108524/000110852425000027/crm-q1fy26xexhibit991.htm,0001108524-25-000027,8-K,2025-05-28,2026-09-20T06:44:58Z,baabf4093c0bdec537a29c3d99e3e68e5aa41e439f87a9698a6b2f9c36d0c5c9,"Raises full year FY26 revenue guidance to $41.0 billion to $41.3 billion, up 8% - 9% Y/Y and 8% in CC",41.5,2026-02-25,https://www.sec.gov/Archives/edgar/data/1108524/000110852426000056/crm-q4fy26xexhibit991.htm,0001108524-26-000056,8-K,2026-02-25,2026-09-20T07:25:46Z,52944bccb712946c9b86e8a1f5a4ae9cab2f449ca9503bec89e75e70931ac603,"FY26 revenue of $41.5 billion, up 10% Y/Y and 9% in CC, including $399 million Informatica contribution","reported value falls outside [41, 41.3]",open,,,,,,,,,273,,2026-09-20,navneet,false,false,,false,false,missed,sentence,Guidance,,,,,,yes,"Excerpt states 'full year FY26 revenue guidance to $41.0 billion to $41.3 billion' which matches the metric (revenue), period (FY2026), and range ($41 billion to $41.3 billion) given."
01JWA30M0027AY52HWY9CNKES6,"Salesforce, Inc.",CRM,0001108524,"Salesforce, Inc. expects operating margin GAAP of 21.6% for FY2026.","Maintains full year FY26 GAAP operating margin guidance of 21.6%, and non-GAAP operating margin guidance of 34.0%",operating margin GAAP,21.6,21.6,percent,FY2026,2025-05-28,https://www.sec.gov/Archives/edgar/data/1108524/000110852425000027/crm-q1fy26xexhibit991.htm,0001108524-25-000027,8-K,2025-05-28,2026-09-20T06:44:58Z,baabf4093c0bdec537a29c3d99e3e68e5aa41e439f87a9698a6b2f9c36d0c5c9,"Maintains full year FY26 GAAP operating margin guidance of 21.6%, and non-GAAP operating margin guidance of 34.0%",20.1,2026-02-25,https://www.sec.gov/Archives/edgar/data/1108524/000110852426000056/crm-q4fy26xexhibit991.htm,0001108524-26-000056,8-K,2026-02-25,2026-09-20T07:25:46Z,52944bccb712946c9b86e8a1f5a4ae9cab2f449ca9503bec89e75e70931ac603,FY26 GAAP operating margin of 20.1% and non-GAAP operating margin of 34.1%,reported value differs from 21.6 by more than 0.5%,open,,,,,,,,,273,,2026-09-20,navneet,false,false,,false,false,missed,sentence,Guidance,,,,,,yes,"Excerpt explicitly states 'full year FY26 GAAP operating margin guidance of 21.6%' matching the metric, period, and number provided."
01JWA30M00VRJDKM1RWQ2TXDHJ,"Salesforce, Inc.",CRM,0001108524,"Salesforce, Inc. expects operating margin non-GAAP of 34% for FY2026.","Maintains full year FY26 GAAP operating margin guidance of 21.6%, and non-GAAP operating margin guidance of 34.0%",operating margin non-GAAP,34.0,34.0,percent,FY2026,2025-05-28,https://www.sec.gov/Archives/edgar/data/1108524/000110852425000027/crm-q1fy26xexhibit991.htm,0001108524-25-000027,8-K,2025-05-28,2026-09-20T06:44:58Z,baabf4093c0bdec537a29c3d99e3e68e5aa41e439f87a9698a6b2f9c36d0c5c9,"Maintains full year FY26 GAAP operating margin guidance of 21.6%, and non-GAAP operating margin guidance of 34.0%",34.1,2026-02-25,https://www.sec.gov/Archives/edgar/data/1108524/000110852426000056/crm-q4fy26xexhibit991.htm,0001108524-26-000056,8-K,2026-02-25,2026-09-20T07:25:46Z,52944bccb712946c9b86e8a1f5a4ae9cab2f449ca9503bec89e75e70931ac603,FY26 GAAP operating margin of 20.1% and non-GAAP operating margin of 34.1%,reported value differs from 34 by more than 0.5%,open,,,,,,,,,273,,2026-09-20,navneet,false,false,,false,false,met,sentence,Guidance,,,,,,yes,"Excerpt states 'non-GAAP operating margin guidance of 34.0%' for 'full year FY26', matching the metric, number, unit, and period exactly."
01JWA30M0036ESM5X75TDZTGK2,"Salesforce, Inc.",CRM,0001108524,"Salesforce, Inc. expects tax rate of 22.5% for FY2026.","(1) The Company's GAAP tax provision is expected to be approximately 22.5% for the three months ended July 31, 2025 and the year ended January 31, 2026.",tax rate,22.5,22.5,percent,FY2026,2025-05-28,https://www.sec.gov/Archives/edgar/data/1108524/000110852425000027/crm-q1fy26xexhibit991.htm,0001108524-25-000027,8-K,2025-05-28,2026-09-20T06:44:58Z,baabf4093c0bdec537a29c3d99e3e68e5aa41e439f87a9698a6b2f9c36d0c5c9,"(1) The Company's GAAP tax provision is expected to be approximately 22.5% for the three months ended July 31, 2025 and the year ended January 31, 2026.",,,,,,,,,,reported value differs from 22.5 by more than 0.5%,open,,,,,,,,,,,2026-09-20,navneet,false,false,,false,false,unresolved,sentence,,,,the model found no line reporting that metric for that period,,,yes,"Excerpt states 'GAAP tax provision is expected to be approximately 22.5%' for 'the year ended January 31, 2026' which is FY2026."
01K46DZ2007Q6XQYMV8MZ3QCKM,"Salesforce, Inc.",CRM,0001108524,"Salesforce, Inc. expects revenue of $10.24 billion to $10.29 billion for Q3 FY2026.","Initiates third quarter FY26 revenue guidance of $10.24 billion to $10.29 billion, up 8% - 9% Y/Y and 8% in CC",revenue,10.24,10.29,USD billions,Q3 FY2026,2025-09-03,https://www.sec.gov/Archives/edgar/data/1108524/000110852425000083/crm-q2fy26xexhibit991.htm,0001108524-25-000083,8-K,2025-09-03,2026-09-20T06:45:00Z,8e631388bbf3df3b8e70cad4548d6632d7ba2c588ebff6c596c7bdf93d0b6f84,"Initiates third quarter FY26 revenue guidance of $10.24 billion to $10.29 billion, up 8% - 9% Y/Y and 8% in CC",10.3,2025-12-03,https://www.sec.gov/Archives/edgar/data/1108524/000110852425000234/crm-q3fy26xexhibit991.htm,0001108524-25-000234,8-K,2025-12-03,2026-09-20T06:45:02Z,d722802fc96f564c4f82ecefb8beab77b837d679897f4053cf9627dc11d8a4e5,"Third quarter revenue of $10.3 billion, up 9% Y/Y and 8% in CC","reported value falls outside [10.24, 10.29]",open,,,,,,,,,91,,2026-09-20,navneet,false,false,,false,false,missed,sentence,Guidance,,,,,,yes,"Excerpt states 'third quarter FY26 revenue guidance of $10.24 billion to $10.29 billion' which matches the metric, period, and range exactly."
01K46DZ200WH3E5RTR46EM3WRE,"Salesforce, Inc.",CRM,0001108524,"Salesforce, Inc. expects revenue of $41.1 billion to $41.3 billion for FY2026.","Raises low end of full year FY26 revenue guidance to $41.1 billion to $41.3 billion, up 8.5% - 9% Y/Y and 8% in CC",revenue,41.1,41.3,USD billions,FY2026,2025-09-03,https://www.sec.gov/Archives/edgar/data/1108524/000110852425000083/crm-q2fy26xexhibit991.htm,0001108524-25-000083,8-K,2025-09-03,2026-09-20T06:45:00Z,8e631388bbf3df3b8e70cad4548d6632d7ba2c588ebff6c596c7bdf93d0b6f84,"Raises low end of full year FY26 revenue guidance to $41.1 billion to $41.3 billion, up 8.5% - 9% Y/Y and 8% in CC",41.5,2026-02-25,https://www.sec.gov/Archives/edgar/data/1108524/000110852426000056/crm-q4fy26xexhibit991.htm,0001108524-26-000056,8-K,2026-02-25,2026-09-20T07:25:46Z,52944bccb712946c9b86e8a1f5a4ae9cab2f449ca9503bec89e75e70931ac603,"FY26 revenue of $41.5 billion, up 10% Y/Y and 9% in CC, including $399 million Informatica contribution","reported value falls outside [41.1, 41.3]",open,,,,,,,,,175,,2026-09-20,navneet,false,false,,false,false,missed,sentence,Guidance,,,,,,yes,"Excerpt states 'full year FY26 revenue guidance to $41.1 billion to $41.3 billion' which matches the metric (revenue), period (FY2026), and range ($41.1B-$41.3B) exactly."
01K46DZ20090M6VJGRAXC02DAQ,"Salesforce, Inc.",CRM,0001108524,"Salesforce, Inc. expects operating margin GAAP of 21.2% for FY2026.","Updates full year FY26 GAAP operating margin guidance to 21.2%, and raises non-GAAP operating margin guidance to 34.1%",operating margin GAAP,21.2,21.2,percent,FY2026,2025-09-03,https://www.sec.gov/Archives/edgar/data/1108524/000110852425000083/crm-q2fy26xexhibit991.htm,0001108524-25-000083,8-K,2025-09-03,2026-09-20T06:45:00Z,8e631388bbf3df3b8e70cad4548d6632d7ba2c588ebff6c596c7bdf93d0b6f84,"Updates full year FY26 GAAP operating margin guidance to 21.2%, and raises non-GAAP operating margin guidance to 34.1%",20.1,2026-02-25,https://www.sec.gov/Archives/edgar/data/1108524/000110852426000056/crm-q4fy26xexhibit991.htm,0001108524-26-000056,8-K,2026-02-25,2026-09-20T07:25:46Z,52944bccb712946c9b86e8a1f5a4ae9cab2f449ca9503bec89e75e70931ac603,FY26 GAAP operating margin of 20.1% and non-GAAP operating margin of 34.1%,reported value differs from 21.2 by more than 0.5%,open,,,,,,,,,175,,2026-09-20,navneet,false,false,,false,false,missed,sentence,Guidance,,,,,,yes,"Excerpt explicitly states 'Updates full year FY26 GAAP operating margin guidance to 21.2%' which matches the metric, period, and number exactly."
01K46DZ200XE63JPQW34AMH473,"Salesforce, Inc.",CRM,0001108524,"Salesforce, Inc. expects operating margin non-GAAP of 34.1% for FY2026.","Updates full year FY26 GAAP operating margin guidance to 21.2%, and raises non-GAAP operating margin guidance to 34.1%",operating margin non-GAAP,34.1,34.1,percent,FY2026,2025-09-03,https://www.sec.gov/Archives/edgar/data/1108524/000110852425000083/crm-q2fy26xexhibit991.htm,0001108524-25-000083,8-K,2025-09-03,2026-09-20T06:45:00Z,8e631388bbf3df3b8e70cad4548d6632d7ba2c588ebff6c596c7bdf93d0b6f84,"Updates full year FY26 GAAP operating margin guidance to 21.2%, and raises non-GAAP operating margin guidance to 34.1%",34.1,2026-02-25,https://www.sec.gov/Archives/edgar/data/1108524/000110852426000056/crm-q4fy26xexhibit991.htm,0001108524-26-000056,8-K,2026-02-25,2026-09-20T07:25:46Z,52944bccb712946c9b86e8a1f5a4ae9cab2f449ca9503bec89e75e70931ac603,FY26 GAAP operating margin of 20.1% and non-GAAP operating margin of 34.1%,reported value differs from 34.1 by more than 0.5%,open,,,,,,,,,175,,2026-09-20,navneet,false,false,,false,false,met,sentence,Guidance,,,,,,yes,"Excerpt states 'raises non-GAAP operating margin guidance to 34.1%' for 'full year FY26', matching the metric, number, unit, and period exactly."
01K46DZ2002Z3SAJ98CSTKWZ4Y,"Salesforce, Inc.",CRM,0001108524,"Salesforce, Inc. expects tax rate of 22.5% for FY2026.","(1) The Company's GAAP tax provision is expected to be approximately 23.0% for the three months ended October 31, 2025 and 22.5% for the year ended January 31, 2026.",tax rate,22.5,22.5,percent,FY2026,2025-09-03,https://www.sec.gov/Archives/edgar/data/1108524/000110852425000083/crm-q2fy26xexhibit991.htm,0001108524-25-000083,8-K,2025-09-03,2026-09-20T06:45:00Z,8e631388bbf3df3b8e70cad4548d6632d7ba2c588ebff6c596c7bdf93d0b6f84,"(1) The Company's GAAP tax provision is expected to be approximately 23.0% for the three months ended October 31, 2025 and 22.5% for the year ended January 31, 2026.",,,,,,,,,,reported value differs from 22.5 by more than 0.5%,open,,,,,,,,,,,2026-09-20,navneet,false,false,,false,false,unresolved,sentence,,,,the model found no line reporting that metric for that period,,,yes,"Excerpt states 'tax provision is expected to be approximately...22.5% for the year ended January 31, 2026' which matches the FY2026 guidance for tax rate at 22.5%"
01K7N51Z00725Z88WDPMVEWBEY,"Salesforce, Inc.",CRM,0001108524,"Salesforce, Inc. expects revenue of at least $60 billion for FY2030.","SAN FRANCISCO—October 15, 2025—Salesforce (NYSE: CRM), the world’s #1 AI CRM, today announced a new long-term revenue target of $60B+ by fiscal year (FY) 2030, excluding Informatica.",revenue,60.0,,USD billions,FY2030,2025-10-16,https://www.sec.gov/Archives/edgar/data/1108524/000110852425000168/ex991-investordaypressrele.htm,0001108524-25-000168,8-K,2025-10-16,2026-09-20T06:45:01Z,3fe719b8c3b7b1954a28c90ff3b0a4085c00f43d6b5bca0870531a515741a5a8,"SAN FRANCISCO—October 15, 2025—Salesforce (NYSE: CRM), the world’s #1 AI CRM, today announced a new long-term revenue target of $60B+ by fiscal year (FY) 2030, excluding Informatica.",,,,,,,,,,reported value is below 60,open,,,,,,,,,,,2026-09-20,navneet,false,false,,false,false,unresolved,sentence,,,,no later 8-K release for that period found,,,yes,"Excerpt states 'a new long-term revenue target of $60B+ by fiscal year (FY) 2030' which matches the metric (revenue), period (FY2030), and number (at least $60 billion)."
01KBGR4F00KV2D97Y1PNJESDXG,"Salesforce, Inc.",CRM,0001108524,"Salesforce, Inc. expects revenue of $41.45 billion to $41.55 billion for FY2026.","Raises full year FY26 revenue guidance to $41.45 billion to $41.55 billion, up 9% - 10% Y/Y and approximately 9% in CC, including approximately 80bps Informatica contribution",revenue,41.45,41.55,USD billions,FY2026,2025-12-03,https://www.sec.gov/Archives/edgar/data/1108524/000110852425000234/crm-q3fy26xexhibit991.htm,0001108524-25-000234,8-K,2025-12-03,2026-09-20T06:45:02Z,d722802fc96f564c4f82ecefb8beab77b837d679897f4053cf9627dc11d8a4e5,"Raises full year FY26 revenue guidance to $41.45 billion to $41.55 billion, up 9% - 10% Y/Y and approximately 9% in CC, including approximately 80bps Informatica contribution",41.5,2026-02-25,https://www.sec.gov/Archives/edgar/data/1108524/000110852426000056/crm-q4fy26xexhibit991.htm,0001108524-26-000056,8-K,2026-02-25,2026-09-20T07:25:46Z,52944bccb712946c9b86e8a1f5a4ae9cab2f449ca9503bec89e75e70931ac603,"FY26 revenue of $41.5 billion, up 10% Y/Y and 9% in CC, including $399 million Informatica contribution","reported value falls outside [41.45, 41.55]",open,,,,,,,,,84,,2026-09-20,navneet,false,false,,false,false,met,sentence,,,,,,,yes,"Excerpt states 'full year FY26 revenue guidance to $41.45 billion to $41.55 billion' which matches the metric (revenue), period (FY2026), and exact range provided."
01KBGR4F00DQKFMSJG0HM6TFFD,"Salesforce, Inc.",CRM,0001108524,"Salesforce, Inc. expects operating margin GAAP of 20.3% for FY2026.","Updates full year FY26 GAAP operating margin guidance to 20.3%, and maintains non-GAAP operating margin guidance of 34.1%",operating margin GAAP,20.3,20.3,percent,FY2026,2025-12-03,https://www.sec.gov/Archives/edgar/data/1108524/000110852425000234/crm-q3fy26xexhibit991.htm,0001108524-25-000234,8-K,2025-12-03,2026-09-20T06:45:02Z,d722802fc96f564c4f82ecefb8beab77b837d679897f4053cf9627dc11d8a4e5,"Updates full year FY26 GAAP operating margin guidance to 20.3%, and maintains non-GAAP operating margin guidance of 34.1%",20.1,2026-02-25,https://www.sec.gov/Archives/edgar/data/1108524/000110852426000056/crm-q4fy26xexhibit991.htm,0001108524-26-000056,8-K,2026-02-25,2026-09-20T07:25:46Z,52944bccb712946c9b86e8a1f5a4ae9cab2f449ca9503bec89e75e70931ac603,FY26 GAAP operating margin of 20.1% and non-GAAP operating margin of 34.1%,reported value differs from 20.3 by more than 0.5%,open,,,,,,,,,84,,2026-09-20,navneet,false,false,,false,false,missed,sentence,,,,,,,yes,"Excerpt explicitly states 'Updates full year FY26 GAAP operating margin guidance to 20.3%' which matches the metric, number, unit, and period exactly."
01KBGR4F00YGN8GX4Q8YYSQCJB,"Salesforce, Inc.",CRM,0001108524,"Salesforce, Inc. expects operating margin non-GAAP of 34.1% for FY2026.","Updates full year FY26 GAAP operating margin guidance to 20.3%, and maintains non-GAAP operating margin guidance of 34.1%",operating margin non-GAAP,34.1,34.1,percent,FY2026,2025-12-03,https://www.sec.gov/Archives/edgar/data/1108524/000110852425000234/crm-q3fy26xexhibit991.htm,0001108524-25-000234,8-K,2025-12-03,2026-09-20T06:45:02Z,d722802fc96f564c4f82ecefb8beab77b837d679897f4053cf9627dc11d8a4e5,"Updates full year FY26 GAAP operating margin guidance to 20.3%, and maintains non-GAAP operating margin guidance of 34.1%",34.1,2026-02-25,https://www.sec.gov/Archives/edgar/data/1108524/000110852426000056/crm-q4fy26xexhibit991.htm,0001108524-26-000056,8-K,2026-02-25,2026-09-20T07:25:46Z,52944bccb712946c9b86e8a1f5a4ae9cab2f449ca9503bec89e75e70931ac603,FY26 GAAP operating margin of 20.1% and non-GAAP operating margin of 34.1%,reported value differs from 34.1 by more than 0.5%,open,,,,,,,,,84,,2026-09-20,navneet,false,false,,false,false,met,sentence,,,,,,,yes,"Excerpt states 'maintains non-GAAP operating margin guidance of 34.1%' for FY26, matching the metric, number, unit, and period exactly."
01KBGR4F00MY4YMXQEN0S258R5,"Salesforce, Inc.",CRM,0001108524,"Salesforce, Inc. expects revenue of at least $60 billion for FY2030.","“Our Q3 momentum and continued Agentforce adoption further reinforces our path to achieve our $60 billion plus organic revenue target and our Profitable Growth Framework target of 50 by FY30,” said Robin Washington, President and Chief Financial and Operating Officer, Salesforce.",revenue,60.0,,USD billions,FY2030,2025-12-03,https://www.sec.gov/Archives/edgar/data/1108524/000110852425000234/crm-q3fy26xexhibit991.htm,0001108524-25-000234,8-K,2025-12-03,2026-09-20T06:45:02Z,d722802fc96f564c4f82ecefb8beab77b837d679897f4053cf9627dc11d8a4e5,"“Our Q3 momentum and continued Agentforce adoption further reinforces our path to achieve our $60 billion plus organic revenue target and our Profitable Growth Framework target of 50 by FY30,” said Robin Washington, President and Chief Financial and Operating Officer, Salesforce.",,,,,,,,,,reported value is below 60,open,,,,,,,,,,,2026-09-20,navneet,false,false,,false,false,unresolved,sentence,,,,no later 8-K release for that period found,,,yes,"Excerpt states '$60 billion plus organic revenue target' for 'FY30', which matches the guidance of at least $60 billion USD for FY2030."
01KBGR4F00P984GDBD8RHR8E58,"Salesforce, Inc.",CRM,0001108524,"Salesforce, Inc. expects tax rate of 22.4% for Q4 FY2026.","(1) The Company's GAAP tax provision is expected to be approximately 22.4% for the three months ended January 31, 2026 and 20.5% for the year ended January 31, 2026.",tax rate,22.4,22.4,percent,Q4 FY2026,2025-12-03,https://www.sec.gov/Archives/edgar/data/1108524/000110852425000234/crm-q3fy26xexhibit991.htm,0001108524-25-000234,8-K,2025-12-03,2026-09-20T06:45:02Z,d722802fc96f564c4f82ecefb8beab77b837d679897f4053cf9627dc11d8a4e5,"(1) The Company's GAAP tax provision is expected to be approximately 22.4% for the three months ended January 31, 2026 and 20.5% for the year ended January 31, 2026.",23.5,2026-02-25,https://www.sec.gov/Archives/edgar/data/1108524/000110852426000056/crm-q4fy26xexhibit991.htm,0001108524-26-000056,8-K,2026-02-25,2026-09-20T07:25:46Z,52944bccb712946c9b86e8a1f5a4ae9cab2f449ca9503bec89e75e70931ac603,"(3)During the three months ended January 31, 2026 and 2025, gains on strategic investments impacted GAAP diluted net income per share by $0.66 and $0.07 based on a U.S. tax rate of 23.5% and 24.0%, respectively, and non-GAAP diluted net income per share by $0.67 and $0.08 based on a non-GAAP tax rate of 22.0%.",reported value differs from 22.4 by more than 0.5%,open,,,,,,,,,84,,2026-09-20,navneet,false,false,,false,false,missed,sentence,,,,,,,yes,"Excerpt states 'GAAP tax provision is expected to be approximately 22.4% for the three months ended January 31, 2026' which matches the Q4 FY2026 guidance for tax rate at 22.4%."
01KBGR4F00MJKWXXBE488QZB50,"Salesforce, Inc.",CRM,0001108524,"Salesforce, Inc. expects tax rate of 20.5% for FY2026.","(1) The Company's GAAP tax provision is expected to be approximately 22.4% for the three months ended January 31, 2026 and 20.5% for the year ended January 31, 2026.",tax rate,20.5,20.5,percent,FY2026,2025-12-03,https://www.sec.gov/Archives/edgar/data/1108524/000110852425000234/crm-q3fy26xexhibit991.htm,0001108524-25-000234,8-K,2025-12-03,2026-09-20T06:45:02Z,d722802fc96f564c4f82ecefb8beab77b837d679897f4053cf9627dc11d8a4e5,"(1) The Company's GAAP tax provision is expected to be approximately 22.4% for the three months ended January 31, 2026 and 20.5% for the year ended January 31, 2026.",,,,,,,,,,reported value differs from 20.5 by more than 0.5%,open,,,,,,,,,,,2026-09-20,navneet,false,false,,false,false,unresolved,sentence,,,,the model found no line reporting that metric for that period,,,yes,"Excerpt states tax provision 'expected to be approximately...20.5% for the year ended January 31, 2026' which matches the FY2026 guidance."
01KJ91GV00CWC4KBYQAEG41VH3,"Salesforce, Inc.",CRM,0001108524,"Salesforce, Inc. expects revenue of $45.8 billion to $46.2 billion for FY2027.","Initiates full year FY27 revenue guidance of $45.8 billion to $46.2 billion, up 10% - 11% Y/Y and in CC, including approximately 3pts Informatica contribution",revenue,45.8,46.2,USD billions,FY2027,2026-02-25,https://www.sec.gov/Archives/edgar/data/1108524/000110852426000056/crm-q4fy26xexhibit991.htm,0001108524-26-000056,8-K,2026-02-25,2026-09-20T07:25:46Z,52944bccb712946c9b86e8a1f5a4ae9cab2f449ca9503bec89e75e70931ac603,"Initiates full year FY27 revenue guidance of $45.8 billion to $46.2 billion, up 10% - 11% Y/Y and in CC, including approximately 3pts Informatica contribution",,,,,,,,,,"reported value falls outside [45.8, 46.2]",open,,,,,,,,,,,2026-09-20,navneet,false,false,,false,false,unresolved,sentence,Guidance,,,no later 8-K release for that period found,,,yes,"Excerpt states exactly 'full year FY27 revenue guidance of $45.8 billion to $46.2 billion' matching the metric, period, and range provided."
01KJ91GV00A99YR8DH7W4GBVCQ,"Salesforce, Inc.",CRM,0001108524,"Salesforce, Inc. expects operating margin GAAP of 20.9% for FY2027.","Initiates full year FY27 GAAP operating margin guidance of 20.9%, and non-GAAP operating margin guidance of 34.3%",operating margin GAAP,20.9,20.9,percent,FY2027,2026-02-25,https://www.sec.gov/Archives/edgar/data/1108524/000110852426000056/crm-q4fy26xexhibit991.htm,0001108524-26-000056,8-K,2026-02-25,2026-09-20T07:25:46Z,52944bccb712946c9b86e8a1f5a4ae9cab2f449ca9503bec89e75e70931ac603,"Initiates full year FY27 GAAP operating margin guidance of 20.9%, and non-GAAP operating margin guidance of 34.3%",,,,,,,,,,reported value differs from 20.9 by more than 0.5%,open,,,,,,,,,,,2026-09-20,navneet,false,false,,false,false,unresolved,sentence,Guidance,,,no later 8-K release for that period found,,,yes,"Excerpt explicitly states 'full year FY27 GAAP operating margin guidance of 20.9%' matching the metric, period, and number provided."
01KJ91GV00Y55SD72TWQ7FR69K,"Salesforce, Inc.",CRM,0001108524,"Salesforce, Inc. expects operating margin non-GAAP of 34.3% for FY2027.","Initiates full year FY27 GAAP operating margin guidance of 20.9%, and non-GAAP operating margin guidance of 34.3%",operating margin non-GAAP,34.3,34.3,percent,FY2027,2026-02-25,https://www.sec.gov/Archives/edgar/data/1108524/000110852426000056/crm-q4fy26xexhibit991.htm,0001108524-26-000056,8-K,2026-02-25,2026-09-20T07:25:46Z,52944bccb712946c9b86e8a1f5a4ae9cab2f449ca9503bec89e75e70931ac603,"Initiates full year FY27 GAAP operating margin guidance of 20.9%, and non-GAAP operating margin guidance of 34.3%",,,,,,,,,,reported value differs from 34.3 by more than 0.5%,open,,,,,,,,,,,2026-09-20,navneet,false,false,,false,false,unresolved,sentence,Guidance,,,no later 8-K release for that period found,,,yes,"Excerpt states 'non-GAAP operating margin guidance of 34.3%' for 'full year FY27', matching the metric, number, unit, and period exactly."
01KJ91GV00XEEV8RN8PE04T16D,"Salesforce, Inc.",CRM,0001108524,"Salesforce, Inc. expects revenue of $63 billion for FY2030.",Raises full year FY30 revenue target to $63 billion including Informatica,revenue,63.0,63.0,USD billions,FY2030,2026-02-25,https://www.sec.gov/Archives/edgar/data/1108524/000110852426000056/crm-q4fy26xexhibit991.htm,0001108524-26-000056,8-K,2026-02-25,2026-09-20T07:25:46Z,52944bccb712946c9b86e8a1f5a4ae9cab2f449ca9503bec89e75e70931ac603,Raises full year FY30 revenue target to $63 billion including Informatica,,,,,,,,,,reported value differs from 63 by more than 0.5%,open,,,,,,,,,,,2026-09-20,navneet,false,false,,false,false,unresolved,sentence,Guidance,,,no later 8-K release for that period found,,,yes,"Excerpt states 'full year FY30 revenue target to $63 billion' which matches the metric (revenue), period (FY2030), and number ($63 billion) exactly."
01KSKBP8000RXW9SVKW6RDAWQ1,"Salesforce, Inc.",CRM,0001108524,"Salesforce, Inc. expects revenue of $11.27 billion to $11.35 billion for Q2 FY2027.","Initiates second quarter FY27 revenue guidance of $11.27 billion to $11.35 billion, up 10% - 11% Y/Y and 10% in CC, including slightly above 4pts Informatica contribution",revenue,11.27,11.35,USD billions,Q2 FY2027,2026-05-27,https://www.sec.gov/Archives/edgar/data/1108524/000110852426000125/crm-q1fy27xexhibit991.htm,0001108524-26-000125,8-K,2026-05-27,2026-09-20T07:25:49Z,07653b4c191fc126ff92e83e3a7c73ab6d4e31bbdae4ecd59844d8f6751695c3,"Initiates second quarter FY27 revenue guidance of $11.27 billion to $11.35 billion, up 10% - 11% Y/Y and 10% in CC, including slightly above 4pts Informatica contribution",11.3,2026-08-26,https://www.sec.gov/Archives/edgar/data/1108524/000110852426000187/crm-q2fy27xexhibit991.htm,0001108524-26-000187,8-K,2026-08-26,2026-09-20T07:25:51Z,9a8bbc2283ad42dacd4209d7885c48310072f28184b3ed792f75a506c6ecef77,"Revenue of $11.3 billion, up 11% Y/Y and in CC, including $456 million Informatica contribution","reported value falls outside [11.27, 11.35]",open,,,,,,,,,91,,2026-09-20,navneet,false,false,,false,false,met,sentence,Guidance,,,,,,yes,"Excerpt states 'second quarter FY27 revenue guidance of $11.27 billion to $11.35 billion' which matches the metric, period, and range exactly."
01KSKBP800W3V4B5SH5VPJJNCR,"Salesforce, Inc.",CRM,0001108524,"Salesforce, Inc. expects revenue of $45.9 billion to $46.2 billion for FY2027.","Raises midpoint of full year FY27 revenue guidance, now expects full year FY27 revenue of $45.9 billion to $46.2 billion, up 11% Y/Y and 10% - 11% in CC, including approximately 3pts Informatica contribution",revenue,45.9,46.2,USD billions,FY2027,2026-05-27,https://www.sec.gov/Archives/edgar/data/1108524/000110852426000125/crm-q1fy27xexhibit991.htm,0001108524-26-000125,8-K,2026-05-27,2026-09-20T07:25:49Z,07653b4c191fc126ff92e83e3a7c73ab6d4e31bbdae4ecd59844d8f6751695c3,"Raises midpoint of full year FY27 revenue guidance, now expects full year FY27 revenue of $45.9 billion to $46.2 billion, up 11% Y/Y and 10% - 11% in CC, including approximately 3pts Informatica contribution",,,,,,,,,,"reported value falls outside [45.9, 46.2]",open,,,,,,,,,,,2026-09-20,navneet,false,false,,false,false,unresolved,sentence,Guidance,,,no later 8-K release for that period found,,,yes,"Excerpt states 'full year FY27 revenue of $45.9 billion to $46.2 billion' which exactly matches the metric, numbers, unit, and period specified."
01KSKBP80071F9D41XS43BMY6D,"Salesforce, Inc.",CRM,0001108524,"Salesforce, Inc. expects operating margin GAAP of 20.6% for FY2027.","Updates full year FY27 GAAP operating margin guidance of 20.6%, and maintains non-GAAP operating margin guidance of 34.3%",operating margin GAAP,20.6,20.6,percent,FY2027,2026-05-27,https://www.sec.gov/Archives/edgar/data/1108524/000110852426000125/crm-q1fy27xexhibit991.htm,0001108524-26-000125,8-K,2026-05-27,2026-09-20T07:25:49Z,07653b4c191fc126ff92e83e3a7c73ab6d4e31bbdae4ecd59844d8f6751695c3,"Updates full year FY27 GAAP operating margin guidance of 20.6%, and maintains non-GAAP operating margin guidance of 34.3%",,,,,,,,,,reported value differs from 20.6 by more than 0.5%,open,,,,,,,,,,,2026-09-20,navneet,false,false,,false,false,unresolved,sentence,,,,no later 8-K release for that period found,,,yes,"Excerpt explicitly states 'full year FY27 GAAP operating margin guidance of 20.6%' matching the metric, period, and number provided."
01KSKBP8007G5BXK97QCBHP1VJ,"Salesforce, Inc.",CRM,0001108524,"Salesforce, Inc. expects operating margin non-GAAP of 34.3% for FY2027.","Updates full year FY27 GAAP operating margin guidance of 20.6%, and maintains non-GAAP operating margin guidance of 34.3%",operating margin non-GAAP,34.3,34.3,percent,FY2027,2026-05-27,https://www.sec.gov/Archives/edgar/data/1108524/000110852426000125/crm-q1fy27xexhibit991.htm,0001108524-26-000125,8-K,2026-05-27,2026-09-20T07:25:49Z,07653b4c191fc126ff92e83e3a7c73ab6d4e31bbdae4ecd59844d8f6751695c3,"Updates full year FY27 GAAP operating margin guidance of 20.6%, and maintains non-GAAP operating margin guidance of 34.3%",,,,,,,,,,reported value differs from 34.3 by more than 0.5%,open,,,,,,,,,,,2026-09-20,navneet,false,false,,false,false,unresolved,sentence,,,,no later 8-K release for that period found,,,yes,"Excerpt states 'maintains non-GAAP operating margin guidance of 34.3%' for FY27, matching the metric, number, unit, and period exactly."
01KSKBP80041MDJ97DK84B0DKN,"Salesforce, Inc.",CRM,0001108524,"Salesforce, Inc. expects tax rate of 22% for FY2027.","(1) The Company's GAAP tax provision is expected to be approximately 21.5% for the three months ended July 31, 2026 and 22.0% for the year ended January 31, 2027.",tax rate,22.0,22.0,percent,FY2027,2026-05-27,https://www.sec.gov/Archives/edgar/data/1108524/000110852426000125/crm-q1fy27xexhibit991.htm,0001108524-26-000125,8-K,2026-05-27,2026-09-20T07:25:49Z,07653b4c191fc126ff92e83e3a7c73ab6d4e31bbdae4ecd59844d8f6751695c3,"(1) The Company's GAAP tax provision is expected to be approximately 21.5% for the three months ended July 31, 2026 and 22.0% for the year ended January 31, 2027.",,,,,,,,,,reported value differs from 22 by more than 0.5%,open,,,,,,,,,,,2026-09-20,navneet,false,false,,false,false,unresolved,sentence,,,,no later 8-K release for that period found,,,yes,"Excerpt states 'GAAP tax provision is expected to be approximately...22.0% for the year ended January 31, 2027' which matches the FY2027 guidance of 22% tax rate."
01M0XNVN00C09DRQADVC7B7ZD5,"Salesforce, Inc.",CRM,0001108524,"Salesforce, Inc. expects revenue of $46.1 billion to $46.4 billion for FY2027.","Salesforce raises full year FY27 revenue guidance to $46.1 billion to $46.4 billion, up 11% - 12% Y/Y and 11% Y/Y in CC.",revenue,46.1,46.4,USD billions,FY2027,2026-08-26,https://www.sec.gov/Archives/edgar/data/1108524/000110852426000187/crm-q2fy27xexhibit991.htm,0001108524-26-000187,8-K,2026-08-26,2026-09-20T07:25:51Z,9a8bbc2283ad42dacd4209d7885c48310072f28184b3ed792f75a506c6ecef77,"Salesforce raises full year FY27 revenue guidance to $46.1 billion to $46.4 billion, up 11% - 12% Y/Y and 11% Y/Y in CC.",,,,,,,,,,"reported value falls outside [46.1, 46.4]",open,,,,,,,,,,,2026-09-20,navneet,false,false,,false,false,unresolved,sentence,Guidance,,,no later 8-K release for that period found,,,yes,"Excerpt states 'full year FY27 revenue guidance to $46.1 billion to $46.4 billion' which matches the metric (revenue), period (FY2027), and range ($46.1B-$46.4B) exactly."
01M0XNVN00QH19N2D4ZKGB5TT9,"Salesforce, Inc.",CRM,0001108524,"Salesforce, Inc. expects revenue of $11.42 billion to $11.5 billion for Q3 FY2027.","Initiates third quarter FY27 revenue guidance of $11.42 billion to $11.5 billion, up 11% - 12% Y/Y and in CC, including slightly above 4pts Informatica contribution",revenue,11.42,11.5,USD billions,Q3 FY2027,2026-08-26,https://www.sec.gov/Archives/edgar/data/1108524/000110852426000187/crm-q2fy27xexhibit991.htm,0001108524-26-000187,8-K,2026-08-26,2026-09-20T07:25:51Z,9a8bbc2283ad42dacd4209d7885c48310072f28184b3ed792f75a506c6ecef77,"Initiates third quarter FY27 revenue guidance of $11.42 billion to $11.5 billion, up 11% - 12% Y/Y and in CC, including slightly above 4pts Informatica contribution",,,,,,,,,,"reported value falls outside [11.42, 11.5]",open,,,,,,,,,,,2026-09-20,navneet,false,false,,false,false,unresolved,sentence,Guidance,,,no later 8-K release for that period found,,,yes,"Excerpt explicitly states 'third quarter FY27 revenue guidance of $11.42 billion to $11.5 billion' matching the metric, period, and range exactly."
01M0XNVN00YWBSQ0DY6DQAP1F3,"Salesforce, Inc.",CRM,0001108524,"Salesforce, Inc. expects operating margin GAAP of 20.1% for FY2027.","Updates full year FY27 GAAP operating margin guidance to 20.1%, and maintains non-GAAP operating margin guidance of 34.3%",operating margin GAAP,20.1,20.1,percent,FY2027,2026-08-26,https://www.sec.gov/Archives/edgar/data/1108524/000110852426000187/crm-q2fy27xexhibit991.htm,0001108524-26-000187,8-K,2026-08-26,2026-09-20T07:25:51Z,9a8bbc2283ad42dacd4209d7885c48310072f28184b3ed792f75a506c6ecef77,"Updates full year FY27 GAAP operating margin guidance to 20.1%, and maintains non-GAAP operating margin guidance of 34.3%",,,,,,,,,,reported value differs from 20.1 by more than 0.5%,open,,,,,,,,,,,2026-09-20,navneet,false,false,,false,false,unresolved,sentence,,,,no later 8-K release for that period found,,,yes,"Excerpt explicitly states 'Updates full year FY27 GAAP operating margin guidance to 20.1%' matching the metric, period, and number exactly."
01M0XNVN00DBS6Z8R313H8VSVF,"Salesforce, Inc.",CRM,0001108524,"Salesforce, Inc. expects operating margin non-GAAP of 34.3% for FY2027.","Updates full year FY27 GAAP operating margin guidance to 20.1%, and maintains non-GAAP operating margin guidance of 34.3%",operating margin non-GAAP,34.3,34.3,percent,FY2027,2026-08-26,https://www.sec.gov/Archives/edgar/data/1108524/000110852426000187/crm-q2fy27xexhibit991.htm,0001108524-26-000187,8-K,2026-08-26,2026-09-20T07:25:51Z,9a8bbc2283ad42dacd4209d7885c48310072f28184b3ed792f75a506c6ecef77,"Updates full year FY27 GAAP operating margin guidance to 20.1%, and maintains non-GAAP operating margin guidance of 34.3%",,,,,,,,,,reported value differs from 34.3 by more than 0.5%,open,,,,,,,,,,,2026-09-20,navneet,false,false,,false,false,unresolved,sentence,,,,no later 8-K release for that period found,,,yes,"Excerpt states 'maintains non-GAAP operating margin guidance of 34.3%' for FY27, matching the metric, number, unit, and period exactly."
01M0XNVN00YXJNVNAJSBJZVVAR,"Salesforce, Inc.",CRM,0001108524,"Salesforce, Inc. expects tax rate of 22.3% for FY2027.","(1) The Company's GAAP tax provision is expected to be approximately 21.8% for the three months ended October 31, 2026 and 22.3% for the year ended January 31, 2027.",tax rate,22.3,22.3,percent,FY2027,2026-08-26,https://www.sec.gov/Archives/edgar/data/1108524/000110852426000187/crm-q2fy27xexhibit991.htm,0001108524-26-000187,8-K,2026-08-26,2026-09-20T07:25:51Z,9a8bbc2283ad42dacd4209d7885c48310072f28184b3ed792f75a506c6ecef77,"(1) The Company's GAAP tax provision is expected to be approximately 21.8% for the three months ended October 31, 2026 and 22.3% for the year ended January 31, 2027.",,,,,,,,,,reported value differs from 22.3 by more than 0.5%,open,,,,,,,,,,,2026-09-20,navneet,false,false,,false,false,unresolved,sentence,,,,no later 8-K release for that period found,,,yes,"Excerpt states tax provision 'expected to be approximately...22.3% for the year ended January 31, 2027' which matches FY2027 guidance at 22.3%"
01M2PAKF00EM0RQHW13XKZYV41,"Salesforce, Inc.",CRM,0001108524,"Salesforce, Inc. expects operating margin non-GAAP of 34.3% for FY2027.",Driving durable revenue growth & margin expansion Non-GAAP Operating Margin Revenue 18.7% 34.3% FY22 FY23 FY24 FY25 FY26 FY27E Guidance $26.5B $46.4B Sales | $9B AOVService | $10B AOV Data 360 | $1B AOV FY27 Revenue guidance represents the high-end of guidance range as of August 2026.,operating margin non-GAAP,34.3,34.3,percent,FY2027,2026-09-17,https://www.sec.gov/Archives/edgar/data/1108524/000110852426000210/investorday2026.htm,0001108524-26-000210,8-K,2026-09-17,2026-09-20T07:25:52Z,21b518d558215c226a9beb8333d7ea3af7b84e23dbd3877c48f317acf0da3f5b,Driving durable revenue growth & margin expansion Non-GAAP Operating Margin Revenue 18.7% 34.3% FY22 FY23 FY24 FY25 FY26 FY27E Guidance $26.5B $46.4B Sales | $9B AOVService | $10B AOV Data 360 | $1B AOV FY27 Revenue guidance represents the high-end of guidance range as of August 2026.,,,,,,,,,,reported value differs from 34.3 by more than 0.5%,open,,,,,,,,,,,2026-09-20,navneet,false,false,,false,false,unresolved,sentence,,,,no later 8-K release for that period found,,,yes,Excerpt explicitly states 'Non-GAAP Operating Margin' of '34.3%' for 'FY27E' (FY2027 estimate/guidance).
01M2PAKF00NJV3CMJ7P5AM2621,"Salesforce, Inc.",CRM,0001108524,"Salesforce, Inc. expects revenue of $46.1 billion to $46.4 billion for FY2027.","Full Year FY27 Revenue guidance as of August 2026, reflecting the high end of the FY27 revenue guide of $46.1 to $46.4B. 2.",revenue,46.1,46.4,USD billions,FY2027,2026-09-17,https://www.sec.gov/Archives/edgar/data/1108524/000110852426000210/investorday2026.htm,0001108524-26-000210,8-K,2026-09-17,2026-09-20T07:25:52Z,21b518d558215c226a9beb8333d7ea3af7b84e23dbd3877c48f317acf0da3f5b,"Full Year FY27 Revenue guidance as of August 2026, reflecting the high end of the FY27 revenue guide of $46.1 to $46.4B. 2.",,,,,,,,,,"reported value falls outside [46.1, 46.4]",open,,,,,,,,,,,2026-09-20,navneet,false,false,,false,false,unresolved,sentence,,,,no later 8-K release for that period found,,,yes,"Excerpt states 'FY27 revenue guide of $46.1 to $46.4B' which matches the metric (revenue), period (FY2027), and range ($46.1 billion to $46.4 billion) exactly."
