record_id,company,ticker,cik,claim,assumption.text,assumption.metric,assumption.target_low,assumption.target_high,assumption.unit,assumption.target_period,assumption.stated_at,assumption.evidence.source_url,assumption.evidence.accession_number,assumption.evidence.filing_type,assumption.evidence.filed_at,assumption.evidence.fetched_at,assumption.evidence.content_sha256,assumption.evidence.excerpt,outcome.reported_value,outcome.reported_at,outcome.evidence.source_url,outcome.evidence.accession_number,outcome.evidence.filing_type,outcome.evidence.filed_at,outcome.evidence.fetched_at,outcome.evidence.content_sha256,outcome.evidence.excerpt,invalidation_condition,status,acknowledged_at,acknowledgement_evidence.source_url,acknowledgement_evidence.accession_number,acknowledgement_evidence.filing_type,acknowledgement_evidence.filed_at,acknowledgement_evidence.fetched_at,acknowledgement_evidence.content_sha256,acknowledgement_evidence.excerpt,days_to_falsifiable,days_to_acknowledged,last_reviewed_at,reviewer,approved,hand_verified,reviewer_note,conflict,empty_block,aid_proposed_status,aid_capture_method,aid_heading,aid_lead_in,aid_table_header,aid_outcome_note,aid_flag_note,aid_withdrawal_note,aid_verify,aid_verify_reason
01D28W2W00GA9TCEG6AGFXF34T,NVIDIA Corporation,NVDA,0001045810,NVIDIA Corporation expects operating expenses GAAP of $915 million for Q4 FY2019.,$915 million,operating expenses GAAP,915.0,915.0,USD millions,Q4 FY2019,2019-01-28,https://www.sec.gov/Archives/edgar/data/1045810/000104581019000004/pressrelease.htm,0001045810-19-000004,8-K,2019-01-28,2026-09-20T06:42:08Z,47f07e8322a8446b0341073047065fa943bcdab0dba20fd3228003779023e5be,$915 million,,,,,,,,,,reported value differs from 915 by more than 0.5%,open,,,,,,,,,,,2026-09-20,navneet,false,false,,false,false,unresolved,section,Updated Q4 Fiscal 2019 Guidance,,Previous Q4 Fiscal 2019 Guidance | Updated Q4 Fiscal 2019 Guidance,the model found no line reporting that metric for that period,,,no,"Excerpt contains only a number with no context identifying the metric, period, or whether it represents guidance or a past result."
01D28W2W00189DGZF6JNB21NC4,NVIDIA Corporation,NVDA,0001045810,NVIDIA Corporation expects operating expenses non-GAAP of $755 million for Q4 FY2019.,$755 million,operating expenses non-GAAP,755.0,755.0,USD millions,Q4 FY2019,2019-01-28,https://www.sec.gov/Archives/edgar/data/1045810/000104581019000004/pressrelease.htm,0001045810-19-000004,8-K,2019-01-28,2026-09-20T06:42:08Z,47f07e8322a8446b0341073047065fa943bcdab0dba20fd3228003779023e5be,$755 million,755.0,2019-02-14,https://www.sec.gov/Archives/edgar/data/1045810/000104581019000007/q4fy19pr.htm,0001045810-19-000007,8-K,2019-02-14,2026-09-20T06:42:08Z,27a64a57272dc291bfcdf25430df9d165a7e3cc1078354dc0ef7bb2b26b98228,"GAAP and non-GAAP operating expenses are expected to be approximately $930 million and $755 million, respectively.",reported value differs from 755 by more than 0.5%,open,,,,,,,,,17,,2026-09-20,navneet,false,false,,false,false,met,section,Updated Q4 Fiscal 2019 Guidance,,Previous Q4 Fiscal 2019 Guidance | Updated Q4 Fiscal 2019 Guidance,,,,no,"Excerpt contains only a number with no context identifying the metric, period, or that this is forward guidance rather than a historical result."
01D28W2W00DHZ4FG8SMMCSYAFS,NVIDIA Corporation,NVDA,0001045810,NVIDIA Corporation expects other income and expense of $25 million for Q4 FY2019.,$25 million,other income and expense,25.0,25.0,USD millions,Q4 FY2019,2019-01-28,https://www.sec.gov/Archives/edgar/data/1045810/000104581019000004/pressrelease.htm,0001045810-19-000004,8-K,2019-01-28,2026-09-20T06:42:08Z,47f07e8322a8446b0341073047065fa943bcdab0dba20fd3228003779023e5be,$25 million,,,,,,,,,,reported value differs from 25 by more than 0.5%,open,,,,,,,,,,,2026-09-20,navneet,false,false,,false,false,unresolved,section,Updated Q4 Fiscal 2019 Guidance,,Previous Q4 Fiscal 2019 Guidance | Updated Q4 Fiscal 2019 Guidance,the model found no line reporting that metric for that period,,,no,"Excerpt contains only a number with no context identifying the metric, period, or that this is forward guidance rather than a historical result."
01D3MMV3005K1P6FP0PQAQS3Z2,NVIDIA Corporation,NVDA,0001045810,NVIDIA Corporation expects gross margin GAAP of 58.3% to 59.3% for Q1 FY2020.,"GAAP and non-GAAP gross margins are expected to be 58.8 percent and 59.0 percent, respectively, plus or minus 50 basis points.",gross margin GAAP,58.3,59.3,percent,Q1 FY2020,2019-02-14,https://www.sec.gov/Archives/edgar/data/1045810/000104581019000007/q4fy19pr.htm,0001045810-19-000007,8-K,2019-02-14,2026-09-20T06:42:08Z,27a64a57272dc291bfcdf25430df9d165a7e3cc1078354dc0ef7bb2b26b98228,"GAAP and non-GAAP gross margins are expected to be 58.8 percent and 59.0 percent, respectively, plus or minus 50 basis points.",,,,,,,,,,"reported value falls outside [58.3, 59.3]",open,,,,,,,,,,,2026-09-20,navneet,false,false,,false,false,unresolved,sentence,,NVIDIA’s outlook for the first quarter of fiscal 2020 is as follows:,,the model found no line reporting that metric for that period,,,no,"Excerpt provides a single point estimate of 58.8% with a +/- 50 bps range (58.3%-59.3%), not the stated range of 58.3%-59.3%, and does not specify the period as Q1 FY2020."
01D3MMV300FZEZZK1YNRT303N1,NVIDIA Corporation,NVDA,0001045810,NVIDIA Corporation expects gross margin non-GAAP of 58.5% to 59.5% for Q1 FY2020.,"GAAP and non-GAAP gross margins are expected to be 58.8 percent and 59.0 percent, respectively, plus or minus 50 basis points.",gross margin non-GAAP,58.5,59.5,percent,Q1 FY2020,2019-02-14,https://www.sec.gov/Archives/edgar/data/1045810/000104581019000007/q4fy19pr.htm,0001045810-19-000007,8-K,2019-02-14,2026-09-20T06:42:08Z,27a64a57272dc291bfcdf25430df9d165a7e3cc1078354dc0ef7bb2b26b98228,"GAAP and non-GAAP gross margins are expected to be 58.8 percent and 59.0 percent, respectively, plus or minus 50 basis points.",,,,,,,,,,"reported value falls outside [58.5, 59.5]",open,,,,,,,,,,,2026-09-20,navneet,false,false,,false,false,unresolved,sentence,,NVIDIA’s outlook for the first quarter of fiscal 2020 is as follows:,,the model found no line reporting that metric for that period,,,no,"The excerpt provides point estimates (58.8% and 59.0%) with a ±50 basis point range, not the specific range of 58.5% to 59.5% stated in the guidance claim."
01DAYZ0G006EDWNT5PMHNYZTSE,NVIDIA Corporation,NVDA,0001045810,NVIDIA Corporation expects gross margin GAAP of 58.7% to 59.7% for Q2 FY2020.,"GAAP and non-GAAP gross margins are expected to be 59.2 percent and 59.5 percent, respectively, plus or minus 50 basis points.",gross margin GAAP,58.7,59.7,percent,Q2 FY2020,2019-05-16,https://www.sec.gov/Archives/edgar/data/1045810/000104581019000077/q1fy20pr.htm,0001045810-19-000077,8-K,2019-05-16,2026-09-20T06:42:11Z,4df8264c5fb3e29e472d4db8ecabdeafb4deca7ee871cec52b66ed1ce7bc377d,"GAAP and non-GAAP gross margins are expected to be 59.2 percent and 59.5 percent, respectively, plus or minus 50 basis points.",,,,,,,,,,"reported value falls outside [58.7, 59.7]",open,,,,,,,,,,,2026-09-20,navneet,false,false,,false,false,unresolved,sentence,,NVIDIA’s outlook for the second quarter of fiscal 2020 is as follows:,,the model found no line reporting that metric for that period,,,no,"The excerpt provides a point estimate of 59.2% with a ±50 basis point range (58.7%-59.7%), but the guidance states 'plus or minus 50 basis points' around 59.2%, not the exact range 58.7%-59.7% as clai"
01DAYZ0G001QZZAVCBWG8K377X,NVIDIA Corporation,NVDA,0001045810,NVIDIA Corporation expects gross margin non-GAAP of 59% to 60% for Q2 FY2020.,"GAAP and non-GAAP gross margins are expected to be 59.2 percent and 59.5 percent, respectively, plus or minus 50 basis points.",gross margin non-GAAP,59.0,60.0,percent,Q2 FY2020,2019-05-16,https://www.sec.gov/Archives/edgar/data/1045810/000104581019000077/q1fy20pr.htm,0001045810-19-000077,8-K,2019-05-16,2026-09-20T06:42:11Z,4df8264c5fb3e29e472d4db8ecabdeafb4deca7ee871cec52b66ed1ce7bc377d,"GAAP and non-GAAP gross margins are expected to be 59.2 percent and 59.5 percent, respectively, plus or minus 50 basis points.",,,,,,,,,,"reported value falls outside [59, 60]",open,,,,,,,,,,,2026-09-20,navneet,false,false,,false,false,unresolved,sentence,,NVIDIA’s outlook for the second quarter of fiscal 2020 is as follows:,,the model found no line reporting that metric for that period,,,no,"Excerpt states non-GAAP gross margin of 59.5% ± 50 bps, which is 59.0%-60.0%, but does not specify the period (Q2 FY2020 or otherwise)"
01DJ995X000JV6TA7MM0H9BFQQ,NVIDIA Corporation,NVDA,0001045810,NVIDIA Corporation expects gross margin GAAP of 61.5% to 62.5% for Q3 FY2020.,"GAAP and non-GAAP gross margins are expected to be 62.0 percent and 62.5 percent, respectively, plus or minus 50 basis points.",gross margin GAAP,61.5,62.5,percent,Q3 FY2020,2019-08-15,https://www.sec.gov/Archives/edgar/data/1045810/000104581019000140/q2fy20pr.htm,0001045810-19-000140,8-K,2019-08-15,2026-09-20T06:42:13Z,53e2932f8ca0a92877d70f7e78b4d9dc817dcada7c0f8d0a67e21bd67b162b56,"GAAP and non-GAAP gross margins are expected to be 62.0 percent and 62.5 percent, respectively, plus or minus 50 basis points.",,,,,,,,,,"reported value falls outside [61.5, 62.5]",open,,,,,,,,,,,2026-09-20,navneet,false,false,,false,false,unresolved,sentence,,NVIDIA’s outlook for the third quarter of fiscal 2020 is as follows:,,no later 8-K release for that period found,,,no,"Excerpt states GAAP gross margin as '62.0 percent, plus or minus 50 basis points' (61.5%-62.5% range), but the guidance claim specifies '61.5% to 62.5%' which does not match the stated point estimate "
01DJ995X00216BFDCCWXYCVBWN,NVIDIA Corporation,NVDA,0001045810,NVIDIA Corporation expects gross margin non-GAAP of 62% to 63% for Q3 FY2020.,"GAAP and non-GAAP gross margins are expected to be 62.0 percent and 62.5 percent, respectively, plus or minus 50 basis points.",gross margin non-GAAP,62.0,63.0,percent,Q3 FY2020,2019-08-15,https://www.sec.gov/Archives/edgar/data/1045810/000104581019000140/q2fy20pr.htm,0001045810-19-000140,8-K,2019-08-15,2026-09-20T06:42:13Z,53e2932f8ca0a92877d70f7e78b4d9dc817dcada7c0f8d0a67e21bd67b162b56,"GAAP and non-GAAP gross margins are expected to be 62.0 percent and 62.5 percent, respectively, plus or minus 50 basis points.",,,,,,,,,,"reported value falls outside [62, 63]",open,,,,,,,,,,,2026-09-20,navneet,false,false,,false,false,unresolved,sentence,,NVIDIA’s outlook for the third quarter of fiscal 2020 is as follows:,,no later 8-K release for that period found,,,no,"Excerpt states non-GAAP gross margin of 62.5% (not 62-63%), and does not specify the period as Q3 FY2020."
01E0XXGQ00TDM3RH0ETQKMZMSA,NVIDIA Corporation,NVDA,0001045810,NVIDIA Corporation expects gross margin non-GAAP of 64.9% to 65.9% for Q1 FY2021.,"GAAP and non-GAAP gross margins are expected to be 65.0 percent and 65.4 percent, respectively, plus or minus 50 basis points.",gross margin non-GAAP,64.9,65.9,percent,Q1 FY2021,2020-02-13,https://www.sec.gov/Archives/edgar/data/1045810/000104581020000007/q4fy20pr.htm,0001045810-20-000007,8-K,2020-02-13,2026-09-20T06:42:16Z,cd0931926ae9cc19acbe219545a3d87ca9d53004a93857577561e306326b6151,"GAAP and non-GAAP gross margins are expected to be 65.0 percent and 65.4 percent, respectively, plus or minus 50 basis points.",65.8,2020-05-21,https://www.sec.gov/Archives/edgar/data/1045810/000104581020000063/q1fy21pr.htm,0001045810-20-000063,8-K,2020-05-21,2026-09-20T06:42:19Z,b14a182928750d0a56ecb3608956ab91e80fcd59f4f5504b3c6f3ce5a377894a,Gross margin 65.8 % 65.4 % 59.0 % Up 40 bps Up 680 bps,"reported value falls outside [64.9, 65.9]",open,,,,,,,,,98,,2026-09-20,navneet,false,false,,false,false,met,sentence,,,,,,,no,"The excerpt states non-GAAP gross margin guidance of '65.4 percent, plus or minus 50 basis points' (range of 64.9% to 65.9%), but does not specify the period as Q1 FY2021."
01E8T8F5002NRM1K09RYTP89GY,NVIDIA Corporation,NVDA,0001045810,NVIDIA Corporation expects gross margin GAAP of 58.1% to 59.1% for Q2 FY2021.,"GAAP and non-GAAP gross margins are expected to be 58.6 percent and 66.0 percent, respectively, plus or minus 50 basis points.",gross margin GAAP,58.1,59.1,percent,Q2 FY2021,2020-05-21,https://www.sec.gov/Archives/edgar/data/1045810/000104581020000063/q1fy21pr.htm,0001045810-20-000063,8-K,2020-05-21,2026-09-20T06:42:19Z,b14a182928750d0a56ecb3608956ab91e80fcd59f4f5504b3c6f3ce5a377894a,"GAAP and non-GAAP gross margins are expected to be 58.6 percent and 66.0 percent, respectively, plus or minus 50 basis points.",58.8,2020-08-19,https://www.sec.gov/Archives/edgar/data/1045810/000104581020000145/q2fy21pr.htm,0001045810-20-000145,8-K,2020-08-19,2026-09-20T06:42:21Z,0e0189366ee7303c58bae7e24720dc40cc66114f75bb1c1375d7537237909089,Gross margin 58.8 % 65.1 % 59.8 % Down 630 bps Down 100 bps,"reported value falls outside [58.1, 59.1]",open,,,,,,,,,90,,2026-09-20,navneet,false,false,,false,false,met,sentence,,"NVIDIA’s outlook for the second quarter of fiscal 2021 includes the impact from the acquisition of Mellanox, which closed on the first day of the second quarter. The combined second quarter outlook is as follows:",,,,,no,"The excerpt states a point estimate of 58.6% plus or minus 50 basis points (57.6%-59.6%), which does not match the claimed range of 58.1%-59.1%."
01E8T8F500HH5V19S2ZGE4FY0A,NVIDIA Corporation,NVDA,0001045810,NVIDIA Corporation expects gross margin non-GAAP of 65.5% to 66.5% for Q2 FY2021.,"GAAP and non-GAAP gross margins are expected to be 58.6 percent and 66.0 percent, respectively, plus or minus 50 basis points.",gross margin non-GAAP,65.5,66.5,percent,Q2 FY2021,2020-05-21,https://www.sec.gov/Archives/edgar/data/1045810/000104581020000063/q1fy21pr.htm,0001045810-20-000063,8-K,2020-05-21,2026-09-20T06:42:19Z,b14a182928750d0a56ecb3608956ab91e80fcd59f4f5504b3c6f3ce5a377894a,"GAAP and non-GAAP gross margins are expected to be 58.6 percent and 66.0 percent, respectively, plus or minus 50 basis points.",66.0,2020-08-19,https://www.sec.gov/Archives/edgar/data/1045810/000104581020000145/q2fy21pr.htm,0001045810-20-000145,8-K,2020-08-19,2026-09-20T06:42:21Z,0e0189366ee7303c58bae7e24720dc40cc66114f75bb1c1375d7537237909089,Gross margin 66.0 % 65.8 % 60.1 % Up 20 bps Up 590 bps,"reported value falls outside [65.5, 66.5]",open,,,,,,,,,90,,2026-09-20,navneet,false,false,,false,false,met,sentence,,"NVIDIA’s outlook for the second quarter of fiscal 2021 includes the impact from the acquisition of Mellanox, which closed on the first day of the second quarter. The combined second quarter outlook is as follows:",,,,,no,"The excerpt states 66.0 percent plus or minus 50 basis points (66.0% ± 0.5%), which is 65.5% to 66.5%, but does not specify the period as Q2 FY2021."
01E8T8F500HSW1EJ88GXHRP7AB,NVIDIA Corporation,NVDA,0001045810,NVIDIA Corporation expects other income and expense of $-45 million for FY2021.,"GAAP and non-GAAP other income and expense are expected to be an expense of approximately $50 million and $45 million, respectively.",other income and expense,-45.0,-45.0,USD millions,FY2021,2020-05-21,https://www.sec.gov/Archives/edgar/data/1045810/000104581020000063/q1fy21pr.htm,0001045810-20-000063,8-K,2020-05-21,2026-09-20T06:42:19Z,b14a182928750d0a56ecb3608956ab91e80fcd59f4f5504b3c6f3ce5a377894a,"GAAP and non-GAAP other income and expense are expected to be an expense of approximately $50 million and $45 million, respectively.",-120.0,2021-02-24,https://www.sec.gov/Archives/edgar/data/1045810/000104581021000007/q4fy21pr.htm,0001045810-21-000007,8-K,2021-02-24,2026-09-20T06:42:25Z,458bcae494c37a773d40574d9b9f83528be44bc79b77cd1abbbad0a2cac8b6cd,"Non-GAAP other income (expense), net $ (45) $ (45) $ 26 $ (120) $ 127",reported value differs from -45 by more than 0.5%,open,,,,,,,,,279,,2026-09-20,navneet,false,false,,false,false,missed,sentence,,"NVIDIA’s outlook for the second quarter of fiscal 2021 includes the impact from the acquisition of Mellanox, which closed on the first day of the second quarter. The combined second quarter outlook is as follows:",,,,,no,"The excerpt states non-GAAP other income and expense of $45 million, but the metric requested is 'other income and expense' without specification of GAAP vs non-GAAP, and the GAAP figure is $50 millio"
01EG207V00X2E7T7PMRQFB3F7V,NVIDIA Corporation,NVDA,0001045810,NVIDIA Corporation expects gross margin non-GAAP of 65% to 66% for Q3 FY2021.,"GAAP and non-GAAP gross margins are expected to be 62.5 percent and 65.5 percent, respectively, plus or minus 50 basis points.",gross margin non-GAAP,65.0,66.0,percent,Q3 FY2021,2020-08-19,https://www.sec.gov/Archives/edgar/data/1045810/000104581020000145/q2fy21pr.htm,0001045810-20-000145,8-K,2020-08-19,2026-09-20T06:42:21Z,0e0189366ee7303c58bae7e24720dc40cc66114f75bb1c1375d7537237909089,"GAAP and non-GAAP gross margins are expected to be 62.5 percent and 65.5 percent, respectively, plus or minus 50 basis points.",65.5,2020-11-18,https://www.sec.gov/Archives/edgar/data/1045810/000104581020000187/q3fy21pr.htm,0001045810-20-000187,8-K,2020-11-18,2026-09-20T06:42:24Z,cc389cd438ea989b8fb4c07015da9e8b009e28aa192595161c8f3b9682740ad5,Gross margin 65.5 % 66.0 % 64.1 % Down 50 bps Up 140 bps,"reported value falls outside [65, 66]",open,,,,,,,,,91,,2026-09-20,navneet,false,false,,false,false,met,sentence,,NVIDIA’s outlook for the third quarter of fiscal 2021 is as follows:,,,,,no,"The excerpt states non-GAAP gross margin of '65.5 percent, plus or minus 50 basis points' which is 65% to 66%, but does not specify the period as Q3 FY2021."
01EG207V00Q7XTVDP923BJVZ04,NVIDIA Corporation,NVDA,0001045810,NVIDIA Corporation expects tax rate of 7.92% to 8.08% for Q3 FY2021.,"GAAP and non-GAAP tax rates are both expected to be 8 percent, plus or minus 1 percent, excluding any discrete items.",tax rate,7.92,8.08,percent,Q3 FY2021,2020-08-19,https://www.sec.gov/Archives/edgar/data/1045810/000104581020000145/q2fy21pr.htm,0001045810-20-000145,8-K,2020-08-19,2026-09-20T06:42:21Z,0e0189366ee7303c58bae7e24720dc40cc66114f75bb1c1375d7537237909089,"GAAP and non-GAAP tax rates are both expected to be 8 percent, plus or minus 1 percent, excluding any discrete items.",,,,,,,,,,"reported value falls outside [7.92, 8.08]",open,,,,,,,,,,,2026-09-20,navneet,false,false,,false,false,unresolved,sentence,,NVIDIA’s outlook for the third quarter of fiscal 2021 is as follows:,,the model found no line reporting that metric for that period,,,no,"The excerpt states a range of 'plus or minus 1 percent' around 8 percent (7-9%), which does not match the specific range of 7.92% to 8.08% provided."
01EQCAD8006QWMMBVQWB6PPB30,NVIDIA Corporation,NVDA,0001045810,NVIDIA Corporation expects gross margin GAAP of 62.3% to 63.3% for Q4 FY2021.,"GAAP and non-GAAP gross margins are expected to be 62.8 percent and 65.5 percent, respectively, plus or minus 50 basis points.",gross margin GAAP,62.3,63.3,percent,Q4 FY2021,2020-11-18,https://www.sec.gov/Archives/edgar/data/1045810/000104581020000187/q3fy21pr.htm,0001045810-20-000187,8-K,2020-11-18,2026-09-20T06:42:24Z,cc389cd438ea989b8fb4c07015da9e8b009e28aa192595161c8f3b9682740ad5,"GAAP and non-GAAP gross margins are expected to be 62.8 percent and 65.5 percent, respectively, plus or minus 50 basis points.",63.1,2021-02-24,https://www.sec.gov/Archives/edgar/data/1045810/000104581021000007/q4fy21pr.htm,0001045810-21-000007,8-K,2021-02-24,2026-09-20T06:42:25Z,458bcae494c37a773d40574d9b9f83528be44bc79b77cd1abbbad0a2cac8b6cd,Gross margin 63.1 % 62.6 % 64.9 % Up 50 bps Down 180 bps,"reported value falls outside [62.3, 63.3]",open,,,,,,,,,98,,2026-09-20,navneet,false,false,,false,false,met,sentence,,NVIDIA’s outlook for the fourth quarter of fiscal 2021 is as follows:,,,,,no,"Excerpt states 62.8% ± 50 bps (range 62.3%-63.3%), but does not specify the period as Q4 FY2021"
01EQCAD800BS5CCT5PGNQZ18DY,NVIDIA Corporation,NVDA,0001045810,NVIDIA Corporation expects gross margin non-GAAP of 65% to 66% for Q4 FY2021.,"GAAP and non-GAAP gross margins are expected to be 62.8 percent and 65.5 percent, respectively, plus or minus 50 basis points.",gross margin non-GAAP,65.0,66.0,percent,Q4 FY2021,2020-11-18,https://www.sec.gov/Archives/edgar/data/1045810/000104581020000187/q3fy21pr.htm,0001045810-20-000187,8-K,2020-11-18,2026-09-20T06:42:24Z,cc389cd438ea989b8fb4c07015da9e8b009e28aa192595161c8f3b9682740ad5,"GAAP and non-GAAP gross margins are expected to be 62.8 percent and 65.5 percent, respectively, plus or minus 50 basis points.",65.5,2021-02-24,https://www.sec.gov/Archives/edgar/data/1045810/000104581021000007/q4fy21pr.htm,0001045810-21-000007,8-K,2021-02-24,2026-09-20T06:42:25Z,458bcae494c37a773d40574d9b9f83528be44bc79b77cd1abbbad0a2cac8b6cd,Gross margin 65.5 % 65.5 % 65.4 % -- Up 10 bps,"reported value falls outside [65, 66]",open,,,,,,,,,98,,2026-09-20,navneet,false,false,,false,false,met,sentence,,NVIDIA’s outlook for the fourth quarter of fiscal 2021 is as follows:,,,,,no,"The excerpt states non-GAAP gross margin of '65.5 percent, plus or minus 50 basis points' which is 65.0% to 66.0%, not the stated range of 65% to 66%; additionally, the period is not specified in the "
01EQCAD800ZX1DSVYDKE56Y6GV,NVIDIA Corporation,NVDA,0001045810,NVIDIA Corporation expects tax rate of 7.92% to 8.08% for Q4 FY2021.,"GAAP and non-GAAP tax rates are both expected to be 8 percent, plus or minus 1 percent, excluding any discrete items.",tax rate,7.92,8.08,percent,Q4 FY2021,2020-11-18,https://www.sec.gov/Archives/edgar/data/1045810/000104581020000187/q3fy21pr.htm,0001045810-20-000187,8-K,2020-11-18,2026-09-20T06:42:24Z,cc389cd438ea989b8fb4c07015da9e8b009e28aa192595161c8f3b9682740ad5,"GAAP and non-GAAP tax rates are both expected to be 8 percent, plus or minus 1 percent, excluding any discrete items.",,,,,,,,,,"reported value falls outside [7.92, 8.08]",open,,,,,,,,,,,2026-09-20,navneet,false,false,,false,false,unresolved,sentence,,NVIDIA’s outlook for the fourth quarter of fiscal 2021 is as follows:,,the model found no line reporting that metric for that period,,,no,"The excerpt states a range of 'plus or minus 1 percent' around 8 percent (7-9%), which is broader than the claimed range of 7.92% to 8.08%"
01EZ8NBP0096JWQBG295ATNCY4,NVIDIA Corporation,NVDA,0001045810,NVIDIA Corporation expects gross margin GAAP of 63.3% to 64.3% for Q1 FY2022.,"GAAP and non-GAAP gross margins are expected to be 63.8 percent and 66.0 percent, respectively, plus or minus 50 basis points.",gross margin GAAP,63.3,64.3,percent,Q1 FY2022,2021-02-24,https://www.sec.gov/Archives/edgar/data/1045810/000104581021000007/q4fy21pr.htm,0001045810-21-000007,8-K,2021-02-24,2026-09-20T06:42:25Z,458bcae494c37a773d40574d9b9f83528be44bc79b77cd1abbbad0a2cac8b6cd,"GAAP and non-GAAP gross margins are expected to be 63.8 percent and 66.0 percent, respectively, plus or minus 50 basis points.",64.1,2021-05-26,https://www.sec.gov/Archives/edgar/data/1045810/000104581021000063/q1fy22pr.htm,0001045810-21-000063,8-K,2021-05-26,2026-09-20T06:42:28Z,41f09e7d9967222dea3b5465ef73283adf7974f28ad64e934a083408b7d7e4f2,Gross margin 64.1 % 63.1 % 65.1 % Up 100 bps Down 100 bps,"reported value falls outside [63.3, 64.3]",open,,,,,,,,,91,,2026-09-20,navneet,false,false,,false,false,met,sentence,,NVIDIA’s outlook for the first quarter of fiscal 2022 is as follows:,,,,,no,"The excerpt states a point estimate of 63.8% plus or minus 50 basis points (63.3%-64.3%), but the guidance claim specifies a range of 63.3% to 64.3%, which represents only the lower half of the stated"
01EZ8NBP00N8ZFDERM5VHT9SYT,NVIDIA Corporation,NVDA,0001045810,NVIDIA Corporation expects gross margin non-GAAP of 65.5% to 66.5% for Q1 FY2022.,"GAAP and non-GAAP gross margins are expected to be 63.8 percent and 66.0 percent, respectively, plus or minus 50 basis points.",gross margin non-GAAP,65.5,66.5,percent,Q1 FY2022,2021-02-24,https://www.sec.gov/Archives/edgar/data/1045810/000104581021000007/q4fy21pr.htm,0001045810-21-000007,8-K,2021-02-24,2026-09-20T06:42:25Z,458bcae494c37a773d40574d9b9f83528be44bc79b77cd1abbbad0a2cac8b6cd,"GAAP and non-GAAP gross margins are expected to be 63.8 percent and 66.0 percent, respectively, plus or minus 50 basis points.",66.2,2021-05-26,https://www.sec.gov/Archives/edgar/data/1045810/000104581021000063/q1fy22pr.htm,0001045810-21-000063,8-K,2021-05-26,2026-09-20T06:42:28Z,41f09e7d9967222dea3b5465ef73283adf7974f28ad64e934a083408b7d7e4f2,Gross margin 66.2 % 65.5 % 65.8 % Up 70 bps Up 40 bps,"reported value falls outside [65.5, 66.5]",open,,,,,,,,,91,,2026-09-20,navneet,false,false,,false,false,met,sentence,,NVIDIA’s outlook for the first quarter of fiscal 2022 is as follows:,,,,,no,"The excerpt states non-GAAP gross margin guidance of '66.0 percent, plus or minus 50 basis points' which equals 65.5% to 66.5%, but does not specify the period as Q1 FY2022."
01F6JZH300B1XXHK2TZ6CMQHBA,NVIDIA Corporation,NVDA,0001045810,NVIDIA Corporation expects gross margin GAAP of 64.1% to 65.1% for Q2 FY2022.,"GAAP and non-GAAP gross margins are expected to be 64.6 percent and 66.5 percent, respectively, plus or minus 50 basis points.",gross margin GAAP,64.1,65.1,percent,Q2 FY2022,2021-05-26,https://www.sec.gov/Archives/edgar/data/1045810/000104581021000063/q1fy22pr.htm,0001045810-21-000063,8-K,2021-05-26,2026-09-20T06:42:28Z,41f09e7d9967222dea3b5465ef73283adf7974f28ad64e934a083408b7d7e4f2,"GAAP and non-GAAP gross margins are expected to be 64.6 percent and 66.5 percent, respectively, plus or minus 50 basis points.",64.8,2021-08-18,https://www.sec.gov/Archives/edgar/data/1045810/000104581021000128/q2fy22pr.htm,0001045810-21-000128,8-K,2021-08-18,2026-09-20T06:42:30Z,b60b3f9b1248e2075cf9a7b9852005e76f8b40435e160672028b32ecad01c490,Gross margin 64.8 % 64.1 % 58.8 % Up 70 bps Up 600 bps,"reported value falls outside [64.1, 65.1]",open,,,,,,,,,84,,2026-09-20,navneet,false,false,,false,false,met,sentence,,NVIDIA’s outlook for the second quarter of fiscal 2022 is as follows:,,,,,no,The excerpt provides a point estimate of 64.6% (±50 bps) rather than the stated range of 64.1% to 65.1%; the ranges do not match exactly.
01F6JZH300NDBMJ58264EABFKC,NVIDIA Corporation,NVDA,0001045810,NVIDIA Corporation expects gross margin non-GAAP of 66% to 67% for Q2 FY2022.,"GAAP and non-GAAP gross margins are expected to be 64.6 percent and 66.5 percent, respectively, plus or minus 50 basis points.",gross margin non-GAAP,66.0,67.0,percent,Q2 FY2022,2021-05-26,https://www.sec.gov/Archives/edgar/data/1045810/000104581021000063/q1fy22pr.htm,0001045810-21-000063,8-K,2021-05-26,2026-09-20T06:42:28Z,41f09e7d9967222dea3b5465ef73283adf7974f28ad64e934a083408b7d7e4f2,"GAAP and non-GAAP gross margins are expected to be 64.6 percent and 66.5 percent, respectively, plus or minus 50 basis points.",66.7,2021-08-18,https://www.sec.gov/Archives/edgar/data/1045810/000104581021000128/q2fy22pr.htm,0001045810-21-000128,8-K,2021-08-18,2026-09-20T06:42:30Z,b60b3f9b1248e2075cf9a7b9852005e76f8b40435e160672028b32ecad01c490,Gross margin 66.7 % 66.2 % 66.0 % Up 50 bps Up 70 bps,"reported value falls outside [66, 67]",open,,,,,,,,,84,,2026-09-20,navneet,false,false,,false,false,met,sentence,,NVIDIA’s outlook for the second quarter of fiscal 2022 is as follows:,,,,,no,"The excerpt states non-GAAP gross margin of '66.5 percent, plus or minus 50 basis points' which is 66.0% to 67.0%, not the stated range of 66% to 67%; more critically, the excerpt does not specify whi"
01FDB8XF000QTZB36AP7ETFY1R,NVIDIA Corporation,NVDA,0001045810,NVIDIA Corporation expects gross margin GAAP of 64.7% to 65.7% for Q3 FY2022.,"GAAP and non-GAAP gross margins are expected to be 65.2 percent and 67.0 percent, respectively, plus or minus 50 basis points.",gross margin GAAP,64.7,65.7,percent,Q3 FY2022,2021-08-18,https://www.sec.gov/Archives/edgar/data/1045810/000104581021000128/q2fy22pr.htm,0001045810-21-000128,8-K,2021-08-18,2026-09-20T06:42:30Z,b60b3f9b1248e2075cf9a7b9852005e76f8b40435e160672028b32ecad01c490,"GAAP and non-GAAP gross margins are expected to be 65.2 percent and 67.0 percent, respectively, plus or minus 50 basis points.",65.2,2021-11-17,https://www.sec.gov/Archives/edgar/data/1045810/000104581021000160/q3fy22pr.htm,0001045810-21-000160,8-K,2021-11-17,2026-09-20T06:42:31Z,634e38b3370eb20b09c7f82c71fc3fc136af35fd217fe532b1df5e46c84f88f0,Gross margin 65.2 % 64.8 % 62.6 % Up 40 bps Up 260 bps,"reported value falls outside [64.7, 65.7]",open,,,,,,,,,91,,2026-09-20,navneet,false,false,,false,false,met,sentence,,NVIDIA’s outlook for the third quarter of fiscal 2022 is as follows:,,,,,no,"Excerpt states 65.2% ± 50 bps (range of 64.7%-65.7%), but does not specify the period as Q3 FY2022."
01FDB8XF005K8MH2XDYV31XE7Y,NVIDIA Corporation,NVDA,0001045810,NVIDIA Corporation expects gross margin non-GAAP of 66.5% to 67.5% for Q3 FY2022.,"GAAP and non-GAAP gross margins are expected to be 65.2 percent and 67.0 percent, respectively, plus or minus 50 basis points.",gross margin non-GAAP,66.5,67.5,percent,Q3 FY2022,2021-08-18,https://www.sec.gov/Archives/edgar/data/1045810/000104581021000128/q2fy22pr.htm,0001045810-21-000128,8-K,2021-08-18,2026-09-20T06:42:30Z,b60b3f9b1248e2075cf9a7b9852005e76f8b40435e160672028b32ecad01c490,"GAAP and non-GAAP gross margins are expected to be 65.2 percent and 67.0 percent, respectively, plus or minus 50 basis points.",67.0,2021-11-17,https://www.sec.gov/Archives/edgar/data/1045810/000104581021000160/q3fy22pr.htm,0001045810-21-000160,8-K,2021-11-17,2026-09-20T06:42:31Z,634e38b3370eb20b09c7f82c71fc3fc136af35fd217fe532b1df5e46c84f88f0,Gross margin 67.0 % 66.7 % 65.5 % Up 30 bps Up 150 bps,"reported value falls outside [66.5, 67.5]",open,,,,,,,,,91,,2026-09-20,navneet,false,false,,false,false,met,sentence,,NVIDIA’s outlook for the third quarter of fiscal 2022 is as follows:,,,,,no,"The excerpt states non-GAAP gross margin guidance of '67.0 percent, plus or minus 50 basis points' which equals 66.5% to 67.5%, but does not specify the period as Q3 FY2022."
01FMNK2W00Y2JVQQTK0M9JBJ9N,NVIDIA Corporation,NVDA,0001045810,NVIDIA Corporation expects gross margin GAAP of 64.8% to 65.8% for Q4 FY2022.,"GAAP and non-GAAP gross margins are expected to be 65.3 percent and 67.0 percent, respectively, plus or minus 50 basis points.",gross margin GAAP,64.8,65.8,percent,Q4 FY2022,2021-11-17,https://www.sec.gov/Archives/edgar/data/1045810/000104581021000160/q3fy22pr.htm,0001045810-21-000160,8-K,2021-11-17,2026-09-20T06:42:31Z,634e38b3370eb20b09c7f82c71fc3fc136af35fd217fe532b1df5e46c84f88f0,"GAAP and non-GAAP gross margins are expected to be 65.3 percent and 67.0 percent, respectively, plus or minus 50 basis points.",65.4,2022-02-16,https://www.sec.gov/Archives/edgar/data/1045810/000104581022000008/q4fy22pr.htm,0001045810-22-000008,8-K,2022-02-16,2026-09-20T06:42:33Z,d9e8debdc5d493cf82cc20948c3858e23592de9397e2e65ec8631996a1f5e46c,Gross margin 65.4 % 65.2 % 63.1 % Up 20 bps Up 230 bps,"reported value falls outside [64.8, 65.8]",open,,,,,,,,,91,,2026-09-20,navneet,false,false,,false,false,met,sentence,,NVIDIA’s outlook for the fourth quarter of fiscal 2022 is as follows:,,,,,no,"Excerpt states 65.3% ± 50 bps (range 64.8%-65.8%), which matches the numbers, but does not specify the period as Q4 FY2022."
01FMNK2W00K3VX2KXM38XHSPSE,NVIDIA Corporation,NVDA,0001045810,NVIDIA Corporation expects gross margin non-GAAP of 66.5% to 67.5% for Q4 FY2022.,"GAAP and non-GAAP gross margins are expected to be 65.3 percent and 67.0 percent, respectively, plus or minus 50 basis points.",gross margin non-GAAP,66.5,67.5,percent,Q4 FY2022,2021-11-17,https://www.sec.gov/Archives/edgar/data/1045810/000104581021000160/q3fy22pr.htm,0001045810-21-000160,8-K,2021-11-17,2026-09-20T06:42:31Z,634e38b3370eb20b09c7f82c71fc3fc136af35fd217fe532b1df5e46c84f88f0,"GAAP and non-GAAP gross margins are expected to be 65.3 percent and 67.0 percent, respectively, plus or minus 50 basis points.",67.0,2022-02-16,https://www.sec.gov/Archives/edgar/data/1045810/000104581022000008/q4fy22pr.htm,0001045810-22-000008,8-K,2022-02-16,2026-09-20T06:42:33Z,d9e8debdc5d493cf82cc20948c3858e23592de9397e2e65ec8631996a1f5e46c,Gross margin 67.0 % 67.0 % 65.5 % -- Up 150 bps,"reported value falls outside [66.5, 67.5]",open,,,,,,,,,91,,2026-09-20,navneet,false,false,,false,false,met,sentence,,NVIDIA’s outlook for the fourth quarter of fiscal 2022 is as follows:,,,,,no,"The excerpt states non-GAAP gross margin guidance of '67.0 percent, plus or minus 50 basis points' which equals 66.5% to 67.5%, but does not specify the period as Q4 FY2022."
01FVZX8900RY68YNXSFBD9THFR,NVIDIA Corporation,NVDA,0001045810,NVIDIA Corporation expects gross margin GAAP of 64.7% to 65.7% for Q1 FY2023.,"GAAP and non-GAAP gross margins are expected to be 65.2 percent and 67.0 percent, respectively, plus or minus 50 basis points.",gross margin GAAP,64.7,65.7,percent,Q1 FY2023,2022-02-16,https://www.sec.gov/Archives/edgar/data/1045810/000104581022000008/q4fy22pr.htm,0001045810-22-000008,8-K,2022-02-16,2026-09-20T06:42:33Z,d9e8debdc5d493cf82cc20948c3858e23592de9397e2e65ec8631996a1f5e46c,"GAAP and non-GAAP gross margins are expected to be 65.2 percent and 67.0 percent, respectively, plus or minus 50 basis points.",65.5,2022-05-25,https://www.sec.gov/Archives/edgar/data/1045810/000104581022000073/q1fy23pr.htm,0001045810-22-000073,8-K,2022-05-25,2026-09-20T06:42:34Z,9f4a0ec874852448d0d0d26aec448d3dacb13d311e444151e250d9e713b826a2,Gross margin 65.5 % 65.4 % 64.1 % Up 10 bps Up 140 bps,"reported value falls outside [64.7, 65.7]",open,,,,,,,,,98,,2026-09-20,navneet,false,false,,false,false,met,sentence,Outlook,NVIDIA’s outlook for the first quarter of fiscal 2023 is as follows:,,,,,no,"Excerpt states 65.2% ± 50 bps (range 64.7%-65.7%), but does not specify the period as Q1 FY2023."
01FVZX8900Z6Y8A5TSYHF0EPYA,NVIDIA Corporation,NVDA,0001045810,NVIDIA Corporation expects gross margin non-GAAP of 66.5% to 67.5% for Q1 FY2023.,"GAAP and non-GAAP gross margins are expected to be 65.2 percent and 67.0 percent, respectively, plus or minus 50 basis points.",gross margin non-GAAP,66.5,67.5,percent,Q1 FY2023,2022-02-16,https://www.sec.gov/Archives/edgar/data/1045810/000104581022000008/q4fy22pr.htm,0001045810-22-000008,8-K,2022-02-16,2026-09-20T06:42:33Z,d9e8debdc5d493cf82cc20948c3858e23592de9397e2e65ec8631996a1f5e46c,"GAAP and non-GAAP gross margins are expected to be 65.2 percent and 67.0 percent, respectively, plus or minus 50 basis points.",67.1,2022-05-25,https://www.sec.gov/Archives/edgar/data/1045810/000104581022000073/q1fy23pr.htm,0001045810-22-000073,8-K,2022-05-25,2026-09-20T06:42:34Z,9f4a0ec874852448d0d0d26aec448d3dacb13d311e444151e250d9e713b826a2,Gross margin 67.1 % 67.0 % 66.2 % Up 10 bps Up 90 bps,"reported value falls outside [66.5, 67.5]",open,,,,,,,,,98,,2026-09-20,navneet,false,false,,false,false,met,sentence,Outlook,NVIDIA’s outlook for the first quarter of fiscal 2023 is as follows:,,,,,no,"The excerpt states non-GAAP gross margin guidance of '67.0 percent, plus or minus 50 basis points' which equals 66.5% to 67.5%, but does not specify the period as Q1 FY2023."
01FVZX8900F155V9QH6EXM2VZB,NVIDIA Corporation,NVDA,0001045810,NVIDIA Corporation expects tax rate of 10% to 12% for Q1 FY2023.,"GAAP and non-GAAP tax rates are expected to be 11 percent and 13 percent, respectively, plus or minus 1 percent, excluding any discrete items.",tax rate,10.0,12.0,percent,Q1 FY2023,2022-02-16,https://www.sec.gov/Archives/edgar/data/1045810/000104581022000008/q4fy22pr.htm,0001045810-22-000008,8-K,2022-02-16,2026-09-20T06:42:33Z,d9e8debdc5d493cf82cc20948c3858e23592de9397e2e65ec8631996a1f5e46c,"GAAP and non-GAAP tax rates are expected to be 11 percent and 13 percent, respectively, plus or minus 1 percent, excluding any discrete items.",,,,,,,,,,"reported value falls outside [10, 12]",open,,,,,,,,,,,2026-09-20,navneet,false,false,,false,false,unresolved,sentence,,NVIDIA’s outlook for the first quarter of fiscal 2023 is as follows:,,the model found no line reporting that metric for that period,,,no,"The excerpt provides guidance of '11 percent and 13 percent' for GAAP and non-GAAP respectively, not a single '10% to 12%' range for tax rate, and does not specify the period as Q1 FY2023."
01G3W86Q00DFF6ZKMXGQXHXP09,NVIDIA Corporation,NVDA,0001045810,NVIDIA Corporation expects gross margin GAAP of 64.6% to 65.6% for Q2 FY2023.,"GAAP and non-GAAP gross margins are expected to be 65.1% and 67.1%, respectively, plus or minus 50 basis points.",gross margin GAAP,64.6,65.6,percent,Q2 FY2023,2022-05-25,https://www.sec.gov/Archives/edgar/data/1045810/000104581022000073/q1fy23pr.htm,0001045810-22-000073,8-K,2022-05-25,2026-09-20T06:42:34Z,9f4a0ec874852448d0d0d26aec448d3dacb13d311e444151e250d9e713b826a2,"GAAP and non-GAAP gross margins are expected to be 65.1% and 67.1%, respectively, plus or minus 50 basis points.",43.5,2022-08-24,https://www.sec.gov/Archives/edgar/data/1045810/000104581022000136/q2fy23pr.htm,0001045810-22-000136,8-K,2022-08-24,2026-09-20T06:42:36Z,8dfc247781ed90d5e1ad3ec054f085c96b2612d3bc50e1f8c382d39669ccf2b9,Gross margin 43.5 % 65.5 % 64.8 % Down 22.0 pts Down 21.3 pts,"reported value falls outside [64.6, 65.6]",open,,,,,,,,,91,,2026-09-20,navneet,false,false,,false,false,missed,sentence,Outlook,NVIDIA’s outlook for the second quarter of fiscal 2023 is as follows:,,,,,no,Excerpt states 65.1% ± 50 bps (64.6%-65.6% range) but does not specify the period as Q2 FY2023
01G3W86Q00MQ395A077FHMZ8MY,NVIDIA Corporation,NVDA,0001045810,NVIDIA Corporation expects gross margin non-GAAP of 66.6% to 67.6% for Q2 FY2023.,"GAAP and non-GAAP gross margins are expected to be 65.1% and 67.1%, respectively, plus or minus 50 basis points.",gross margin non-GAAP,66.6,67.6,percent,Q2 FY2023,2022-05-25,https://www.sec.gov/Archives/edgar/data/1045810/000104581022000073/q1fy23pr.htm,0001045810-22-000073,8-K,2022-05-25,2026-09-20T06:42:34Z,9f4a0ec874852448d0d0d26aec448d3dacb13d311e444151e250d9e713b826a2,"GAAP and non-GAAP gross margins are expected to be 65.1% and 67.1%, respectively, plus or minus 50 basis points.",45.9,2022-08-24,https://www.sec.gov/Archives/edgar/data/1045810/000104581022000136/q2fy23pr.htm,0001045810-22-000136,8-K,2022-08-24,2026-09-20T06:42:36Z,8dfc247781ed90d5e1ad3ec054f085c96b2612d3bc50e1f8c382d39669ccf2b9,Gross margin 45.9 % 67.1 % 66.7 % Down 21.2 pts Down 20.8 pts,"reported value falls outside [66.6, 67.6]",open,,,,,,,,,91,,2026-09-20,navneet,false,false,,false,false,missed,sentence,Outlook,NVIDIA’s outlook for the second quarter of fiscal 2023 is as follows:,,,,,no,"The excerpt states non-GAAP gross margin guidance of '67.1%, plus or minus 50 basis points' which equals 66.6% to 67.6%, but does not specify the period as Q2 FY2023."
01GB6JC400YRMH38H9A770H993,NVIDIA Corporation,NVDA,0001045810,NVIDIA Corporation expects gross margin GAAP of 61.9% to 62.9% for Q3 FY2023.,"GAAP and non-GAAP gross margins are expected to be 62.4% and 65.0%, respectively, plus or minus 50 basis points.",gross margin GAAP,61.9,62.9,percent,Q3 FY2023,2022-08-24,https://www.sec.gov/Archives/edgar/data/1045810/000104581022000136/q2fy23pr.htm,0001045810-22-000136,8-K,2022-08-24,2026-09-20T06:42:36Z,8dfc247781ed90d5e1ad3ec054f085c96b2612d3bc50e1f8c382d39669ccf2b9,"GAAP and non-GAAP gross margins are expected to be 62.4% and 65.0%, respectively, plus or minus 50 basis points.",53.6,2022-11-16,https://www.sec.gov/Archives/edgar/data/1045810/000104581022000163/q3fy23pr.htm,0001045810-22-000163,8-K,2022-11-16,2026-09-20T06:42:38Z,a13eb49875c3fac263c9e9158670df4beb1aa3e12b231e1650184efef6103010,Gross margin 53.6 % 43.5 % 65.2 % Up 10.1 pts Down 11.6 pts,"reported value falls outside [61.9, 62.9]",open,,,,,,,,,84,,2026-09-20,navneet,false,false,,false,false,missed,sentence,Outlook,NVIDIA’s outlook for the third quarter of fiscal 2023 is as follows:,,,,,no,"The excerpt provides a point estimate of 62.4% (±50 bps, or 61.9%-62.9%) rather than stating the range 61.9% to 62.9% explicitly, and does not specify the period as Q3 FY2023."
01GB6JC400GAHQHNX0AP78X2D3,NVIDIA Corporation,NVDA,0001045810,NVIDIA Corporation expects gross margin non-GAAP of 64.5% to 65.5% for Q3 FY2023.,"GAAP and non-GAAP gross margins are expected to be 62.4% and 65.0%, respectively, plus or minus 50 basis points.",gross margin non-GAAP,64.5,65.5,percent,Q3 FY2023,2022-08-24,https://www.sec.gov/Archives/edgar/data/1045810/000104581022000136/q2fy23pr.htm,0001045810-22-000136,8-K,2022-08-24,2026-09-20T06:42:36Z,8dfc247781ed90d5e1ad3ec054f085c96b2612d3bc50e1f8c382d39669ccf2b9,"GAAP and non-GAAP gross margins are expected to be 62.4% and 65.0%, respectively, plus or minus 50 basis points.",56.1,2022-11-16,https://www.sec.gov/Archives/edgar/data/1045810/000104581022000163/q3fy23pr.htm,0001045810-22-000163,8-K,2022-11-16,2026-09-20T06:42:38Z,a13eb49875c3fac263c9e9158670df4beb1aa3e12b231e1650184efef6103010,Gross margin 56.1 % 45.9 % 67.0 % Up 10.2 pts Down 10.9 pts,"reported value falls outside [64.5, 65.5]",open,,,,,,,,,84,,2026-09-20,navneet,false,false,,false,false,missed,sentence,Outlook,NVIDIA’s outlook for the third quarter of fiscal 2023 is as follows:,,,,,no,"The excerpt states non-GAAP gross margin guidance of '65.0%, plus or minus 50 basis points' (64.5%-65.5% range), but does not specify the period as Q3 FY2023."
01GHYVRG000YZ3C4XH11XAVKMP,NVIDIA Corporation,NVDA,0001045810,NVIDIA Corporation expects gross margin GAAP of 62.7% to 63.7% for Q4 FY2023.,"GAAP and non-GAAP gross margins are expected to be 63.2% and 66.0%, respectively, plus or minus 50 basis points.",gross margin GAAP,62.7,63.7,percent,Q4 FY2023,2022-11-16,https://www.sec.gov/Archives/edgar/data/1045810/000104581022000163/q3fy23pr.htm,0001045810-22-000163,8-K,2022-11-16,2026-09-20T06:42:38Z,a13eb49875c3fac263c9e9158670df4beb1aa3e12b231e1650184efef6103010,"GAAP and non-GAAP gross margins are expected to be 63.2% and 66.0%, respectively, plus or minus 50 basis points.",63.3,2023-02-22,https://www.sec.gov/Archives/edgar/data/1045810/000104581023000014/q4fy23pr.htm,0001045810-23-000014,8-K,2023-02-22,2026-09-20T06:42:39Z,ace173acf68a8437e9b0a91b617ce53420cc5458fa4bc388524f18699b633f3e,Gross margin 63.3 % 53.6 % 65.4 % Up 9.7 pts Down 2.1 pts,"reported value falls outside [62.7, 63.7]",open,,,,,,,,,98,,2026-09-20,navneet,false,false,,false,false,met,sentence,Outlook,NVIDIA’s outlook for the fourth quarter of fiscal 2023 is as follows:,,,,,no,"The excerpt provides a point estimate of 63.2% (±50 bps) rather than the stated range of 62.7% to 63.7%; while these ranges overlap, they do not match exactly."
01GHYVRG00WQ0YXHWVWK8NXPRG,NVIDIA Corporation,NVDA,0001045810,NVIDIA Corporation expects gross margin non-GAAP of 65.5% to 66.5% for Q4 FY2023.,"GAAP and non-GAAP gross margins are expected to be 63.2% and 66.0%, respectively, plus or minus 50 basis points.",gross margin non-GAAP,65.5,66.5,percent,Q4 FY2023,2022-11-16,https://www.sec.gov/Archives/edgar/data/1045810/000104581022000163/q3fy23pr.htm,0001045810-22-000163,8-K,2022-11-16,2026-09-20T06:42:38Z,a13eb49875c3fac263c9e9158670df4beb1aa3e12b231e1650184efef6103010,"GAAP and non-GAAP gross margins are expected to be 63.2% and 66.0%, respectively, plus or minus 50 basis points.",66.1,2023-02-22,https://www.sec.gov/Archives/edgar/data/1045810/000104581023000014/q4fy23pr.htm,0001045810-23-000014,8-K,2023-02-22,2026-09-20T06:42:39Z,ace173acf68a8437e9b0a91b617ce53420cc5458fa4bc388524f18699b633f3e,Gross margin 66.1 % 56.1 % 67.0 % Up 10.0 pts Down 0.9 pts,"reported value falls outside [65.5, 66.5]",open,,,,,,,,,98,,2026-09-20,navneet,false,false,,false,false,met,sentence,Outlook,NVIDIA’s outlook for the fourth quarter of fiscal 2023 is as follows:,,,,,no,"The excerpt states non-GAAP gross margin guidance of '66.0%, plus or minus 50 basis points' which is 65.5% to 66.5%, but does not specify the period as Q4 FY2023."
01GSV6PY00YTDVA98E209VMP2F,NVIDIA Corporation,NVDA,0001045810,NVIDIA Corporation expects gross margin GAAP of 63.6% to 64.6% for Q1 FY2024.,"GAAP and non-GAAP gross margins are expected to be 64.1% and 66.5%, respectively, plus or minus 50 basis points.",gross margin GAAP,63.6,64.6,percent,Q1 FY2024,2023-02-22,https://www.sec.gov/Archives/edgar/data/1045810/000104581023000014/q4fy23pr.htm,0001045810-23-000014,8-K,2023-02-22,2026-09-20T06:42:39Z,ace173acf68a8437e9b0a91b617ce53420cc5458fa4bc388524f18699b633f3e,"GAAP and non-GAAP gross margins are expected to be 64.1% and 66.5%, respectively, plus or minus 50 basis points.",64.6,2023-05-24,https://www.sec.gov/Archives/edgar/data/1045810/000104581023000087/q1fy24pr.htm,0001045810-23-000087,8-K,2023-05-24,2026-09-20T06:42:41Z,2759c7a8e2a3b77363f786691078a2d42fffbd96a7f78c83fd788d92f7faa2f6,Gross margin 64.6 % 63.3 % 65.5 % Up 1.3 pts Down 0.9 pts,"reported value falls outside [63.6, 64.6]",open,,,,,,,,,91,,2026-09-20,navneet,false,false,,false,false,met,sentence,Outlook,NVIDIA’s outlook for the first quarter of fiscal 2024 is as follows:,,,,,no,Excerpt states 64.1% ± 50 bps (63.6%-64.6% range) but does not specify the period as Q1 FY2024
01GSV6PY00CQRDXQM553FF75XQ,NVIDIA Corporation,NVDA,0001045810,NVIDIA Corporation expects gross margin non-GAAP of 66% to 67% for Q1 FY2024.,"GAAP and non-GAAP gross margins are expected to be 64.1% and 66.5%, respectively, plus or minus 50 basis points.",gross margin non-GAAP,66.0,67.0,percent,Q1 FY2024,2023-02-22,https://www.sec.gov/Archives/edgar/data/1045810/000104581023000014/q4fy23pr.htm,0001045810-23-000014,8-K,2023-02-22,2026-09-20T06:42:39Z,ace173acf68a8437e9b0a91b617ce53420cc5458fa4bc388524f18699b633f3e,"GAAP and non-GAAP gross margins are expected to be 64.1% and 66.5%, respectively, plus or minus 50 basis points.",66.8,2023-05-24,https://www.sec.gov/Archives/edgar/data/1045810/000104581023000087/q1fy24pr.htm,0001045810-23-000087,8-K,2023-05-24,2026-09-20T06:42:41Z,2759c7a8e2a3b77363f786691078a2d42fffbd96a7f78c83fd788d92f7faa2f6,Gross margin 66.8 % 66.1 % 67.1 % Up 0.7 pts Down 0.3 pts,"reported value falls outside [66, 67]",open,,,,,,,,,91,,2026-09-20,navneet,false,false,,false,false,met,sentence,Outlook,NVIDIA’s outlook for the first quarter of fiscal 2024 is as follows:,,,,,no,"Excerpt states non-GAAP gross margin of 66.5% plus or minus 50 basis points (66.0%-67.0%), but does not specify the period as Q1 FY2024."
01GSV6PY00YHWARKBN5PZWZ3GV,NVIDIA Corporation,NVDA,0001045810,NVIDIA Corporation expects tax rate of 12.87% to 13.13% for Q1 FY2024.,"GAAP and non-GAAP tax rates are expected to be 13.0%, plus or minus 1%, excluding any discrete items.",tax rate,12.87,13.13,percent,Q1 FY2024,2023-02-22,https://www.sec.gov/Archives/edgar/data/1045810/000104581023000014/q4fy23pr.htm,0001045810-23-000014,8-K,2023-02-22,2026-09-20T06:42:39Z,ace173acf68a8437e9b0a91b617ce53420cc5458fa4bc388524f18699b633f3e,"GAAP and non-GAAP tax rates are expected to be 13.0%, plus or minus 1%, excluding any discrete items.",,,,,,,,,,"reported value falls outside [12.87, 13.13]",open,,,,,,,,,,,2026-09-20,navneet,false,false,,false,false,unresolved,sentence,,NVIDIA’s outlook for the first quarter of fiscal 2024 is as follows:,,the model found no line reporting that metric for that period,,,no,"Excerpt states tax rate as '13.0%, plus or minus 1%' (range of 12.0%-14.0%), which does not match the claimed range of 12.87%-13.13%"
01H15GWB00KRY7XR13BGZYS3PX,NVIDIA Corporation,NVDA,0001045810,NVIDIA Corporation expects gross margin GAAP of 68.1% to 69.1% for Q2 FY2024.,"GAAP and non-GAAP gross margins are expected to be 68.6% and 70.0%, respectively, plus or minus 50 basis points.",gross margin GAAP,68.1,69.1,percent,Q2 FY2024,2023-05-24,https://www.sec.gov/Archives/edgar/data/1045810/000104581023000087/q1fy24pr.htm,0001045810-23-000087,8-K,2023-05-24,2026-09-20T06:42:41Z,2759c7a8e2a3b77363f786691078a2d42fffbd96a7f78c83fd788d92f7faa2f6,"GAAP and non-GAAP gross margins are expected to be 68.6% and 70.0%, respectively, plus or minus 50 basis points.",70.1,2023-08-23,https://www.sec.gov/Archives/edgar/data/1045810/000104581023000171/q2fy24pr.htm,0001045810-23-000171,8-K,2023-08-23,2026-09-20T06:42:42Z,f22f7c386ec7e6d14553908b25fd5fa0bf7af002102b9d6bc2f817e09187f548,Gross margin 70.1 % 64.6 % 43.5 % Up 5.5 pts Up 26.6 pts,"reported value falls outside [68.1, 69.1]",open,,,,,,,,,91,,2026-09-20,navneet,false,false,,false,false,missed,sentence,Outlook,NVIDIA’s outlook for the second quarter of fiscal 2024 is as follows:,,,,,no,"The excerpt provides a single point estimate of 68.6% (±50 bps) rather than the stated range of 68.1% to 69.1%; the ±50 bps range would be 68.1% to 69.1%, but the excerpt's midpoint is 68.6%, not matc"
01H15GWB00A9Y3NVJSCK9SXQMM,NVIDIA Corporation,NVDA,0001045810,NVIDIA Corporation expects gross margin non-GAAP of 69.5% to 70.5% for Q2 FY2024.,"GAAP and non-GAAP gross margins are expected to be 68.6% and 70.0%, respectively, plus or minus 50 basis points.",gross margin non-GAAP,69.5,70.5,percent,Q2 FY2024,2023-05-24,https://www.sec.gov/Archives/edgar/data/1045810/000104581023000087/q1fy24pr.htm,0001045810-23-000087,8-K,2023-05-24,2026-09-20T06:42:41Z,2759c7a8e2a3b77363f786691078a2d42fffbd96a7f78c83fd788d92f7faa2f6,"GAAP and non-GAAP gross margins are expected to be 68.6% and 70.0%, respectively, plus or minus 50 basis points.",71.2,2023-08-23,https://www.sec.gov/Archives/edgar/data/1045810/000104581023000171/q2fy24pr.htm,0001045810-23-000171,8-K,2023-08-23,2026-09-20T06:42:42Z,f22f7c386ec7e6d14553908b25fd5fa0bf7af002102b9d6bc2f817e09187f548,Gross margin 71.2 % 66.8 % 45.9 % Up 4.4 pts Up 25.3 pts,"reported value falls outside [69.5, 70.5]",open,,,,,,,,,91,,2026-09-20,navneet,false,false,,false,false,missed,sentence,Outlook,NVIDIA’s outlook for the second quarter of fiscal 2024 is as follows:,,,,,no,"The excerpt states non-GAAP gross margin guidance of '70.0%, plus or minus 50 basis points' (69.5%-70.5%), but does not specify the period as Q2 FY2024."
01H15GWB00FTQA8N6N634Y8315,NVIDIA Corporation,NVDA,0001045810,NVIDIA Corporation expects tax rate of 13.86% to 14.14% for Q2 FY2024.,"GAAP and non-GAAP tax rates are expected to be 14.0%, plus or minus 1%, excluding any discrete items.",tax rate,13.86,14.14,percent,Q2 FY2024,2023-05-24,https://www.sec.gov/Archives/edgar/data/1045810/000104581023000087/q1fy24pr.htm,0001045810-23-000087,8-K,2023-05-24,2026-09-20T06:42:41Z,2759c7a8e2a3b77363f786691078a2d42fffbd96a7f78c83fd788d92f7faa2f6,"GAAP and non-GAAP tax rates are expected to be 14.0%, plus or minus 1%, excluding any discrete items.",,,,,,,,,,"reported value falls outside [13.86, 14.14]",open,,,,,,,,,,,2026-09-20,navneet,false,false,,false,false,unresolved,sentence,Outlook,NVIDIA’s outlook for the second quarter of fiscal 2024 is as follows:,,the model found no line reporting that metric for that period,,,no,"Excerpt states tax rate of '14.0%, plus or minus 1%' (range of 13.0%-15.0%) which does not match the claimed range of 13.86%-14.14%"
01H8FV1R00GB91VTFJ0QHGJTA6,NVIDIA Corporation,NVDA,0001045810,NVIDIA Corporation expects gross margin GAAP of 71% to 72% for Q3 FY2024.,"GAAP and non-GAAP gross margins are expected to be 71.5% and 72.5%, respectively, plus or minus 50 basis points.",gross margin GAAP,71.0,72.0,percent,Q3 FY2024,2023-08-23,https://www.sec.gov/Archives/edgar/data/1045810/000104581023000171/q2fy24pr.htm,0001045810-23-000171,8-K,2023-08-23,2026-09-20T06:42:42Z,f22f7c386ec7e6d14553908b25fd5fa0bf7af002102b9d6bc2f817e09187f548,"GAAP and non-GAAP gross margins are expected to be 71.5% and 72.5%, respectively, plus or minus 50 basis points.",74.0,2023-11-21,https://www.sec.gov/Archives/edgar/data/1045810/000104581023000225/q3fy24pr.htm,0001045810-23-000225,8-K,2023-11-21,2026-09-20T06:42:45Z,ca3ec103afc25c8b1d6182d17c398f1b8cc872308f5851240579defc0432d052,Gross margin 74.0 % 70.1 % 53.6 % Up 3.9 pts Up 20.4 pts,"reported value falls outside [71, 72]",open,,,,,,,,,90,,2026-09-20,navneet,false,false,,false,false,missed,sentence,Outlook,NVIDIA’s outlook for the third quarter of fiscal 2024 is as follows:,,,,,no,"The excerpt states non-GAAP gross margin of 72.5% (not GAAP), and GAAP gross margin of 71.5% (not a range of 71-72%), with a ±50 bps variance band that would make the GAAP range 71.0-72.0%, which does"
01H8FV1R00TBY99FHRA0H11YN0,NVIDIA Corporation,NVDA,0001045810,NVIDIA Corporation expects gross margin non-GAAP of 72% to 73% for Q3 FY2024.,"GAAP and non-GAAP gross margins are expected to be 71.5% and 72.5%, respectively, plus or minus 50 basis points.",gross margin non-GAAP,72.0,73.0,percent,Q3 FY2024,2023-08-23,https://www.sec.gov/Archives/edgar/data/1045810/000104581023000171/q2fy24pr.htm,0001045810-23-000171,8-K,2023-08-23,2026-09-20T06:42:42Z,f22f7c386ec7e6d14553908b25fd5fa0bf7af002102b9d6bc2f817e09187f548,"GAAP and non-GAAP gross margins are expected to be 71.5% and 72.5%, respectively, plus or minus 50 basis points.",75.0,2023-11-21,https://www.sec.gov/Archives/edgar/data/1045810/000104581023000225/q3fy24pr.htm,0001045810-23-000225,8-K,2023-11-21,2026-09-20T06:42:45Z,ca3ec103afc25c8b1d6182d17c398f1b8cc872308f5851240579defc0432d052,Gross margin 75.0 % 71.2 % 56.1 % Up 3.8 pts Up 18.9 pts,"reported value falls outside [72, 73]",open,,,,,,,,,90,,2026-09-20,navneet,false,false,,false,false,missed,sentence,Outlook,NVIDIA’s outlook for the third quarter of fiscal 2024 is as follows:,,,,,no,"Excerpt states non-GAAP gross margin guidance of 72.5% plus or minus 50 basis points (72.0%-73.0%), but does not specify the period as Q3 FY2024."
01HFQJTE0005S494QQB3MPKZG0,NVIDIA Corporation,NVDA,0001045810,NVIDIA Corporation expects gross margin GAAP of 74% to 75% for Q4 FY2024.,"GAAP and non-GAAP gross margins are expected to be 74.5% and 75.5%, respectively, plus or minus 50 basis points.",gross margin GAAP,74.0,75.0,percent,Q4 FY2024,2023-11-21,https://www.sec.gov/Archives/edgar/data/1045810/000104581023000225/q3fy24pr.htm,0001045810-23-000225,8-K,2023-11-21,2026-09-20T06:42:45Z,ca3ec103afc25c8b1d6182d17c398f1b8cc872308f5851240579defc0432d052,"GAAP and non-GAAP gross margins are expected to be 74.5% and 75.5%, respectively, plus or minus 50 basis points.",76.0,2024-02-21,https://www.sec.gov/Archives/edgar/data/1045810/000104581024000028/q4fy24pr.htm,0001045810-24-000028,8-K,2024-02-21,2026-09-20T06:42:46Z,b5f428cde7c63f56db80dcae212c8fa71d4709310f73c08550449fff36b1bb5f,Gross margin 76.0 % 74.0 % 63.3 % Up 2.0 pts Up 12.7 pts,"reported value falls outside [74, 75]",open,,,,,,,,,92,,2026-09-20,navneet,false,false,,false,false,missed,sentence,Outlook,NVIDIA’s outlook for the fourth quarter of fiscal 2024 is as follows:,,,,,no,"Excerpt states 74.5% and 75.5% (with ±50 bps range), not 74% to 75%; the GAAP gross margin guidance is 74.5% ± 50 bps, which is approximately 74% to 75.5%, not matching the stated range of 74% to 75%"
01HFQJTE00QRMMCNFSXSZ27H8F,NVIDIA Corporation,NVDA,0001045810,NVIDIA Corporation expects gross margin non-GAAP of 75% to 76% for Q4 FY2024.,"GAAP and non-GAAP gross margins are expected to be 74.5% and 75.5%, respectively, plus or minus 50 basis points.",gross margin non-GAAP,75.0,76.0,percent,Q4 FY2024,2023-11-21,https://www.sec.gov/Archives/edgar/data/1045810/000104581023000225/q3fy24pr.htm,0001045810-23-000225,8-K,2023-11-21,2026-09-20T06:42:45Z,ca3ec103afc25c8b1d6182d17c398f1b8cc872308f5851240579defc0432d052,"GAAP and non-GAAP gross margins are expected to be 74.5% and 75.5%, respectively, plus or minus 50 basis points.",76.7,2024-02-21,https://www.sec.gov/Archives/edgar/data/1045810/000104581024000028/q4fy24pr.htm,0001045810-24-000028,8-K,2024-02-21,2026-09-20T06:42:46Z,b5f428cde7c63f56db80dcae212c8fa71d4709310f73c08550449fff36b1bb5f,Gross margin 76.7 % 75.0 % 66.1 % Up 1.7 pts Up 10.6 pts,"reported value falls outside [75, 76]",open,,,,,,,,,92,,2026-09-20,navneet,false,false,,false,false,missed,sentence,Outlook,NVIDIA’s outlook for the fourth quarter of fiscal 2024 is as follows:,,,,,no,"Excerpt states non-GAAP gross margin of '75.5%, plus or minus 50 basis points' (range of 75.0%-76.0%), not '75% to 76%' as claimed, and does not specify the period as Q4 FY2024."
01HQ4FCJ00DKW0X1TB2YPS4QY0,NVIDIA Corporation,NVDA,0001045810,NVIDIA Corporation expects gross margin GAAP of 75.8% to 76.8% for Q1 FY2025.,"GAAP and non-GAAP gross margins are expected to be 76.3% and 77.0%, respectively, plus or minus 50 basis points.",gross margin GAAP,75.8,76.8,percent,Q1 FY2025,2024-02-21,https://www.sec.gov/Archives/edgar/data/1045810/000104581024000028/q4fy24pr.htm,0001045810-24-000028,8-K,2024-02-21,2026-09-20T06:42:46Z,b5f428cde7c63f56db80dcae212c8fa71d4709310f73c08550449fff36b1bb5f,"GAAP and non-GAAP gross margins are expected to be 76.3% and 77.0%, respectively, plus or minus 50 basis points.",78.4,2024-05-22,https://www.sec.gov/Archives/edgar/data/1045810/000104581024000113/q1fy25pr.htm,0001045810-24-000113,8-K,2024-05-22,2026-09-20T06:42:48Z,00a276db13c59922fe1358cd9059694f5682bbd3339c2efc7fca1975fb2bfc6e,Gross margin 78.4 % 76.0 % 64.6 % Up 2.4 pts Up 13.8 pts,"reported value falls outside [75.8, 76.8]",open,,,,,,,,,91,,2026-09-20,navneet,false,false,,false,false,missed,sentence,Outlook,NVIDIA’s outlook for the first quarter of fiscal 2025 is as follows:,,,,,no,"Excerpt states 76.3% ± 50 bps (range 75.8%-76.8%) for GAAP gross margin, but does not specify the period as Q1 FY2025."
01HQ4FCJ000K95V1A26DSX6YC9,NVIDIA Corporation,NVDA,0001045810,NVIDIA Corporation expects gross margin non-GAAP of 76.5% to 77.5% for Q1 FY2025.,"GAAP and non-GAAP gross margins are expected to be 76.3% and 77.0%, respectively, plus or minus 50 basis points.",gross margin non-GAAP,76.5,77.5,percent,Q1 FY2025,2024-02-21,https://www.sec.gov/Archives/edgar/data/1045810/000104581024000028/q4fy24pr.htm,0001045810-24-000028,8-K,2024-02-21,2026-09-20T06:42:46Z,b5f428cde7c63f56db80dcae212c8fa71d4709310f73c08550449fff36b1bb5f,"GAAP and non-GAAP gross margins are expected to be 76.3% and 77.0%, respectively, plus or minus 50 basis points.",78.9,2024-05-22,https://www.sec.gov/Archives/edgar/data/1045810/000104581024000113/q1fy25pr.htm,0001045810-24-000113,8-K,2024-05-22,2026-09-20T06:42:48Z,00a276db13c59922fe1358cd9059694f5682bbd3339c2efc7fca1975fb2bfc6e,Gross margin 78.9 % 76.7 % 66.8 % Up 2.2 pts Up 12.1 pts,"reported value falls outside [76.5, 77.5]",open,,,,,,,,,91,,2026-09-20,navneet,false,false,,false,false,missed,sentence,Outlook,NVIDIA’s outlook for the first quarter of fiscal 2025 is as follows:,,,,,no,"The excerpt states 77.0% plus or minus 50 basis points (76.5% to 77.5% range), but this is for an unspecified period, not explicitly identified as Q1 FY2025."
01HYESHZ00QWGKRXHETQP6AC9K,NVIDIA Corporation,NVDA,0001045810,NVIDIA Corporation expects gross margin GAAP of 74.3% to 75.3% for Q2 FY2025.,"GAAP and non-GAAP gross margins are expected to be 74.8% and 75.5%, respectively, plus or minus 50 basis points.",gross margin GAAP,74.3,75.3,percent,Q2 FY2025,2024-05-22,https://www.sec.gov/Archives/edgar/data/1045810/000104581024000113/q1fy25pr.htm,0001045810-24-000113,8-K,2024-05-22,2026-09-20T06:42:48Z,00a276db13c59922fe1358cd9059694f5682bbd3339c2efc7fca1975fb2bfc6e,"GAAP and non-GAAP gross margins are expected to be 74.8% and 75.5%, respectively, plus or minus 50 basis points.",75.1,2024-08-28,https://www.sec.gov/Archives/edgar/data/1045810/000104581024000262/q2fy25pr.htm,0001045810-24-000262,8-K,2024-08-28,2026-09-20T06:42:49Z,4e8ec12b4387b58669360777b0b763cc0d7f63326bd3aba34b6301d57c5460cf,Gross margin 75.1 % 78.4 % 70.1 % Down 3.3 pts Up 5.0 pts,"reported value falls outside [74.3, 75.3]",open,,,,,,,,,98,,2026-09-20,navneet,false,false,,false,false,met,sentence,Outlook,NVIDIA’s outlook for the second quarter of fiscal 2025 is as follows:,,,,,no,"Excerpt states 74.8% and 75.5% (non-GAAP is 75.5%), not the 74.3% to 75.3% range given; the GAAP figure of 74.8% ± 50 bps yields 74.3%-75.3%, but excerpt explicitly separates GAAP (74.8%) from non-GAA"
01HYESHZ005TS6ESZ5VEJY6M5Z,NVIDIA Corporation,NVDA,0001045810,NVIDIA Corporation expects gross margin non-GAAP of 75% to 76% for Q2 FY2025.,"GAAP and non-GAAP gross margins are expected to be 74.8% and 75.5%, respectively, plus or minus 50 basis points.",gross margin non-GAAP,75.0,76.0,percent,Q2 FY2025,2024-05-22,https://www.sec.gov/Archives/edgar/data/1045810/000104581024000113/q1fy25pr.htm,0001045810-24-000113,8-K,2024-05-22,2026-09-20T06:42:48Z,00a276db13c59922fe1358cd9059694f5682bbd3339c2efc7fca1975fb2bfc6e,"GAAP and non-GAAP gross margins are expected to be 74.8% and 75.5%, respectively, plus or minus 50 basis points.",75.7,2024-08-28,https://www.sec.gov/Archives/edgar/data/1045810/000104581024000262/q2fy25pr.htm,0001045810-24-000262,8-K,2024-08-28,2026-09-20T06:42:49Z,4e8ec12b4387b58669360777b0b763cc0d7f63326bd3aba34b6301d57c5460cf,Gross margin 75.7 % 78.9 % 71.2 % Down 3.2 pts Up 4.5 pts,"reported value falls outside [75, 76]",open,,,,,,,,,98,,2026-09-20,navneet,false,false,,false,false,met,sentence,Outlook,NVIDIA’s outlook for the second quarter of fiscal 2025 is as follows:,,,,,no,"Excerpt states non-GAAP gross margin of '75.5%, plus or minus 50 basis points' (range of 75.0%-76.0%), but does not specify the period as Q2 FY2025."
01J6B4GD00EVNJ09ETM84785BR,NVIDIA Corporation,NVDA,0001045810,NVIDIA Corporation expects gross margin GAAP of 73.9% to 74.9% for Q3 FY2025.,"GAAP and non-GAAP gross margins are expected to be 74.4% and 75.0%, respectively, plus or minus 50 basis points.",gross margin GAAP,73.9,74.9,percent,Q3 FY2025,2024-08-28,https://www.sec.gov/Archives/edgar/data/1045810/000104581024000262/q2fy25pr.htm,0001045810-24-000262,8-K,2024-08-28,2026-09-20T06:42:49Z,4e8ec12b4387b58669360777b0b763cc0d7f63326bd3aba34b6301d57c5460cf,"GAAP and non-GAAP gross margins are expected to be 74.4% and 75.0%, respectively, plus or minus 50 basis points.",74.6,2024-11-20,https://www.sec.gov/Archives/edgar/data/1045810/000104581024000315/q3fy25pr.htm,0001045810-24-000315,8-K,2024-11-20,2026-09-20T06:42:51Z,162fac8188ca99b458dd882f148de9c5e37cd37754a8fa120ea1b1755a766e5e,Gross margin 74.6 % 75.1 % 74.0 % Down 0.5 pts Up 0.6 pts,"reported value falls outside [73.9, 74.9]",open,,,,,,,,,84,,2026-09-20,navneet,false,false,,false,false,met,sentence,Outlook,NVIDIA’s outlook for the third quarter of fiscal 2025 is as follows:,,,,,no,"The excerpt provides a point estimate of 74.4% with a range of ±50 basis points (74.0%-74.9%), which does not match the stated range of 73.9%-74.9%"
01J6B4GD00GWVR637M8RERP65S,NVIDIA Corporation,NVDA,0001045810,NVIDIA Corporation expects gross margin non-GAAP of 74.5% to 75.5% for Q3 FY2025.,"GAAP and non-GAAP gross margins are expected to be 74.4% and 75.0%, respectively, plus or minus 50 basis points.",gross margin non-GAAP,74.5,75.5,percent,Q3 FY2025,2024-08-28,https://www.sec.gov/Archives/edgar/data/1045810/000104581024000262/q2fy25pr.htm,0001045810-24-000262,8-K,2024-08-28,2026-09-20T06:42:49Z,4e8ec12b4387b58669360777b0b763cc0d7f63326bd3aba34b6301d57c5460cf,"GAAP and non-GAAP gross margins are expected to be 74.4% and 75.0%, respectively, plus or minus 50 basis points.",75.0,2024-11-20,https://www.sec.gov/Archives/edgar/data/1045810/000104581024000315/q3fy25pr.htm,0001045810-24-000315,8-K,2024-11-20,2026-09-20T06:42:51Z,162fac8188ca99b458dd882f148de9c5e37cd37754a8fa120ea1b1755a766e5e,Gross margin 75.0 % 75.7 % 75.0 % Down 0.7 pts --,"reported value falls outside [74.5, 75.5]",open,,,,,,,,,84,,2026-09-20,navneet,false,false,,false,false,met,sentence,Outlook,NVIDIA’s outlook for the third quarter of fiscal 2025 is as follows:,,,,,no,"The excerpt states non-GAAP gross margin of '75.0%, plus or minus 50 basis points' which equals 74.5% to 75.5%, but the period is not specified as Q3 FY2025 in the excerpt."
01JD3DWS00MZDNK4MKGDK4ZTCW,NVIDIA Corporation,NVDA,0001045810,NVIDIA Corporation expects gross margin GAAP of 72.5% to 73.5% for Q4 FY2025.,"GAAP and non-GAAP gross margins are expected to be 73.0% and 73.5%, respectively, plus or minus 50 basis points.",gross margin GAAP,72.5,73.5,percent,Q4 FY2025,2024-11-20,https://www.sec.gov/Archives/edgar/data/1045810/000104581024000315/q3fy25pr.htm,0001045810-24-000315,8-K,2024-11-20,2026-09-20T06:42:51Z,162fac8188ca99b458dd882f148de9c5e37cd37754a8fa120ea1b1755a766e5e,"GAAP and non-GAAP gross margins are expected to be 73.0% and 73.5%, respectively, plus or minus 50 basis points.",73.0,2025-02-26,https://www.sec.gov/Archives/edgar/data/1045810/000104581025000021/q4fy25pr.htm,0001045810-25-000021,8-K,2025-02-26,2026-09-20T06:42:53Z,e637e534cebb2025c2f4f882c64474b68441fd302e2f56c0e83d646488a54ace,Gross margin 73.0 % 74.6 % 76.0 % Down 1.6 pts Down 3.0 pts,"reported value falls outside [72.5, 73.5]",open,,,,,,,,,98,,2026-09-20,navneet,false,false,,false,false,met,sentence,Outlook,NVIDIA’s outlook for the fourth quarter of fiscal 2025 is as follows:,,,,,no,"The excerpt states GAAP gross margin of '73.0%, plus or minus 50 basis points' (range of 72.5%-73.5%), but the guidance given is for a range of 72.5%-73.5% without specifying the midpoint, and the exc"
01JD3DWS00TY7Z80TCSXFAHE42,NVIDIA Corporation,NVDA,0001045810,NVIDIA Corporation expects gross margin non-GAAP of 73% to 74% for Q4 FY2025.,"GAAP and non-GAAP gross margins are expected to be 73.0% and 73.5%, respectively, plus or minus 50 basis points.",gross margin non-GAAP,73.0,74.0,percent,Q4 FY2025,2024-11-20,https://www.sec.gov/Archives/edgar/data/1045810/000104581024000315/q3fy25pr.htm,0001045810-24-000315,8-K,2024-11-20,2026-09-20T06:42:51Z,162fac8188ca99b458dd882f148de9c5e37cd37754a8fa120ea1b1755a766e5e,"GAAP and non-GAAP gross margins are expected to be 73.0% and 73.5%, respectively, plus or minus 50 basis points.",73.5,2025-02-26,https://www.sec.gov/Archives/edgar/data/1045810/000104581025000021/q4fy25pr.htm,0001045810-25-000021,8-K,2025-02-26,2026-09-20T06:42:53Z,e637e534cebb2025c2f4f882c64474b68441fd302e2f56c0e83d646488a54ace,Gross margin 73.5 % 75.0 % 76.7 % Down 1.5 pts Down 3.2 pts,"reported value falls outside [73, 74]",open,,,,,,,,,98,,2026-09-20,navneet,false,false,,false,false,met,sentence,Outlook,NVIDIA’s outlook for the fourth quarter of fiscal 2025 is as follows:,,,,,no,"The excerpt states non-GAAP gross margin guidance of 73.5% plus or minus 50 basis points (73.0%-74.0%), but the claim specifies 73%-74%, which does not match the stated 73.5% midpoint guidance."
01JMZRV700FPBPANNJCSQ00A3M,NVIDIA Corporation,NVDA,0001045810,NVIDIA Corporation expects gross margin GAAP of 70.1% to 71.1% for Q1 FY2026.,"GAAP and non-GAAP gross margins are expected to be 70.6% and 71.0%, respectively, plus or minus 50 basis points.",gross margin GAAP,70.1,71.1,percent,Q1 FY2026,2025-02-26,https://www.sec.gov/Archives/edgar/data/1045810/000104581025000021/q4fy25pr.htm,0001045810-25-000021,8-K,2025-02-26,2026-09-20T06:42:53Z,e637e534cebb2025c2f4f882c64474b68441fd302e2f56c0e83d646488a54ace,"GAAP and non-GAAP gross margins are expected to be 70.6% and 71.0%, respectively, plus or minus 50 basis points.",60.5,2025-05-28,https://www.sec.gov/Archives/edgar/data/1045810/000104581025000115/q1fy26pr.htm,0001045810-25-000115,8-K,2025-05-28,2026-09-20T06:42:54Z,47e4f268e444b1099141311d8552ec4f845cb3b3f96976e56e21c79d921fb707,Gross margin 60.5 % 73.0 % 78.4 % (12.5) pts (17.9) pts,"reported value falls outside [70.1, 71.1]",open,,,,,,,,,91,,2026-09-20,navneet,false,false,,false,false,missed,sentence,Outlook,NVIDIA’s outlook for the first quarter of fiscal 2026 is as follows:,,,,,no,"The excerpt provides a point estimate of 70.6% (GAAP) with a ±50 basis point range (70.1%-71.1%), but the claimed range of 70.1%-71.1% represents the full guidance range, whereas the excerpt states 70"
01JWA30M00WCMWHAXHXJSZMN27,NVIDIA Corporation,NVDA,0001045810,NVIDIA Corporation expects gross margin GAAP of 71.3% to 72.3% for Q2 FY2026.,"GAAP and non-GAAP gross margins are expected to be 71.8% and 72.0%, respectively, plus or minus 50 basis points.",gross margin GAAP,71.3,72.3,percent,Q2 FY2026,2025-05-28,https://www.sec.gov/Archives/edgar/data/1045810/000104581025000115/q1fy26pr.htm,0001045810-25-000115,8-K,2025-05-28,2026-09-20T06:42:54Z,47e4f268e444b1099141311d8552ec4f845cb3b3f96976e56e21c79d921fb707,"GAAP and non-GAAP gross margins are expected to be 71.8% and 72.0%, respectively, plus or minus 50 basis points.",72.4,2025-08-27,https://www.sec.gov/Archives/edgar/data/1045810/000104581025000207/q2fy26pr.htm,0001045810-25-000207,8-K,2025-08-27,2026-09-20T06:42:56Z,caea50c56d2c63a13fe844e165267d038a1649575d1a50e6830c031d58175826,"For the quarter, GAAP and non-GAAP gross margins were 72.4% and 72.7%, respectively.","reported value falls outside [71.3, 72.3]",open,,,,,,,,,91,,2026-09-20,navneet,false,false,,false,false,missed,sentence,Outlook,NVIDIA’s outlook for the second quarter of fiscal 2026 is as follows:,,,,,no,"The excerpt provides a point estimate of 71.8% (GAAP) with a ±50 basis point range (71.3%-72.3%), but the guidance is stated as a single midpoint value with a range around it, not as the explicit rang"
01JWA30M00XQM49F63WDWT2579,NVIDIA Corporation,NVDA,0001045810,NVIDIA Corporation expects gross margin non-GAAP of 71.5% to 72.5% for Q2 FY2026.,"GAAP and non-GAAP gross margins are expected to be 71.8% and 72.0%, respectively, plus or minus 50 basis points.",gross margin non-GAAP,71.5,72.5,percent,Q2 FY2026,2025-05-28,https://www.sec.gov/Archives/edgar/data/1045810/000104581025000115/q1fy26pr.htm,0001045810-25-000115,8-K,2025-05-28,2026-09-20T06:42:54Z,47e4f268e444b1099141311d8552ec4f845cb3b3f96976e56e21c79d921fb707,"GAAP and non-GAAP gross margins are expected to be 71.8% and 72.0%, respectively, plus or minus 50 basis points.",72.7,2025-08-27,https://www.sec.gov/Archives/edgar/data/1045810/000104581025000207/q2fy26pr.htm,0001045810-25-000207,8-K,2025-08-27,2026-09-20T06:42:56Z,caea50c56d2c63a13fe844e165267d038a1649575d1a50e6830c031d58175826,Gross margin 72.7 % 61.0 % 75.7 % 11.7 pts (3.0) pts,"reported value falls outside [71.5, 72.5]",open,,,,,,,,,91,,2026-09-20,navneet,false,false,,false,false,missed,sentence,Outlook,NVIDIA’s outlook for the second quarter of fiscal 2026 is as follows:,,,,,no,"The excerpt provides a point estimate of 72.0% for non-GAAP gross margin with a ±50 basis point range (71.5%-72.5%), but the claim specifies a range of 71.5%-72.5% as the primary guidance, whereas the"
01K3MD6100X6N2F18A5K7K9978,NVIDIA Corporation,NVDA,0001045810,NVIDIA Corporation expects gross margin GAAP of 72.8% to 73.8% for Q3 FY2026.,"GAAP and non-GAAP gross margins are expected to be 73.3% and 73.5%, respectively, plus or minus 50 basis points.",gross margin GAAP,72.8,73.8,percent,Q3 FY2026,2025-08-27,https://www.sec.gov/Archives/edgar/data/1045810/000104581025000207/q2fy26pr.htm,0001045810-25-000207,8-K,2025-08-27,2026-09-20T06:42:56Z,caea50c56d2c63a13fe844e165267d038a1649575d1a50e6830c031d58175826,"GAAP and non-GAAP gross margins are expected to be 73.3% and 73.5%, respectively, plus or minus 50 basis points.",73.4,2025-11-19,https://www.sec.gov/Archives/edgar/data/1045810/000104581025000228/q3fy26pr.htm,0001045810-25-000228,8-K,2025-11-19,2026-09-20T06:42:57Z,54b34964b16fe5c6ebee427a80806226c7e9cdaa877a6e9d722606a9f275f158,"For the quarter, GAAP and non-GAAP gross margins were 73.4% and 73.6%, respectively.","reported value falls outside [72.8, 73.8]",open,,,,,,,,,84,,2026-09-20,navneet,false,false,,false,false,met,sentence,Outlook,NVIDIA’s outlook for the third quarter of fiscal 2026 is as follows:,,,,,no,"The excerpt provides a point estimate of 73.3% (GAAP) plus or minus 50 basis points, which translates to a range of 72.8% to 73.8%, but does not explicitly state the period as Q3 FY2026."
01K3MD6100C77XAE0Z4GR0XWH1,NVIDIA Corporation,NVDA,0001045810,NVIDIA Corporation expects gross margin non-GAAP of 73% to 74% for Q3 FY2026.,"GAAP and non-GAAP gross margins are expected to be 73.3% and 73.5%, respectively, plus or minus 50 basis points.",gross margin non-GAAP,73.0,74.0,percent,Q3 FY2026,2025-08-27,https://www.sec.gov/Archives/edgar/data/1045810/000104581025000207/q2fy26pr.htm,0001045810-25-000207,8-K,2025-08-27,2026-09-20T06:42:56Z,caea50c56d2c63a13fe844e165267d038a1649575d1a50e6830c031d58175826,"GAAP and non-GAAP gross margins are expected to be 73.3% and 73.5%, respectively, plus or minus 50 basis points.",73.6,2025-11-19,https://www.sec.gov/Archives/edgar/data/1045810/000104581025000228/q3fy26pr.htm,0001045810-25-000228,8-K,2025-11-19,2026-09-20T06:42:57Z,54b34964b16fe5c6ebee427a80806226c7e9cdaa877a6e9d722606a9f275f158,Gross margin 73.6 % 72.7 % 75.0 % 0.9 pts (1.4) pts,"reported value falls outside [73, 74]",open,,,,,,,,,84,,2026-09-20,navneet,false,false,,false,false,met,sentence,Outlook,NVIDIA’s outlook for the third quarter of fiscal 2026 is as follows:,,,,,no,"The excerpt states non-GAAP gross margin of 73.5% plus or minus 50 basis points, which is 73.0% to 74.0%, not the stated range of 73% to 74%"
01KACPJD00YCB5H2JG04E54JCG,NVIDIA Corporation,NVDA,0001045810,NVIDIA Corporation expects gross margin GAAP of 74.3% to 75.3% for Q4 FY2026.,"GAAP and non-GAAP gross margins are expected to be 74.8% and 75.0%, respectively, plus or minus 50 basis points.",gross margin GAAP,74.3,75.3,percent,Q4 FY2026,2025-11-19,https://www.sec.gov/Archives/edgar/data/1045810/000104581025000228/q3fy26pr.htm,0001045810-25-000228,8-K,2025-11-19,2026-09-20T06:42:57Z,54b34964b16fe5c6ebee427a80806226c7e9cdaa877a6e9d722606a9f275f158,"GAAP and non-GAAP gross margins are expected to be 74.8% and 75.0%, respectively, plus or minus 50 basis points.",75.0,2026-02-25,https://www.sec.gov/Archives/edgar/data/1045810/000104581026000019/q4fy26pr.htm,0001045810-26-000019,8-K,2026-02-25,2026-09-20T07:25:22Z,b61e6e66c346a7a3ce0ab17090432ec87d87cb6ad7b9e4fe9153693bf3c541e7,"For the quarter, GAAP and non-GAAP gross margins were 75.0% and 75.2%, respectively.","reported value falls outside [74.3, 75.3]",open,,,,,,,,,98,,2026-09-20,navneet,false,false,,false,false,met,sentence,Outlook,NVIDIA’s outlook for the fourth quarter of fiscal 2026 is as follows:,,,,,no,"Excerpt provides a single point estimate of 74.8% (GAAP) with ±50 bps range (74.3%-75.3%), not the stated range of 74.3%-75.3%; the guidance is 74.3%-75.3% but excerpt states 74.8% ± 50 bps which is a"
01KACPJD00CPZKS0S4ET8TR1A4,NVIDIA Corporation,NVDA,0001045810,NVIDIA Corporation expects gross margin non-GAAP of 74.5% to 75.5% for Q4 FY2026.,"GAAP and non-GAAP gross margins are expected to be 74.8% and 75.0%, respectively, plus or minus 50 basis points.",gross margin non-GAAP,74.5,75.5,percent,Q4 FY2026,2025-11-19,https://www.sec.gov/Archives/edgar/data/1045810/000104581025000228/q3fy26pr.htm,0001045810-25-000228,8-K,2025-11-19,2026-09-20T06:42:57Z,54b34964b16fe5c6ebee427a80806226c7e9cdaa877a6e9d722606a9f275f158,"GAAP and non-GAAP gross margins are expected to be 74.8% and 75.0%, respectively, plus or minus 50 basis points.",75.2,2026-02-25,https://www.sec.gov/Archives/edgar/data/1045810/000104581026000019/q4fy26pr.htm,0001045810-26-000019,8-K,2026-02-25,2026-09-20T07:25:22Z,b61e6e66c346a7a3ce0ab17090432ec87d87cb6ad7b9e4fe9153693bf3c541e7,Gross margin 75.2 % 73.6 % 73.5 % 1.6 pts 1.7 pts,"reported value falls outside [74.5, 75.5]",open,,,,,,,,,98,,2026-09-20,navneet,false,false,,false,false,met,sentence,Outlook,NVIDIA’s outlook for the fourth quarter of fiscal 2026 is as follows:,,,,,no,"Excerpt states non-GAAP gross margin as '75.0%, plus or minus 50 basis points' (75.0% ± 0.5%), which is 74.5% to 75.5%, but does not specify the period as Q4 FY2026."
01KJ91GV00N7JCZ9X1GQY37WRY,NVIDIA Corporation,NVDA,0001045810,NVIDIA Corporation expects gross margin GAAP of 74.4% to 75.4% for Q1 FY2027.,"GAAP and non-GAAP gross margins are expected to be 74.9% and 75.0%, respectively, plus or minus 50 basis points, inclusive of a 0.1% impact from stock-based compensation expense.",gross margin GAAP,74.4,75.4,percent,Q1 FY2027,2026-02-25,https://www.sec.gov/Archives/edgar/data/1045810/000104581026000019/q4fy26pr.htm,0001045810-26-000019,8-K,2026-02-25,2026-09-20T07:25:22Z,b61e6e66c346a7a3ce0ab17090432ec87d87cb6ad7b9e4fe9153693bf3c541e7,"GAAP and non-GAAP gross margins are expected to be 74.9% and 75.0%, respectively, plus or minus 50 basis points, inclusive of a 0.1% impact from stock-based compensation expense.",74.9,2026-05-20,https://www.sec.gov/Archives/edgar/data/1045810/000104581026000051/q1fy27pr.htm,0001045810-26-000051,8-K,2026-05-20,2026-09-20T07:25:24Z,e2cecdc4e546f0b3e34fd0f953ede907402d9ca6fa609fba424d6e9480856d88,Gross margin 74.9 % 75.0 % 60.5 % (0.1) pts 14.4 pts,"reported value falls outside [74.4, 75.4]",open,,,,,,,,,84,,2026-09-20,navneet,false,false,,false,false,met,sentence,Outlook,NVIDIA’s outlook for the first quarter of fiscal 2027 is as follows:,,,,,no,"The excerpt provides a point estimate of 74.9% plus or minus 50 basis points (74.4%-75.4%), but the guidance claim specifies a range of 74.4%-75.4% without the ±50bps formulation; more critically, the"
01KJ91GV00889BZEC61KK7D375,NVIDIA Corporation,NVDA,0001045810,NVIDIA Corporation expects gross margin non-GAAP of 74.5% to 75.5% for Q1 FY2027.,"GAAP and non-GAAP gross margins are expected to be 74.9% and 75.0%, respectively, plus or minus 50 basis points, inclusive of a 0.1% impact from stock-based compensation expense.",gross margin non-GAAP,74.5,75.5,percent,Q1 FY2027,2026-02-25,https://www.sec.gov/Archives/edgar/data/1045810/000104581026000019/q4fy26pr.htm,0001045810-26-000019,8-K,2026-02-25,2026-09-20T07:25:22Z,b61e6e66c346a7a3ce0ab17090432ec87d87cb6ad7b9e4fe9153693bf3c541e7,"GAAP and non-GAAP gross margins are expected to be 74.9% and 75.0%, respectively, plus or minus 50 basis points, inclusive of a 0.1% impact from stock-based compensation expense.",75.0,2026-05-20,https://www.sec.gov/Archives/edgar/data/1045810/000104581026000051/q1fy27pr.htm,0001045810-26-000051,8-K,2026-05-20,2026-09-20T07:25:24Z,e2cecdc4e546f0b3e34fd0f953ede907402d9ca6fa609fba424d6e9480856d88,Gross margin 75.0 % 75.1 % 60.8 % (0.1) pts 14.2 pts,"reported value falls outside [74.5, 75.5]",open,,,,,,,,,84,,2026-09-20,navneet,false,false,,false,false,met,sentence,Outlook,NVIDIA’s outlook for the first quarter of fiscal 2027 is as follows:,,,,,no,"Excerpt states non-GAAP gross margin of '75.0%, plus or minus 50 basis points' (74.5%-75.5%), but does not specify the period as Q1 FY2027."
01KS1AX700M74R02TBDCX26J6C,NVIDIA Corporation,NVDA,0001045810,NVIDIA Corporation expects gross margin GAAP of 74.4% to 75.4% for Q2 FY2027.,"GAAP and non-GAAP gross margins are expected to be 74.9% and 75.0%, respectively, plus or minus 50 basis points.",gross margin GAAP,74.4,75.4,percent,Q2 FY2027,2026-05-20,https://www.sec.gov/Archives/edgar/data/1045810/000104581026000051/q1fy27pr.htm,0001045810-26-000051,8-K,2026-05-20,2026-09-20T07:25:24Z,e2cecdc4e546f0b3e34fd0f953ede907402d9ca6fa609fba424d6e9480856d88,"GAAP and non-GAAP gross margins are expected to be 74.9% and 75.0%, respectively, plus or minus 50 basis points.",75.0,2026-08-26,https://www.sec.gov/Archives/edgar/data/1045810/000104581026000073/q2fy27pr.htm,0001045810-26-000073,8-K,2026-08-26,2026-09-20T07:25:26Z,4ffdcb2803b9f835e5b30476ddf5776a6f28c76d36410560e0b0dbdac64296b5,Gross margin 75.0 % 74.9 % 72.4 % 0.1 pts 2.6 pts,"reported value falls outside [74.4, 75.4]",open,,,,,,,,,98,,2026-09-20,navneet,false,false,,false,false,met,sentence,Outlook,NVIDIA’s outlook for the second quarter of fiscal 2027 is as follows:,,,,,no,"Excerpt states 74.9% and 75.0% (non-GAAP and GAAP respectively) with ±50 bps range, which yields 74.4%-75.5% for GAAP, not the exact range 74.4%-75.4% claimed; also the excerpt does not specify the pe"
01KS1AX700EYBAY0MGHGWWGDG3,NVIDIA Corporation,NVDA,0001045810,NVIDIA Corporation expects gross margin non-GAAP of 74.5% to 75.5% for Q2 FY2027.,"GAAP and non-GAAP gross margins are expected to be 74.9% and 75.0%, respectively, plus or minus 50 basis points.",gross margin non-GAAP,74.5,75.5,percent,Q2 FY2027,2026-05-20,https://www.sec.gov/Archives/edgar/data/1045810/000104581026000051/q1fy27pr.htm,0001045810-26-000051,8-K,2026-05-20,2026-09-20T07:25:24Z,e2cecdc4e546f0b3e34fd0f953ede907402d9ca6fa609fba424d6e9480856d88,"GAAP and non-GAAP gross margins are expected to be 74.9% and 75.0%, respectively, plus or minus 50 basis points.",75.0,2026-08-26,https://www.sec.gov/Archives/edgar/data/1045810/000104581026000073/q2fy27pr.htm,0001045810-26-000073,8-K,2026-08-26,2026-09-20T07:25:26Z,4ffdcb2803b9f835e5b30476ddf5776a6f28c76d36410560e0b0dbdac64296b5,Gross margin 75.0 % 75.0 % 72.5 % — 2.5 pts,"reported value falls outside [74.5, 75.5]",open,,,,,,,,,98,,2026-09-20,navneet,false,false,,false,false,met,sentence,Outlook,NVIDIA’s outlook for the second quarter of fiscal 2027 is as follows:,,,,,no,"Excerpt states non-GAAP gross margin of '75.0%, plus or minus 50 basis points' (range of 74.5%-75.5%), but does not specify the period as Q2 FY2027."
01M0XNVN00P6040FJKMMTGNGWP,NVIDIA Corporation,NVDA,0001045810,NVIDIA Corporation expects gross margin GAAP of 73.5% to 74.5% for Q3 FY2027.,"GAAP and non-GAAP gross margins are expected to be 74.0%, plus or minus 50 basis points.",gross margin GAAP,73.5,74.5,percent,Q3 FY2027,2026-08-26,https://www.sec.gov/Archives/edgar/data/1045810/000104581026000073/q2fy27pr.htm,0001045810-26-000073,8-K,2026-08-26,2026-09-20T07:25:26Z,4ffdcb2803b9f835e5b30476ddf5776a6f28c76d36410560e0b0dbdac64296b5,"GAAP and non-GAAP gross margins are expected to be 74.0%, plus or minus 50 basis points.",,,,,,,,,,"reported value falls outside [73.5, 74.5]",open,,,,,,,,,,,2026-09-20,navneet,false,false,,false,false,unresolved,sentence,Outlook,NVIDIA’s outlook for the third quarter of fiscal 2027 is as follows:,,no later 8-K release for that period found,,,no,"Excerpt states '74.0%, plus or minus 50 basis points' (73.5% to 74.5% range) but does not specify the period as Q3 FY2027."
01M0XNVN00P81QHFNEK8QF6F6D,NVIDIA Corporation,NVDA,0001045810,NVIDIA Corporation expects gross margin non-GAAP of 73.5% to 74.5% for Q3 FY2027.,"GAAP and non-GAAP gross margins are expected to be 74.0%, plus or minus 50 basis points.",gross margin non-GAAP,73.5,74.5,percent,Q3 FY2027,2026-08-26,https://www.sec.gov/Archives/edgar/data/1045810/000104581026000073/q2fy27pr.htm,0001045810-26-000073,8-K,2026-08-26,2026-09-20T07:25:26Z,4ffdcb2803b9f835e5b30476ddf5776a6f28c76d36410560e0b0dbdac64296b5,"GAAP and non-GAAP gross margins are expected to be 74.0%, plus or minus 50 basis points.",,,,,,,,,,"reported value falls outside [73.5, 74.5]",open,,,,,,,,,,,2026-09-20,navneet,false,false,,false,false,unresolved,sentence,Outlook,NVIDIA’s outlook for the third quarter of fiscal 2027 is as follows:,,no later 8-K release for that period found,,,no,"Excerpt states 'plus or minus 50 basis points' around 74.0% (range of 73.5%-74.5%), but does not specify the period as Q3 FY2027."
01D28W2W00F3E2CVTMGSNR2VCT,NVIDIA Corporation,NVDA,0001045810,NVIDIA Corporation expects revenue of $2.156 billion to $2.244 billion for Q4 FY2019.,"$2.20 billion, plus or minus 2%",revenue,2.156,2.244,USD billions,Q4 FY2019,2019-01-28,https://www.sec.gov/Archives/edgar/data/1045810/000104581019000004/pressrelease.htm,0001045810-19-000004,8-K,2019-01-28,2026-09-20T06:42:08Z,47f07e8322a8446b0341073047065fa943bcdab0dba20fd3228003779023e5be,"$2.20 billion, plus or minus 2%",2.21,2019-02-14,https://www.sec.gov/Archives/edgar/data/1045810/000104581019000007/q4fy19pr.htm,0001045810-19-000007,8-K,2019-02-14,2026-09-20T06:42:08Z,27a64a57272dc291bfcdf25430df9d165a7e3cc1078354dc0ef7bb2b26b98228,"Quarterly revenue of $2.21 billion, down 24 percent from a year ago","reported value falls outside [2.156, 2.244]",open,,,,,,,,,17,,2026-09-20,navneet,false,false,,false,false,met,section,Updated Q4 Fiscal 2019 Guidance,,Previous Q4 Fiscal 2019 Guidance | Updated Q4 Fiscal 2019 Guidance,,,,yes,"The range $2.20 billion ± 2% equals approximately $2.156 billion to $2.244 billion, matching the guidance for Q4 FY2019 revenue."
01D28W2W00Z69X3F0VMKYGNMSM,NVIDIA Corporation,NVDA,0001045810,NVIDIA Corporation expects tax rate of 5% to 7% for Q4 FY2019.,"6%, plus or minus 1%",tax rate,5.0,7.0,percent,Q4 FY2019,2019-01-28,https://www.sec.gov/Archives/edgar/data/1045810/000104581019000004/pressrelease.htm,0001045810-19-000004,8-K,2019-01-28,2026-09-20T06:42:08Z,47f07e8322a8446b0341073047065fa943bcdab0dba20fd3228003779023e5be,"6%, plus or minus 1%",,,,,,,,,,"reported value falls outside [5, 7]",open,,,,,,,,,,,2026-09-20,navneet,false,false,,false,false,unresolved,section,Updated Q4 Fiscal 2019 Guidance,,Previous Q4 Fiscal 2019 Guidance | Updated Q4 Fiscal 2019 Guidance,the model found no line reporting that metric for that period,,,yes,"The excerpt states '6%, plus or minus 1%' which encompasses the 5% to 7% range provided."
01D3MMV3001T7GDKK38JB0YDYX,NVIDIA Corporation,NVDA,0001045810,NVIDIA Corporation expects revenue of $2.156 billion to $2.244 billion for Q1 FY2020.,"Revenue is expected to be $2.20 billion, plus or minus 2 percent.",revenue,2.156,2.244,USD billions,Q1 FY2020,2019-02-14,https://www.sec.gov/Archives/edgar/data/1045810/000104581019000007/q4fy19pr.htm,0001045810-19-000007,8-K,2019-02-14,2026-09-20T06:42:08Z,27a64a57272dc291bfcdf25430df9d165a7e3cc1078354dc0ef7bb2b26b98228,"Revenue is expected to be $2.20 billion, plus or minus 2 percent.",2.22,2019-05-16,https://www.sec.gov/Archives/edgar/data/1045810/000104581019000077/q1fy20pr.htm,0001045810-19-000077,8-K,2019-05-16,2026-09-20T06:42:11Z,4df8264c5fb3e29e472d4db8ecabdeafb4deca7ee871cec52b66ed1ce7bc377d,"SANTA CLARA, Calif.-May 16, 2019-NVIDIA (NASDAQ: NVDA) today reported revenue for the first quarter ended April 28, 2019, of $2.22 billion compared with $3.21 billion a year earlier and $2.21 billion in the previous quarter.","reported value falls outside [2.156, 2.244]",open,,,,,,,,,91,,2026-09-20,navneet,false,false,,false,false,met,sentence,,NVIDIA’s outlook for the first quarter of fiscal 2020 is as follows:,,,,,yes,"The excerpt states revenue guidance of '$2.20 billion, plus or minus 2 percent' which equals $2.156B to $2.244B, matching the provided range for Q1 FY2020."
01D3MMV300K0CVPKR4015PW38P,NVIDIA Corporation,NVDA,0001045810,NVIDIA Corporation expects operating expenses GAAP of $930 million for Q1 FY2020.,"GAAP and non-GAAP operating expenses are expected to be approximately $930 million and $755 million, respectively.",operating expenses GAAP,930.0,930.0,USD millions,Q1 FY2020,2019-02-14,https://www.sec.gov/Archives/edgar/data/1045810/000104581019000007/q4fy19pr.htm,0001045810-19-000007,8-K,2019-02-14,2026-09-20T06:42:08Z,27a64a57272dc291bfcdf25430df9d165a7e3cc1078354dc0ef7bb2b26b98228,"GAAP and non-GAAP operating expenses are expected to be approximately $930 million and $755 million, respectively.",,,,,,,,,,reported value differs from 930 by more than 0.5%,open,,,,,,,,,,,2026-09-20,navneet,false,false,,false,false,unresolved,sentence,,NVIDIA’s outlook for the first quarter of fiscal 2020 is as follows:,,the model found no line reporting that metric for that period,,,yes,"Excerpt states 'GAAP...operating expenses are expected to be approximately $930 million' matching the guidance metric, number, and unit provided."
01D3MMV300Z6ZT1CX8CQA9AJ0A,NVIDIA Corporation,NVDA,0001045810,NVIDIA Corporation expects operating expenses non-GAAP of $755 million for Q1 FY2020.,"GAAP and non-GAAP operating expenses are expected to be approximately $930 million and $755 million, respectively.",operating expenses non-GAAP,755.0,755.0,USD millions,Q1 FY2020,2019-02-14,https://www.sec.gov/Archives/edgar/data/1045810/000104581019000007/q4fy19pr.htm,0001045810-19-000007,8-K,2019-02-14,2026-09-20T06:42:08Z,27a64a57272dc291bfcdf25430df9d165a7e3cc1078354dc0ef7bb2b26b98228,"GAAP and non-GAAP operating expenses are expected to be approximately $930 million and $755 million, respectively.",,,,,,,,,,reported value differs from 755 by more than 0.5%,open,,,,,,,,,,,2026-09-20,navneet,false,false,,false,false,unresolved,sentence,,NVIDIA’s outlook for the first quarter of fiscal 2020 is as follows:,,the model found no line reporting that metric for that period,,,yes,"Excerpt states non-GAAP operating expenses expected to be approximately $755 million, matching the guidance claim."
01D3MMV300JXGXPKNH83QWQC83,NVIDIA Corporation,NVDA,0001045810,NVIDIA Corporation expects other income and expense of $20 million for Q1 FY2020.,GAAP and non-GAAP other income and expense are both expected to be income of approximately $20 million.,other income and expense,20.0,20.0,USD millions,Q1 FY2020,2019-02-14,https://www.sec.gov/Archives/edgar/data/1045810/000104581019000007/q4fy19pr.htm,0001045810-19-000007,8-K,2019-02-14,2026-09-20T06:42:08Z,27a64a57272dc291bfcdf25430df9d165a7e3cc1078354dc0ef7bb2b26b98228,GAAP and non-GAAP other income and expense are both expected to be income of approximately $20 million.,,,,,,,,,,reported value differs from 20 by more than 0.5%,open,,,,,,,,,,,2026-09-20,navneet,false,false,,false,false,unresolved,sentence,,NVIDIA’s outlook for the first quarter of fiscal 2020 is as follows:,,the model found no line reporting that metric for that period,,,yes,"Excerpt explicitly states 'other income and expense are both expected to be income of approximately $20 million' matching the metric, number, and unit, though period is not specified in excerpt."
01D3MMV300B8KZNYE3H41N6CSA,NVIDIA Corporation,NVDA,0001045810,NVIDIA Corporation expects tax rate of 9% to 11% for Q1 FY2020.,"GAAP and non-GAAP tax rates are both expected to be 10 percent, plus or minus 1 percent, excluding any discrete items.",tax rate,9.0,11.0,percent,Q1 FY2020,2019-02-14,https://www.sec.gov/Archives/edgar/data/1045810/000104581019000007/q4fy19pr.htm,0001045810-19-000007,8-K,2019-02-14,2026-09-20T06:42:08Z,27a64a57272dc291bfcdf25430df9d165a7e3cc1078354dc0ef7bb2b26b98228,"GAAP and non-GAAP tax rates are both expected to be 10 percent, plus or minus 1 percent, excluding any discrete items.",,,,,,,,,,"reported value falls outside [9, 11]",open,,,,,,,,,,,2026-09-20,navneet,false,false,,false,false,unresolved,sentence,,NVIDIA’s outlook for the first quarter of fiscal 2020 is as follows:,,the model found no line reporting that metric for that period,,,yes,"Excerpt states tax rates 'expected to be 10 percent, plus or minus 1 percent' which equals 9% to 11% range as forward guidance."
01DAYZ0G009NCSCG7BKNDSWAF2,NVIDIA Corporation,NVDA,0001045810,NVIDIA Corporation expects revenue of $2.499 billion to $2.601 billion for Q2 FY2020.,"Revenue is expected to be $2.55 billion, plus or minus 2 percent.",revenue,2.499,2.601,USD billions,Q2 FY2020,2019-05-16,https://www.sec.gov/Archives/edgar/data/1045810/000104581019000077/q1fy20pr.htm,0001045810-19-000077,8-K,2019-05-16,2026-09-20T06:42:11Z,4df8264c5fb3e29e472d4db8ecabdeafb4deca7ee871cec52b66ed1ce7bc377d,"Revenue is expected to be $2.55 billion, plus or minus 2 percent.",2.58,2019-08-15,https://www.sec.gov/Archives/edgar/data/1045810/000104581019000140/q2fy20pr.htm,0001045810-19-000140,8-K,2019-08-15,2026-09-20T06:42:13Z,53e2932f8ca0a92877d70f7e78b4d9dc817dcada7c0f8d0a67e21bd67b162b56,"SANTA CLARA, Calif.-Aug. 15, 2019-NVIDIA (NASDAQ: NVDA) today reported revenue for the second quarter ended July 28, 2019, of $2.58 billion compared with $3.12 billion a year earlier and $2.22 billion in the previous quarter.","reported value falls outside [2.499, 2.601]",open,,,,,,,,,91,,2026-09-20,navneet,false,false,,false,false,met,sentence,,NVIDIA’s outlook for the second quarter of fiscal 2020 is as follows:,,,,,yes,"The excerpt states revenue guidance of '$2.55 billion, plus or minus 2 percent' which equals approximately $2.499 billion to $2.601 billion, matching the provided range."
01DAYZ0G0002V74K70YQ2249GT,NVIDIA Corporation,NVDA,0001045810,NVIDIA Corporation expects operating expenses GAAP of $985 million for Q2 FY2020.,"GAAP and non-GAAP operating expenses are expected to be approximately $985 million and $765 million, respectively.",operating expenses GAAP,985.0,985.0,USD millions,Q2 FY2020,2019-05-16,https://www.sec.gov/Archives/edgar/data/1045810/000104581019000077/q1fy20pr.htm,0001045810-19-000077,8-K,2019-05-16,2026-09-20T06:42:11Z,4df8264c5fb3e29e472d4db8ecabdeafb4deca7ee871cec52b66ed1ce7bc377d,"GAAP and non-GAAP operating expenses are expected to be approximately $985 million and $765 million, respectively.",,,,,,,,,,reported value differs from 985 by more than 0.5%,open,,,,,,,,,,,2026-09-20,navneet,false,false,,false,false,unresolved,sentence,,NVIDIA’s outlook for the second quarter of fiscal 2020 is as follows:,,the model found no line reporting that metric for that period,,,yes,Excerpt states 'GAAP...operating expenses are expected to be approximately $985 million' matching the guidance for operating expenses GAAP at $985 million.
01DAYZ0G000C1HHG8TKE4XPH8C,NVIDIA Corporation,NVDA,0001045810,NVIDIA Corporation expects operating expenses non-GAAP of $765 million for Q2 FY2020.,"GAAP and non-GAAP operating expenses are expected to be approximately $985 million and $765 million, respectively.",operating expenses non-GAAP,765.0,765.0,USD millions,Q2 FY2020,2019-05-16,https://www.sec.gov/Archives/edgar/data/1045810/000104581019000077/q1fy20pr.htm,0001045810-19-000077,8-K,2019-05-16,2026-09-20T06:42:11Z,4df8264c5fb3e29e472d4db8ecabdeafb4deca7ee871cec52b66ed1ce7bc377d,"GAAP and non-GAAP operating expenses are expected to be approximately $985 million and $765 million, respectively.",,,,,,,,,,reported value differs from 765 by more than 0.5%,open,,,,,,,,,,,2026-09-20,navneet,false,false,,false,false,unresolved,sentence,,NVIDIA’s outlook for the second quarter of fiscal 2020 is as follows:,,the model found no line reporting that metric for that period,,,yes,"Excerpt states non-GAAP operating expenses expected to be approximately $765 million, matching the metric, number, and unit provided."
01DAYZ0G005TAG59XZJPPDCDPZ,NVIDIA Corporation,NVDA,0001045810,NVIDIA Corporation expects other income and expense of $27 million for Q2 FY2020.,GAAP and non-GAAP other income and expense are both expected to be income of approximately $27 million.,other income and expense,27.0,27.0,USD millions,Q2 FY2020,2019-05-16,https://www.sec.gov/Archives/edgar/data/1045810/000104581019000077/q1fy20pr.htm,0001045810-19-000077,8-K,2019-05-16,2026-09-20T06:42:11Z,4df8264c5fb3e29e472d4db8ecabdeafb4deca7ee871cec52b66ed1ce7bc377d,GAAP and non-GAAP other income and expense are both expected to be income of approximately $27 million.,,,,,,,,,,reported value differs from 27 by more than 0.5%,open,,,,,,,,,,,2026-09-20,navneet,false,false,,false,false,unresolved,sentence,,NVIDIA’s outlook for the second quarter of fiscal 2020 is as follows:,,the model found no line reporting that metric for that period,,,yes,"Excerpt states 'other income and expense are both expected to be income of approximately $27 million' matching the metric, number, and unit, with forward guidance indicated by 'expected to be'"
01DAYZ0G00AB6RM3B90CZM7TNF,NVIDIA Corporation,NVDA,0001045810,NVIDIA Corporation expects tax rate of 9% to 11% for Q2 FY2020.,"GAAP and non-GAAP tax rates are both expected to be 10 percent, plus or minus 1 percent, excluding any discrete items.",tax rate,9.0,11.0,percent,Q2 FY2020,2019-05-16,https://www.sec.gov/Archives/edgar/data/1045810/000104581019000077/q1fy20pr.htm,0001045810-19-000077,8-K,2019-05-16,2026-09-20T06:42:11Z,4df8264c5fb3e29e472d4db8ecabdeafb4deca7ee871cec52b66ed1ce7bc377d,"GAAP and non-GAAP tax rates are both expected to be 10 percent, plus or minus 1 percent, excluding any discrete items.",,,,,,,,,,"reported value falls outside [9, 11]",open,,,,,,,,,,,2026-09-20,navneet,false,false,,false,false,unresolved,sentence,,NVIDIA’s outlook for the second quarter of fiscal 2020 is as follows:,,the model found no line reporting that metric for that period,,,yes,"Excerpt states tax rates 'expected to be 10 percent, plus or minus 1 percent' which equals 9% to 11% range as forward guidance."
01DJ995X00KRE9Z74384CYTH23,NVIDIA Corporation,NVDA,0001045810,NVIDIA Corporation expects revenue of $2.842 billion to $2.958 billion for Q3 FY2020.,"Revenue is expected to be $2.90 billion, plus or minus 2 percent.",revenue,2.842,2.958,USD billions,Q3 FY2020,2019-08-15,https://www.sec.gov/Archives/edgar/data/1045810/000104581019000140/q2fy20pr.htm,0001045810-19-000140,8-K,2019-08-15,2026-09-20T06:42:13Z,53e2932f8ca0a92877d70f7e78b4d9dc817dcada7c0f8d0a67e21bd67b162b56,"Revenue is expected to be $2.90 billion, plus or minus 2 percent.",,,,,,,,,,"reported value falls outside [2.842, 2.958]",open,,,,,,,,,,,2026-09-20,navneet,false,false,,false,false,unresolved,sentence,,NVIDIA’s outlook for the third quarter of fiscal 2020 is as follows:,,no later 8-K release for that period found,,,yes,"The excerpt states revenue guidance of '$2.90 billion, plus or minus 2 percent' which equals approximately $2.842 billion to $2.958 billion, matching the provided range."
01DJ995X00936FR35VJH55AZWT,NVIDIA Corporation,NVDA,0001045810,NVIDIA Corporation expects operating expenses GAAP of $980 million for Q3 FY2020.,"GAAP and non-GAAP operating expenses are expected to be approximately $980 million and $765 million, respectively.",operating expenses GAAP,980.0,980.0,USD millions,Q3 FY2020,2019-08-15,https://www.sec.gov/Archives/edgar/data/1045810/000104581019000140/q2fy20pr.htm,0001045810-19-000140,8-K,2019-08-15,2026-09-20T06:42:13Z,53e2932f8ca0a92877d70f7e78b4d9dc817dcada7c0f8d0a67e21bd67b162b56,"GAAP and non-GAAP operating expenses are expected to be approximately $980 million and $765 million, respectively.",,,,,,,,,,reported value differs from 980 by more than 0.5%,open,,,,,,,,,,,2026-09-20,navneet,false,false,,false,false,unresolved,sentence,,NVIDIA’s outlook for the third quarter of fiscal 2020 is as follows:,,no later 8-K release for that period found,,,yes,"Excerpt states 'GAAP...operating expenses are expected to be approximately $980 million' matching the guidance metric, number, and unit provided."
01DJ995X0022TJ7H99REGVSDCM,NVIDIA Corporation,NVDA,0001045810,NVIDIA Corporation expects operating expenses non-GAAP of $765 million for Q3 FY2020.,"GAAP and non-GAAP operating expenses are expected to be approximately $980 million and $765 million, respectively.",operating expenses non-GAAP,765.0,765.0,USD millions,Q3 FY2020,2019-08-15,https://www.sec.gov/Archives/edgar/data/1045810/000104581019000140/q2fy20pr.htm,0001045810-19-000140,8-K,2019-08-15,2026-09-20T06:42:13Z,53e2932f8ca0a92877d70f7e78b4d9dc817dcada7c0f8d0a67e21bd67b162b56,"GAAP and non-GAAP operating expenses are expected to be approximately $980 million and $765 million, respectively.",,,,,,,,,,reported value differs from 765 by more than 0.5%,open,,,,,,,,,,,2026-09-20,navneet,false,false,,false,false,unresolved,sentence,,NVIDIA’s outlook for the third quarter of fiscal 2020 is as follows:,,no later 8-K release for that period found,,,yes,"Excerpt explicitly states non-GAAP operating expenses expected to be approximately $765 million, matching the guidance claim."
01DJ995X00ATNS9C9TF2BX2YS1,NVIDIA Corporation,NVDA,0001045810,NVIDIA Corporation expects other income and expense of $25 million for Q3 FY2020.,GAAP and non-GAAP other income and expense are both expected to be income of approximately $25 million.,other income and expense,25.0,25.0,USD millions,Q3 FY2020,2019-08-15,https://www.sec.gov/Archives/edgar/data/1045810/000104581019000140/q2fy20pr.htm,0001045810-19-000140,8-K,2019-08-15,2026-09-20T06:42:13Z,53e2932f8ca0a92877d70f7e78b4d9dc817dcada7c0f8d0a67e21bd67b162b56,GAAP and non-GAAP other income and expense are both expected to be income of approximately $25 million.,,,,,,,,,,reported value differs from 25 by more than 0.5%,open,,,,,,,,,,,2026-09-20,navneet,false,false,,false,false,unresolved,sentence,,NVIDIA’s outlook for the third quarter of fiscal 2020 is as follows:,,no later 8-K release for that period found,,,yes,"Excerpt states 'other income and expense are both expected to be income of approximately $25 million' matching the metric, number, and unit, with forward guidance indicated by 'expected to be'"
01DJ995X0028NGH94HG45W08PA,NVIDIA Corporation,NVDA,0001045810,NVIDIA Corporation expects tax rate of 9.9% to 10.1% for Q3 FY2020.,"GAAP and non-GAAP tax rates are both expected to be 10 percent, plus or minus 1 percent, excluding any discrete items.",tax rate,9.9,10.1,percent,Q3 FY2020,2019-08-15,https://www.sec.gov/Archives/edgar/data/1045810/000104581019000140/q2fy20pr.htm,0001045810-19-000140,8-K,2019-08-15,2026-09-20T06:42:13Z,53e2932f8ca0a92877d70f7e78b4d9dc817dcada7c0f8d0a67e21bd67b162b56,"GAAP and non-GAAP tax rates are both expected to be 10 percent, plus or minus 1 percent, excluding any discrete items.",,,,,,,,,,"reported value falls outside [9.9, 10.1]",open,,,,,,,,,,,2026-09-20,navneet,false,false,,false,false,unresolved,sentence,,NVIDIA’s outlook for the third quarter of fiscal 2020 is as follows:,,no later 8-K release for that period found,,,yes,"Excerpt states tax rates 'expected to be 10 percent, plus or minus 1 percent' which equals 9-11%, encompassing the 9.9% to 10.1% range given."
01E0XXGQ00NY1BZ6M4C1P0ZZT2,NVIDIA Corporation,NVDA,0001045810,NVIDIA Corporation expects revenue of $2.94 billion to $3.06 billion for Q1 FY2021.,"Revenue is expected to be $3.00 billion, plus or minus 2 percent.",revenue,2.94,3.06,USD billions,Q1 FY2021,2020-02-13,https://www.sec.gov/Archives/edgar/data/1045810/000104581020000007/q4fy20pr.htm,0001045810-20-000007,8-K,2020-02-13,2026-09-20T06:42:16Z,cd0931926ae9cc19acbe219545a3d87ca9d53004a93857577561e306326b6151,"Revenue is expected to be $3.00 billion, plus or minus 2 percent.",3.08,2020-05-21,https://www.sec.gov/Archives/edgar/data/1045810/000104581020000063/q1fy21pr.htm,0001045810-20-000063,8-K,2020-05-21,2026-09-20T06:42:19Z,b14a182928750d0a56ecb3608956ab91e80fcd59f4f5504b3c6f3ce5a377894a,"Revenue of $3.08 billion, up 39 percent from a year earlier","reported value falls outside [2.94, 3.06]",open,,,,,,,,,98,,2026-09-20,navneet,false,false,,false,false,missed,sentence,,,,,,,yes,"The excerpt states revenue guidance of '$3.00 billion, plus or minus 2 percent,' which equals $2.94 billion to $3.06 billion, matching the provided range exactly."
01E0XXGQ00FQT2T7BNREF7TEJB,NVIDIA Corporation,NVDA,0001045810,NVIDIA Corporation expects gross margin GAAP of 64.5% to 65.5% for Q1 FY2021.,"GAAP and non-GAAP gross margins are expected to be 65.0 percent and 65.4 percent, respectively, plus or minus 50 basis points.",gross margin GAAP,64.5,65.5,percent,Q1 FY2021,2020-02-13,https://www.sec.gov/Archives/edgar/data/1045810/000104581020000007/q4fy20pr.htm,0001045810-20-000007,8-K,2020-02-13,2026-09-20T06:42:16Z,cd0931926ae9cc19acbe219545a3d87ca9d53004a93857577561e306326b6151,"GAAP and non-GAAP gross margins are expected to be 65.0 percent and 65.4 percent, respectively, plus or minus 50 basis points.",65.1,2020-05-21,https://www.sec.gov/Archives/edgar/data/1045810/000104581020000063/q1fy21pr.htm,0001045810-20-000063,8-K,2020-05-21,2026-09-20T06:42:19Z,b14a182928750d0a56ecb3608956ab91e80fcd59f4f5504b3c6f3ce5a377894a,Record GAAP gross margin of 65.1 percent,"reported value falls outside [64.5, 65.5]",open,,,,,,,,,98,,2026-09-20,navneet,false,false,,false,false,met,sentence,,,,,,,yes,"Excerpt states GAAP gross margin expected at 65.0 percent plus or minus 50 basis points, which equals 64.5% to 65.5% range for the guidance period."
01E0XXGQ00X5954VX5KK2DNPP1,NVIDIA Corporation,NVDA,0001045810,NVIDIA Corporation expects operating expenses GAAP of $1.05 billion for Q1 FY2021.,"GAAP and non-GAAP operating expenses are expected to be approximately $1.05 billion and $835 million, respectively.",operating expenses GAAP,1.05,1.05,USD billions,Q1 FY2021,2020-02-13,https://www.sec.gov/Archives/edgar/data/1045810/000104581020000007/q4fy20pr.htm,0001045810-20-000007,8-K,2020-02-13,2026-09-20T06:42:16Z,cd0931926ae9cc19acbe219545a3d87ca9d53004a93857577561e306326b6151,"GAAP and non-GAAP operating expenses are expected to be approximately $1.05 billion and $835 million, respectively.",1.028,2020-05-21,https://www.sec.gov/Archives/edgar/data/1045810/000104581020000063/q1fy21pr.htm,0001045810-20-000063,8-K,2020-05-21,2026-09-20T06:42:19Z,b14a182928750d0a56ecb3608956ab91e80fcd59f4f5504b3c6f3ce5a377894a,"Operating expenses $1,028 $1,025 $938 -- Up 10%",reported value differs from 1.05 by more than 0.5%,open,,,,,,,,,98,,2026-09-20,navneet,false,false,,false,false,missed,sentence,,,,,,,yes,"Excerpt states 'GAAP...operating expenses are expected to be approximately $1.05 billion' matching the metric, number, and unit, with 'expected' indicating forward guidance."
01E0XXGQ003CQKCGEF4RYKNBKC,NVIDIA Corporation,NVDA,0001045810,NVIDIA Corporation expects operating expenses non-GAAP of $835 million for Q1 FY2021.,"GAAP and non-GAAP operating expenses are expected to be approximately $1.05 billion and $835 million, respectively.",operating expenses non-GAAP,835.0,835.0,USD millions,Q1 FY2021,2020-02-13,https://www.sec.gov/Archives/edgar/data/1045810/000104581020000007/q4fy20pr.htm,0001045810-20-000007,8-K,2020-02-13,2026-09-20T06:42:16Z,cd0931926ae9cc19acbe219545a3d87ca9d53004a93857577561e306326b6151,"GAAP and non-GAAP operating expenses are expected to be approximately $1.05 billion and $835 million, respectively.",821.0,2020-05-21,https://www.sec.gov/Archives/edgar/data/1045810/000104581020000063/q1fy21pr.htm,0001045810-20-000063,8-K,2020-05-21,2026-09-20T06:42:19Z,b14a182928750d0a56ecb3608956ab91e80fcd59f4f5504b3c6f3ce5a377894a,Operating expenses $821 $810 $753 Up 1% Up 9%,reported value differs from 835 by more than 0.5%,open,,,,,,,,,98,,2026-09-20,navneet,false,false,,false,false,missed,sentence,,,,,,,yes,"Excerpt states non-GAAP operating expenses expected to be approximately $835 million, matching the guidance claim exactly."
01E0XXGQ00B006K6279B12W6AS,NVIDIA Corporation,NVDA,0001045810,NVIDIA Corporation expects tax rate of 8% to 10% for Q1 FY2021.,"GAAP and non-GAAP tax rates are both expected to be 9 percent, plus or minus 1 percent, excluding any discrete items.",tax rate,8.0,10.0,percent,Q1 FY2021,2020-02-13,https://www.sec.gov/Archives/edgar/data/1045810/000104581020000007/q4fy20pr.htm,0001045810-20-000007,8-K,2020-02-13,2026-09-20T06:42:16Z,cd0931926ae9cc19acbe219545a3d87ca9d53004a93857577561e306326b6151,"GAAP and non-GAAP tax rates are both expected to be 9 percent, plus or minus 1 percent, excluding any discrete items.",,,,,,,,,,"reported value falls outside [8, 10]",open,,,,,,,,,,,2026-09-20,navneet,false,false,,false,false,unresolved,sentence,,,,the model found no line reporting that metric for that period,,,yes,"Excerpt states tax rates 'expected to be 9 percent, plus or minus 1 percent' which equals 8% to 10% range as forward guidance."
01E8T8F5001D1FZAF5PM1CJ0NN,NVIDIA Corporation,NVDA,0001045810,NVIDIA Corporation expects revenue of $3.577 billion to $3.723 billion for Q2 FY2021.,"Revenue is expected to be $3.65 billion, plus or minus 2 percent.",revenue,3.577,3.723,USD billions,Q2 FY2021,2020-05-21,https://www.sec.gov/Archives/edgar/data/1045810/000104581020000063/q1fy21pr.htm,0001045810-20-000063,8-K,2020-05-21,2026-09-20T06:42:19Z,b14a182928750d0a56ecb3608956ab91e80fcd59f4f5504b3c6f3ce5a377894a,"Revenue is expected to be $3.65 billion, plus or minus 2 percent.",3.866,2020-08-19,https://www.sec.gov/Archives/edgar/data/1045810/000104581020000145/q2fy21pr.htm,0001045810-20-000145,8-K,2020-08-19,2026-09-20T06:42:21Z,0e0189366ee7303c58bae7e24720dc40cc66114f75bb1c1375d7537237909089,"Revenue $3,866 $3,080 $2,579 Up 26% Up 50%","reported value falls outside [3.577, 3.723]",open,,,,,,,,,90,,2026-09-20,navneet,false,false,,false,false,missed,sentence,,"NVIDIA’s outlook for the second quarter of fiscal 2021 includes the impact from the acquisition of Mellanox, which closed on the first day of the second quarter. The combined second quarter outlook is as follows:",,,,,yes,"The range of $3.577B to $3.723B (±2% around $3.65B) matches the excerpt's guidance of '$3.65 billion, plus or minus 2 percent' for the specified period."
01E8T8F500NKDJ7X1W9ZX0VS0K,NVIDIA Corporation,NVDA,0001045810,NVIDIA Corporation expects operating expenses GAAP of $1.52 billion for Q2 FY2021.,"GAAP and non-GAAP operating expenses are expected to be approximately $1.52 billion and $1.04 billion, respectively.",operating expenses GAAP,1.52,1.52,USD billions,Q2 FY2021,2020-05-21,https://www.sec.gov/Archives/edgar/data/1045810/000104581020000063/q1fy21pr.htm,0001045810-20-000063,8-K,2020-05-21,2026-09-20T06:42:19Z,b14a182928750d0a56ecb3608956ab91e80fcd59f4f5504b3c6f3ce5a377894a,"GAAP and non-GAAP operating expenses are expected to be approximately $1.52 billion and $1.04 billion, respectively.",1.624,2020-08-19,https://www.sec.gov/Archives/edgar/data/1045810/000104581020000145/q2fy21pr.htm,0001045810-20-000145,8-K,2020-08-19,2026-09-20T06:42:21Z,0e0189366ee7303c58bae7e24720dc40cc66114f75bb1c1375d7537237909089,"Operating expenses $1,624 $1,028 $970 Up 58% Up 67%",reported value differs from 1.52 by more than 0.5%,open,,,,,,,,,90,,2026-09-20,navneet,false,false,,false,false,missed,sentence,,"NVIDIA’s outlook for the second quarter of fiscal 2021 includes the impact from the acquisition of Mellanox, which closed on the first day of the second quarter. The combined second quarter outlook is as follows:",,,,,yes,"Excerpt states 'GAAP...operating expenses are expected to be approximately $1.52 billion' matching the metric, number, and unit; 'expected to be' indicates forward guidance for the specified period."
01E8T8F5004PNHTM8JJ60G23B7,NVIDIA Corporation,NVDA,0001045810,NVIDIA Corporation expects operating expenses non-GAAP of $1.04 billion for Q2 FY2021.,"GAAP and non-GAAP operating expenses are expected to be approximately $1.52 billion and $1.04 billion, respectively.",operating expenses non-GAAP,1.04,1.04,USD billions,Q2 FY2021,2020-05-21,https://www.sec.gov/Archives/edgar/data/1045810/000104581020000063/q1fy21pr.htm,0001045810-20-000063,8-K,2020-05-21,2026-09-20T06:42:19Z,b14a182928750d0a56ecb3608956ab91e80fcd59f4f5504b3c6f3ce5a377894a,"GAAP and non-GAAP operating expenses are expected to be approximately $1.52 billion and $1.04 billion, respectively.",1.035,2020-08-19,https://www.sec.gov/Archives/edgar/data/1045810/000104581020000145/q2fy21pr.htm,0001045810-20-000145,8-K,2020-08-19,2026-09-20T06:42:21Z,0e0189366ee7303c58bae7e24720dc40cc66114f75bb1c1375d7537237909089,"Operating expenses $1,035 $821 $749 Up 26% Up 38%",reported value differs from 1.04 by more than 0.5%,open,,,,,,,,,90,,2026-09-20,navneet,false,false,,false,false,met,sentence,,"NVIDIA’s outlook for the second quarter of fiscal 2021 includes the impact from the acquisition of Mellanox, which closed on the first day of the second quarter. The combined second quarter outlook is as follows:",,,,,yes,"Excerpt states non-GAAP operating expenses expected to be approximately $1.04 billion, matching the metric, number, and unit provided."
01E8T8F500CB1G7SJ2PNW6RYKA,NVIDIA Corporation,NVDA,0001045810,NVIDIA Corporation expects operating expenses GAAP of $5.7 billion for FY2021.,"GAAP and non-GAAP operating expenses for the full year, which will include Mellanox starting with the second quarter, are expected at approximately $5.7 billion and $4.1 billion, respectively.",operating expenses GAAP,5.7,5.7,USD billions,FY2021,2020-05-21,https://www.sec.gov/Archives/edgar/data/1045810/000104581020000063/q1fy21pr.htm,0001045810-20-000063,8-K,2020-05-21,2026-09-20T06:42:19Z,b14a182928750d0a56ecb3608956ab91e80fcd59f4f5504b3c6f3ce5a377894a,"GAAP and non-GAAP operating expenses for the full year, which will include Mellanox starting with the second quarter, are expected at approximately $5.7 billion and $4.1 billion, respectively.",5.864,2021-02-24,https://www.sec.gov/Archives/edgar/data/1045810/000104581021000007/q4fy21pr.htm,0001045810-21-000007,8-K,2021-02-24,2026-09-20T06:42:25Z,458bcae494c37a773d40574d9b9f83528be44bc79b77cd1abbbad0a2cac8b6cd,"Operating expenses $5,864 $3,922 Up 50%",reported value differs from 5.7 by more than 0.5%,open,,,,,,,,,279,,2026-09-20,navneet,false,false,,false,false,missed,sentence,,"NVIDIA’s outlook for the second quarter of fiscal 2021 includes the impact from the acquisition of Mellanox, which closed on the first day of the second quarter. The combined second quarter outlook is as follows:",,,,,yes,"Excerpt states 'GAAP...operating expenses for the full year...are expected at approximately $5.7 billion' matching the metric, period, and number given."
01E8T8F500ZGS60CACJQXCYRQ1,NVIDIA Corporation,NVDA,0001045810,NVIDIA Corporation expects operating expenses non-GAAP of $4.1 billion for FY2021.,"GAAP and non-GAAP operating expenses for the full year, which will include Mellanox starting with the second quarter, are expected at approximately $5.7 billion and $4.1 billion, respectively.",operating expenses non-GAAP,4.1,4.1,USD billions,FY2021,2020-05-21,https://www.sec.gov/Archives/edgar/data/1045810/000104581020000063/q1fy21pr.htm,0001045810-20-000063,8-K,2020-05-21,2026-09-20T06:42:19Z,b14a182928750d0a56ecb3608956ab91e80fcd59f4f5504b3c6f3ce5a377894a,"GAAP and non-GAAP operating expenses for the full year, which will include Mellanox starting with the second quarter, are expected at approximately $5.7 billion and $4.1 billion, respectively.",4.144,2021-02-24,https://www.sec.gov/Archives/edgar/data/1045810/000104581021000007/q4fy21pr.htm,0001045810-21-000007,8-K,2021-02-24,2026-09-20T06:42:25Z,458bcae494c37a773d40574d9b9f83528be44bc79b77cd1abbbad0a2cac8b6cd,"Operating expenses $4,144 $3,086 Up 34%",reported value differs from 4.1 by more than 0.5%,open,,,,,,,,,279,,2026-09-20,navneet,false,false,,false,false,missed,sentence,,"NVIDIA’s outlook for the second quarter of fiscal 2021 includes the impact from the acquisition of Mellanox, which closed on the first day of the second quarter. The combined second quarter outlook is as follows:",,,,,yes,"Excerpt states non-GAAP operating expenses 'are expected at approximately $5.7 billion and $4.1 billion, respectively' for the full year, matching the $4.1 billion guidance for FY2021."
01E8T8F500KPW5FRKFBHNNQ7YF,NVIDIA Corporation,NVDA,0001045810,NVIDIA Corporation expects other income and expense of $-50 million for Q2 FY2021.,"GAAP and non-GAAP other income and expense are expected to be an expense of approximately $50 million and $45 million, respectively.",other income and expense,-50.0,-50.0,USD millions,Q2 FY2021,2020-05-21,https://www.sec.gov/Archives/edgar/data/1045810/000104581020000063/q1fy21pr.htm,0001045810-20-000063,8-K,2020-05-21,2026-09-20T06:42:19Z,b14a182928750d0a56ecb3608956ab91e80fcd59f4f5504b3c6f3ce5a377894a,"GAAP and non-GAAP other income and expense are expected to be an expense of approximately $50 million and $45 million, respectively.",-42.0,2020-08-19,https://www.sec.gov/Archives/edgar/data/1045810/000104581020000145/q2fy21pr.htm,0001045810-20-000145,8-K,2020-08-19,2026-09-20T06:42:21Z,0e0189366ee7303c58bae7e24720dc40cc66114f75bb1c1375d7537237909089,"GAAP other income (expense), net $ (42) $ 5 $ 35 $ (36) $ 66",reported value differs from -50 by more than 0.5%,open,,,,,,,,,90,,2026-09-20,navneet,false,false,,false,false,missed,sentence,,"NVIDIA’s outlook for the second quarter of fiscal 2021 includes the impact from the acquisition of Mellanox, which closed on the first day of the second quarter. The combined second quarter outlook is as follows:",,,,,yes,Excerpt states 'other income and expense are expected to be an expense of approximately $50 million' which matches the guidance of $-50 million for the specified period.
01E8T8F500QTVZD23RTRCT2AM0,NVIDIA Corporation,NVDA,0001045810,NVIDIA Corporation expects tax rate of 8% to 10% for Q2 FY2021.,"GAAP and non-GAAP tax rates are both expected to be 9 percent, plus or minus 1 percent, excluding any discrete items.",tax rate,8.0,10.0,percent,Q2 FY2021,2020-05-21,https://www.sec.gov/Archives/edgar/data/1045810/000104581020000063/q1fy21pr.htm,0001045810-20-000063,8-K,2020-05-21,2026-09-20T06:42:19Z,b14a182928750d0a56ecb3608956ab91e80fcd59f4f5504b3c6f3ce5a377894a,"GAAP and non-GAAP tax rates are both expected to be 9 percent, plus or minus 1 percent, excluding any discrete items.",,,,,,,,,,"reported value falls outside [8, 10]",open,,,,,,,,,,,2026-09-20,navneet,false,false,,false,false,unresolved,sentence,,"NVIDIA’s outlook for the second quarter of fiscal 2021 includes the impact from the acquisition of Mellanox, which closed on the first day of the second quarter. The combined second quarter outlook is as follows:",,the model found no line reporting that metric for that period,,,yes,"Excerpt states tax rates 'expected to be 9 percent, plus or minus 1 percent' which equals 8% to 10% range as forward guidance."
01EG207V00ZZFAZMXRWWEFSWXX,NVIDIA Corporation,NVDA,0001045810,NVIDIA Corporation expects revenue of $4.312 billion to $4.488 billion for Q3 FY2021.,"Revenue is expected to be $4.40 billion, plus or minus 2 percent.",revenue,4.312,4.488,USD billions,Q3 FY2021,2020-08-19,https://www.sec.gov/Archives/edgar/data/1045810/000104581020000145/q2fy21pr.htm,0001045810-20-000145,8-K,2020-08-19,2026-09-20T06:42:21Z,0e0189366ee7303c58bae7e24720dc40cc66114f75bb1c1375d7537237909089,"Revenue is expected to be $4.40 billion, plus or minus 2 percent.",4.726,2020-11-18,https://www.sec.gov/Archives/edgar/data/1045810/000104581020000187/q3fy21pr.htm,0001045810-20-000187,8-K,2020-11-18,2026-09-20T06:42:24Z,cc389cd438ea989b8fb4c07015da9e8b009e28aa192595161c8f3b9682740ad5,"Revenue $4,726 $3,866 $3,014 Up 22% Up 57%","reported value falls outside [4.312, 4.488]",open,,,,,,,,,91,,2026-09-20,navneet,false,false,,false,false,missed,sentence,,NVIDIA’s outlook for the third quarter of fiscal 2021 is as follows:,,,,,yes,"The excerpt states revenue guidance of '$4.40 billion, plus or minus 2 percent' which equals approximately $4.312 billion to $4.488 billion, matching the provided range."
01EG207V00FFM6PDT8P47RM05N,NVIDIA Corporation,NVDA,0001045810,NVIDIA Corporation expects gross margin GAAP of 62% to 63% for Q3 FY2021.,"GAAP and non-GAAP gross margins are expected to be 62.5 percent and 65.5 percent, respectively, plus or minus 50 basis points.",gross margin GAAP,62.0,63.0,percent,Q3 FY2021,2020-08-19,https://www.sec.gov/Archives/edgar/data/1045810/000104581020000145/q2fy21pr.htm,0001045810-20-000145,8-K,2020-08-19,2026-09-20T06:42:21Z,0e0189366ee7303c58bae7e24720dc40cc66114f75bb1c1375d7537237909089,"GAAP and non-GAAP gross margins are expected to be 62.5 percent and 65.5 percent, respectively, plus or minus 50 basis points.",62.6,2020-11-18,https://www.sec.gov/Archives/edgar/data/1045810/000104581020000187/q3fy21pr.htm,0001045810-20-000187,8-K,2020-11-18,2026-09-20T06:42:24Z,cc389cd438ea989b8fb4c07015da9e8b009e28aa192595161c8f3b9682740ad5,Gross margin 62.6 % 58.8 % 63.6 % Up 380 bps Down 100 bps,"reported value falls outside [62, 63]",open,,,,,,,,,91,,2026-09-20,navneet,false,false,,false,false,met,sentence,,NVIDIA’s outlook for the third quarter of fiscal 2021 is as follows:,,,,,yes,Excerpt states 'GAAP gross margins are expected to be 62.5 percent...plus or minus 50 basis points' which encompasses the 62% to 63% range for forward guidance.
01EG207V001C8Y5BP2GQHPS0RW,NVIDIA Corporation,NVDA,0001045810,NVIDIA Corporation expects operating expenses GAAP of $1.54 billion for Q3 FY2021.,"GAAP and non-GAAP operating expenses are expected to be approximately $1.54 billion and $1.09 billion, respectively.",operating expenses GAAP,1.54,1.54,USD billions,Q3 FY2021,2020-08-19,https://www.sec.gov/Archives/edgar/data/1045810/000104581020000145/q2fy21pr.htm,0001045810-20-000145,8-K,2020-08-19,2026-09-20T06:42:21Z,0e0189366ee7303c58bae7e24720dc40cc66114f75bb1c1375d7537237909089,"GAAP and non-GAAP operating expenses are expected to be approximately $1.54 billion and $1.09 billion, respectively.",1.562,2020-11-18,https://www.sec.gov/Archives/edgar/data/1045810/000104581020000187/q3fy21pr.htm,0001045810-20-000187,8-K,2020-11-18,2026-09-20T06:42:24Z,cc389cd438ea989b8fb4c07015da9e8b009e28aa192595161c8f3b9682740ad5,"Operating expenses $1,562 $1,624 $989 Down 4% Up 58%",reported value differs from 1.54 by more than 0.5%,open,,,,,,,,,91,,2026-09-20,navneet,false,false,,false,false,missed,sentence,,NVIDIA’s outlook for the third quarter of fiscal 2021 is as follows:,,,,,yes,"Excerpt states 'GAAP...operating expenses are expected to be approximately $1.54 billion' matching the metric, number, and unit; 'expected to be' indicates forward guidance."
01EG207V00GS3XD9C9HF0D8AWG,NVIDIA Corporation,NVDA,0001045810,NVIDIA Corporation expects operating expenses non-GAAP of $1.09 billion for Q3 FY2021.,"GAAP and non-GAAP operating expenses are expected to be approximately $1.54 billion and $1.09 billion, respectively.",operating expenses non-GAAP,1.09,1.09,USD billions,Q3 FY2021,2020-08-19,https://www.sec.gov/Archives/edgar/data/1045810/000104581020000145/q2fy21pr.htm,0001045810-20-000145,8-K,2020-08-19,2026-09-20T06:42:21Z,0e0189366ee7303c58bae7e24720dc40cc66114f75bb1c1375d7537237909089,"GAAP and non-GAAP operating expenses are expected to be approximately $1.54 billion and $1.09 billion, respectively.",1.101,2020-11-18,https://www.sec.gov/Archives/edgar/data/1045810/000104581020000187/q3fy21pr.htm,0001045810-20-000187,8-K,2020-11-18,2026-09-20T06:42:24Z,cc389cd438ea989b8fb4c07015da9e8b009e28aa192595161c8f3b9682740ad5,"Operating expenses $1,101 $1,035 $774 Up 6% Up 42%",reported value differs from 1.09 by more than 0.5%,open,,,,,,,,,91,,2026-09-20,navneet,false,false,,false,false,missed,sentence,,NVIDIA’s outlook for the third quarter of fiscal 2021 is as follows:,,,,,yes,"Excerpt states non-GAAP operating expenses expected to be approximately $1.09 billion, matching the metric, number, and unit specified."
01EG207V00AKSRWF61WMN81KJG,NVIDIA Corporation,NVDA,0001045810,NVIDIA Corporation expects other income and expense of $55 million for Q3 FY2021.,GAAP and non-GAAP other income and expense are both expected to be an expense of approximately $55 million.,other income and expense,55.0,55.0,USD millions,Q3 FY2021,2020-08-19,https://www.sec.gov/Archives/edgar/data/1045810/000104581020000145/q2fy21pr.htm,0001045810-20-000145,8-K,2020-08-19,2026-09-20T06:42:21Z,0e0189366ee7303c58bae7e24720dc40cc66114f75bb1c1375d7537237909089,GAAP and non-GAAP other income and expense are both expected to be an expense of approximately $55 million.,-50.0,2020-11-18,https://www.sec.gov/Archives/edgar/data/1045810/000104581020000187/q3fy21pr.htm,0001045810-20-000187,8-K,2020-11-18,2026-09-20T06:42:24Z,cc389cd438ea989b8fb4c07015da9e8b009e28aa192595161c8f3b9682740ad5,"GAAP other income (expense), net $ (50) $ (42) $ 32 $ (86) $ 98",reported value differs from 55 by more than 0.5%,open,,,,,,,,,91,,2026-09-20,navneet,false,false,,false,false,missed,sentence,,NVIDIA’s outlook for the third quarter of fiscal 2021 is as follows:,,,,,yes,"Excerpt states other income and expense is 'expected to be an expense of approximately $55 million' which matches the guidance metric, number, and unit provided."
01EQCAD8000E7PM5J2C7WH44V4,NVIDIA Corporation,NVDA,0001045810,NVIDIA Corporation expects revenue of $4.704 billion to $4.896 billion for Q4 FY2021.,"Revenue is expected to be $4.80 billion, plus or minus 2 percent.",revenue,4.704,4.896,USD billions,Q4 FY2021,2020-11-18,https://www.sec.gov/Archives/edgar/data/1045810/000104581020000187/q3fy21pr.htm,0001045810-20-000187,8-K,2020-11-18,2026-09-20T06:42:24Z,cc389cd438ea989b8fb4c07015da9e8b009e28aa192595161c8f3b9682740ad5,"Revenue is expected to be $4.80 billion, plus or minus 2 percent.",5.003,2021-02-24,https://www.sec.gov/Archives/edgar/data/1045810/000104581021000007/q4fy21pr.htm,0001045810-21-000007,8-K,2021-02-24,2026-09-20T06:42:25Z,458bcae494c37a773d40574d9b9f83528be44bc79b77cd1abbbad0a2cac8b6cd,"Revenue $5,003 $4,726 $3,105 Up 6% Up 61%","reported value falls outside [4.704, 4.896]",open,,,,,,,,,98,,2026-09-20,navneet,false,false,,false,false,missed,sentence,,NVIDIA’s outlook for the fourth quarter of fiscal 2021 is as follows:,,,,,yes,"The excerpt states revenue guidance of '$4.80 billion, plus or minus 2 percent' which equals $4.704 billion to $4.896 billion, matching the provided range for Q4 FY2021."
01EQCAD800HK1XNKWPYV6TFEKN,NVIDIA Corporation,NVDA,0001045810,NVIDIA Corporation expects operating expenses GAAP of $1.64 billion for Q4 FY2021.,"GAAP and non-GAAP operating expenses are expected to be approximately $1.64 billion and $1.18 billion, respectively.",operating expenses GAAP,1.64,1.64,USD billions,Q4 FY2021,2020-11-18,https://www.sec.gov/Archives/edgar/data/1045810/000104581020000187/q3fy21pr.htm,0001045810-20-000187,8-K,2020-11-18,2026-09-20T06:42:24Z,cc389cd438ea989b8fb4c07015da9e8b009e28aa192595161c8f3b9682740ad5,"GAAP and non-GAAP operating expenses are expected to be approximately $1.64 billion and $1.18 billion, respectively.",1.65,2021-02-24,https://www.sec.gov/Archives/edgar/data/1045810/000104581021000007/q4fy21pr.htm,0001045810-21-000007,8-K,2021-02-24,2026-09-20T06:42:25Z,458bcae494c37a773d40574d9b9f83528be44bc79b77cd1abbbad0a2cac8b6cd,"Operating expenses $1,650 $1,562 $1,025 Up 6% Up 61%",reported value differs from 1.64 by more than 0.5%,open,,,,,,,,,98,,2026-09-20,navneet,false,false,,false,false,missed,sentence,,NVIDIA’s outlook for the fourth quarter of fiscal 2021 is as follows:,,,,,yes,"Excerpt states 'GAAP...operating expenses are expected to be approximately $1.64 billion' matching the metric, number, and unit; 'expected to be' indicates forward guidance for the specified period."
01EQCAD800CH6Z2QW6Q5745JD3,NVIDIA Corporation,NVDA,0001045810,NVIDIA Corporation expects operating expenses non-GAAP of $1.18 billion for Q4 FY2021.,"GAAP and non-GAAP operating expenses are expected to be approximately $1.64 billion and $1.18 billion, respectively.",operating expenses non-GAAP,1.18,1.18,USD billions,Q4 FY2021,2020-11-18,https://www.sec.gov/Archives/edgar/data/1045810/000104581020000187/q3fy21pr.htm,0001045810-20-000187,8-K,2020-11-18,2026-09-20T06:42:24Z,cc389cd438ea989b8fb4c07015da9e8b009e28aa192595161c8f3b9682740ad5,"GAAP and non-GAAP operating expenses are expected to be approximately $1.64 billion and $1.18 billion, respectively.",1.187,2021-02-24,https://www.sec.gov/Archives/edgar/data/1045810/000104581021000007/q4fy21pr.htm,0001045810-21-000007,8-K,2021-02-24,2026-09-20T06:42:25Z,458bcae494c37a773d40574d9b9f83528be44bc79b77cd1abbbad0a2cac8b6cd,"Operating expenses $1,187 $1,101 $810 Up 8% Up 47%",reported value differs from 1.18 by more than 0.5%,open,,,,,,,,,98,,2026-09-20,navneet,false,false,,false,false,missed,sentence,,NVIDIA’s outlook for the fourth quarter of fiscal 2021 is as follows:,,,,,yes,"Excerpt states non-GAAP operating expenses expected to be approximately $1.18 billion, matching the metric, number, and unit provided."
01EQCAD8008K9G9KHC9XQXV8MY,NVIDIA Corporation,NVDA,0001045810,NVIDIA Corporation expects other income and expense of $-55 million for Q4 FY2021.,GAAP and non-GAAP other income and expense are both expected to be an expense of approximately $55 million.,other income and expense,-55.0,-55.0,USD millions,Q4 FY2021,2020-11-18,https://www.sec.gov/Archives/edgar/data/1045810/000104581020000187/q3fy21pr.htm,0001045810-20-000187,8-K,2020-11-18,2026-09-20T06:42:24Z,cc389cd438ea989b8fb4c07015da9e8b009e28aa192595161c8f3b9682740ad5,GAAP and non-GAAP other income and expense are both expected to be an expense of approximately $55 million.,-123.0,2021-02-24,https://www.sec.gov/Archives/edgar/data/1045810/000104581021000007/q4fy21pr.htm,0001045810-21-000007,8-K,2021-02-24,2026-09-20T06:42:25Z,458bcae494c37a773d40574d9b9f83528be44bc79b77cd1abbbad0a2cac8b6cd,"GAAP other income (expense), net $ (37) $ (50) $ 26 $ (123) $ 124",reported value differs from -55 by more than 0.5%,open,,,,,,,,,98,,2026-09-20,navneet,false,false,,false,false,missed,sentence,,NVIDIA’s outlook for the fourth quarter of fiscal 2021 is as follows:,,,,,yes,Excerpt states other income and expense expected to be 'an expense of approximately $55 million' which matches the guidance of $-55 million for the specified period.
01EZ8NBP00KXK61PDW81WSENZS,NVIDIA Corporation,NVDA,0001045810,NVIDIA Corporation expects revenue of $5.194 billion to $5.406 billion for Q1 FY2022.,"Revenue is expected to be $5.30 billion, plus or minus 2 percent.",revenue,5.194,5.406,USD billions,Q1 FY2022,2021-02-24,https://www.sec.gov/Archives/edgar/data/1045810/000104581021000007/q4fy21pr.htm,0001045810-21-000007,8-K,2021-02-24,2026-09-20T06:42:25Z,458bcae494c37a773d40574d9b9f83528be44bc79b77cd1abbbad0a2cac8b6cd,"Revenue is expected to be $5.30 billion, plus or minus 2 percent.",5.661,2021-05-26,https://www.sec.gov/Archives/edgar/data/1045810/000104581021000063/q1fy22pr.htm,0001045810-21-000063,8-K,2021-05-26,2026-09-20T06:42:28Z,41f09e7d9967222dea3b5465ef73283adf7974f28ad64e934a083408b7d7e4f2,"Revenue $5,661 $5,003 $3,080 Up 13% Up 84%","reported value falls outside [5.194, 5.406]",open,,,,,,,,,91,,2026-09-20,navneet,false,false,,false,false,missed,sentence,,NVIDIA’s outlook for the first quarter of fiscal 2022 is as follows:,,,,,yes,"The range of $5.30 billion ±2% equals approximately $5.194 billion to $5.406 billion, matching the guidance for Q1 FY2022 revenue."
01EZ8NBP0010ZWRYVZ3BG2730X,NVIDIA Corporation,NVDA,0001045810,NVIDIA Corporation expects operating expenses GAAP of $1.67 billion for Q1 FY2022.,"GAAP and non-GAAP operating expenses are expected to be approximately $1.67 billion and $1.20 billion, respectively.",operating expenses GAAP,1.67,1.67,USD billions,Q1 FY2022,2021-02-24,https://www.sec.gov/Archives/edgar/data/1045810/000104581021000007/q4fy21pr.htm,0001045810-21-000007,8-K,2021-02-24,2026-09-20T06:42:25Z,458bcae494c37a773d40574d9b9f83528be44bc79b77cd1abbbad0a2cac8b6cd,"GAAP and non-GAAP operating expenses are expected to be approximately $1.67 billion and $1.20 billion, respectively.",1.673,2021-05-26,https://www.sec.gov/Archives/edgar/data/1045810/000104581021000063/q1fy22pr.htm,0001045810-21-000063,8-K,2021-05-26,2026-09-20T06:42:28Z,41f09e7d9967222dea3b5465ef73283adf7974f28ad64e934a083408b7d7e4f2,"Operating expenses $1,673 $1,650 $1,028 Up 1% Up 63%",reported value differs from 1.67 by more than 0.5%,open,,,,,,,,,91,,2026-09-20,navneet,false,false,,false,false,met,sentence,,NVIDIA’s outlook for the first quarter of fiscal 2022 is as follows:,,,,,yes,"Excerpt states 'GAAP...operating expenses are expected to be approximately $1.67 billion' matching the metric, number, and unit; period context from filing would confirm Q1 FY2022."
01EZ8NBP00CWGC9EDWHXKWGQKJ,NVIDIA Corporation,NVDA,0001045810,NVIDIA Corporation expects operating expenses non-GAAP of $1.2 billion for Q1 FY2022.,"GAAP and non-GAAP operating expenses are expected to be approximately $1.67 billion and $1.20 billion, respectively.",operating expenses non-GAAP,1.2,1.2,USD billions,Q1 FY2022,2021-02-24,https://www.sec.gov/Archives/edgar/data/1045810/000104581021000007/q4fy21pr.htm,0001045810-21-000007,8-K,2021-02-24,2026-09-20T06:42:25Z,458bcae494c37a773d40574d9b9f83528be44bc79b77cd1abbbad0a2cac8b6cd,"GAAP and non-GAAP operating expenses are expected to be approximately $1.67 billion and $1.20 billion, respectively.",1.189,2021-05-26,https://www.sec.gov/Archives/edgar/data/1045810/000104581021000063/q1fy22pr.htm,0001045810-21-000063,8-K,2021-05-26,2026-09-20T06:42:28Z,41f09e7d9967222dea3b5465ef73283adf7974f28ad64e934a083408b7d7e4f2,"Operating expenses $1,189 $1,187 $821 -- Up 45%",reported value differs from 1.2 by more than 0.5%,open,,,,,,,,,91,,2026-09-20,navneet,false,false,,false,false,missed,sentence,,NVIDIA’s outlook for the first quarter of fiscal 2022 is as follows:,,,,,yes,"Excerpt states non-GAAP operating expenses expected to be approximately $1.20 billion, matching the $1.2 billion guidance given."
01EZ8NBP00B65AMS416D2JPS8V,NVIDIA Corporation,NVDA,0001045810,NVIDIA Corporation expects other income and expense of $50 million for Q1 FY2022.,GAAP and non-GAAP other income and expense are both expected to be an expense of approximately $50 million.,other income and expense,50.0,50.0,USD millions,Q1 FY2022,2021-02-24,https://www.sec.gov/Archives/edgar/data/1045810/000104581021000007/q4fy21pr.htm,0001045810-21-000007,8-K,2021-02-24,2026-09-20T06:42:25Z,458bcae494c37a773d40574d9b9f83528be44bc79b77cd1abbbad0a2cac8b6cd,GAAP and non-GAAP other income and expense are both expected to be an expense of approximately $50 million.,88.0,2021-05-26,https://www.sec.gov/Archives/edgar/data/1045810/000104581021000063/q1fy22pr.htm,0001045810-21-000063,8-K,2021-05-26,2026-09-20T06:42:28Z,41f09e7d9967222dea3b5465ef73283adf7974f28ad64e934a083408b7d7e4f2,"GAAP other income (expense), net $ 88 $ (37) $ 5",reported value differs from 50 by more than 0.5%,open,,,,,,,,,91,,2026-09-20,navneet,false,false,,false,false,missed,sentence,,NVIDIA’s outlook for the first quarter of fiscal 2022 is as follows:,,,,,yes,"Excerpt states other income and expense is 'expected to be an expense of approximately $50 million' matching the guidance metric, number, and unit, with forward-looking language indicating guidance."
01EZ8NBP001E8PRPQCBKC5RWJF,NVIDIA Corporation,NVDA,0001045810,NVIDIA Corporation expects tax rate of 9.9% to 10.1% for Q1 FY2022.,"GAAP and non-GAAP tax rates are both expected to be 10 percent, plus or minus 1 percent, excluding any discrete items.",tax rate,9.9,10.1,percent,Q1 FY2022,2021-02-24,https://www.sec.gov/Archives/edgar/data/1045810/000104581021000007/q4fy21pr.htm,0001045810-21-000007,8-K,2021-02-24,2026-09-20T06:42:25Z,458bcae494c37a773d40574d9b9f83528be44bc79b77cd1abbbad0a2cac8b6cd,"GAAP and non-GAAP tax rates are both expected to be 10 percent, plus or minus 1 percent, excluding any discrete items.",,,,,,,,,,"reported value falls outside [9.9, 10.1]",open,,,,,,,,,,,2026-09-20,navneet,false,false,,false,false,unresolved,sentence,,NVIDIA’s outlook for the first quarter of fiscal 2022 is as follows:,,the model found no line reporting that metric for that period,,,yes,"Excerpt states tax rates 'expected to be 10 percent, plus or minus 1 percent' which equals 9-11%, encompassing the stated range of 9.9% to 10.1%"
01F6JZH300F34VRZYSD7NSMFDP,NVIDIA Corporation,NVDA,0001045810,NVIDIA Corporation expects revenue of $6.174 billion to $6.426 billion for Q2 FY2022.,"Revenue is expected to be $6.30 billion, plus or minus 2 percent.",revenue,6.174,6.426,USD billions,Q2 FY2022,2021-05-26,https://www.sec.gov/Archives/edgar/data/1045810/000104581021000063/q1fy22pr.htm,0001045810-21-000063,8-K,2021-05-26,2026-09-20T06:42:28Z,41f09e7d9967222dea3b5465ef73283adf7974f28ad64e934a083408b7d7e4f2,"Revenue is expected to be $6.30 billion, plus or minus 2 percent.",6.507,2021-08-18,https://www.sec.gov/Archives/edgar/data/1045810/000104581021000128/q2fy22pr.htm,0001045810-21-000128,8-K,2021-08-18,2026-09-20T06:42:30Z,b60b3f9b1248e2075cf9a7b9852005e76f8b40435e160672028b32ecad01c490,"Revenue $6,507 $5,661 $3,866 Up 15% Up 68%","reported value falls outside [6.174, 6.426]",open,,,,,,,,,84,,2026-09-20,navneet,false,false,,false,false,missed,sentence,,NVIDIA’s outlook for the second quarter of fiscal 2022 is as follows:,,,,,yes,"The range of $6.30 billion ±2% equals $6.174 billion to $6.426 billion, matching the stated guidance for revenue."
01F6JZH3003HAWN44FJ5DYBZWH,NVIDIA Corporation,NVDA,0001045810,NVIDIA Corporation expects operating expenses GAAP of $1.76 billion for Q2 FY2022.,"GAAP and non-GAAP operating expenses are expected to be approximately $1.76 billion and $1.26 billion, respectively.",operating expenses GAAP,1.76,1.76,USD billions,Q2 FY2022,2021-05-26,https://www.sec.gov/Archives/edgar/data/1045810/000104581021000063/q1fy22pr.htm,0001045810-21-000063,8-K,2021-05-26,2026-09-20T06:42:28Z,41f09e7d9967222dea3b5465ef73283adf7974f28ad64e934a083408b7d7e4f2,"GAAP and non-GAAP operating expenses are expected to be approximately $1.76 billion and $1.26 billion, respectively.",1.771,2021-08-18,https://www.sec.gov/Archives/edgar/data/1045810/000104581021000128/q2fy22pr.htm,0001045810-21-000128,8-K,2021-08-18,2026-09-20T06:42:30Z,b60b3f9b1248e2075cf9a7b9852005e76f8b40435e160672028b32ecad01c490,"Operating expenses $1,771 $1,673 $1,624 Up 6% Up 9%",reported value differs from 1.76 by more than 0.5%,open,,,,,,,,,84,,2026-09-20,navneet,false,false,,false,false,missed,sentence,,NVIDIA’s outlook for the second quarter of fiscal 2022 is as follows:,,,,,yes,"Excerpt states 'GAAP...operating expenses are expected to be approximately $1.76 billion' which matches the metric, number, and unit, with 'expected' indicating forward guidance."
01F6JZH300HXPCACHM2AR75PJH,NVIDIA Corporation,NVDA,0001045810,NVIDIA Corporation expects operating expenses non-GAAP of $1.26 billion for Q2 FY2022.,"GAAP and non-GAAP operating expenses are expected to be approximately $1.76 billion and $1.26 billion, respectively.",operating expenses non-GAAP,1.26,1.26,USD billions,Q2 FY2022,2021-05-26,https://www.sec.gov/Archives/edgar/data/1045810/000104581021000063/q1fy22pr.htm,0001045810-21-000063,8-K,2021-05-26,2026-09-20T06:42:28Z,41f09e7d9967222dea3b5465ef73283adf7974f28ad64e934a083408b7d7e4f2,"GAAP and non-GAAP operating expenses are expected to be approximately $1.76 billion and $1.26 billion, respectively.",1.266,2021-08-18,https://www.sec.gov/Archives/edgar/data/1045810/000104581021000128/q2fy22pr.htm,0001045810-21-000128,8-K,2021-08-18,2026-09-20T06:42:30Z,b60b3f9b1248e2075cf9a7b9852005e76f8b40435e160672028b32ecad01c490,"Operating expenses $1,266 $1,189 $1,035 Up 6% Up 22%",reported value differs from 1.26 by more than 0.5%,open,,,,,,,,,84,,2026-09-20,navneet,false,false,,false,false,met,sentence,,NVIDIA’s outlook for the second quarter of fiscal 2022 is as follows:,,,,,yes,"Excerpt states non-GAAP operating expenses expected to be approximately $1.26 billion, matching the metric, number, and unit provided."
01F6JZH300JQ59PWM9Z2XZA03G,NVIDIA Corporation,NVDA,0001045810,NVIDIA Corporation expects other income and expense of $50 million for Q2 FY2022.,GAAP and non-GAAP other income and expense are both expected to be an expense of approximately $50 million.,other income and expense,50.0,50.0,USD millions,Q2 FY2022,2021-05-26,https://www.sec.gov/Archives/edgar/data/1045810/000104581021000063/q1fy22pr.htm,0001045810-21-000063,8-K,2021-05-26,2026-09-20T06:42:28Z,41f09e7d9967222dea3b5465ef73283adf7974f28ad64e934a083408b7d7e4f2,GAAP and non-GAAP other income and expense are both expected to be an expense of approximately $50 million.,50.0,2021-08-18,https://www.sec.gov/Archives/edgar/data/1045810/000104581021000128/q2fy22pr.htm,0001045810-21-000128,8-K,2021-08-18,2026-09-20T06:42:30Z,b60b3f9b1248e2075cf9a7b9852005e76f8b40435e160672028b32ecad01c490,"GAAP other income (expense), net $ (50) $ 88 $ (42) $ 38 $ (36)",reported value differs from 50 by more than 0.5%,open,,,,,,,,,84,,2026-09-20,navneet,false,false,,false,false,met,sentence,,NVIDIA’s outlook for the second quarter of fiscal 2022 is as follows:,,,,,yes,"Excerpt states other income and expense is 'expected to be an expense of approximately $50 million' matching the guidance metric, number, and unit provided."
01F6JZH3003QQHWTCZG2KBMF47,NVIDIA Corporation,NVDA,0001045810,NVIDIA Corporation expects tax rate of 9% to 11% for Q2 FY2022.,"GAAP and non-GAAP tax rates are both expected to be 10 percent, plus or minus 1 percent, excluding any discrete items.",tax rate,9.0,11.0,percent,Q2 FY2022,2021-05-26,https://www.sec.gov/Archives/edgar/data/1045810/000104581021000063/q1fy22pr.htm,0001045810-21-000063,8-K,2021-05-26,2026-09-20T06:42:28Z,41f09e7d9967222dea3b5465ef73283adf7974f28ad64e934a083408b7d7e4f2,"GAAP and non-GAAP tax rates are both expected to be 10 percent, plus or minus 1 percent, excluding any discrete items.",,,,,,,,,,"reported value falls outside [9, 11]",open,,,,,,,,,,,2026-09-20,navneet,false,false,,false,false,unresolved,sentence,,NVIDIA’s outlook for the second quarter of fiscal 2022 is as follows:,,the model found no line reporting that metric for that period,,,yes,"Excerpt states tax rates 'expected to be 10 percent, plus or minus 1 percent' which equals 9% to 11% range as forward guidance."
01FDB8XF005HXX9J4TT1BTD3XS,NVIDIA Corporation,NVDA,0001045810,NVIDIA Corporation expects revenue of $6.664 billion to $6.936 billion for Q3 FY2022.,"Revenue is expected to be $6.80 billion, plus or minus 2 percent.",revenue,6.664,6.936,USD billions,Q3 FY2022,2021-08-18,https://www.sec.gov/Archives/edgar/data/1045810/000104581021000128/q2fy22pr.htm,0001045810-21-000128,8-K,2021-08-18,2026-09-20T06:42:30Z,b60b3f9b1248e2075cf9a7b9852005e76f8b40435e160672028b32ecad01c490,"Revenue is expected to be $6.80 billion, plus or minus 2 percent.",7.103,2021-11-17,https://www.sec.gov/Archives/edgar/data/1045810/000104581021000160/q3fy22pr.htm,0001045810-21-000160,8-K,2021-11-17,2026-09-20T06:42:31Z,634e38b3370eb20b09c7f82c71fc3fc136af35fd217fe532b1df5e46c84f88f0,"Revenue $7,103 $6,507 $4,726 Up 9% Up 50%","reported value falls outside [6.664, 6.936]",open,,,,,,,,,91,,2026-09-20,navneet,false,false,,false,false,missed,sentence,,NVIDIA’s outlook for the third quarter of fiscal 2022 is as follows:,,,,,yes,"The excerpt states revenue guidance of '$6.80 billion, plus or minus 2 percent' which equals approximately $6.664 billion to $6.936 billion, matching the provided range."
01FDB8XF00JK7B185TGJPVQW8T,NVIDIA Corporation,NVDA,0001045810,NVIDIA Corporation expects operating expenses GAAP of $1.96 billion for Q3 FY2022.,"GAAP and non-GAAP operating expenses are expected to be approximately $1.96 billion and $1.37 billion, respectively.",operating expenses GAAP,1.96,1.96,USD billions,Q3 FY2022,2021-08-18,https://www.sec.gov/Archives/edgar/data/1045810/000104581021000128/q2fy22pr.htm,0001045810-21-000128,8-K,2021-08-18,2026-09-20T06:42:30Z,b60b3f9b1248e2075cf9a7b9852005e76f8b40435e160672028b32ecad01c490,"GAAP and non-GAAP operating expenses are expected to be approximately $1.96 billion and $1.37 billion, respectively.",1.96,2021-11-17,https://www.sec.gov/Archives/edgar/data/1045810/000104581021000160/q3fy22pr.htm,0001045810-21-000160,8-K,2021-11-17,2026-09-20T06:42:31Z,634e38b3370eb20b09c7f82c71fc3fc136af35fd217fe532b1df5e46c84f88f0,"Operating expenses $1,960 $1,771 $1,562 Up 11% Up 25%",reported value differs from 1.96 by more than 0.5%,open,,,,,,,,,91,,2026-09-20,navneet,false,false,,false,false,met,sentence,,NVIDIA’s outlook for the third quarter of fiscal 2022 is as follows:,,,,,yes,"Excerpt states 'GAAP...operating expenses are expected to be approximately $1.96 billion' matching the metric, number, and unit provided."
01FDB8XF00G202P00RREPEVZ97,NVIDIA Corporation,NVDA,0001045810,NVIDIA Corporation expects operating expenses non-GAAP of $1.37 billion for Q3 FY2022.,"GAAP and non-GAAP operating expenses are expected to be approximately $1.96 billion and $1.37 billion, respectively.",operating expenses non-GAAP,1.37,1.37,USD billions,Q3 FY2022,2021-08-18,https://www.sec.gov/Archives/edgar/data/1045810/000104581021000128/q2fy22pr.htm,0001045810-21-000128,8-K,2021-08-18,2026-09-20T06:42:30Z,b60b3f9b1248e2075cf9a7b9852005e76f8b40435e160672028b32ecad01c490,"GAAP and non-GAAP operating expenses are expected to be approximately $1.96 billion and $1.37 billion, respectively.",1.375,2021-11-17,https://www.sec.gov/Archives/edgar/data/1045810/000104581021000160/q3fy22pr.htm,0001045810-21-000160,8-K,2021-11-17,2026-09-20T06:42:31Z,634e38b3370eb20b09c7f82c71fc3fc136af35fd217fe532b1df5e46c84f88f0,"Operating expenses $1,375 $1,266 $1,101 Up 9% Up 25%",reported value differs from 1.37 by more than 0.5%,open,,,,,,,,,91,,2026-09-20,navneet,false,false,,false,false,met,sentence,,NVIDIA’s outlook for the third quarter of fiscal 2022 is as follows:,,,,,yes,"Excerpt states non-GAAP operating expenses expected to be approximately $1.37 billion, matching the metric, number, and unit provided."
01FDB8XF00H7KGNFRWSR0W1PRT,NVIDIA Corporation,NVDA,0001045810,NVIDIA Corporation expects other income and expense of $-60 million for Q3 FY2022.,"GAAP and non-GAAP other income and expense are both expected to be an expense of approximately $60 million, excluding gains and losses on equity securities.",other income and expense,-60.0,-60.0,USD millions,Q3 FY2022,2021-08-18,https://www.sec.gov/Archives/edgar/data/1045810/000104581021000128/q2fy22pr.htm,0001045810-21-000128,8-K,2021-08-18,2026-09-20T06:42:30Z,b60b3f9b1248e2075cf9a7b9852005e76f8b40435e160672028b32ecad01c490,"GAAP and non-GAAP other income and expense are both expected to be an expense of approximately $60 million, excluding gains and losses on equity securities.",-33.0,2021-11-17,https://www.sec.gov/Archives/edgar/data/1045810/000104581021000160/q3fy22pr.htm,0001045810-21-000160,8-K,2021-11-17,2026-09-20T06:42:31Z,634e38b3370eb20b09c7f82c71fc3fc136af35fd217fe532b1df5e46c84f88f0,"GAAP other income (expense), net $ (33) $ (50) $ (50) $ 5 $ (86)",reported value differs from -60 by more than 0.5%,open,,,,,,,,,91,,2026-09-20,navneet,false,false,,false,false,missed,sentence,,NVIDIA’s outlook for the third quarter of fiscal 2022 is as follows:,,,,,yes,Excerpt states 'other income and expense are both expected to be an expense of approximately $60 million' which matches the guidance of $-60 million for the specified period.
01FDB8XF00ZK5X4Q27TBNBDFEA,NVIDIA Corporation,NVDA,0001045810,NVIDIA Corporation expects tax rate of 10.89% to 11.11% for Q3 FY2022.,"GAAP and non-GAAP tax rates are both expected to be 11 percent, plus or minus 1 percent, excluding any discrete items such as excess tax benefits or deficiencies related to stock-based compensation.",tax rate,10.89,11.11,percent,Q3 FY2022,2021-08-18,https://www.sec.gov/Archives/edgar/data/1045810/000104581021000128/q2fy22pr.htm,0001045810-21-000128,8-K,2021-08-18,2026-09-20T06:42:30Z,b60b3f9b1248e2075cf9a7b9852005e76f8b40435e160672028b32ecad01c490,"GAAP and non-GAAP tax rates are both expected to be 11 percent, plus or minus 1 percent, excluding any discrete items such as excess tax benefits or deficiencies related to stock-based compensation.",,,,,,,,,,"reported value falls outside [10.89, 11.11]",open,,,,,,,,,,,2026-09-20,navneet,false,false,,false,false,unresolved,sentence,,NVIDIA’s outlook for the third quarter of fiscal 2022 is as follows:,,the model found no line reporting that metric for that period,,,yes,"The excerpt states tax rates 'expected to be 11 percent, plus or minus 1 percent' which equals 10-12%, encompassing the stated range of 10.89% to 11.11%"
01FMNK2W00FS8GQ0R0T2JN0GCV,NVIDIA Corporation,NVDA,0001045810,NVIDIA Corporation expects revenue of $7.252 billion to $7.548 billion for Q4 FY2022.,"Revenue is expected to be $7.40 billion, plus or minus 2 percent.",revenue,7.252,7.548,USD billions,Q4 FY2022,2021-11-17,https://www.sec.gov/Archives/edgar/data/1045810/000104581021000160/q3fy22pr.htm,0001045810-21-000160,8-K,2021-11-17,2026-09-20T06:42:31Z,634e38b3370eb20b09c7f82c71fc3fc136af35fd217fe532b1df5e46c84f88f0,"Revenue is expected to be $7.40 billion, plus or minus 2 percent.",7.643,2022-02-16,https://www.sec.gov/Archives/edgar/data/1045810/000104581022000008/q4fy22pr.htm,0001045810-22-000008,8-K,2022-02-16,2026-09-20T06:42:33Z,d9e8debdc5d493cf82cc20948c3858e23592de9397e2e65ec8631996a1f5e46c,"Revenue $7,643 $7,103 $5,003 Up 8% Up 53%","reported value falls outside [7.252, 7.548]",open,,,,,,,,,91,,2026-09-20,navneet,false,false,,false,false,missed,sentence,,NVIDIA’s outlook for the fourth quarter of fiscal 2022 is as follows:,,,,,yes,"The excerpt states revenue guidance of '$7.40 billion, plus or minus 2 percent' which equals approximately $7.252 billion to $7.548 billion, matching the provided range for Q4 FY2022."
01FMNK2W00S14Q24Q6NS7M715G,NVIDIA Corporation,NVDA,0001045810,NVIDIA Corporation expects operating expenses GAAP of $2.02 billion for Q4 FY2022.,"GAAP and non-GAAP operating expenses are expected to be approximately $2.02 billion and $1.43 billion, respectively.",operating expenses GAAP,2.02,2.02,USD billions,Q4 FY2022,2021-11-17,https://www.sec.gov/Archives/edgar/data/1045810/000104581021000160/q3fy22pr.htm,0001045810-21-000160,8-K,2021-11-17,2026-09-20T06:42:31Z,634e38b3370eb20b09c7f82c71fc3fc136af35fd217fe532b1df5e46c84f88f0,"GAAP and non-GAAP operating expenses are expected to be approximately $2.02 billion and $1.43 billion, respectively.",2.029,2022-02-16,https://www.sec.gov/Archives/edgar/data/1045810/000104581022000008/q4fy22pr.htm,0001045810-22-000008,8-K,2022-02-16,2026-09-20T06:42:33Z,d9e8debdc5d493cf82cc20948c3858e23592de9397e2e65ec8631996a1f5e46c,"Operating expenses $2,029 $1,960 $1,650 Up 4% Up 23%",reported value differs from 2.02 by more than 0.5%,open,,,,,,,,,91,,2026-09-20,navneet,false,false,,false,false,met,sentence,,NVIDIA’s outlook for the fourth quarter of fiscal 2022 is as follows:,,,,,yes,"Excerpt states 'GAAP...operating expenses are expected to be approximately $2.02 billion' matching the metric, number, and unit for forward guidance."
01FMNK2W00MGVH7BBXPYSFWSHK,NVIDIA Corporation,NVDA,0001045810,NVIDIA Corporation expects operating expenses non-GAAP of $1.43 billion for Q4 FY2022.,"GAAP and non-GAAP operating expenses are expected to be approximately $2.02 billion and $1.43 billion, respectively.",operating expenses non-GAAP,1.43,1.43,USD billions,Q4 FY2022,2021-11-17,https://www.sec.gov/Archives/edgar/data/1045810/000104581021000160/q3fy22pr.htm,0001045810-21-000160,8-K,2021-11-17,2026-09-20T06:42:31Z,634e38b3370eb20b09c7f82c71fc3fc136af35fd217fe532b1df5e46c84f88f0,"GAAP and non-GAAP operating expenses are expected to be approximately $2.02 billion and $1.43 billion, respectively.",1.447,2022-02-16,https://www.sec.gov/Archives/edgar/data/1045810/000104581022000008/q4fy22pr.htm,0001045810-22-000008,8-K,2022-02-16,2026-09-20T06:42:33Z,d9e8debdc5d493cf82cc20948c3858e23592de9397e2e65ec8631996a1f5e46c,"Operating expenses $1,447 $1,375 $1,187 Up 5% Up 22%",reported value differs from 1.43 by more than 0.5%,open,,,,,,,,,91,,2026-09-20,navneet,false,false,,false,false,missed,sentence,,NVIDIA’s outlook for the fourth quarter of fiscal 2022 is as follows:,,,,,yes,"Excerpt states non-GAAP operating expenses expected to be approximately $1.43 billion, matching the metric, number, and unit provided."
01FMNK2W00W11KTPZYYXGDEV25,NVIDIA Corporation,NVDA,0001045810,NVIDIA Corporation expects other income and expense of $-60 million for Q4 FY2022.,"GAAP and non-GAAP other income and expense are both expected to be an expense of approximately $60 million, excluding gains and losses from non-affiliated investments.",other income and expense,-60.0,-60.0,USD millions,Q4 FY2022,2021-11-17,https://www.sec.gov/Archives/edgar/data/1045810/000104581021000160/q3fy22pr.htm,0001045810-21-000160,8-K,2021-11-17,2026-09-20T06:42:31Z,634e38b3370eb20b09c7f82c71fc3fc136af35fd217fe532b1df5e46c84f88f0,"GAAP and non-GAAP other income and expense are both expected to be an expense of approximately $60 million, excluding gains and losses from non-affiliated investments.",,,,,,,,,,reported value differs from -60 by more than 0.5%,open,,,,,,,,,,,2026-09-20,navneet,false,false,,false,false,unresolved,sentence,,NVIDIA’s outlook for the fourth quarter of fiscal 2022 is as follows:,,the model found no line reporting that metric for that period,,,yes,Excerpt states 'other income and expense are both expected to be an expense of approximately $60 million' which matches the guidance of $-60 million for the specified period.
01FMNK2W00C4C4GZRTP5Q102M3,NVIDIA Corporation,NVDA,0001045810,NVIDIA Corporation expects tax rate of 10.89% to 11.11% for Q4 FY2022.,"GAAP and non-GAAP tax rates are both expected to be 11 percent, plus or minus 1 percent, excluding any discrete items such as excess tax benefits or deficiencies related to stock-based compensation.",tax rate,10.89,11.11,percent,Q4 FY2022,2021-11-17,https://www.sec.gov/Archives/edgar/data/1045810/000104581021000160/q3fy22pr.htm,0001045810-21-000160,8-K,2021-11-17,2026-09-20T06:42:31Z,634e38b3370eb20b09c7f82c71fc3fc136af35fd217fe532b1df5e46c84f88f0,"GAAP and non-GAAP tax rates are both expected to be 11 percent, plus or minus 1 percent, excluding any discrete items such as excess tax benefits or deficiencies related to stock-based compensation.",,,,,,,,,,"reported value falls outside [10.89, 11.11]",open,,,,,,,,,,,2026-09-20,navneet,false,false,,false,false,unresolved,sentence,,NVIDIA’s outlook for the fourth quarter of fiscal 2022 is as follows:,,the model found no line reporting that metric for that period,,,yes,"The excerpt states tax rates 'expected to be 11 percent, plus or minus 1 percent' which equals 10-12%, encompassing the stated range of 10.89% to 11.11%, and uses forward guidance language 'expected t"
01FVZX89008XQ3ZRDPRDPQEDYH,NVIDIA Corporation,NVDA,0001045810,NVIDIA Corporation expects operating expenses GAAP of $1.36 billion for Q1 FY2023.,NVIDIA intends to record in operating expenses a $1.36 billion charge (the Arm Write-off) in the first quarter of fiscal 2023 reflecting the write-off of the prepayment provided at signing in September 2020.,operating expenses GAAP,1.36,1.36,USD billions,Q1 FY2023,2022-02-16,https://www.sec.gov/Archives/edgar/data/1045810/000104581022000008/q4fy22pr.htm,0001045810-22-000008,8-K,2022-02-16,2026-09-20T06:42:33Z,d9e8debdc5d493cf82cc20948c3858e23592de9397e2e65ec8631996a1f5e46c,NVIDIA intends to record in operating expenses a $1.36 billion charge (the Arm Write-off) in the first quarter of fiscal 2023 reflecting the write-off of the prepayment provided at signing in September 2020.,3.563,2022-05-25,https://www.sec.gov/Archives/edgar/data/1045810/000104581022000073/q1fy23pr.htm,0001045810-22-000073,8-K,2022-05-25,2026-09-20T06:42:34Z,9f4a0ec874852448d0d0d26aec448d3dacb13d311e444151e250d9e713b826a2,"Operating expenses $3,563 $2,029 $1,673 Up 76% Up 113%",reported value differs from 1.36 by more than 0.5%,open,,,,,,,,,98,,2026-09-20,navneet,false,false,,false,false,missed,sentence,,,,,,,yes,"Excerpt explicitly states 'operating expenses a $1.36 billion charge' for 'first quarter of fiscal 2023', matching the metric, number, unit, and period exactly."
01FVZX890025MWXM131X25J1PR,NVIDIA Corporation,NVDA,0001045810,NVIDIA Corporation expects revenue of $7.938 billion to $8.262 billion for Q1 FY2023.,"Revenue is expected to be $8.10 billion, plus or minus 2 percent.",revenue,7.938,8.262,USD billions,Q1 FY2023,2022-02-16,https://www.sec.gov/Archives/edgar/data/1045810/000104581022000008/q4fy22pr.htm,0001045810-22-000008,8-K,2022-02-16,2026-09-20T06:42:33Z,d9e8debdc5d493cf82cc20948c3858e23592de9397e2e65ec8631996a1f5e46c,"Revenue is expected to be $8.10 billion, plus or minus 2 percent.",8.288,2022-05-25,https://www.sec.gov/Archives/edgar/data/1045810/000104581022000073/q1fy23pr.htm,0001045810-22-000073,8-K,2022-05-25,2026-09-20T06:42:34Z,9f4a0ec874852448d0d0d26aec448d3dacb13d311e444151e250d9e713b826a2,"Revenue $8,288 $7,643 $5,661 Up 8% Up 46%","reported value falls outside [7.938, 8.262]",open,,,,,,,,,98,,2026-09-20,navneet,false,false,,false,false,missed,sentence,Outlook,NVIDIA’s outlook for the first quarter of fiscal 2023 is as follows:,,,,,yes,"The range of $8.10 billion ±2% equals $7.938 billion to $8.262 billion, matching the stated guidance for revenue in the specified period."
01FVZX8900C0PD222SFAWQNEZP,NVIDIA Corporation,NVDA,0001045810,NVIDIA Corporation expects operating expenses non-GAAP of $1.6 billion for Q1 FY2023.,Non-GAAP operating expenses are expected to be $1.60 billion.,operating expenses non-GAAP,1.6,1.6,USD billions,Q1 FY2023,2022-02-16,https://www.sec.gov/Archives/edgar/data/1045810/000104581022000008/q4fy22pr.htm,0001045810-22-000008,8-K,2022-02-16,2026-09-20T06:42:33Z,d9e8debdc5d493cf82cc20948c3858e23592de9397e2e65ec8631996a1f5e46c,Non-GAAP operating expenses are expected to be $1.60 billion.,1.608,2022-05-25,https://www.sec.gov/Archives/edgar/data/1045810/000104581022000073/q1fy23pr.htm,0001045810-22-000073,8-K,2022-05-25,2026-09-20T06:42:34Z,9f4a0ec874852448d0d0d26aec448d3dacb13d311e444151e250d9e713b826a2,"Operating expenses $1,608 $1,447 $1,189 Up 11% Up 35%",reported value differs from 1.6 by more than 0.5%,open,,,,,,,,,98,,2026-09-20,navneet,false,false,,false,false,missed,sentence,,NVIDIA’s outlook for the first quarter of fiscal 2023 is as follows:,,,,,yes,"Excerpt states 'Non-GAAP operating expenses are expected to be $1.60 billion' which matches the metric, number, and unit provided."
01FVZX8900K829RAPWJ3ZN1XVK,NVIDIA Corporation,NVDA,0001045810,NVIDIA Corporation expects other income and expense of $55 million for Q1 FY2023.,"GAAP and non-GAAP other income and expense are both expected to be an expense of approximately $55 million, excluding gains and losses from non-affiliated investments.",other income and expense,55.0,55.0,USD millions,Q1 FY2023,2022-02-16,https://www.sec.gov/Archives/edgar/data/1045810/000104581022000008/q4fy22pr.htm,0001045810-22-000008,8-K,2022-02-16,2026-09-20T06:42:33Z,d9e8debdc5d493cf82cc20948c3858e23592de9397e2e65ec8631996a1f5e46c,"GAAP and non-GAAP other income and expense are both expected to be an expense of approximately $55 million, excluding gains and losses from non-affiliated investments.",63.0,2022-05-25,https://www.sec.gov/Archives/edgar/data/1045810/000104581022000073/q1fy23pr.htm,0001045810-22-000073,8-K,2022-05-25,2026-09-20T06:42:34Z,9f4a0ec874852448d0d0d26aec448d3dacb13d311e444151e250d9e713b826a2,"GAAP other income (expense), net $ (63) $ (105) $ 88",reported value differs from 55 by more than 0.5%,open,,,,,,,,,98,,2026-09-20,navneet,false,false,,false,false,missed,sentence,,NVIDIA’s outlook for the first quarter of fiscal 2023 is as follows:,,,,,yes,Excerpt states 'other income and expense are both expected to be an expense of approximately $55 million' which matches the guidance of $55 million USD for the specified metric and period.
01G3W86Q00X1K9MX5XC84WS835,NVIDIA Corporation,NVDA,0001045810,NVIDIA Corporation expects revenue of $7.938 billion to $8.262 billion for Q2 FY2023.,"Revenue is expected to be $8.10 billion, plus or minus 2%.",revenue,7.938,8.262,USD billions,Q2 FY2023,2022-05-25,https://www.sec.gov/Archives/edgar/data/1045810/000104581022000073/q1fy23pr.htm,0001045810-22-000073,8-K,2022-05-25,2026-09-20T06:42:34Z,9f4a0ec874852448d0d0d26aec448d3dacb13d311e444151e250d9e713b826a2,"Revenue is expected to be $8.10 billion, plus or minus 2%.",6.704,2022-08-24,https://www.sec.gov/Archives/edgar/data/1045810/000104581022000136/q2fy23pr.htm,0001045810-22-000136,8-K,2022-08-24,2026-09-20T06:42:36Z,8dfc247781ed90d5e1ad3ec054f085c96b2612d3bc50e1f8c382d39669ccf2b9,"Revenue $6,704 $8,288 $6,507 Down 19% Up 3%","reported value falls outside [7.938, 8.262]",open,,,,,,,,,91,,2026-09-20,navneet,false,false,,false,false,missed,sentence,Outlook,NVIDIA’s outlook for the second quarter of fiscal 2023 is as follows:,,,,,yes,"The range of $8.10 billion ±2% equals $7.938 billion to $8.262 billion, matching the stated guidance for revenue."
01G3W86Q00WBXXSV0G4ZMEV0C2,NVIDIA Corporation,NVDA,0001045810,NVIDIA Corporation expects operating expenses GAAP of $2.46 billion for Q2 FY2023.,"GAAP and non-GAAP operating expenses are expected to be approximately $2.46 billion and $1.75 billion, respectively.",operating expenses GAAP,2.46,2.46,USD billions,Q2 FY2023,2022-05-25,https://www.sec.gov/Archives/edgar/data/1045810/000104581022000073/q1fy23pr.htm,0001045810-22-000073,8-K,2022-05-25,2026-09-20T06:42:34Z,9f4a0ec874852448d0d0d26aec448d3dacb13d311e444151e250d9e713b826a2,"GAAP and non-GAAP operating expenses are expected to be approximately $2.46 billion and $1.75 billion, respectively.",2.416,2022-08-08,https://www.sec.gov/Archives/edgar/data/1045810/000104581022000133/pressrelease.htm,0001045810-22-000133,8-K,2022-08-08,2026-09-20T06:42:35Z,0b749293346e3b949640f7551432e3a7a1105172f08d3b869b8f72f6798bb030,"GAAP operating expenses $2,416",reported value differs from 2.46 by more than 0.5%,open,,,,,,,,,75,,2026-09-20,navneet,false,false,,false,false,missed,sentence,Outlook,NVIDIA’s outlook for the second quarter of fiscal 2023 is as follows:,,,,,yes,"Excerpt states 'GAAP...operating expenses are expected to be approximately $2.46 billion' matching the metric, number, and unit for forward guidance."
01G3W86Q003KYTNKSMZ458XQ81,NVIDIA Corporation,NVDA,0001045810,NVIDIA Corporation expects operating expenses non-GAAP of $1.75 billion for Q2 FY2023.,"GAAP and non-GAAP operating expenses are expected to be approximately $2.46 billion and $1.75 billion, respectively.",operating expenses non-GAAP,1.75,1.75,USD billions,Q2 FY2023,2022-05-25,https://www.sec.gov/Archives/edgar/data/1045810/000104581022000073/q1fy23pr.htm,0001045810-22-000073,8-K,2022-05-25,2026-09-20T06:42:34Z,9f4a0ec874852448d0d0d26aec448d3dacb13d311e444151e250d9e713b826a2,"GAAP and non-GAAP operating expenses are expected to be approximately $2.46 billion and $1.75 billion, respectively.",1.749,2022-08-08,https://www.sec.gov/Archives/edgar/data/1045810/000104581022000133/pressrelease.htm,0001045810-22-000133,8-K,2022-08-08,2026-09-20T06:42:35Z,0b749293346e3b949640f7551432e3a7a1105172f08d3b869b8f72f6798bb030,"Non-GAAP operating expenses $1,749",reported value differs from 1.75 by more than 0.5%,open,,,,,,,,,75,,2026-09-20,navneet,false,false,,false,false,met,sentence,Outlook,NVIDIA’s outlook for the second quarter of fiscal 2023 is as follows:,,,,,yes,"Excerpt states non-GAAP operating expenses expected to be approximately $1.75 billion, matching the metric, number, and unit specified."
01G3W86Q00J8R2759CM72KWYZY,NVIDIA Corporation,NVDA,0001045810,NVIDIA Corporation expects other income and expense of $-40 million for Q2 FY2023.,"GAAP and non-GAAP other income and expense are expected to be an expense of approximately $40 million, excluding gains and losses from non-affiliated investments.",other income and expense,-40.0,-40.0,USD millions,Q2 FY2023,2022-05-25,https://www.sec.gov/Archives/edgar/data/1045810/000104581022000073/q1fy23pr.htm,0001045810-22-000073,8-K,2022-05-25,2026-09-20T06:42:34Z,9f4a0ec874852448d0d0d26aec448d3dacb13d311e444151e250d9e713b826a2,"GAAP and non-GAAP other income and expense are expected to be an expense of approximately $40 million, excluding gains and losses from non-affiliated investments.",-40.0,2022-08-08,https://www.sec.gov/Archives/edgar/data/1045810/000104581022000133/pressrelease.htm,0001045810-22-000133,8-K,2022-08-08,2026-09-20T06:42:35Z,0b749293346e3b949640f7551432e3a7a1105172f08d3b869b8f72f6798bb030,"GAAP and non-GAAP other income and expense $40 million expense $24 million and $16 million expense, respectively",reported value differs from -40 by more than 0.5%,open,,,,,,,,,75,,2026-09-20,navneet,false,false,,false,false,met,sentence,Outlook,NVIDIA’s outlook for the second quarter of fiscal 2023 is as follows:,,,,,yes,Excerpt states 'other income and expense are expected to be an expense of approximately $40 million' which matches the guidance of $-40 million for the specified period.
01G3W86Q0069DFP72V1Q5SBC41,NVIDIA Corporation,NVDA,0001045810,NVIDIA Corporation expects tax rate of 11.5% to 13.5% for Q2 FY2023.,"GAAP and non-GAAP tax rates are expected to be 12.5%, plus or minus 1%, excluding any discrete items.",tax rate,11.5,13.5,percent,Q2 FY2023,2022-05-25,https://www.sec.gov/Archives/edgar/data/1045810/000104581022000073/q1fy23pr.htm,0001045810-22-000073,8-K,2022-05-25,2026-09-20T06:42:34Z,9f4a0ec874852448d0d0d26aec448d3dacb13d311e444151e250d9e713b826a2,"GAAP and non-GAAP tax rates are expected to be 12.5%, plus or minus 1%, excluding any discrete items.",-35.0,2022-08-08,https://www.sec.gov/Archives/edgar/data/1045810/000104581022000133/pressrelease.htm,0001045810-22-000133,8-K,2022-08-08,2026-09-20T06:42:35Z,0b749293346e3b949640f7551432e3a7a1105172f08d3b869b8f72f6798bb030,GAAP tax rate (benefit) (35%),"reported value falls outside [11.5, 13.5]",open,,,,,,,,,75,,2026-09-20,navneet,false,false,,false,false,missed,sentence,Outlook,NVIDIA’s outlook for the second quarter of fiscal 2023 is as follows:,,,,,yes,"The excerpt states tax rates 'expected to be 12.5%, plus or minus 1%' which equals 11.5% to 13.5%, matching the guidance range provided."
01G9XC0M00M812TMTF1MRZSKEC,NVIDIA Corporation,NVDA,0001045810,NVIDIA Corporation expects revenue of $6.7 billion for Q2 FY2023.,"Second quarter revenue is expected to be approximately $6.70 billion, down 19% sequentially and up 3% from the prior year, primarily reflecting weaker than forecasted Gaming revenue.",revenue,6.7,6.7,USD billions,Q2 FY2023,2022-08-08,https://www.sec.gov/Archives/edgar/data/1045810/000104581022000133/pressrelease.htm,0001045810-22-000133,8-K,2022-08-08,2026-09-20T06:42:35Z,0b749293346e3b949640f7551432e3a7a1105172f08d3b869b8f72f6798bb030,"Second quarter revenue is expected to be approximately $6.70 billion, down 19% sequentially and up 3% from the prior year, primarily reflecting weaker than forecasted Gaming revenue.",6.7,2022-08-24,https://www.sec.gov/Archives/edgar/data/1045810/000104581022000136/q2fy23pr.htm,0001045810-22-000136,8-K,2022-08-24,2026-09-20T06:42:36Z,8dfc247781ed90d5e1ad3ec054f085c96b2612d3bc50e1f8c382d39669ccf2b9,"Quarterly revenue of $6.70 billion, up 3% from a year ago",reported value differs from 6.7 by more than 0.5%,open,,,,,,,,,16,,2026-09-20,navneet,false,false,,false,false,met,sentence,,FOR IMMEDIATE RELEASE:,,,,,yes,"Excerpt states 'Second quarter revenue is expected to be approximately $6.70 billion' which matches the guidance metric (revenue), number ($6.7 billion), unit (billions USD), and period (Q2, described"
01GB6JC4003C47SD8RJAFJ4TH7,NVIDIA Corporation,NVDA,0001045810,NVIDIA Corporation expects revenue of $5.782 billion to $6.018 billion for Q3 FY2023.,"Revenue is expected to be $5.90 billion, plus or minus 2%.",revenue,5.782,6.018,USD billions,Q3 FY2023,2022-08-24,https://www.sec.gov/Archives/edgar/data/1045810/000104581022000136/q2fy23pr.htm,0001045810-22-000136,8-K,2022-08-24,2026-09-20T06:42:36Z,8dfc247781ed90d5e1ad3ec054f085c96b2612d3bc50e1f8c382d39669ccf2b9,"Revenue is expected to be $5.90 billion, plus or minus 2%.",5.93,2022-11-16,https://www.sec.gov/Archives/edgar/data/1045810/000104581022000163/q3fy23pr.htm,0001045810-22-000163,8-K,2022-11-16,2026-09-20T06:42:38Z,a13eb49875c3fac263c9e9158670df4beb1aa3e12b231e1650184efef6103010,"SANTA CLARA, Calif.-Nov. 16, 2022- NVIDIA (NASDAQ: NVDA) today reported revenue for the third quarter ended October 30, 2022, of $5.93 billion, down 17% from a year ago and down 12% from the previous quarter.","reported value falls outside [5.782, 6.018]",open,,,,,,,,,84,,2026-09-20,navneet,false,false,,false,false,met,sentence,Outlook,NVIDIA’s outlook for the third quarter of fiscal 2023 is as follows:,,,,,yes,"The range $5.90 billion ±2% equals approximately $5.782 billion to $6.018 billion, matching the stated guidance for revenue."
01GB6JC400RC16SNRY3B0KFCTY,NVIDIA Corporation,NVDA,0001045810,NVIDIA Corporation expects operating expenses GAAP of $2.59 billion for Q3 FY2023.,"GAAP and non-GAAP operating expenses are expected to be approximately $2.59 billion and $1.82 billion, respectively.",operating expenses GAAP,2.59,2.59,USD billions,Q3 FY2023,2022-08-24,https://www.sec.gov/Archives/edgar/data/1045810/000104581022000136/q2fy23pr.htm,0001045810-22-000136,8-K,2022-08-24,2026-09-20T06:42:36Z,8dfc247781ed90d5e1ad3ec054f085c96b2612d3bc50e1f8c382d39669ccf2b9,"GAAP and non-GAAP operating expenses are expected to be approximately $2.59 billion and $1.82 billion, respectively.",2.576,2022-11-16,https://www.sec.gov/Archives/edgar/data/1045810/000104581022000163/q3fy23pr.htm,0001045810-22-000163,8-K,2022-11-16,2026-09-20T06:42:38Z,a13eb49875c3fac263c9e9158670df4beb1aa3e12b231e1650184efef6103010,"Operating expenses $2,576 $2,416 $1,960 Up 7% Up 31%",reported value differs from 2.59 by more than 0.5%,open,,,,,,,,,84,,2026-09-20,navneet,false,false,,false,false,missed,sentence,Outlook,NVIDIA’s outlook for the third quarter of fiscal 2023 is as follows:,,,,,yes,"Excerpt states 'GAAP...operating expenses are expected to be approximately $2.59 billion' matching the metric, number, and forward guidance nature of the claim."
01GB6JC400K2GKED2F9PYE4YMH,NVIDIA Corporation,NVDA,0001045810,NVIDIA Corporation expects operating expenses non-GAAP of $1.82 billion for Q3 FY2023.,"GAAP and non-GAAP operating expenses are expected to be approximately $2.59 billion and $1.82 billion, respectively.",operating expenses non-GAAP,1.82,1.82,USD billions,Q3 FY2023,2022-08-24,https://www.sec.gov/Archives/edgar/data/1045810/000104581022000136/q2fy23pr.htm,0001045810-22-000136,8-K,2022-08-24,2026-09-20T06:42:36Z,8dfc247781ed90d5e1ad3ec054f085c96b2612d3bc50e1f8c382d39669ccf2b9,"GAAP and non-GAAP operating expenses are expected to be approximately $2.59 billion and $1.82 billion, respectively.",1.793,2022-11-16,https://www.sec.gov/Archives/edgar/data/1045810/000104581022000163/q3fy23pr.htm,0001045810-22-000163,8-K,2022-11-16,2026-09-20T06:42:38Z,a13eb49875c3fac263c9e9158670df4beb1aa3e12b231e1650184efef6103010,"Operating expenses $1,793 $1,749 $1,375 Up 3% Up 30%",reported value differs from 1.82 by more than 0.5%,open,,,,,,,,,84,,2026-09-20,navneet,false,false,,false,false,missed,sentence,Outlook,NVIDIA’s outlook for the third quarter of fiscal 2023 is as follows:,,,,,yes,"Excerpt states non-GAAP operating expenses expected to be approximately $1.82 billion, matching the metric, number, and unit provided."
01GB6JC4004MZHKFE670ZRRW05,NVIDIA Corporation,NVDA,0001045810,NVIDIA Corporation expects other income and expense of $-10 million for Q3 FY2023.,"GAAP and non-GAAP other income and expense are expected to be an expense of approximately $10 million, excluding gains and losses from non-affiliated investments.",other income and expense,-10.0,-10.0,USD millions,Q3 FY2023,2022-08-24,https://www.sec.gov/Archives/edgar/data/1045810/000104581022000136/q2fy23pr.htm,0001045810-22-000136,8-K,2022-08-24,2026-09-20T06:42:36Z,8dfc247781ed90d5e1ad3ec054f085c96b2612d3bc50e1f8c382d39669ccf2b9,"GAAP and non-GAAP other income and expense are expected to be an expense of approximately $10 million, excluding gains and losses from non-affiliated investments.",12.0,2022-11-16,https://www.sec.gov/Archives/edgar/data/1045810/000104581022000163/q3fy23pr.htm,0001045810-22-000163,8-K,2022-11-16,2026-09-20T06:42:38Z,a13eb49875c3fac263c9e9158670df4beb1aa3e12b231e1650184efef6103010,"GAAP other income (expense), net $ 12 $ (24) $ (33) $ (75) $ 5",reported value differs from -10 by more than 0.5%,open,,,,,,,,,84,,2026-09-20,navneet,false,false,,false,false,missed,sentence,Outlook,NVIDIA’s outlook for the third quarter of fiscal 2023 is as follows:,,,,,yes,Excerpt states 'other income and expense are expected to be an expense of approximately $10 million' which matches the guidance of $-10 million for the specified period.
01GB6JC400MPKM8W1YBR7T2A92,NVIDIA Corporation,NVDA,0001045810,NVIDIA Corporation expects tax rate of 8.5% to 10.5% for Q3 FY2023.,"GAAP and non-GAAP tax rates are expected to be 9.5%, plus or minus 1%, excluding any discrete items.",tax rate,8.5,10.5,percent,Q3 FY2023,2022-08-24,https://www.sec.gov/Archives/edgar/data/1045810/000104581022000136/q2fy23pr.htm,0001045810-22-000136,8-K,2022-08-24,2026-09-20T06:42:36Z,8dfc247781ed90d5e1ad3ec054f085c96b2612d3bc50e1f8c382d39669ccf2b9,"GAAP and non-GAAP tax rates are expected to be 9.5%, plus or minus 1%, excluding any discrete items.",,,,,,,,,,"reported value falls outside [8.5, 10.5]",open,,,,,,,,,,,2026-09-20,navneet,false,false,,false,false,unresolved,sentence,Outlook,NVIDIA’s outlook for the third quarter of fiscal 2023 is as follows:,,the model found no line reporting that metric for that period,,,yes,"The excerpt states tax rates 'expected to be 9.5%, plus or minus 1%' which equals 8.5% to 10.5%, matching the guidance range provided."
01GHYVRG00642EBBPJ3GCE8V6T,NVIDIA Corporation,NVDA,0001045810,NVIDIA Corporation expects revenue of $5.88 billion to $6.12 billion for Q4 FY2023.,"Revenue is expected to be $6.00 billion, plus or minus 2%.",revenue,5.88,6.12,USD billions,Q4 FY2023,2022-11-16,https://www.sec.gov/Archives/edgar/data/1045810/000104581022000163/q3fy23pr.htm,0001045810-22-000163,8-K,2022-11-16,2026-09-20T06:42:38Z,a13eb49875c3fac263c9e9158670df4beb1aa3e12b231e1650184efef6103010,"Revenue is expected to be $6.00 billion, plus or minus 2%.",6.05,2023-02-22,https://www.sec.gov/Archives/edgar/data/1045810/000104581023000014/q4fy23pr.htm,0001045810-23-000014,8-K,2023-02-22,2026-09-20T06:42:39Z,ace173acf68a8437e9b0a91b617ce53420cc5458fa4bc388524f18699b633f3e,"Quarterly revenue of $6.05 billion, down 21% from a year ago","reported value falls outside [5.88, 6.12]",open,,,,,,,,,98,,2026-09-20,navneet,false,false,,false,false,met,sentence,Outlook,NVIDIA’s outlook for the fourth quarter of fiscal 2023 is as follows:,,,,,yes,"The excerpt states revenue guidance of '$6.00 billion, plus or minus 2%' which equals $5.88 billion to $6.12 billion, matching the specified range and metric."
01GHYVRG002GJZCZ9EYRR6GWEK,NVIDIA Corporation,NVDA,0001045810,NVIDIA Corporation expects operating expenses GAAP of $2.56 billion for Q4 FY2023.,"GAAP and non-GAAP operating expenses are expected to be approximately $2.56 billion and $1.78 billion, respectively.",operating expenses GAAP,2.56,2.56,USD billions,Q4 FY2023,2022-11-16,https://www.sec.gov/Archives/edgar/data/1045810/000104581022000163/q3fy23pr.htm,0001045810-22-000163,8-K,2022-11-16,2026-09-20T06:42:38Z,a13eb49875c3fac263c9e9158670df4beb1aa3e12b231e1650184efef6103010,"GAAP and non-GAAP operating expenses are expected to be approximately $2.56 billion and $1.78 billion, respectively.",2.576,2023-02-22,https://www.sec.gov/Archives/edgar/data/1045810/000104581023000014/q4fy23pr.htm,0001045810-23-000014,8-K,2023-02-22,2026-09-20T06:42:39Z,ace173acf68a8437e9b0a91b617ce53420cc5458fa4bc388524f18699b633f3e,"Operating expenses $2,576 $2,576 $2,029 -- Up 27%",reported value differs from 2.56 by more than 0.5%,open,,,,,,,,,98,,2026-09-20,navneet,false,false,,false,false,missed,sentence,Outlook,NVIDIA’s outlook for the fourth quarter of fiscal 2023 is as follows:,,,,,yes,"Excerpt states 'GAAP...operating expenses are expected to be approximately $2.56 billion' matching the metric, number, and unit for forward guidance."
01GHYVRG00ZP06E85F01C8KHXE,NVIDIA Corporation,NVDA,0001045810,NVIDIA Corporation expects operating expenses non-GAAP of $1.78 billion for Q4 FY2023.,"GAAP and non-GAAP operating expenses are expected to be approximately $2.56 billion and $1.78 billion, respectively.",operating expenses non-GAAP,1.78,1.78,USD billions,Q4 FY2023,2022-11-16,https://www.sec.gov/Archives/edgar/data/1045810/000104581022000163/q3fy23pr.htm,0001045810-22-000163,8-K,2022-11-16,2026-09-20T06:42:38Z,a13eb49875c3fac263c9e9158670df4beb1aa3e12b231e1650184efef6103010,"GAAP and non-GAAP operating expenses are expected to be approximately $2.56 billion and $1.78 billion, respectively.",1.775,2023-02-22,https://www.sec.gov/Archives/edgar/data/1045810/000104581023000014/q4fy23pr.htm,0001045810-23-000014,8-K,2023-02-22,2026-09-20T06:42:39Z,ace173acf68a8437e9b0a91b617ce53420cc5458fa4bc388524f18699b633f3e,"Operating expenses $1,775 $1,793 $1,447 Down 1% Up 23%",reported value differs from 1.78 by more than 0.5%,open,,,,,,,,,98,,2026-09-20,navneet,false,false,,false,false,met,sentence,Outlook,NVIDIA’s outlook for the fourth quarter of fiscal 2023 is as follows:,,,,,yes,"Excerpt states non-GAAP operating expenses expected to be approximately $1.78 billion, matching the metric, number, and unit provided."
01GHYVRG00BQMH5Z1S2YH8QV1A,NVIDIA Corporation,NVDA,0001045810,NVIDIA Corporation expects other income and expense of $40 million for Q4 FY2023.,"GAAP and non-GAAP other income and expense are expected to be an income of approximately $40 million, excluding gains and losses from non-affiliated investments.",other income and expense,40.0,40.0,USD millions,Q4 FY2023,2022-11-16,https://www.sec.gov/Archives/edgar/data/1045810/000104581022000163/q3fy23pr.htm,0001045810-22-000163,8-K,2022-11-16,2026-09-20T06:42:38Z,a13eb49875c3fac263c9e9158670df4beb1aa3e12b231e1650184efef6103010,"GAAP and non-GAAP other income and expense are expected to be an income of approximately $40 million, excluding gains and losses from non-affiliated investments.",32.0,2023-02-22,https://www.sec.gov/Archives/edgar/data/1045810/000104581023000014/q4fy23pr.htm,0001045810-23-000014,8-K,2023-02-22,2026-09-20T06:42:39Z,ace173acf68a8437e9b0a91b617ce53420cc5458fa4bc388524f18699b633f3e,"GAAP other income (expense), net $ 32 $ 12 $ (105) $ (43) $ (100)",reported value differs from 40 by more than 0.5%,open,,,,,,,,,98,,2026-09-20,navneet,false,false,,false,false,missed,sentence,Outlook,NVIDIA’s outlook for the fourth quarter of fiscal 2023 is as follows:,,,,,yes,"Excerpt states 'other income and expense are expected to be an income of approximately $40 million' which matches the guidance metric, number, and unit; period context indicates Q4 FY2023 guidance."
01GHYVRG00VYWEC295CP3QJK82,NVIDIA Corporation,NVDA,0001045810,NVIDIA Corporation expects tax rate of 8% to 10% for Q4 FY2023.,"GAAP and non-GAAP tax rates are expected to be 9.0%, plus or minus 1%, excluding any discrete items.",tax rate,8.0,10.0,percent,Q4 FY2023,2022-11-16,https://www.sec.gov/Archives/edgar/data/1045810/000104581022000163/q3fy23pr.htm,0001045810-22-000163,8-K,2022-11-16,2026-09-20T06:42:38Z,a13eb49875c3fac263c9e9158670df4beb1aa3e12b231e1650184efef6103010,"GAAP and non-GAAP tax rates are expected to be 9.0%, plus or minus 1%, excluding any discrete items.",,,,,,,,,,"reported value falls outside [8, 10]",open,,,,,,,,,,,2026-09-20,navneet,false,false,,false,false,unresolved,sentence,Outlook,NVIDIA’s outlook for the fourth quarter of fiscal 2023 is as follows:,,the model found no line reporting that metric for that period,,,yes,"Excerpt states tax rates 'expected to be 9.0%, plus or minus 1%' which equals 8% to 10% range for the forward guidance period."
01GSV6PY00TZ5GSQ1JYWNP6VKE,NVIDIA Corporation,NVDA,0001045810,NVIDIA Corporation expects revenue of $6.37 billion to $6.63 billion for Q1 FY2024.,"Revenue is expected to be $6.50 billion, plus or minus 2%.",revenue,6.37,6.63,USD billions,Q1 FY2024,2023-02-22,https://www.sec.gov/Archives/edgar/data/1045810/000104581023000014/q4fy23pr.htm,0001045810-23-000014,8-K,2023-02-22,2026-09-20T06:42:39Z,ace173acf68a8437e9b0a91b617ce53420cc5458fa4bc388524f18699b633f3e,"Revenue is expected to be $6.50 billion, plus or minus 2%.",7.19,2023-05-24,https://www.sec.gov/Archives/edgar/data/1045810/000104581023000087/q1fy24pr.htm,0001045810-23-000087,8-K,2023-05-24,2026-09-20T06:42:41Z,2759c7a8e2a3b77363f786691078a2d42fffbd96a7f78c83fd788d92f7faa2f6,"Quarterly revenue of $7.19 billion, up 19% from previous quarter","reported value falls outside [6.37, 6.63]",open,,,,,,,,,91,,2026-09-20,navneet,false,false,,false,false,missed,sentence,Outlook,NVIDIA’s outlook for the first quarter of fiscal 2024 is as follows:,,,,,yes,"The excerpt states revenue guidance of '$6.50 billion, plus or minus 2%' which equals $6.37-$6.63 billion, matching the provided range for the specified period."
01GSV6PY00KX718C2TWKPR6HE7,NVIDIA Corporation,NVDA,0001045810,NVIDIA Corporation expects operating expenses GAAP of $2.53 billion for Q1 FY2024.,"GAAP and non-GAAP operating expenses are expected to be approximately $2.53 billion and $1.78 billion, respectively.",operating expenses GAAP,2.53,2.53,USD billions,Q1 FY2024,2023-02-22,https://www.sec.gov/Archives/edgar/data/1045810/000104581023000014/q4fy23pr.htm,0001045810-23-000014,8-K,2023-02-22,2026-09-20T06:42:39Z,ace173acf68a8437e9b0a91b617ce53420cc5458fa4bc388524f18699b633f3e,"GAAP and non-GAAP operating expenses are expected to be approximately $2.53 billion and $1.78 billion, respectively.",2.508,2023-05-24,https://www.sec.gov/Archives/edgar/data/1045810/000104581023000087/q1fy24pr.htm,0001045810-23-000087,8-K,2023-05-24,2026-09-20T06:42:41Z,2759c7a8e2a3b77363f786691078a2d42fffbd96a7f78c83fd788d92f7faa2f6,"Operating expenses $2,508 $2,576 $3,563 Down 3% Down 30%",reported value differs from 2.53 by more than 0.5%,open,,,,,,,,,91,,2026-09-20,navneet,false,false,,false,false,missed,sentence,,NVIDIA’s outlook for the first quarter of fiscal 2024 is as follows:,,,,,yes,"Excerpt states 'GAAP...operating expenses are expected to be approximately $2.53 billion' matching the metric, number, and unit; 'expected to be' indicates forward guidance for the specified period."
01GSV6PY00N2NQAVWW0Q7XZ8QJ,NVIDIA Corporation,NVDA,0001045810,NVIDIA Corporation expects operating expenses non-GAAP of $1.78 billion for Q1 FY2024.,"GAAP and non-GAAP operating expenses are expected to be approximately $2.53 billion and $1.78 billion, respectively.",operating expenses non-GAAP,1.78,1.78,USD billions,Q1 FY2024,2023-02-22,https://www.sec.gov/Archives/edgar/data/1045810/000104581023000014/q4fy23pr.htm,0001045810-23-000014,8-K,2023-02-22,2026-09-20T06:42:39Z,ace173acf68a8437e9b0a91b617ce53420cc5458fa4bc388524f18699b633f3e,"GAAP and non-GAAP operating expenses are expected to be approximately $2.53 billion and $1.78 billion, respectively.",1.75,2023-05-24,https://www.sec.gov/Archives/edgar/data/1045810/000104581023000087/q1fy24pr.htm,0001045810-23-000087,8-K,2023-05-24,2026-09-20T06:42:41Z,2759c7a8e2a3b77363f786691078a2d42fffbd96a7f78c83fd788d92f7faa2f6,"Operating expenses $1,750 $1,775 $1,608 Down 1% Up 9%",reported value differs from 1.78 by more than 0.5%,open,,,,,,,,,91,,2026-09-20,navneet,false,false,,false,false,missed,sentence,,NVIDIA’s outlook for the first quarter of fiscal 2024 is as follows:,,,,,yes,"Excerpt states non-GAAP operating expenses expected to be approximately $1.78 billion, matching the metric, number, and unit provided."
01GSV6PY00QXSSKPZA4GQPMX1J,NVIDIA Corporation,NVDA,0001045810,NVIDIA Corporation expects other income and expense of $50 million for Q1 FY2024.,"GAAP and non-GAAP other income and expense are expected to be an income of approximately $50 million, excluding gains and losses from non-affiliated investments.",other income and expense,50.0,50.0,USD millions,Q1 FY2024,2023-02-22,https://www.sec.gov/Archives/edgar/data/1045810/000104581023000014/q4fy23pr.htm,0001045810-23-000014,8-K,2023-02-22,2026-09-20T06:42:39Z,ace173acf68a8437e9b0a91b617ce53420cc5458fa4bc388524f18699b633f3e,"GAAP and non-GAAP other income and expense are expected to be an income of approximately $50 million, excluding gains and losses from non-affiliated investments.",69.0,2023-05-24,https://www.sec.gov/Archives/edgar/data/1045810/000104581023000087/q1fy24pr.htm,0001045810-23-000087,8-K,2023-05-24,2026-09-20T06:42:41Z,2759c7a8e2a3b77363f786691078a2d42fffbd96a7f78c83fd788d92f7faa2f6,"GAAP other income (expense), net $ 69 $ 32 $ (63)",reported value differs from 50 by more than 0.5%,open,,,,,,,,,91,,2026-09-20,navneet,false,false,,false,false,missed,sentence,,NVIDIA’s outlook for the first quarter of fiscal 2024 is as follows:,,,,,yes,"Excerpt states 'other income and expense are expected to be an income of approximately $50 million' matching the guidance metric, number, and unit; period context would need to be verified separately "
01H15GWB00XJFPBQ2C4KP48914,NVIDIA Corporation,NVDA,0001045810,NVIDIA Corporation expects revenue of $10.78 billion to $11.22 billion for Q2 FY2024.,"Revenue is expected to be $11.00 billion, plus or minus 2%.",revenue,10.78,11.22,USD billions,Q2 FY2024,2023-05-24,https://www.sec.gov/Archives/edgar/data/1045810/000104581023000087/q1fy24pr.htm,0001045810-23-000087,8-K,2023-05-24,2026-09-20T06:42:41Z,2759c7a8e2a3b77363f786691078a2d42fffbd96a7f78c83fd788d92f7faa2f6,"Revenue is expected to be $11.00 billion, plus or minus 2%.",13.507,2023-08-23,https://www.sec.gov/Archives/edgar/data/1045810/000104581023000171/q2fy24pr.htm,0001045810-23-000171,8-K,2023-08-23,2026-09-20T06:42:42Z,f22f7c386ec7e6d14553908b25fd5fa0bf7af002102b9d6bc2f817e09187f548,"Revenue $13,507 $7,192 $6,704 Up 88% Up 101%","reported value falls outside [10.78, 11.22]",open,,,,,,,,,91,,2026-09-20,navneet,false,false,,false,false,missed,sentence,Outlook,NVIDIA’s outlook for the second quarter of fiscal 2024 is as follows:,,,,,yes,"The range of $10.78 billion to $11.22 billion (±2% of $11.00 billion) matches the excerpt's stated guidance of '$11.00 billion, plus or minus 2%' for revenue."
01H15GWB00CZ9M02HBPAWPF922,NVIDIA Corporation,NVDA,0001045810,NVIDIA Corporation expects operating expenses GAAP of $2.71 billion for Q2 FY2024.,"GAAP and non-GAAP operating expenses are expected to be approximately $2.71 billion and $1.90 billion, respectively.",operating expenses GAAP,2.71,2.71,USD billions,Q2 FY2024,2023-05-24,https://www.sec.gov/Archives/edgar/data/1045810/000104581023000087/q1fy24pr.htm,0001045810-23-000087,8-K,2023-05-24,2026-09-20T06:42:41Z,2759c7a8e2a3b77363f786691078a2d42fffbd96a7f78c83fd788d92f7faa2f6,"GAAP and non-GAAP operating expenses are expected to be approximately $2.71 billion and $1.90 billion, respectively.",2.662,2023-08-23,https://www.sec.gov/Archives/edgar/data/1045810/000104581023000171/q2fy24pr.htm,0001045810-23-000171,8-K,2023-08-23,2026-09-20T06:42:42Z,f22f7c386ec7e6d14553908b25fd5fa0bf7af002102b9d6bc2f817e09187f548,"Operating expenses $2,662 $2,508 $2,416 Up 6% Up 10%",reported value differs from 2.71 by more than 0.5%,open,,,,,,,,,91,,2026-09-20,navneet,false,false,,false,false,missed,sentence,Outlook,NVIDIA’s outlook for the second quarter of fiscal 2024 is as follows:,,,,,yes,"Excerpt states 'GAAP...operating expenses are expected to be approximately $2.71 billion' matching the metric, number, and forward guidance format."
01H15GWB00Z2R60YYBC2PH03AB,NVIDIA Corporation,NVDA,0001045810,NVIDIA Corporation expects operating expenses non-GAAP of $1.9 billion for Q2 FY2024.,"GAAP and non-GAAP operating expenses are expected to be approximately $2.71 billion and $1.90 billion, respectively.",operating expenses non-GAAP,1.9,1.9,USD billions,Q2 FY2024,2023-05-24,https://www.sec.gov/Archives/edgar/data/1045810/000104581023000087/q1fy24pr.htm,0001045810-23-000087,8-K,2023-05-24,2026-09-20T06:42:41Z,2759c7a8e2a3b77363f786691078a2d42fffbd96a7f78c83fd788d92f7faa2f6,"GAAP and non-GAAP operating expenses are expected to be approximately $2.71 billion and $1.90 billion, respectively.",1.838,2023-08-23,https://www.sec.gov/Archives/edgar/data/1045810/000104581023000171/q2fy24pr.htm,0001045810-23-000171,8-K,2023-08-23,2026-09-20T06:42:42Z,f22f7c386ec7e6d14553908b25fd5fa0bf7af002102b9d6bc2f817e09187f548,"Operating expenses $1,838 $1,750 $1,749 Up 5% Up 5%",reported value differs from 1.9 by more than 0.5%,open,,,,,,,,,91,,2026-09-20,navneet,false,false,,false,false,missed,sentence,Outlook,NVIDIA’s outlook for the second quarter of fiscal 2024 is as follows:,,,,,yes,"Excerpt states non-GAAP operating expenses expected to be approximately $1.90 billion, matching the $1.9 billion guidance for the period."
01H15GWB00H770RQFW7F6RC7WD,NVIDIA Corporation,NVDA,0001045810,NVIDIA Corporation expects other income and expense of $90 million for Q2 FY2024.,"GAAP and non-GAAP other income and expense are expected to be an income of approximately $90 million, excluding gains and losses from non-affiliated investments.",other income and expense,90.0,90.0,USD millions,Q2 FY2024,2023-05-24,https://www.sec.gov/Archives/edgar/data/1045810/000104581023000087/q1fy24pr.htm,0001045810-23-000087,8-K,2023-05-24,2026-09-20T06:42:41Z,2759c7a8e2a3b77363f786691078a2d42fffbd96a7f78c83fd788d92f7faa2f6,"GAAP and non-GAAP other income and expense are expected to be an income of approximately $90 million, excluding gains and losses from non-affiliated investments.",181.0,2023-08-23,https://www.sec.gov/Archives/edgar/data/1045810/000104581023000171/q2fy24pr.htm,0001045810-23-000171,8-K,2023-08-23,2026-09-20T06:42:42Z,f22f7c386ec7e6d14553908b25fd5fa0bf7af002102b9d6bc2f817e09187f548,"GAAP other income (expense), net $ 181 $ 69 $ (24) $ 249 $ (87)",reported value differs from 90 by more than 0.5%,open,,,,,,,,,91,,2026-09-20,navneet,false,false,,false,false,missed,sentence,Outlook,NVIDIA’s outlook for the second quarter of fiscal 2024 is as follows:,,,,,yes,"Excerpt states 'other income and expense are expected to be an income of approximately $90 million' which matches the guidance metric, number, and unit; period context would need to be verified from s"
01H8FV1R001A0E5C29CD39KZ47,NVIDIA Corporation,NVDA,0001045810,NVIDIA Corporation expects revenue of $15.68 billion to $16.32 billion for Q3 FY2024.,"Revenue is expected to be $16.00 billion, plus or minus 2%.",revenue,15.68,16.32,USD billions,Q3 FY2024,2023-08-23,https://www.sec.gov/Archives/edgar/data/1045810/000104581023000171/q2fy24pr.htm,0001045810-23-000171,8-K,2023-08-23,2026-09-20T06:42:42Z,f22f7c386ec7e6d14553908b25fd5fa0bf7af002102b9d6bc2f817e09187f548,"Revenue is expected to be $16.00 billion, plus or minus 2%.",18.12,2023-11-21,https://www.sec.gov/Archives/edgar/data/1045810/000104581023000225/q3fy24pr.htm,0001045810-23-000225,8-K,2023-11-21,2026-09-20T06:42:45Z,ca3ec103afc25c8b1d6182d17c398f1b8cc872308f5851240579defc0432d052,"Revenue $18,120 $13,507 $5,931 Up 34% Up 206%","reported value falls outside [15.68, 16.32]",open,,,,,,,,,90,,2026-09-20,navneet,false,false,,false,false,missed,sentence,Outlook,NVIDIA’s outlook for the third quarter of fiscal 2024 is as follows:,,,,,yes,"The range of $16.00 billion ±2% equals $15.68 billion to $16.32 billion, matching the stated guidance for revenue."
01H8FV1R008FE9JTG3FY1QAXYS,NVIDIA Corporation,NVDA,0001045810,NVIDIA Corporation expects operating expenses GAAP of $2.95 billion for Q3 FY2024.,"GAAP and non-GAAP operating expenses are expected to be approximately $2.95 billion and $2.00 billion, respectively.",operating expenses GAAP,2.95,2.95,USD billions,Q3 FY2024,2023-08-23,https://www.sec.gov/Archives/edgar/data/1045810/000104581023000171/q2fy24pr.htm,0001045810-23-000171,8-K,2023-08-23,2026-09-20T06:42:42Z,f22f7c386ec7e6d14553908b25fd5fa0bf7af002102b9d6bc2f817e09187f548,"GAAP and non-GAAP operating expenses are expected to be approximately $2.95 billion and $2.00 billion, respectively.",2.983,2023-11-21,https://www.sec.gov/Archives/edgar/data/1045810/000104581023000225/q3fy24pr.htm,0001045810-23-000225,8-K,2023-11-21,2026-09-20T06:42:45Z,ca3ec103afc25c8b1d6182d17c398f1b8cc872308f5851240579defc0432d052,"Operating expenses $2,983 $2,662 $2,576 Up 12% Up 16%",reported value differs from 2.95 by more than 0.5%,open,,,,,,,,,90,,2026-09-20,navneet,false,false,,false,false,missed,sentence,Outlook,NVIDIA’s outlook for the third quarter of fiscal 2024 is as follows:,,,,,yes,"Excerpt states 'GAAP...operating expenses are expected to be approximately $2.95 billion' matching the metric, number, and unit for forward guidance."
01H8FV1R00S7FCA2HW3AXERSG4,NVIDIA Corporation,NVDA,0001045810,NVIDIA Corporation expects operating expenses non-GAAP of $2 billion for Q3 FY2024.,"GAAP and non-GAAP operating expenses are expected to be approximately $2.95 billion and $2.00 billion, respectively.",operating expenses non-GAAP,2.0,2.0,USD billions,Q3 FY2024,2023-08-23,https://www.sec.gov/Archives/edgar/data/1045810/000104581023000171/q2fy24pr.htm,0001045810-23-000171,8-K,2023-08-23,2026-09-20T06:42:42Z,f22f7c386ec7e6d14553908b25fd5fa0bf7af002102b9d6bc2f817e09187f548,"GAAP and non-GAAP operating expenses are expected to be approximately $2.95 billion and $2.00 billion, respectively.",2.026,2023-11-21,https://www.sec.gov/Archives/edgar/data/1045810/000104581023000225/q3fy24pr.htm,0001045810-23-000225,8-K,2023-11-21,2026-09-20T06:42:45Z,ca3ec103afc25c8b1d6182d17c398f1b8cc872308f5851240579defc0432d052,"Operating expenses $2,026 $1,838 $1,793 Up 10% Up 13%",reported value differs from 2 by more than 0.5%,open,,,,,,,,,90,,2026-09-20,navneet,false,false,,false,false,missed,sentence,Outlook,NVIDIA’s outlook for the third quarter of fiscal 2024 is as follows:,,,,,yes,"Excerpt states non-GAAP operating expenses expected to be approximately $2.00 billion, matching the guidance claim."
01H8FV1R00C64GV18VRWHG6PN5,NVIDIA Corporation,NVDA,0001045810,NVIDIA Corporation expects other income and expense of $100 million for Q3 FY2024.,"GAAP and non-GAAP other income and expense are expected to be an income of approximately $100 million, excluding gains and losses from non-affiliated investments.",other income and expense,100.0,100.0,USD millions,Q3 FY2024,2023-08-23,https://www.sec.gov/Archives/edgar/data/1045810/000104581023000171/q2fy24pr.htm,0001045810-23-000171,8-K,2023-08-23,2026-09-20T06:42:42Z,f22f7c386ec7e6d14553908b25fd5fa0bf7af002102b9d6bc2f817e09187f548,"GAAP and non-GAAP other income and expense are expected to be an income of approximately $100 million, excluding gains and losses from non-affiliated investments.",105.0,2023-11-21,https://www.sec.gov/Archives/edgar/data/1045810/000104581023000225/q3fy24pr.htm,0001045810-23-000225,8-K,2023-11-21,2026-09-20T06:42:45Z,ca3ec103afc25c8b1d6182d17c398f1b8cc872308f5851240579defc0432d052,"GAAP other income (expense), net $ 105 $ 181 $ 12 $ 354 $ (75)",reported value differs from 100 by more than 0.5%,open,,,,,,,,,90,,2026-09-20,navneet,false,false,,false,false,missed,sentence,Outlook,NVIDIA’s outlook for the third quarter of fiscal 2024 is as follows:,,,,,yes,"Excerpt states 'other income and expense are expected to be an income of approximately $100 million' which matches the guidance metric, number, and unit; period context would need to be verified from "
01H8FV1R00CSEP94C85SSGMA9S,NVIDIA Corporation,NVDA,0001045810,NVIDIA Corporation expects tax rate of 14.355% to 14.645% for Q3 FY2024.,"GAAP and non-GAAP tax rates are expected to be 14.5%, plus or minus 1%, excluding any discrete items.",tax rate,14.355,14.645,percent,Q3 FY2024,2023-08-23,https://www.sec.gov/Archives/edgar/data/1045810/000104581023000171/q2fy24pr.htm,0001045810-23-000171,8-K,2023-08-23,2026-09-20T06:42:42Z,f22f7c386ec7e6d14553908b25fd5fa0bf7af002102b9d6bc2f817e09187f548,"GAAP and non-GAAP tax rates are expected to be 14.5%, plus or minus 1%, excluding any discrete items.",,,,,,,,,,"reported value falls outside [14.355, 14.645]",open,,,,,,,,,,,2026-09-20,navneet,false,false,,false,false,unresolved,sentence,Outlook,NVIDIA’s outlook for the third quarter of fiscal 2024 is as follows:,,the model found no line reporting that metric for that period,,,yes,"The excerpt states a tax rate of '14.5%, plus or minus 1%' which equals 13.5% to 15.5%, encompassing the stated range of 14.355% to 14.645%"
01HFQJTE00CV8NFP9RQZHV6G65,NVIDIA Corporation,NVDA,0001045810,NVIDIA Corporation expects revenue of $19.6 billion to $20.4 billion for Q4 FY2024.,"Revenue is expected to be $20.00 billion, plus or minus 2%.",revenue,19.6,20.4,USD billions,Q4 FY2024,2023-11-21,https://www.sec.gov/Archives/edgar/data/1045810/000104581023000225/q3fy24pr.htm,0001045810-23-000225,8-K,2023-11-21,2026-09-20T06:42:45Z,ca3ec103afc25c8b1d6182d17c398f1b8cc872308f5851240579defc0432d052,"Revenue is expected to be $20.00 billion, plus or minus 2%.",22.103,2024-02-21,https://www.sec.gov/Archives/edgar/data/1045810/000104581024000028/q4fy24pr.htm,0001045810-24-000028,8-K,2024-02-21,2026-09-20T06:42:46Z,b5f428cde7c63f56db80dcae212c8fa71d4709310f73c08550449fff36b1bb5f,"Revenue $22,103 $18,120 $6,051 Up 22% Up 265%","reported value falls outside [19.6, 20.4]",open,,,,,,,,,92,,2026-09-20,navneet,false,false,,false,false,missed,sentence,Outlook,NVIDIA’s outlook for the fourth quarter of fiscal 2024 is as follows:,,,,,yes,"The range of $20.00 billion ±2% equals $19.6 billion to $20.4 billion, matching the guidance for revenue in the specified period."
01HFQJTE00KFF5BPSGYG16WVAE,NVIDIA Corporation,NVDA,0001045810,NVIDIA Corporation expects operating expenses GAAP of $3.17 billion for Q4 FY2024.,"GAAP and non-GAAP operating expenses are expected to be approximately $3.17 billion and $2.20 billion, respectively.",operating expenses GAAP,3.17,3.17,USD billions,Q4 FY2024,2023-11-21,https://www.sec.gov/Archives/edgar/data/1045810/000104581023000225/q3fy24pr.htm,0001045810-23-000225,8-K,2023-11-21,2026-09-20T06:42:45Z,ca3ec103afc25c8b1d6182d17c398f1b8cc872308f5851240579defc0432d052,"GAAP and non-GAAP operating expenses are expected to be approximately $3.17 billion and $2.20 billion, respectively.",3.176,2024-02-21,https://www.sec.gov/Archives/edgar/data/1045810/000104581024000028/q4fy24pr.htm,0001045810-24-000028,8-K,2024-02-21,2026-09-20T06:42:46Z,b5f428cde7c63f56db80dcae212c8fa71d4709310f73c08550449fff36b1bb5f,"Operating expenses $3,176 $2,983 $2,576 Up 6% Up 23%",reported value differs from 3.17 by more than 0.5%,open,,,,,,,,,92,,2026-09-20,navneet,false,false,,false,false,met,sentence,Outlook,NVIDIA’s outlook for the fourth quarter of fiscal 2024 is as follows:,,,,,yes,"Excerpt states 'GAAP...operating expenses are expected to be approximately $3.17 billion' matching the metric, number, and forward guidance nature of the claim."
01HFQJTE00K499BPY20EKDZZ7Q,NVIDIA Corporation,NVDA,0001045810,NVIDIA Corporation expects operating expenses non-GAAP of $2.2 billion for Q4 FY2024.,"GAAP and non-GAAP operating expenses are expected to be approximately $3.17 billion and $2.20 billion, respectively.",operating expenses non-GAAP,2.2,2.2,USD billions,Q4 FY2024,2023-11-21,https://www.sec.gov/Archives/edgar/data/1045810/000104581023000225/q3fy24pr.htm,0001045810-23-000225,8-K,2023-11-21,2026-09-20T06:42:45Z,ca3ec103afc25c8b1d6182d17c398f1b8cc872308f5851240579defc0432d052,"GAAP and non-GAAP operating expenses are expected to be approximately $3.17 billion and $2.20 billion, respectively.",2.21,2024-02-21,https://www.sec.gov/Archives/edgar/data/1045810/000104581024000028/q4fy24pr.htm,0001045810-24-000028,8-K,2024-02-21,2026-09-20T06:42:46Z,b5f428cde7c63f56db80dcae212c8fa71d4709310f73c08550449fff36b1bb5f,"Operating expenses $2,210 $2,026 $1,775 Up 9% Up 25%",reported value differs from 2.2 by more than 0.5%,open,,,,,,,,,92,,2026-09-20,navneet,false,false,,false,false,met,sentence,Outlook,NVIDIA’s outlook for the fourth quarter of fiscal 2024 is as follows:,,,,,yes,"Excerpt states non-GAAP operating expenses expected to be approximately $2.20 billion, matching the $2.2 billion guidance for the specified period."
01HFQJTE00FKZJ2JR78QH3V249,NVIDIA Corporation,NVDA,0001045810,NVIDIA Corporation expects other income and expense of $200 million for Q4 FY2024.,"GAAP and non-GAAP other income and expense are expected to be an income of approximately $200 million, excluding gains and losses from non-affiliated investments.",other income and expense,200.0,200.0,USD millions,Q4 FY2024,2023-11-21,https://www.sec.gov/Archives/edgar/data/1045810/000104581023000225/q3fy24pr.htm,0001045810-23-000225,8-K,2023-11-21,2026-09-20T06:42:45Z,ca3ec103afc25c8b1d6182d17c398f1b8cc872308f5851240579defc0432d052,"GAAP and non-GAAP other income and expense are expected to be an income of approximately $200 million, excluding gains and losses from non-affiliated investments.",846.0,2024-02-21,https://www.sec.gov/Archives/edgar/data/1045810/000104581024000028/q4fy24pr.htm,0001045810-24-000028,8-K,2024-02-21,2026-09-20T06:42:46Z,b5f428cde7c63f56db80dcae212c8fa71d4709310f73c08550449fff36b1bb5f,"GAAP other income (expense), net $ 491 $ 105 $ 32 $ 846 $ (43)",reported value differs from 200 by more than 0.5%,open,,,,,,,,,92,,2026-09-20,navneet,false,false,,false,false,missed,sentence,Outlook,NVIDIA’s outlook for the fourth quarter of fiscal 2024 is as follows:,,,,,yes,"Excerpt states 'other income and expense are expected to be an income of approximately $200 million' which matches the guidance metric, number, and unit; the period context indicates Q4 FY2024 guidanc"
01HFQJTE00W8X7D40P0KS0XYBM,NVIDIA Corporation,NVDA,0001045810,NVIDIA Corporation expects tax rate of 14.85% to 15.15% for Q4 FY2024.,"GAAP and non-GAAP tax rates are expected to be 15.0%, plus or minus 1%, excluding any discrete items.",tax rate,14.85,15.15,percent,Q4 FY2024,2023-11-21,https://www.sec.gov/Archives/edgar/data/1045810/000104581023000225/q3fy24pr.htm,0001045810-23-000225,8-K,2023-11-21,2026-09-20T06:42:45Z,ca3ec103afc25c8b1d6182d17c398f1b8cc872308f5851240579defc0432d052,"GAAP and non-GAAP tax rates are expected to be 15.0%, plus or minus 1%, excluding any discrete items.",,,,,,,,,,"reported value falls outside [14.85, 15.15]",open,,,,,,,,,,,2026-09-20,navneet,false,false,,false,false,unresolved,sentence,Outlook,NVIDIA’s outlook for the fourth quarter of fiscal 2024 is as follows:,,the model found no line reporting that metric for that period,,,yes,"Excerpt states tax rates 'expected to be 15.0%, plus or minus 1%' which encompasses the range 14.85% to 15.15% for the forward guidance period."
01HQ4FCJ009GV6Z8D4JDEGMFGR,NVIDIA Corporation,NVDA,0001045810,NVIDIA Corporation expects revenue of $23.52 billion to $24.48 billion for Q1 FY2025.,"Revenue is expected to be $24.0 billion, plus or minus 2%.",revenue,23.52,24.48,USD billions,Q1 FY2025,2024-02-21,https://www.sec.gov/Archives/edgar/data/1045810/000104581024000028/q4fy24pr.htm,0001045810-24-000028,8-K,2024-02-21,2026-09-20T06:42:46Z,b5f428cde7c63f56db80dcae212c8fa71d4709310f73c08550449fff36b1bb5f,"Revenue is expected to be $24.0 billion, plus or minus 2%.",26.044,2024-05-22,https://www.sec.gov/Archives/edgar/data/1045810/000104581024000113/q1fy25pr.htm,0001045810-24-000113,8-K,2024-05-22,2026-09-20T06:42:48Z,00a276db13c59922fe1358cd9059694f5682bbd3339c2efc7fca1975fb2bfc6e,"Revenue $26,044 $22,103 $7,192 Up 18% Up 262%","reported value falls outside [23.52, 24.48]",open,,,,,,,,,91,,2026-09-20,navneet,false,false,,false,false,missed,sentence,Outlook,NVIDIA’s outlook for the first quarter of fiscal 2025 is as follows:,,,,,yes,"The excerpt states revenue guidance of '$24.0 billion, plus or minus 2%' which equals $23.52 billion to $24.48 billion, matching the provided range exactly."
01HQ4FCJ00RX6VH066ENFTV65C,NVIDIA Corporation,NVDA,0001045810,NVIDIA Corporation expects operating expenses GAAP of $3.5 billion for Q1 FY2025.,"GAAP and non-GAAP operating expenses are expected to be approximately $3.5 billion and $2.5 billion, respectively.",operating expenses GAAP,3.5,3.5,USD billions,Q1 FY2025,2024-02-21,https://www.sec.gov/Archives/edgar/data/1045810/000104581024000028/q4fy24pr.htm,0001045810-24-000028,8-K,2024-02-21,2026-09-20T06:42:46Z,b5f428cde7c63f56db80dcae212c8fa71d4709310f73c08550449fff36b1bb5f,"GAAP and non-GAAP operating expenses are expected to be approximately $3.5 billion and $2.5 billion, respectively.",3.497,2024-05-22,https://www.sec.gov/Archives/edgar/data/1045810/000104581024000113/q1fy25pr.htm,0001045810-24-000113,8-K,2024-05-22,2026-09-20T06:42:48Z,00a276db13c59922fe1358cd9059694f5682bbd3339c2efc7fca1975fb2bfc6e,"Operating expenses $3,497 $3,176 $2,508 Up 10% Up 39%",reported value differs from 3.5 by more than 0.5%,open,,,,,,,,,91,,2026-09-20,navneet,false,false,,false,false,met,sentence,Outlook,NVIDIA’s outlook for the first quarter of fiscal 2025 is as follows:,,,,,yes,"Excerpt states 'GAAP...operating expenses are expected to be approximately $3.5 billion' which matches the metric, number, and unit; context indicates this is forward guidance for the specified period"
01HQ4FCJ00VGK958NFWF1FWJAD,NVIDIA Corporation,NVDA,0001045810,NVIDIA Corporation expects operating expenses non-GAAP of $2.5 billion for Q1 FY2025.,"GAAP and non-GAAP operating expenses are expected to be approximately $3.5 billion and $2.5 billion, respectively.",operating expenses non-GAAP,2.5,2.5,USD billions,Q1 FY2025,2024-02-21,https://www.sec.gov/Archives/edgar/data/1045810/000104581024000028/q4fy24pr.htm,0001045810-24-000028,8-K,2024-02-21,2026-09-20T06:42:46Z,b5f428cde7c63f56db80dcae212c8fa71d4709310f73c08550449fff36b1bb5f,"GAAP and non-GAAP operating expenses are expected to be approximately $3.5 billion and $2.5 billion, respectively.",2.501,2024-05-22,https://www.sec.gov/Archives/edgar/data/1045810/000104581024000113/q1fy25pr.htm,0001045810-24-000113,8-K,2024-05-22,2026-09-20T06:42:48Z,00a276db13c59922fe1358cd9059694f5682bbd3339c2efc7fca1975fb2bfc6e,"Operating expenses $2,501 $2,210 $1,750 Up 13% Up 43%",reported value differs from 2.5 by more than 0.5%,open,,,,,,,,,91,,2026-09-20,navneet,false,false,,false,false,met,sentence,Outlook,NVIDIA’s outlook for the first quarter of fiscal 2025 is as follows:,,,,,yes,"Excerpt explicitly states non-GAAP operating expenses expected to be approximately $2.5 billion, matching the guidance claim."
01HQ4FCJ000KKTMEPQCYNPY3HV,NVIDIA Corporation,NVDA,0001045810,NVIDIA Corporation expects other income and expense of $250 million for Q1 FY2025.,"GAAP and non-GAAP other income and expense are expected to be an income of approximately $250 million, excluding gains and losses from non-affiliated investments.",other income and expense,250.0,250.0,USD millions,Q1 FY2025,2024-02-21,https://www.sec.gov/Archives/edgar/data/1045810/000104581024000028/q4fy24pr.htm,0001045810-24-000028,8-K,2024-02-21,2026-09-20T06:42:46Z,b5f428cde7c63f56db80dcae212c8fa71d4709310f73c08550449fff36b1bb5f,"GAAP and non-GAAP other income and expense are expected to be an income of approximately $250 million, excluding gains and losses from non-affiliated investments.",302.0,2024-05-22,https://www.sec.gov/Archives/edgar/data/1045810/000104581024000113/q1fy25pr.htm,0001045810-24-000113,8-K,2024-05-22,2026-09-20T06:42:48Z,00a276db13c59922fe1358cd9059694f5682bbd3339c2efc7fca1975fb2bfc6e,"Non-GAAP other income (expense), net $ 302 $ 232 $ 84",reported value differs from 250 by more than 0.5%,open,,,,,,,,,91,,2026-09-20,navneet,false,false,,false,false,missed,sentence,Outlook,NVIDIA’s outlook for the first quarter of fiscal 2025 is as follows:,,,,,yes,"Excerpt states 'other income and expense are expected to be an income of approximately $250 million' matching the guidance metric, number, and unit; period context would need to be verified separately"
01HQ4FCJ00BVH1GWBEYKC8KW14,NVIDIA Corporation,NVDA,0001045810,NVIDIA Corporation expects tax rate of 16% to 18% for Q1 FY2025.,"GAAP and non-GAAP tax rates are expected to be 17.0%, plus or minus 1%, excluding any discrete items.",tax rate,16.0,18.0,percent,Q1 FY2025,2024-02-21,https://www.sec.gov/Archives/edgar/data/1045810/000104581024000028/q4fy24pr.htm,0001045810-24-000028,8-K,2024-02-21,2026-09-20T06:42:46Z,b5f428cde7c63f56db80dcae212c8fa71d4709310f73c08550449fff36b1bb5f,"GAAP and non-GAAP tax rates are expected to be 17.0%, plus or minus 1%, excluding any discrete items.",,,,,,,,,,"reported value falls outside [16, 18]",open,,,,,,,,,,,2026-09-20,navneet,false,false,,false,false,unresolved,sentence,Outlook,NVIDIA’s outlook for the first quarter of fiscal 2025 is as follows:,,the model found no line reporting that metric for that period,,,yes,"Excerpt states tax rates 'expected to be 17.0%, plus or minus 1%' which equals 16% to 18% range, matching the guidance claim."
01HYESHZ00QY0N8ZCA0AAQ10HC,NVIDIA Corporation,NVDA,0001045810,NVIDIA Corporation expects revenue of $27.44 billion to $28.56 billion for Q2 FY2025.,"Revenue is expected to be $28.0 billion, plus or minus 2%.",revenue,27.44,28.56,USD billions,Q2 FY2025,2024-05-22,https://www.sec.gov/Archives/edgar/data/1045810/000104581024000113/q1fy25pr.htm,0001045810-24-000113,8-K,2024-05-22,2026-09-20T06:42:48Z,00a276db13c59922fe1358cd9059694f5682bbd3339c2efc7fca1975fb2bfc6e,"Revenue is expected to be $28.0 billion, plus or minus 2%.",30.04,2024-08-28,https://www.sec.gov/Archives/edgar/data/1045810/000104581024000262/q2fy25pr.htm,0001045810-24-000262,8-K,2024-08-28,2026-09-20T06:42:49Z,4e8ec12b4387b58669360777b0b763cc0d7f63326bd3aba34b6301d57c5460cf,"Revenue $30,040 $26,044 $13,507 Up 15% Up 122%","reported value falls outside [27.44, 28.56]",open,,,,,,,,,98,,2026-09-20,navneet,false,false,,false,false,missed,sentence,Outlook,NVIDIA’s outlook for the second quarter of fiscal 2025 is as follows:,,,,,yes,"The range of $28.0 billion ±2% equals $27.44 billion to $28.56 billion, matching the stated guidance for revenue."
01HYESHZ00D7BWJKTBBT4VX14F,NVIDIA Corporation,NVDA,0001045810,NVIDIA Corporation expects operating expenses GAAP of $4 billion for Q2 FY2025.,"GAAP and non-GAAP operating expenses are expected to be approximately $4.0 billion and $2.8 billion, respectively.",operating expenses GAAP,4.0,4.0,USD billions,Q2 FY2025,2024-05-22,https://www.sec.gov/Archives/edgar/data/1045810/000104581024000113/q1fy25pr.htm,0001045810-24-000113,8-K,2024-05-22,2026-09-20T06:42:48Z,00a276db13c59922fe1358cd9059694f5682bbd3339c2efc7fca1975fb2bfc6e,"GAAP and non-GAAP operating expenses are expected to be approximately $4.0 billion and $2.8 billion, respectively.",3.932,2024-08-28,https://www.sec.gov/Archives/edgar/data/1045810/000104581024000262/q2fy25pr.htm,0001045810-24-000262,8-K,2024-08-28,2026-09-20T06:42:49Z,4e8ec12b4387b58669360777b0b763cc0d7f63326bd3aba34b6301d57c5460cf,"Operating expenses $3,932 $3,497 $2,662 Up 12% Up 48%",reported value differs from 4 by more than 0.5%,open,,,,,,,,,98,,2026-09-20,navneet,false,false,,false,false,missed,sentence,Outlook,NVIDIA’s outlook for the second quarter of fiscal 2025 is as follows:,,,,,yes,Excerpt states 'GAAP...operating expenses are expected to be approximately $4.0 billion' matching the guidance for $4 billion in operating expenses GAAP.
01HYESHZ00PPEP3EKZX88GBGT8,NVIDIA Corporation,NVDA,0001045810,NVIDIA Corporation expects operating expenses non-GAAP of $2.8 billion for Q2 FY2025.,"GAAP and non-GAAP operating expenses are expected to be approximately $4.0 billion and $2.8 billion, respectively.",operating expenses non-GAAP,2.8,2.8,USD billions,Q2 FY2025,2024-05-22,https://www.sec.gov/Archives/edgar/data/1045810/000104581024000113/q1fy25pr.htm,0001045810-24-000113,8-K,2024-05-22,2026-09-20T06:42:48Z,00a276db13c59922fe1358cd9059694f5682bbd3339c2efc7fca1975fb2bfc6e,"GAAP and non-GAAP operating expenses are expected to be approximately $4.0 billion and $2.8 billion, respectively.",2.792,2024-08-28,https://www.sec.gov/Archives/edgar/data/1045810/000104581024000262/q2fy25pr.htm,0001045810-24-000262,8-K,2024-08-28,2026-09-20T06:42:49Z,4e8ec12b4387b58669360777b0b763cc0d7f63326bd3aba34b6301d57c5460cf,"Operating expenses $2,792 $2,501 $1,838 Up 12% Up 52%",reported value differs from 2.8 by more than 0.5%,open,,,,,,,,,98,,2026-09-20,navneet,false,false,,false,false,met,sentence,Outlook,NVIDIA’s outlook for the second quarter of fiscal 2025 is as follows:,,,,,yes,"Excerpt states non-GAAP operating expenses expected to be approximately $2.8 billion, matching the metric, number, and unit provided."
01HYESHZ00A8ND4M5SCH4S037H,NVIDIA Corporation,NVDA,0001045810,NVIDIA Corporation expects other income and expense of $300 million for Q2 FY2025.,"GAAP and non-GAAP other income and expense are expected to be an income of approximately $300 million, excluding gains and losses from non-affiliated investments.",other income and expense,300.0,300.0,USD millions,Q2 FY2025,2024-05-22,https://www.sec.gov/Archives/edgar/data/1045810/000104581024000113/q1fy25pr.htm,0001045810-24-000113,8-K,2024-05-22,2026-09-20T06:42:48Z,00a276db13c59922fe1358cd9059694f5682bbd3339c2efc7fca1975fb2bfc6e,"GAAP and non-GAAP other income and expense are expected to be an income of approximately $300 million, excluding gains and losses from non-affiliated investments.",572.0,2024-08-28,https://www.sec.gov/Archives/edgar/data/1045810/000104581024000262/q2fy25pr.htm,0001045810-24-000262,8-K,2024-08-28,2026-09-20T06:42:49Z,4e8ec12b4387b58669360777b0b763cc0d7f63326bd3aba34b6301d57c5460cf,"GAAP other income (expense), net $ 572 $ 370 $ 181 $ 942 $ 249",reported value differs from 300 by more than 0.5%,open,,,,,,,,,98,,2026-09-20,navneet,false,false,,false,false,missed,sentence,Outlook,NVIDIA’s outlook for the second quarter of fiscal 2025 is as follows:,,,,,yes,"Excerpt states 'other income and expense are expected to be an income of approximately $300 million' which matches the guidance metric, number, and unit; period context would need to be verified from "
01HYESHZ00173D02EPQ6573RPQ,NVIDIA Corporation,NVDA,0001045810,NVIDIA Corporation expects tax rate of 16% to 18% for Q2 FY2025.,"GAAP and non-GAAP tax rates are expected to be 17%, plus or minus 1%, excluding any discrete items.",tax rate,16.0,18.0,percent,Q2 FY2025,2024-05-22,https://www.sec.gov/Archives/edgar/data/1045810/000104581024000113/q1fy25pr.htm,0001045810-24-000113,8-K,2024-05-22,2026-09-20T06:42:48Z,00a276db13c59922fe1358cd9059694f5682bbd3339c2efc7fca1975fb2bfc6e,"GAAP and non-GAAP tax rates are expected to be 17%, plus or minus 1%, excluding any discrete items.",,,,,,,,,,"reported value falls outside [16, 18]",open,,,,,,,,,,,2026-09-20,navneet,false,false,,false,false,unresolved,sentence,Outlook,NVIDIA’s outlook for the second quarter of fiscal 2025 is as follows:,,the model found no line reporting that metric for that period,,,yes,"Excerpt states tax rates 'expected to be 17%, plus or minus 1%' which equals 16% to 18% range for the forward guidance period."
01J6B4GD00VF78DBB1YQPG1A3Y,NVIDIA Corporation,NVDA,0001045810,NVIDIA Corporation expects revenue of $31.85 billion to $33.15 billion for Q3 FY2025.,"Revenue is expected to be $32.5 billion, plus or minus 2%.",revenue,31.85,33.15,USD billions,Q3 FY2025,2024-08-28,https://www.sec.gov/Archives/edgar/data/1045810/000104581024000262/q2fy25pr.htm,0001045810-24-000262,8-K,2024-08-28,2026-09-20T06:42:49Z,4e8ec12b4387b58669360777b0b763cc0d7f63326bd3aba34b6301d57c5460cf,"Revenue is expected to be $32.5 billion, plus or minus 2%.",35.1,2024-11-20,https://www.sec.gov/Archives/edgar/data/1045810/000104581024000315/q3fy25pr.htm,0001045810-24-000315,8-K,2024-11-20,2026-09-20T06:42:51Z,162fac8188ca99b458dd882f148de9c5e37cd37754a8fa120ea1b1755a766e5e,"Record quarterly revenue of $35.1 billion, up 17% from Q2 and up 94% from a year ago","reported value falls outside [31.85, 33.15]",open,,,,,,,,,84,,2026-09-20,navneet,false,false,,false,false,missed,sentence,Outlook,NVIDIA’s outlook for the third quarter of fiscal 2025 is as follows:,,,,,yes,"The excerpt states revenue guidance of '$32.5 billion, plus or minus 2%' which equals $31.85B to $33.15B, matching the specified range and metric."
01J6B4GD0013AT2FD44D75VPVT,NVIDIA Corporation,NVDA,0001045810,NVIDIA Corporation expects operating expenses GAAP of $4.3 billion for Q3 FY2025.,"GAAP and non-GAAP operating expenses are expected to be approximately $4.3 billion and $3.0 billion, respectively.",operating expenses GAAP,4.3,4.3,USD billions,Q3 FY2025,2024-08-28,https://www.sec.gov/Archives/edgar/data/1045810/000104581024000262/q2fy25pr.htm,0001045810-24-000262,8-K,2024-08-28,2026-09-20T06:42:49Z,4e8ec12b4387b58669360777b0b763cc0d7f63326bd3aba34b6301d57c5460cf,"GAAP and non-GAAP operating expenses are expected to be approximately $4.3 billion and $3.0 billion, respectively.",4.287,2024-11-20,https://www.sec.gov/Archives/edgar/data/1045810/000104581024000315/q3fy25pr.htm,0001045810-24-000315,8-K,2024-11-20,2026-09-20T06:42:51Z,162fac8188ca99b458dd882f148de9c5e37cd37754a8fa120ea1b1755a766e5e,"Operating expenses $4,287 $3,932 $2,983 Up 9% Up 44%",reported value differs from 4.3 by more than 0.5%,open,,,,,,,,,84,,2026-09-20,navneet,false,false,,false,false,met,sentence,Outlook,NVIDIA’s outlook for the third quarter of fiscal 2025 is as follows:,,,,,yes,"Excerpt states 'GAAP...operating expenses are expected to be approximately $4.3 billion' matching the guidance metric, number, and unit for the specified period."
01J6B4GD00XM0YQHXAE7DHBMHJ,NVIDIA Corporation,NVDA,0001045810,NVIDIA Corporation expects operating expenses non-GAAP of $3 billion for Q3 FY2025.,"GAAP and non-GAAP operating expenses are expected to be approximately $4.3 billion and $3.0 billion, respectively.",operating expenses non-GAAP,3.0,3.0,USD billions,Q3 FY2025,2024-08-28,https://www.sec.gov/Archives/edgar/data/1045810/000104581024000262/q2fy25pr.htm,0001045810-24-000262,8-K,2024-08-28,2026-09-20T06:42:49Z,4e8ec12b4387b58669360777b0b763cc0d7f63326bd3aba34b6301d57c5460cf,"GAAP and non-GAAP operating expenses are expected to be approximately $4.3 billion and $3.0 billion, respectively.",3.046,2024-11-20,https://www.sec.gov/Archives/edgar/data/1045810/000104581024000315/q3fy25pr.htm,0001045810-24-000315,8-K,2024-11-20,2026-09-20T06:42:51Z,162fac8188ca99b458dd882f148de9c5e37cd37754a8fa120ea1b1755a766e5e,"Operating expenses $3,046 $2,792 $2,026 Up 9% Up 50%",reported value differs from 3 by more than 0.5%,open,,,,,,,,,84,,2026-09-20,navneet,false,false,,false,false,missed,sentence,Outlook,NVIDIA’s outlook for the third quarter of fiscal 2025 is as follows:,,,,,yes,"Excerpt states non-GAAP operating expenses expected to be approximately $3.0 billion, matching the $3 billion guidance provided."
01J6B4GD00Z3ZQ91EQGFWAHKK7,NVIDIA Corporation,NVDA,0001045810,NVIDIA Corporation expects other income and expense of $350 million for Q3 FY2025.,"GAAP and non-GAAP other income and expense are expected to be an income of approximately $350 million, excluding gains and losses from non-affiliated investments and publicly-held equity securities.",other income and expense,350.0,350.0,USD millions,Q3 FY2025,2024-08-28,https://www.sec.gov/Archives/edgar/data/1045810/000104581024000262/q2fy25pr.htm,0001045810-24-000262,8-K,2024-08-28,2026-09-20T06:42:49Z,4e8ec12b4387b58669360777b0b763cc0d7f63326bd3aba34b6301d57c5460cf,"GAAP and non-GAAP other income and expense are expected to be an income of approximately $350 million, excluding gains and losses from non-affiliated investments and publicly-held equity securities.",447.0,2024-11-20,https://www.sec.gov/Archives/edgar/data/1045810/000104581024000315/q3fy25pr.htm,0001045810-24-000315,8-K,2024-11-20,2026-09-20T06:42:51Z,162fac8188ca99b458dd882f148de9c5e37cd37754a8fa120ea1b1755a766e5e,"GAAP other income (expense), net $ 447 $ 572 $ 105 $ 1,390 $ 354",reported value differs from 350 by more than 0.5%,open,,,,,,,,,84,,2026-09-20,navneet,false,false,,false,false,missed,sentence,Outlook,NVIDIA’s outlook for the third quarter of fiscal 2025 is as follows:,,,,,yes,"Excerpt states 'other income and expense are expected to be an income of approximately $350 million' which matches the guidance metric, number, and unit, with 'expected to be' indicating forward guida"
01J6B4GD00A4FMMJ4EN7G8Y7P8,NVIDIA Corporation,NVDA,0001045810,NVIDIA Corporation expects tax rate of 16% to 18% for Q3 FY2025.,"GAAP and non-GAAP tax rates are expected to be 17%, plus or minus 1%, excluding any discrete items.",tax rate,16.0,18.0,percent,Q3 FY2025,2024-08-28,https://www.sec.gov/Archives/edgar/data/1045810/000104581024000262/q2fy25pr.htm,0001045810-24-000262,8-K,2024-08-28,2026-09-20T06:42:49Z,4e8ec12b4387b58669360777b0b763cc0d7f63326bd3aba34b6301d57c5460cf,"GAAP and non-GAAP tax rates are expected to be 17%, plus or minus 1%, excluding any discrete items.",,,,,,,,,,"reported value falls outside [16, 18]",open,,,,,,,,,,,2026-09-20,navneet,false,false,,false,false,unresolved,sentence,Outlook,NVIDIA’s outlook for the third quarter of fiscal 2025 is as follows:,,the model found no line reporting that metric for that period,,,yes,"Excerpt states tax rates 'expected to be 17%, plus or minus 1%' which equals 16% to 18% range for forward guidance"
01JD3DWS00T12YVXWN239AJWM2,NVIDIA Corporation,NVDA,0001045810,NVIDIA Corporation expects revenue of $36.75 billion to $38.25 billion for Q4 FY2025.,"Revenue is expected to be $37.5 billion, plus or minus 2%.",revenue,36.75,38.25,USD billions,Q4 FY2025,2024-11-20,https://www.sec.gov/Archives/edgar/data/1045810/000104581024000315/q3fy25pr.htm,0001045810-24-000315,8-K,2024-11-20,2026-09-20T06:42:51Z,162fac8188ca99b458dd882f148de9c5e37cd37754a8fa120ea1b1755a766e5e,"Revenue is expected to be $37.5 billion, plus or minus 2%.",39.331,2025-02-26,https://www.sec.gov/Archives/edgar/data/1045810/000104581025000021/q4fy25pr.htm,0001045810-25-000021,8-K,2025-02-26,2026-09-20T06:42:53Z,e637e534cebb2025c2f4f882c64474b68441fd302e2f56c0e83d646488a54ace,"Revenue $39,331 $35,082 $22,103 Up 12% Up 78%","reported value falls outside [36.75, 38.25]",open,,,,,,,,,98,,2026-09-20,navneet,false,false,,false,false,missed,sentence,Outlook,NVIDIA’s outlook for the fourth quarter of fiscal 2025 is as follows:,,,,,yes,"The excerpt states revenue guidance of '$37.5 billion, plus or minus 2%' which equals $36.75B to $38.25B, matching the provided range for the specified period."
01JD3DWS0071241CH26CMKGDPZ,NVIDIA Corporation,NVDA,0001045810,NVIDIA Corporation expects operating expenses GAAP of $4.8 billion for Q4 FY2025.,"GAAP and non-GAAP operating expenses are expected to be approximately $4.8 billion and $3.4 billion, respectively.",operating expenses GAAP,4.8,4.8,USD billions,Q4 FY2025,2024-11-20,https://www.sec.gov/Archives/edgar/data/1045810/000104581024000315/q3fy25pr.htm,0001045810-24-000315,8-K,2024-11-20,2026-09-20T06:42:51Z,162fac8188ca99b458dd882f148de9c5e37cd37754a8fa120ea1b1755a766e5e,"GAAP and non-GAAP operating expenses are expected to be approximately $4.8 billion and $3.4 billion, respectively.",4.689,2025-02-26,https://www.sec.gov/Archives/edgar/data/1045810/000104581025000021/q4fy25pr.htm,0001045810-25-000021,8-K,2025-02-26,2026-09-20T06:42:53Z,e637e534cebb2025c2f4f882c64474b68441fd302e2f56c0e83d646488a54ace,"Operating expenses $4,689 $4,287 $3,176 Up 9% Up 48%",reported value differs from 4.8 by more than 0.5%,open,,,,,,,,,98,,2026-09-20,navneet,false,false,,false,false,missed,sentence,Outlook,NVIDIA’s outlook for the fourth quarter of fiscal 2025 is as follows:,,,,,yes,"Excerpt states 'GAAP...operating expenses are expected to be approximately $4.8 billion' matching the metric, number, and forward guidance format for the specified period."
01JD3DWS00Z90CVNH72AYJ2WNV,NVIDIA Corporation,NVDA,0001045810,NVIDIA Corporation expects operating expenses non-GAAP of $3.4 billion for Q4 FY2025.,"GAAP and non-GAAP operating expenses are expected to be approximately $4.8 billion and $3.4 billion, respectively.",operating expenses non-GAAP,3.4,3.4,USD billions,Q4 FY2025,2024-11-20,https://www.sec.gov/Archives/edgar/data/1045810/000104581024000315/q3fy25pr.htm,0001045810-24-000315,8-K,2024-11-20,2026-09-20T06:42:51Z,162fac8188ca99b458dd882f148de9c5e37cd37754a8fa120ea1b1755a766e5e,"GAAP and non-GAAP operating expenses are expected to be approximately $4.8 billion and $3.4 billion, respectively.",3.378,2025-02-26,https://www.sec.gov/Archives/edgar/data/1045810/000104581025000021/q4fy25pr.htm,0001045810-25-000021,8-K,2025-02-26,2026-09-20T06:42:53Z,e637e534cebb2025c2f4f882c64474b68441fd302e2f56c0e83d646488a54ace,"Operating expenses $3,378 $3,046 $2,210 Up 11% Up 53%",reported value differs from 3.4 by more than 0.5%,open,,,,,,,,,98,,2026-09-20,navneet,false,false,,false,false,missed,sentence,Outlook,NVIDIA’s outlook for the fourth quarter of fiscal 2025 is as follows:,,,,,yes,"Excerpt states non-GAAP operating expenses expected to be approximately $3.4 billion, matching the metric, number, and unit provided."
01JD3DWS00VSRS99EGVGBB0RTV,NVIDIA Corporation,NVDA,0001045810,NVIDIA Corporation expects other income and expense of $400 million for Q4 FY2025.,"GAAP and non-GAAP other income and expense are expected to be an income of approximately $400 million, excluding gains and losses from non-affiliated investments and publicly-held equity securities.",other income and expense,400.0,400.0,USD millions,Q4 FY2025,2024-11-20,https://www.sec.gov/Archives/edgar/data/1045810/000104581024000315/q3fy25pr.htm,0001045810-24-000315,8-K,2024-11-20,2026-09-20T06:42:51Z,162fac8188ca99b458dd882f148de9c5e37cd37754a8fa120ea1b1755a766e5e,"GAAP and non-GAAP other income and expense are expected to be an income of approximately $400 million, excluding gains and losses from non-affiliated investments and publicly-held equity securities.",,,,,,,,,,reported value differs from 400 by more than 0.5%,open,,,,,,,,,,,2026-09-20,navneet,false,false,,false,false,unresolved,sentence,Outlook,NVIDIA’s outlook for the fourth quarter of fiscal 2025 is as follows:,,model output rejected,,,yes,"Excerpt states 'other income and expense are expected to be an income of approximately $400 million' which matches the guidance metric, number, and unit, with 'expected to be' indicating forward guida"
01JD3DWS00H45K9T8KN7FXWCME,NVIDIA Corporation,NVDA,0001045810,NVIDIA Corporation expects tax rate of 15.5% to 17.5% for Q4 FY2025.,"GAAP and non-GAAP tax rates are expected to be 16.5%, plus or minus 1%, excluding any discrete items.",tax rate,15.5,17.5,percent,Q4 FY2025,2024-11-20,https://www.sec.gov/Archives/edgar/data/1045810/000104581024000315/q3fy25pr.htm,0001045810-24-000315,8-K,2024-11-20,2026-09-20T06:42:51Z,162fac8188ca99b458dd882f148de9c5e37cd37754a8fa120ea1b1755a766e5e,"GAAP and non-GAAP tax rates are expected to be 16.5%, plus or minus 1%, excluding any discrete items.",,,,,,,,,,"reported value falls outside [15.5, 17.5]",open,,,,,,,,,,,2026-09-20,navneet,false,false,,false,false,unresolved,sentence,Outlook,NVIDIA’s outlook for the fourth quarter of fiscal 2025 is as follows:,,the model found no line reporting that metric for that period,,,yes,"Excerpt states tax rates 'expected to be 16.5%, plus or minus 1%' which equals 15.5% to 17.5%, matching the guidance range provided."
01JMZRV700BD7XRW1TPDFX1YV6,NVIDIA Corporation,NVDA,0001045810,NVIDIA Corporation expects revenue of $42.14 billion to $43.86 billion for Q1 FY2026.,"Revenue is expected to be $43.0 billion, plus or minus 2%.",revenue,42.14,43.86,USD billions,Q1 FY2026,2025-02-26,https://www.sec.gov/Archives/edgar/data/1045810/000104581025000021/q4fy25pr.htm,0001045810-25-000021,8-K,2025-02-26,2026-09-20T06:42:53Z,e637e534cebb2025c2f4f882c64474b68441fd302e2f56c0e83d646488a54ace,"Revenue is expected to be $43.0 billion, plus or minus 2%.",44.1,2025-05-28,https://www.sec.gov/Archives/edgar/data/1045810/000104581025000115/q1fy26pr.htm,0001045810-25-000115,8-K,2025-05-28,2026-09-20T06:42:54Z,47e4f268e444b1099141311d8552ec4f845cb3b3f96976e56e21c79d921fb707,"Revenue of $44.1 billion, up 12% from Q4 and up 69% from a year ago","reported value falls outside [42.14, 43.86]",open,,,,,,,,,91,,2026-09-20,navneet,false,false,,false,false,missed,sentence,Outlook,NVIDIA’s outlook for the first quarter of fiscal 2026 is as follows:,,,,,yes,"The excerpt states revenue guidance of '$43.0 billion, plus or minus 2%' which equals approximately $42.14 billion to $43.86 billion, matching the provided range."
01JMZRV700A7EAWYKBH44EVGSE,NVIDIA Corporation,NVDA,0001045810,NVIDIA Corporation expects gross margin non-GAAP of 70.5% to 71.5% for Q1 FY2026.,"GAAP and non-GAAP gross margins are expected to be 70.6% and 71.0%, respectively, plus or minus 50 basis points.",gross margin non-GAAP,70.5,71.5,percent,Q1 FY2026,2025-02-26,https://www.sec.gov/Archives/edgar/data/1045810/000104581025000021/q4fy25pr.htm,0001045810-25-000021,8-K,2025-02-26,2026-09-20T06:42:53Z,e637e534cebb2025c2f4f882c64474b68441fd302e2f56c0e83d646488a54ace,"GAAP and non-GAAP gross margins are expected to be 70.6% and 71.0%, respectively, plus or minus 50 basis points.",61.0,2025-05-28,https://www.sec.gov/Archives/edgar/data/1045810/000104581025000115/q1fy26pr.htm,0001045810-25-000115,8-K,2025-05-28,2026-09-20T06:42:54Z,47e4f268e444b1099141311d8552ec4f845cb3b3f96976e56e21c79d921fb707,Gross margin 61.0 % 73.5 % 78.9 % (12.5) pts (17.9) pts,"reported value falls outside [70.5, 71.5]",open,,,,,,,,,91,,2026-09-20,navneet,false,false,,false,false,missed,sentence,Outlook,NVIDIA’s outlook for the first quarter of fiscal 2026 is as follows:,,,,,yes,"Excerpt states non-GAAP gross margin of 71.0% plus or minus 50 basis points, which encompasses the 70.5% to 71.5% range provided."
01JMZRV700KHBEE2TVPYDPBASZ,NVIDIA Corporation,NVDA,0001045810,NVIDIA Corporation expects operating expenses GAAP of $5.2 billion for Q1 FY2026.,"GAAP and non-GAAP operating expenses are expected to be approximately $5.2 billion and $3.6 billion, respectively.",operating expenses GAAP,5.2,5.2,USD billions,Q1 FY2026,2025-02-26,https://www.sec.gov/Archives/edgar/data/1045810/000104581025000021/q4fy25pr.htm,0001045810-25-000021,8-K,2025-02-26,2026-09-20T06:42:53Z,e637e534cebb2025c2f4f882c64474b68441fd302e2f56c0e83d646488a54ace,"GAAP and non-GAAP operating expenses are expected to be approximately $5.2 billion and $3.6 billion, respectively.",5.03,2025-05-28,https://www.sec.gov/Archives/edgar/data/1045810/000104581025000115/q1fy26pr.htm,0001045810-25-000115,8-K,2025-05-28,2026-09-20T06:42:54Z,47e4f268e444b1099141311d8552ec4f845cb3b3f96976e56e21c79d921fb707,"Operating expenses $5,030 $4,689 $3,497 7 % 44 %",reported value differs from 5.2 by more than 0.5%,open,,,,,,,,,91,,2026-09-20,navneet,false,false,,false,false,missed,sentence,Outlook,NVIDIA’s outlook for the first quarter of fiscal 2026 is as follows:,,,,,yes,"Excerpt states 'GAAP...operating expenses are expected to be approximately $5.2 billion' matching the guidance metric, number, and unit for the specified period."
01JMZRV700QV4MD7ERR3RGJMKN,NVIDIA Corporation,NVDA,0001045810,NVIDIA Corporation expects operating expenses non-GAAP of $3.6 billion for Q1 FY2026.,"GAAP and non-GAAP operating expenses are expected to be approximately $5.2 billion and $3.6 billion, respectively.",operating expenses non-GAAP,3.6,3.6,USD billions,Q1 FY2026,2025-02-26,https://www.sec.gov/Archives/edgar/data/1045810/000104581025000021/q4fy25pr.htm,0001045810-25-000021,8-K,2025-02-26,2026-09-20T06:42:53Z,e637e534cebb2025c2f4f882c64474b68441fd302e2f56c0e83d646488a54ace,"GAAP and non-GAAP operating expenses are expected to be approximately $5.2 billion and $3.6 billion, respectively.",3.583,2025-05-28,https://www.sec.gov/Archives/edgar/data/1045810/000104581025000115/q1fy26pr.htm,0001045810-25-000115,8-K,2025-05-28,2026-09-20T06:42:54Z,47e4f268e444b1099141311d8552ec4f845cb3b3f96976e56e21c79d921fb707,"Operating expenses $3,583 $3,378 $2,501 6 % 43 %",reported value differs from 3.6 by more than 0.5%,open,,,,,,,,,91,,2026-09-20,navneet,false,false,,false,false,met,sentence,Outlook,NVIDIA’s outlook for the first quarter of fiscal 2026 is as follows:,,,,,yes,"Excerpt states non-GAAP operating expenses expected to be approximately $3.6 billion, matching the metric, number, and unit provided."
01JMZRV700ST2TVM8V1VCDXXKN,NVIDIA Corporation,NVDA,0001045810,NVIDIA Corporation expects other income and expense of $400 million for Q1 FY2026.,"GAAP and non-GAAP other income and expense are expected to be an income of approximately $400 million, excluding gains and losses from non-marketable and publicly-held equity securities.",other income and expense,400.0,400.0,USD millions,Q1 FY2026,2025-02-26,https://www.sec.gov/Archives/edgar/data/1045810/000104581025000021/q4fy25pr.htm,0001045810-25-000021,8-K,2025-02-26,2026-09-20T06:42:53Z,e637e534cebb2025c2f4f882c64474b68441fd302e2f56c0e83d646488a54ace,"GAAP and non-GAAP other income and expense are expected to be an income of approximately $400 million, excluding gains and losses from non-marketable and publicly-held equity securities.",448.0,2025-05-28,https://www.sec.gov/Archives/edgar/data/1045810/000104581025000115/q1fy26pr.htm,0001045810-25-000115,8-K,2025-05-28,2026-09-20T06:42:54Z,47e4f268e444b1099141311d8552ec4f845cb3b3f96976e56e21c79d921fb707,"Non-GAAP total other income (expense), net $ 448 $ 457 $ 302",reported value differs from 400 by more than 0.5%,open,,,,,,,,,91,,2026-09-20,navneet,false,false,,false,false,missed,sentence,Outlook,NVIDIA’s outlook for the first quarter of fiscal 2026 is as follows:,,,,,yes,"Excerpt states 'other income and expense are expected to be an income of approximately $400 million' which matches the guidance metric, number, and unit, with 'expected to be' indicating forward guida"
01JMZRV700ET6J43NHXKDXKAAX,NVIDIA Corporation,NVDA,0001045810,NVIDIA Corporation expects tax rate of 16% to 18% for Q1 FY2026.,"GAAP and non-GAAP tax rates are expected to be 17.0%, plus or minus 1%, excluding any discrete items.",tax rate,16.0,18.0,percent,Q1 FY2026,2025-02-26,https://www.sec.gov/Archives/edgar/data/1045810/000104581025000021/q4fy25pr.htm,0001045810-25-000021,8-K,2025-02-26,2026-09-20T06:42:53Z,e637e534cebb2025c2f4f882c64474b68441fd302e2f56c0e83d646488a54ace,"GAAP and non-GAAP tax rates are expected to be 17.0%, plus or minus 1%, excluding any discrete items.",,,,,,,,,,"reported value falls outside [16, 18]",open,,,,,,,,,,,2026-09-20,navneet,false,false,,false,false,unresolved,sentence,Outlook,NVIDIA’s outlook for the first quarter of fiscal 2026 is as follows:,,the model found no line reporting that metric for that period,,,yes,"Excerpt states tax rates 'expected to be 17.0%, plus or minus 1%' which equals 16% to 18% range, matching the guidance claim"
01JWA30M00QD54HK894CA850X3,NVIDIA Corporation,NVDA,0001045810,NVIDIA Corporation expects revenue of $44.1 billion to $45.9 billion for Q2 FY2026.,"Revenue is expected to be $45.0 billion, plus or minus 2%.",revenue,44.1,45.9,USD billions,Q2 FY2026,2025-05-28,https://www.sec.gov/Archives/edgar/data/1045810/000104581025000115/q1fy26pr.htm,0001045810-25-000115,8-K,2025-05-28,2026-09-20T06:42:54Z,47e4f268e444b1099141311d8552ec4f845cb3b3f96976e56e21c79d921fb707,"Revenue is expected to be $45.0 billion, plus or minus 2%.",46.743,2025-08-27,https://www.sec.gov/Archives/edgar/data/1045810/000104581025000207/q2fy26pr.htm,0001045810-25-000207,8-K,2025-08-27,2026-09-20T06:42:56Z,caea50c56d2c63a13fe844e165267d038a1649575d1a50e6830c031d58175826,"Revenue $46,743 $44,062 $30,040 6 % 56 %","reported value falls outside [44.1, 45.9]",open,,,,,,,,,91,,2026-09-20,navneet,false,false,,false,false,missed,sentence,Outlook,NVIDIA’s outlook for the second quarter of fiscal 2026 is as follows:,,,,,yes,"The excerpt states revenue guidance of '$45.0 billion, plus or minus 2%' which equals $44.1 billion to $45.9 billion, matching the specified range and metric."
01JWA30M0063Y0GDFZVPZTEM1Y,NVIDIA Corporation,NVDA,0001045810,NVIDIA Corporation expects operating expenses GAAP of $5.7 billion for Q2 FY2026.,"GAAP and non-GAAP operating expenses are expected to be approximately $5.7 billion and $4.0 billion, respectively.",operating expenses GAAP,5.7,5.7,USD billions,Q2 FY2026,2025-05-28,https://www.sec.gov/Archives/edgar/data/1045810/000104581025000115/q1fy26pr.htm,0001045810-25-000115,8-K,2025-05-28,2026-09-20T06:42:54Z,47e4f268e444b1099141311d8552ec4f845cb3b3f96976e56e21c79d921fb707,"GAAP and non-GAAP operating expenses are expected to be approximately $5.7 billion and $4.0 billion, respectively.",5.413,2025-08-27,https://www.sec.gov/Archives/edgar/data/1045810/000104581025000207/q2fy26pr.htm,0001045810-25-000207,8-K,2025-08-27,2026-09-20T06:42:56Z,caea50c56d2c63a13fe844e165267d038a1649575d1a50e6830c031d58175826,"Operating expenses $5,413 $5,030 $3,932 8 % 38 %",reported value differs from 5.7 by more than 0.5%,open,,,,,,,,,91,,2026-09-20,navneet,false,false,,false,false,missed,sentence,Outlook,NVIDIA’s outlook for the second quarter of fiscal 2026 is as follows:,,,,,yes,"Excerpt states 'GAAP...operating expenses are expected to be approximately $5.7 billion' which matches the metric, number, and forward guidance format for the specified period."
01JWA30M00MH5KRKXY0TP4NP1Q,NVIDIA Corporation,NVDA,0001045810,NVIDIA Corporation expects operating expenses non-GAAP of $4 billion for Q2 FY2026.,"GAAP and non-GAAP operating expenses are expected to be approximately $5.7 billion and $4.0 billion, respectively.",operating expenses non-GAAP,4.0,4.0,USD billions,Q2 FY2026,2025-05-28,https://www.sec.gov/Archives/edgar/data/1045810/000104581025000115/q1fy26pr.htm,0001045810-25-000115,8-K,2025-05-28,2026-09-20T06:42:54Z,47e4f268e444b1099141311d8552ec4f845cb3b3f96976e56e21c79d921fb707,"GAAP and non-GAAP operating expenses are expected to be approximately $5.7 billion and $4.0 billion, respectively.",3.795,2025-08-27,https://www.sec.gov/Archives/edgar/data/1045810/000104581025000207/q2fy26pr.htm,0001045810-25-000207,8-K,2025-08-27,2026-09-20T06:42:56Z,caea50c56d2c63a13fe844e165267d038a1649575d1a50e6830c031d58175826,"Operating expenses $3,795 $3,583 $2,792 6 % 36 %",reported value differs from 4 by more than 0.5%,open,,,,,,,,,91,,2026-09-20,navneet,false,false,,false,false,missed,sentence,Outlook,NVIDIA’s outlook for the second quarter of fiscal 2026 is as follows:,,,,,yes,"Excerpt states non-GAAP operating expenses expected to be approximately $4.0 billion, matching the $4 billion guidance provided."
01JWA30M00VMF0KF8XDV6PK0WB,NVIDIA Corporation,NVDA,0001045810,NVIDIA Corporation expects other income and expense of $450 million for Q2 FY2026.,"GAAP and non-GAAP other income and expense are expected to be an income of approximately $450 million, excluding gains and losses from non-marketable and publicly-held equity securities.",other income and expense,450.0,450.0,USD millions,Q2 FY2026,2025-05-28,https://www.sec.gov/Archives/edgar/data/1045810/000104581025000115/q1fy26pr.htm,0001045810-25-000115,8-K,2025-05-28,2026-09-20T06:42:54Z,47e4f268e444b1099141311d8552ec4f845cb3b3f96976e56e21c79d921fb707,"GAAP and non-GAAP other income and expense are expected to be an income of approximately $450 million, excluding gains and losses from non-marketable and publicly-held equity securities.",520.0,2025-08-27,https://www.sec.gov/Archives/edgar/data/1045810/000104581025000207/q2fy26pr.htm,0001045810-25-000207,8-K,2025-08-27,2026-09-20T06:42:56Z,caea50c56d2c63a13fe844e165267d038a1649575d1a50e6830c031d58175826,"Non-GAAP total other income (expense), net $ 520 $ 448 $ 380 $ 968 $ 680",reported value differs from 450 by more than 0.5%,open,,,,,,,,,91,,2026-09-20,navneet,false,false,,false,false,missed,sentence,Outlook,NVIDIA’s outlook for the second quarter of fiscal 2026 is as follows:,,,,,yes,"Excerpt states 'other income and expense are expected to be an income of approximately $450 million' which matches the guidance metric, number, and unit provided."
01JWA30M00WW6DNFQC598303G3,NVIDIA Corporation,NVDA,0001045810,NVIDIA Corporation expects tax rate of 15.5% to 17.5% for Q2 FY2026.,"GAAP and non-GAAP tax rates are expected to be 16.5%, plus or minus 1%, excluding any discrete items.",tax rate,15.5,17.5,percent,Q2 FY2026,2025-05-28,https://www.sec.gov/Archives/edgar/data/1045810/000104581025000115/q1fy26pr.htm,0001045810-25-000115,8-K,2025-05-28,2026-09-20T06:42:54Z,47e4f268e444b1099141311d8552ec4f845cb3b3f96976e56e21c79d921fb707,"GAAP and non-GAAP tax rates are expected to be 16.5%, plus or minus 1%, excluding any discrete items.",,,,,,,,,,"reported value falls outside [15.5, 17.5]",open,,,,,,,,,,,2026-09-20,navneet,false,false,,false,false,unresolved,sentence,Outlook,NVIDIA’s outlook for the second quarter of fiscal 2026 is as follows:,,the model found no line reporting that metric for that period,,,yes,"The excerpt states tax rates 'expected to be 16.5%, plus or minus 1%' which equals 15.5% to 17.5%, matching the guidance range provided."
01K3MD6100RBSA5Z35ASSDWC7J,NVIDIA Corporation,NVDA,0001045810,NVIDIA Corporation expects revenue of $52.92 billion to $55.08 billion for Q3 FY2026.,"Revenue is expected to be $54.0 billion, plus or minus 2%.",revenue,52.92,55.08,USD billions,Q3 FY2026,2025-08-27,https://www.sec.gov/Archives/edgar/data/1045810/000104581025000207/q2fy26pr.htm,0001045810-25-000207,8-K,2025-08-27,2026-09-20T06:42:56Z,caea50c56d2c63a13fe844e165267d038a1649575d1a50e6830c031d58175826,"Revenue is expected to be $54.0 billion, plus or minus 2%.",57.006,2025-11-19,https://www.sec.gov/Archives/edgar/data/1045810/000104581025000228/q3fy26pr.htm,0001045810-25-000228,8-K,2025-11-19,2026-09-20T06:42:57Z,54b34964b16fe5c6ebee427a80806226c7e9cdaa877a6e9d722606a9f275f158,"Revenue $57,006 $46,743 $35,082 22 % 62 %","reported value falls outside [52.92, 55.08]",open,,,,,,,,,84,,2026-09-20,navneet,false,false,,false,false,missed,sentence,Outlook,NVIDIA’s outlook for the third quarter of fiscal 2026 is as follows:,,,,,yes,"The excerpt states revenue guidance of '$54.0 billion, plus or minus 2%' which equals $52.92 billion to $55.08 billion, matching the specified range and metric."
01K3MD61008NX94C4HGJ0KQ2WB,NVIDIA Corporation,NVDA,0001045810,NVIDIA Corporation expects operating expenses GAAP of $5.9 billion for Q3 FY2026.,"GAAP and non-GAAP operating expenses are expected to be approximately $5.9 billion and $4.2 billion, respectively.",operating expenses GAAP,5.9,5.9,USD billions,Q3 FY2026,2025-08-27,https://www.sec.gov/Archives/edgar/data/1045810/000104581025000207/q2fy26pr.htm,0001045810-25-000207,8-K,2025-08-27,2026-09-20T06:42:56Z,caea50c56d2c63a13fe844e165267d038a1649575d1a50e6830c031d58175826,"GAAP and non-GAAP operating expenses are expected to be approximately $5.9 billion and $4.2 billion, respectively.",5.839,2025-11-19,https://www.sec.gov/Archives/edgar/data/1045810/000104581025000228/q3fy26pr.htm,0001045810-25-000228,8-K,2025-11-19,2026-09-20T06:42:57Z,54b34964b16fe5c6ebee427a80806226c7e9cdaa877a6e9d722606a9f275f158,"Operating expenses $5,839 $5,413 $4,287 8 % 36 %",reported value differs from 5.9 by more than 0.5%,open,,,,,,,,,84,,2026-09-20,navneet,false,false,,false,false,missed,sentence,Outlook,NVIDIA’s outlook for the third quarter of fiscal 2026 is as follows:,,,,,yes,"Excerpt states 'GAAP...operating expenses are expected to be approximately $5.9 billion' matching the metric, number, and forward guidance format."
01K3MD6100QMMQ5FVV6HH0DG9Q,NVIDIA Corporation,NVDA,0001045810,NVIDIA Corporation expects operating expenses non-GAAP of $4.2 billion for Q3 FY2026.,"GAAP and non-GAAP operating expenses are expected to be approximately $5.9 billion and $4.2 billion, respectively.",operating expenses non-GAAP,4.2,4.2,USD billions,Q3 FY2026,2025-08-27,https://www.sec.gov/Archives/edgar/data/1045810/000104581025000207/q2fy26pr.htm,0001045810-25-000207,8-K,2025-08-27,2026-09-20T06:42:56Z,caea50c56d2c63a13fe844e165267d038a1649575d1a50e6830c031d58175826,"GAAP and non-GAAP operating expenses are expected to be approximately $5.9 billion and $4.2 billion, respectively.",4.215,2025-11-19,https://www.sec.gov/Archives/edgar/data/1045810/000104581025000228/q3fy26pr.htm,0001045810-25-000228,8-K,2025-11-19,2026-09-20T06:42:57Z,54b34964b16fe5c6ebee427a80806226c7e9cdaa877a6e9d722606a9f275f158,"Operating expenses $4,215 $3,795 $3,046 11 % 38 %",reported value differs from 4.2 by more than 0.5%,open,,,,,,,,,84,,2026-09-20,navneet,false,false,,false,false,met,sentence,Outlook,NVIDIA’s outlook for the third quarter of fiscal 2026 is as follows:,,,,,yes,"Excerpt states non-GAAP operating expenses are expected to be approximately $4.2 billion, matching the metric, number, and unit provided."
01K3MD6100GPC3CFHH1YBBVWWB,NVIDIA Corporation,NVDA,0001045810,NVIDIA Corporation expects other income and expense of $500 million for Q3 FY2026.,"GAAP and non-GAAP other income and expense are expected to be an income of approximately $500 million, excluding gains and losses from non-marketable and publicly-held equity securities.",other income and expense,500.0,500.0,USD millions,Q3 FY2026,2025-08-27,https://www.sec.gov/Archives/edgar/data/1045810/000104581025000207/q2fy26pr.htm,0001045810-25-000207,8-K,2025-08-27,2026-09-20T06:42:56Z,caea50c56d2c63a13fe844e165267d038a1649575d1a50e6830c031d58175826,"GAAP and non-GAAP other income and expense are expected to be an income of approximately $500 million, excluding gains and losses from non-marketable and publicly-held equity securities.",573.0,2025-11-19,https://www.sec.gov/Archives/edgar/data/1045810/000104581025000228/q3fy26pr.htm,0001045810-25-000228,8-K,2025-11-19,2026-09-20T06:42:57Z,54b34964b16fe5c6ebee427a80806226c7e9cdaa877a6e9d722606a9f275f158,"Non-GAAP total other income, net $ 573 $ 520 $ 411 $ 1,541 $ 1,091",reported value differs from 500 by more than 0.5%,open,,,,,,,,,84,,2026-09-20,navneet,false,false,,false,false,missed,sentence,Outlook,NVIDIA’s outlook for the third quarter of fiscal 2026 is as follows:,,,,,yes,"Excerpt states 'other income and expense are expected to be an income of approximately $500 million' which matches the guidance metric, number, and unit provided."
01K3MD61007GHBNXA6V1JS7J9Y,NVIDIA Corporation,NVDA,0001045810,NVIDIA Corporation expects tax rate of 15.5% to 17.5% for Q3 FY2026.,"GAAP and non-GAAP tax rates are expected to be 16.5%, plus or minus 1%, excluding any discrete items.",tax rate,15.5,17.5,percent,Q3 FY2026,2025-08-27,https://www.sec.gov/Archives/edgar/data/1045810/000104581025000207/q2fy26pr.htm,0001045810-25-000207,8-K,2025-08-27,2026-09-20T06:42:56Z,caea50c56d2c63a13fe844e165267d038a1649575d1a50e6830c031d58175826,"GAAP and non-GAAP tax rates are expected to be 16.5%, plus or minus 1%, excluding any discrete items.",,,,,,,,,,"reported value falls outside [15.5, 17.5]",open,,,,,,,,,,,2026-09-20,navneet,false,false,,false,false,unresolved,sentence,Outlook,NVIDIA’s outlook for the third quarter of fiscal 2026 is as follows:,,the model found no line reporting that metric for that period,,,yes,"The excerpt states tax rates 'expected to be 16.5%, plus or minus 1%' which equals 15.5% to 17.5%, matching the guidance range provided."
01KACPJD00N3S1GWYH64Y59NGZ,NVIDIA Corporation,NVDA,0001045810,NVIDIA Corporation expects revenue of $63.7 billion to $66.3 billion for Q4 FY2026.,"Revenue is expected to be $65.0 billion, plus or minus 2%.",revenue,63.7,66.3,USD billions,Q4 FY2026,2025-11-19,https://www.sec.gov/Archives/edgar/data/1045810/000104581025000228/q3fy26pr.htm,0001045810-25-000228,8-K,2025-11-19,2026-09-20T06:42:57Z,54b34964b16fe5c6ebee427a80806226c7e9cdaa877a6e9d722606a9f275f158,"Revenue is expected to be $65.0 billion, plus or minus 2%.",68.127,2026-02-25,https://www.sec.gov/Archives/edgar/data/1045810/000104581026000019/q4fy26pr.htm,0001045810-26-000019,8-K,2026-02-25,2026-09-20T07:25:22Z,b61e6e66c346a7a3ce0ab17090432ec87d87cb6ad7b9e4fe9153693bf3c541e7,"Revenue $68,127 $57,006 $39,331 20 % 73 %","reported value falls outside [63.7, 66.3]",open,,,,,,,,,98,,2026-09-20,navneet,false,false,,false,false,missed,sentence,Outlook,NVIDIA’s outlook for the fourth quarter of fiscal 2026 is as follows:,,,,,yes,"The excerpt states revenue guidance of '$65.0 billion, plus or minus 2%' which equals $63.7B to $66.3B, matching the provided range and metric."
01KACPJD00RVQBJ9M063J18V8X,NVIDIA Corporation,NVDA,0001045810,NVIDIA Corporation expects operating expenses GAAP of $6.7 billion for Q4 FY2026.,"GAAP and non-GAAP operating expenses are expected to be approximately $6.7 billion and $5.0 billion, respectively.",operating expenses GAAP,6.7,6.7,USD billions,Q4 FY2026,2025-11-19,https://www.sec.gov/Archives/edgar/data/1045810/000104581025000228/q3fy26pr.htm,0001045810-25-000228,8-K,2025-11-19,2026-09-20T06:42:57Z,54b34964b16fe5c6ebee427a80806226c7e9cdaa877a6e9d722606a9f275f158,"GAAP and non-GAAP operating expenses are expected to be approximately $6.7 billion and $5.0 billion, respectively.",6.794,2026-02-25,https://www.sec.gov/Archives/edgar/data/1045810/000104581026000019/q4fy26pr.htm,0001045810-26-000019,8-K,2026-02-25,2026-09-20T07:25:22Z,b61e6e66c346a7a3ce0ab17090432ec87d87cb6ad7b9e4fe9153693bf3c541e7,"Operating expenses $6,794 $5,839 $4,689 16 % 45 %",reported value differs from 6.7 by more than 0.5%,open,,,,,,,,,98,,2026-09-20,navneet,false,false,,false,false,missed,sentence,Outlook,NVIDIA’s outlook for the fourth quarter of fiscal 2026 is as follows:,,,,,yes,"Excerpt states 'GAAP...operating expenses are expected to be approximately $6.7 billion' matching the guidance metric, number, and unit; context indicates this is forward guidance for the specified pe"
01KACPJD00XKE3290Z29A4J2G9,NVIDIA Corporation,NVDA,0001045810,NVIDIA Corporation expects operating expenses non-GAAP of $5 billion for Q4 FY2026.,"GAAP and non-GAAP operating expenses are expected to be approximately $6.7 billion and $5.0 billion, respectively.",operating expenses non-GAAP,5.0,5.0,USD billions,Q4 FY2026,2025-11-19,https://www.sec.gov/Archives/edgar/data/1045810/000104581025000228/q3fy26pr.htm,0001045810-25-000228,8-K,2025-11-19,2026-09-20T06:42:57Z,54b34964b16fe5c6ebee427a80806226c7e9cdaa877a6e9d722606a9f275f158,"GAAP and non-GAAP operating expenses are expected to be approximately $6.7 billion and $5.0 billion, respectively.",5.102,2026-02-25,https://www.sec.gov/Archives/edgar/data/1045810/000104581026000019/q4fy26pr.htm,0001045810-26-000019,8-K,2026-02-25,2026-09-20T07:25:22Z,b61e6e66c346a7a3ce0ab17090432ec87d87cb6ad7b9e4fe9153693bf3c541e7,"Operating expenses $5,102 $4,215 $3,378 21 % 51 %",reported value differs from 5 by more than 0.5%,open,,,,,,,,,98,,2026-09-20,navneet,false,false,,false,false,missed,sentence,Outlook,NVIDIA’s outlook for the fourth quarter of fiscal 2026 is as follows:,,,,,yes,"Excerpt states non-GAAP operating expenses expected to be approximately $5.0 billion, matching the $5 billion guidance provided."
01KACPJD00YCSP4CASA1PWERG1,NVIDIA Corporation,NVDA,0001045810,NVIDIA Corporation expects other income and expense of $500 million for Q4 FY2026.,"GAAP and non-GAAP other income and expense are expected to be an income of approximately $500 million, excluding gains and losses from non-marketable and publicly-held equity securities.",other income and expense,500.0,500.0,USD millions,Q4 FY2026,2025-11-19,https://www.sec.gov/Archives/edgar/data/1045810/000104581025000228/q3fy26pr.htm,0001045810-25-000228,8-K,2025-11-19,2026-09-20T06:42:57Z,54b34964b16fe5c6ebee427a80806226c7e9cdaa877a6e9d722606a9f275f158,"GAAP and non-GAAP other income and expense are expected to be an income of approximately $500 million, excluding gains and losses from non-marketable and publicly-held equity securities.",620.0,2026-02-25,https://www.sec.gov/Archives/edgar/data/1045810/000104581026000019/q4fy26pr.htm,0001045810-26-000019,8-K,2026-02-25,2026-09-20T07:25:22Z,b61e6e66c346a7a3ce0ab17090432ec87d87cb6ad7b9e4fe9153693bf3c541e7,"Non-GAAP total other income, net $ 620 $ 573 $ 457 $ 2,161 $ 1,547",reported value differs from 500 by more than 0.5%,open,,,,,,,,,98,,2026-09-20,navneet,false,false,,false,false,missed,sentence,Outlook,NVIDIA’s outlook for the fourth quarter of fiscal 2026 is as follows:,,,,,yes,"Excerpt states 'other income and expense are expected to be an income of approximately $500 million' which matches the guidance metric, number, and unit provided."
01KACPJD00DZ62C328JGK6MVZP,NVIDIA Corporation,NVDA,0001045810,NVIDIA Corporation expects tax rate of 16% to 18% for Q4 FY2026.,"GAAP and non-GAAP tax rates are expected to be 17.0%, plus or minus 1%, excluding any discrete items.",tax rate,16.0,18.0,percent,Q4 FY2026,2025-11-19,https://www.sec.gov/Archives/edgar/data/1045810/000104581025000228/q3fy26pr.htm,0001045810-25-000228,8-K,2025-11-19,2026-09-20T06:42:57Z,54b34964b16fe5c6ebee427a80806226c7e9cdaa877a6e9d722606a9f275f158,"GAAP and non-GAAP tax rates are expected to be 17.0%, plus or minus 1%, excluding any discrete items.",,,,,,,,,,"reported value falls outside [16, 18]",open,,,,,,,,,,,2026-09-20,navneet,false,false,,false,false,unresolved,sentence,Outlook,NVIDIA’s outlook for the fourth quarter of fiscal 2026 is as follows:,,the model found no line reporting that metric for that period,,,yes,"Excerpt states tax rates 'expected to be 17.0%, plus or minus 1%' which equals 16% to 18% range as forward guidance"
01KJ91GV00GRRDFF19ZG7W0V0E,NVIDIA Corporation,NVDA,0001045810,NVIDIA Corporation expects revenue of $76.44 billion to $79.56 billion for Q1 FY2027.,"Revenue is expected to be $78.0 billion, plus or minus 2%.",revenue,76.44,79.56,USD billions,Q1 FY2027,2026-02-25,https://www.sec.gov/Archives/edgar/data/1045810/000104581026000019/q4fy26pr.htm,0001045810-26-000019,8-K,2026-02-25,2026-09-20T07:25:22Z,b61e6e66c346a7a3ce0ab17090432ec87d87cb6ad7b9e4fe9153693bf3c541e7,"Revenue is expected to be $78.0 billion, plus or minus 2%.",81.615,2026-05-20,https://www.sec.gov/Archives/edgar/data/1045810/000104581026000051/q1fy27pr.htm,0001045810-26-000051,8-K,2026-05-20,2026-09-20T07:25:24Z,e2cecdc4e546f0b3e34fd0f953ede907402d9ca6fa609fba424d6e9480856d88,"Revenue $81,615 $68,127 $44,062 20 % 85 %","reported value falls outside [76.44, 79.56]",open,,,,,,,,,84,,2026-09-20,navneet,false,false,,false,false,missed,sentence,Outlook,NVIDIA’s outlook for the first quarter of fiscal 2027 is as follows:,,,,,yes,"The excerpt states revenue guidance of '$78.0 billion, plus or minus 2%' which equals $76.44B to $79.56B, matching the specified range and metric, though the period is not explicitly stated in the exc"
01KJ91GV004SSJWMJKZM36EM7Y,NVIDIA Corporation,NVDA,0001045810,NVIDIA Corporation expects operating expenses GAAP of $7.7 billion for Q1 FY2027.,"GAAP and non-GAAP operating expenses are expected to be approximately $7.7 billion and $7.5 billion, respectively, inclusive of $1.9 billion of stock-based compensation expense.",operating expenses GAAP,7.7,7.7,USD billions,Q1 FY2027,2026-02-25,https://www.sec.gov/Archives/edgar/data/1045810/000104581026000019/q4fy26pr.htm,0001045810-26-000019,8-K,2026-02-25,2026-09-20T07:25:22Z,b61e6e66c346a7a3ce0ab17090432ec87d87cb6ad7b9e4fe9153693bf3c541e7,"GAAP and non-GAAP operating expenses are expected to be approximately $7.7 billion and $7.5 billion, respectively, inclusive of $1.9 billion of stock-based compensation expense.",7.621,2026-05-20,https://www.sec.gov/Archives/edgar/data/1045810/000104581026000051/q1fy27pr.htm,0001045810-26-000051,8-K,2026-05-20,2026-09-20T07:25:24Z,e2cecdc4e546f0b3e34fd0f953ede907402d9ca6fa609fba424d6e9480856d88,"Operating expenses $7,621 $6,794 $5,030 12 % 52 %",reported value differs from 7.7 by more than 0.5%,open,,,,,,,,,84,,2026-09-20,navneet,false,false,,false,false,missed,sentence,Outlook,NVIDIA’s outlook for the first quarter of fiscal 2027 is as follows:,,,,,yes,"Excerpt states 'GAAP...operating expenses are expected to be approximately $7.7 billion' which matches the metric, number, and unit, and the forward-looking language 'expected to be' indicates guidanc"
01KJ91GV00Z3C30W453VWJESFX,NVIDIA Corporation,NVDA,0001045810,NVIDIA Corporation expects operating expenses non-GAAP of $7.5 billion for Q1 FY2027.,"GAAP and non-GAAP operating expenses are expected to be approximately $7.7 billion and $7.5 billion, respectively, inclusive of $1.9 billion of stock-based compensation expense.",operating expenses non-GAAP,7.5,7.5,USD billions,Q1 FY2027,2026-02-25,https://www.sec.gov/Archives/edgar/data/1045810/000104581026000019/q4fy26pr.htm,0001045810-26-000019,8-K,2026-02-25,2026-09-20T07:25:22Z,b61e6e66c346a7a3ce0ab17090432ec87d87cb6ad7b9e4fe9153693bf3c541e7,"GAAP and non-GAAP operating expenses are expected to be approximately $7.7 billion and $7.5 billion, respectively, inclusive of $1.9 billion of stock-based compensation expense.",7.449,2026-05-20,https://www.sec.gov/Archives/edgar/data/1045810/000104581026000051/q1fy27pr.htm,0001045810-26-000051,8-K,2026-05-20,2026-09-20T07:25:24Z,e2cecdc4e546f0b3e34fd0f953ede907402d9ca6fa609fba424d6e9480856d88,"Operating expenses $7,449 $6,666 $4,993 12 % 49 %",reported value differs from 7.5 by more than 0.5%,open,,,,,,,,,84,,2026-09-20,navneet,false,false,,false,false,missed,sentence,Outlook,NVIDIA’s outlook for the first quarter of fiscal 2027 is as follows:,,,,,yes,Excerpt states 'non-GAAP operating expenses are expected to be approximately $7.5 billion' matching the guidance claim exactly.
01KJ91GV00WBDJ94VK4A5S61W1,NVIDIA Corporation,NVDA,0001045810,NVIDIA Corporation expects tax rate of 17% to 19% for FY2027.,"For the full year fiscal 2027, GAAP and non-GAAP tax rates are expected to be between 17.0% and 19.0%, excluding any discrete items and material changes to NVIDIA’s tax environment.",tax rate,17.0,19.0,percent,FY2027,2026-02-25,https://www.sec.gov/Archives/edgar/data/1045810/000104581026000019/q4fy26pr.htm,0001045810-26-000019,8-K,2026-02-25,2026-09-20T07:25:22Z,b61e6e66c346a7a3ce0ab17090432ec87d87cb6ad7b9e4fe9153693bf3c541e7,"For the full year fiscal 2027, GAAP and non-GAAP tax rates are expected to be between 17.0% and 19.0%, excluding any discrete items and material changes to NVIDIA’s tax environment.",,,,,,,,,,"reported value falls outside [17, 19]",open,,,,,,,,,,,2026-09-20,navneet,false,false,,false,false,unresolved,sentence,Outlook,NVIDIA’s outlook for the first quarter of fiscal 2027 is as follows:,,no later 8-K release for that period found,,,yes,"Excerpt states 'GAAP and non-GAAP tax rates are expected to be between 17.0% and 19.0%' for 'full year fiscal 2027', matching the guidance metric, range, unit, and period exactly."
01KS1AX700BVKJ2P3MBEG1V1H7,NVIDIA Corporation,NVDA,0001045810,NVIDIA Corporation expects revenue of $89.18 billion to $92.82 billion for Q2 FY2027.,"Revenue is expected to be $91.0 billion, plus or minus 2%.",revenue,89.18,92.82,USD billions,Q2 FY2027,2026-05-20,https://www.sec.gov/Archives/edgar/data/1045810/000104581026000051/q1fy27pr.htm,0001045810-26-000051,8-K,2026-05-20,2026-09-20T07:25:24Z,e2cecdc4e546f0b3e34fd0f953ede907402d9ca6fa609fba424d6e9480856d88,"Revenue is expected to be $91.0 billion, plus or minus 2%.",96.221,2026-08-26,https://www.sec.gov/Archives/edgar/data/1045810/000104581026000073/q2fy27pr.htm,0001045810-26-000073,8-K,2026-08-26,2026-09-20T07:25:26Z,4ffdcb2803b9f835e5b30476ddf5776a6f28c76d36410560e0b0dbdac64296b5,"Revenue $96,221 $81,615 $46,743 18 % 106 %","reported value falls outside [89.18, 92.82]",open,,,,,,,,,98,,2026-09-20,navneet,false,false,,false,false,missed,sentence,Outlook,NVIDIA’s outlook for the second quarter of fiscal 2027 is as follows:,,,,,yes,"The excerpt states revenue guidance of '$91.0 billion, plus or minus 2%' which equals $89.18 billion to $92.82 billion, matching the specified range and metric."
01KS1AX700KAA228F7A70TWCKZ,NVIDIA Corporation,NVDA,0001045810,NVIDIA Corporation expects operating expenses GAAP of $8.5 billion for Q2 FY2027.,"GAAP and non-GAAP operating expenses are expected to be approximately $8.5 billion and $8.3 billion, respectively.",operating expenses GAAP,8.5,8.5,USD billions,Q2 FY2027,2026-05-20,https://www.sec.gov/Archives/edgar/data/1045810/000104581026000051/q1fy27pr.htm,0001045810-26-000051,8-K,2026-05-20,2026-09-20T07:25:24Z,e2cecdc4e546f0b3e34fd0f953ede907402d9ca6fa609fba424d6e9480856d88,"GAAP and non-GAAP operating expenses are expected to be approximately $8.5 billion and $8.3 billion, respectively.",8.408,2026-08-26,https://www.sec.gov/Archives/edgar/data/1045810/000104581026000073/q2fy27pr.htm,0001045810-26-000073,8-K,2026-08-26,2026-09-20T07:25:26Z,4ffdcb2803b9f835e5b30476ddf5776a6f28c76d36410560e0b0dbdac64296b5,"Operating expenses $8,408 $7,621 $5,413 10 % 55 %",reported value differs from 8.5 by more than 0.5%,open,,,,,,,,,98,,2026-09-20,navneet,false,false,,false,false,missed,sentence,Outlook,NVIDIA’s outlook for the second quarter of fiscal 2027 is as follows:,,,,,yes,"Excerpt states 'GAAP...operating expenses are expected to be approximately $8.5 billion' matching the metric, number, and unit, with forward guidance indicated by 'expected to be'"
01KS1AX700MXZ5H6EJPGA3BRNR,NVIDIA Corporation,NVDA,0001045810,NVIDIA Corporation expects operating expenses non-GAAP of $8.3 billion for Q2 FY2027.,"GAAP and non-GAAP operating expenses are expected to be approximately $8.5 billion and $8.3 billion, respectively.",operating expenses non-GAAP,8.3,8.3,USD billions,Q2 FY2027,2026-05-20,https://www.sec.gov/Archives/edgar/data/1045810/000104581026000051/q1fy27pr.htm,0001045810-26-000051,8-K,2026-05-20,2026-09-20T07:25:24Z,e2cecdc4e546f0b3e34fd0f953ede907402d9ca6fa609fba424d6e9480856d88,"GAAP and non-GAAP operating expenses are expected to be approximately $8.5 billion and $8.3 billion, respectively.",8.232,2026-08-26,https://www.sec.gov/Archives/edgar/data/1045810/000104581026000073/q2fy27pr.htm,0001045810-26-000073,8-K,2026-08-26,2026-09-20T07:25:26Z,4ffdcb2803b9f835e5b30476ddf5776a6f28c76d36410560e0b0dbdac64296b5,"Operating expenses $8,232 $7,449 $5,361 11 % 54 %",reported value differs from 8.3 by more than 0.5%,open,,,,,,,,,98,,2026-09-20,navneet,false,false,,false,false,missed,sentence,Outlook,NVIDIA’s outlook for the second quarter of fiscal 2027 is as follows:,,,,,yes,Excerpt states 'non-GAAP operating expenses are expected to be approximately $8.3 billion' matching the guidance claim exactly.
01KS1AX7003GJY1M0WM6EGX2ZX,NVIDIA Corporation,NVDA,0001045810,NVIDIA Corporation expects tax rate of 16% to 18% for FY2027.,"For the full year fiscal 2027, NVIDIA expects GAAP and non-GAAP tax rates to be between 16.0% and 18.0%, excluding any discrete items and material changes to NVIDIA’s tax environment.",tax rate,16.0,18.0,percent,FY2027,2026-05-20,https://www.sec.gov/Archives/edgar/data/1045810/000104581026000051/q1fy27pr.htm,0001045810-26-000051,8-K,2026-05-20,2026-09-20T07:25:24Z,e2cecdc4e546f0b3e34fd0f953ede907402d9ca6fa609fba424d6e9480856d88,"For the full year fiscal 2027, NVIDIA expects GAAP and non-GAAP tax rates to be between 16.0% and 18.0%, excluding any discrete items and material changes to NVIDIA’s tax environment.",,,,,,,,,,"reported value falls outside [16, 18]",open,,,,,,,,,,,2026-09-20,navneet,false,false,,false,false,unresolved,sentence,Outlook,NVIDIA’s outlook for the second quarter of fiscal 2027 is as follows:,,no later 8-K release for that period found,,,yes,"Excerpt states 'NVIDIA expects GAAP and non-GAAP tax rates to be between 16.0% and 18.0%' for 'full year fiscal 2027', matching the metric, range, unit, and period exactly."
01M0XNVN00A4GBMFREX53T9RAB,NVIDIA Corporation,NVDA,0001045810,NVIDIA Corporation expects revenue of $105.84 billion to $110.16 billion for Q3 FY2027.,"Revenue is expected to be $108.0 billion, plus or minus 2%.",revenue,105.84,110.16,USD billions,Q3 FY2027,2026-08-26,https://www.sec.gov/Archives/edgar/data/1045810/000104581026000073/q2fy27pr.htm,0001045810-26-000073,8-K,2026-08-26,2026-09-20T07:25:26Z,4ffdcb2803b9f835e5b30476ddf5776a6f28c76d36410560e0b0dbdac64296b5,"Revenue is expected to be $108.0 billion, plus or minus 2%.",,,,,,,,,,"reported value falls outside [105.84, 110.16]",open,,,,,,,,,,,2026-09-20,navneet,false,false,,false,false,unresolved,sentence,Outlook,NVIDIA’s outlook for the third quarter of fiscal 2027 is as follows:,,no later 8-K release for that period found,,,yes,"The excerpt states revenue guidance of $108.0 billion ±2%, which equals $105.84B to $110.16B, matching the specified range and metric, though the period is not explicitly stated in the excerpt."
01M0XNVN00MQ1HPFFN3Q3X6EVY,NVIDIA Corporation,NVDA,0001045810,NVIDIA Corporation expects operating expenses GAAP of $9.2 billion for Q3 FY2027.,"GAAP and non-GAAP operating expenses are expected to be approximately $9.2 billion and $9.0 billion, respectively.",operating expenses GAAP,9.2,9.2,USD billions,Q3 FY2027,2026-08-26,https://www.sec.gov/Archives/edgar/data/1045810/000104581026000073/q2fy27pr.htm,0001045810-26-000073,8-K,2026-08-26,2026-09-20T07:25:26Z,4ffdcb2803b9f835e5b30476ddf5776a6f28c76d36410560e0b0dbdac64296b5,"GAAP and non-GAAP operating expenses are expected to be approximately $9.2 billion and $9.0 billion, respectively.",,,,,,,,,,reported value differs from 9.2 by more than 0.5%,open,,,,,,,,,,,2026-09-20,navneet,false,false,,false,false,unresolved,sentence,Outlook,NVIDIA’s outlook for the third quarter of fiscal 2027 is as follows:,,no later 8-K release for that period found,,,yes,"Excerpt states 'GAAP...operating expenses are expected to be approximately $9.2 billion' matching the metric, number, and unit provided."
01M0XNVN0045C0SACBR8X72BVN,NVIDIA Corporation,NVDA,0001045810,NVIDIA Corporation expects operating expenses non-GAAP of $9 billion for Q3 FY2027.,"GAAP and non-GAAP operating expenses are expected to be approximately $9.2 billion and $9.0 billion, respectively.",operating expenses non-GAAP,9.0,9.0,USD billions,Q3 FY2027,2026-08-26,https://www.sec.gov/Archives/edgar/data/1045810/000104581026000073/q2fy27pr.htm,0001045810-26-000073,8-K,2026-08-26,2026-09-20T07:25:26Z,4ffdcb2803b9f835e5b30476ddf5776a6f28c76d36410560e0b0dbdac64296b5,"GAAP and non-GAAP operating expenses are expected to be approximately $9.2 billion and $9.0 billion, respectively.",,,,,,,,,,reported value differs from 9 by more than 0.5%,open,,,,,,,,,,,2026-09-20,navneet,false,false,,false,false,unresolved,sentence,Outlook,NVIDIA’s outlook for the third quarter of fiscal 2027 is as follows:,,no later 8-K release for that period found,,,yes,"Excerpt states non-GAAP operating expenses expected to be approximately $9.0 billion, matching the $9 billion guidance given."
01M0XNVN001W6CT5D0QBVS1RC9,NVIDIA Corporation,NVDA,0001045810,NVIDIA Corporation expects tax rate of 16% to 18% for FY2027.,"For the full year fiscal 2027, NVIDIA expects GAAP and non-GAAP tax rates to be between 16.0% and 18.0%, excluding any discrete items and material changes to NVIDIA’s tax environment.",tax rate,16.0,18.0,percent,FY2027,2026-08-26,https://www.sec.gov/Archives/edgar/data/1045810/000104581026000073/q2fy27pr.htm,0001045810-26-000073,8-K,2026-08-26,2026-09-20T07:25:26Z,4ffdcb2803b9f835e5b30476ddf5776a6f28c76d36410560e0b0dbdac64296b5,"For the full year fiscal 2027, NVIDIA expects GAAP and non-GAAP tax rates to be between 16.0% and 18.0%, excluding any discrete items and material changes to NVIDIA’s tax environment.",,,,,,,,,,"reported value falls outside [16, 18]",open,,,,,,,,,,,2026-09-20,navneet,false,false,,false,false,unresolved,sentence,Outlook,NVIDIA’s outlook for the third quarter of fiscal 2027 is as follows:,,no later 8-K release for that period found,,,yes,"Excerpt states 'NVIDIA expects GAAP and non-GAAP tax rates to be between 16.0% and 18.0%' for 'full year fiscal 2027', matching the metric, range, unit, and period exactly."
